taxa,PC1,PC2,PC3,PC4
2369/LH123HT,-8.70043465345501,2.11059589469112,-0.107114576214648,8.96306163653396
B14A/H95,-5.40132666741419,-0.685527996971269,0.0255696196588823,2.54062354725166
B14A/MO17,-4.96362226584627,-0.637447363637789,-0.114797056336192,2.4503125487617
B14A/OH43,-5.38336864525306,-0.660629903668168,0.0470154105149828,2.53392167974649
B37/H95,-6.76346327415137,-2.17655185959623,2.17806559576602,-11.1298583818363
B37/MO17,-6.46350093244956,-2.11961093352021,2.20951001990045,-10.9492004544923
B37/OH43,-6.79286267379713,-2.17604221393693,2.18116880871506,-11.1666928409544
B73/MO17,-9.74826389155811,2.08496204027427,-1.87242924333824,12.5311955267366
B73/PHK76,-10.3149037746413,1.99615107690173,-1.68160800667533,12.7399154486493
B73/PHM49,-10.3149037746413,1.99615107690173,-1.68160800667533,12.7399154486493
B73/PHN82,-10.3017294205062,2.01420942277841,-1.65259166405269,12.7260785293771
B73/PHZ51,-10.3149037746413,1.99615107690173,-1.68160800667533,12.7399154486493
B73/TX779,-10.0571665969037,1.94794174139959,-1.65752155959373,12.5818806454432
CG108/CGR03,-1.35916634274955,3.31572364147704,-0.251438603196203,-3.91714538774452
CG118/CGR01,-1.42916337556378,0.720553395630053,-0.809414491820834,-1.5341809088612
CG119/CG108,-2.76501984200895,1.44483815606261,-0.309857957235656,-1.21004716220698
CG120/CG123,-2.64076427302057,0.923021678938034,-0.730110012714113,-0.599913610219649
CG120/DK3IIH6,-2.64403795627747,0.971594845028809,-0.681685307937101,-0.607453491894186
CG120/LH162,-2.66330719778371,0.974818658238593,-0.718866271563492,-0.581728956707407
CG120/LH185,-2.6386061767614,0.948880108033823,-0.68466539705589,-0.594952686950939
CG120/LH82,-2.57640550829308,0.963172876259075,-0.74720405345146,-0.607471608656022
CG120/PHK05,-2.6386061767614,0.948880108033823,-0.68466539705589,-0.594952686950939
CG120/PHK56,-2.62298741080691,0.973756319323613,-0.661924570649995,-0.550506366740467
CG120/PHR25,-2.61686272892675,0.982700189480114,-0.720863701242665,-0.589861196624353
CG120/PHW03,-2.64076427302057,0.923021678938034,-0.730110012714113,-0.599913610219649
CG120/PHZ51,-2.6386061767614,0.948880108033823,-0.68466539705589,-0.594952686950939
CG123/LH145,-1.13802042444142,-0.279606059766408,1.34904882184621,-4.3188002202102
CG123/PHB47,-1.1738312490759,-0.277484872902107,1.34989650002205,-4.31927922797097
CG123/PHHV4,-1.12340721024752,-0.24810529766518,1.34087708627228,-4.29835150053072
CG123/PHRE1,-1.04338275590822,-0.321133628596141,1.32643791026181,-4.23493435488765
CG123/S8324,-1.1738312490759,-0.277484872902107,1.34989650002205,-4.31927922797097
CG124/CG120,-1.09792230339982,-1.84194732538171,1.53007197411232,-2.39217474734391
CG124/LH145,-1.09792230339982,-1.84194732538171,1.53007197411232,-2.39217474734391
CG124/PHB47,-1.09792230339982,-1.84194732538171,1.53007197411232,-2.39217474734391
CG124/PHHV4,-1.08561223059998,-1.83407816181729,1.49830536038683,-2.40039724661349
CG124/PHRE1,-0.98798812807714,-1.80380685239195,1.46575312500634,-2.27665085288113
CG124/S8324,-1.09045772039609,-1.80578546550648,1.56881033000476,-2.37406858004438
CG44/CGR01,-0.333153433161128,3.1790202964734,-0.769172862361454,-5.50635247145667
CG60/LH162,-1.94463878496352,2.83619967552562,0.766275097559846,-3.81691071401351
CG60/LH82,-1.8824381164952,2.85049244375087,0.703736441164275,-3.82942963571859
CGR01/LH82,-1.0065139483368,0.450761464058833,-0.19437063375778,-3.03492944510861
DK3IIH6/PHRE1,3.64244383904423,7.4801524734329,-0.837946129122405,-2.14512287674265
DK3IIH6/S8324,3.62385212567793,7.50840156808676,-0.938457227916444,-2.22241950087418
F42/H95,-10.3375379862076,1.96939737649478,-1.61288979405258,12.692045469496
F42/MO17,-9.79534789711653,2.06387481191681,-1.81018606065694,12.5099670244697
F42/OH43,-10.2714590666121,2.000043446498,-1.62405829509782,12.6776001104821
LH132/TX779,-8.9853118020333,0.852239029457519,-2.23720042391306,8.02957818572087
LH145/DK3IIH6,-6.24600340437217,-0.259020795927687,-0.431851345880789,1.01838646350735
LH145/LH162,-6.27070442539447,-0.233082245722916,-0.466052220388392,1.03161019375088
LH145/LH185,-6.20174049722279,-0.260101630217564,-0.434647932604518,1.04552747184888
LH145/LH82,-6.17233606041535,-0.223052511734489,-0.415838891825977,1.01780672777585
LH145/PHK05,-6.24600340437217,-0.259020795927687,-0.431851345880789,1.01838646350735
LH145/PHR25,-6.24600340437217,-0.259020795927687,-0.431851345880789,1.01838646350735
LH145/PHZ51,-6.24600340437217,-0.259020795927687,-0.431851345880789,1.01838646350735
LH162/PHB47,-2.12997805412627,0.280042116423262,0.244518209105956,-2.82183273598322
LH185/PHB47,-0.922487601855696,-0.355062112292463,0.0154519990053083,-3.83086108773469
LH185/PHRE1,-0.878999971108273,-0.334611713198822,0.0360062823520074,-3.67655134574887
LH185/S8324,-0.935644605429051,-0.364765275587114,0.0509017142652099,-3.82084870974313
LH195/MO17,-7.93602025134944,1.98962436058321,-1.9150712528902,7.00396623595179
LH195/PHK76,-8.3951646280072,1.93656884510385,-1.80779991164022,7.10120426358325
LH195/PHN11,-8.27216855557442,1.9064024417526,-1.78381839708175,7.12848258109174
LH195/PHN82,-8.38199027387211,1.95462719098053,-1.77878356901757,7.08736734431113
LH195/PHZ51,-8.3951646280072,1.93656884510385,-1.80779991164022,7.10120426358325
LH244/MO17,-8.5966461901665,1.15825176086443,-1.63066145898923,7.60108287629877
LH244/PHK76,-9.12204615289327,1.08016824516341,-1.47012855973845,7.70910656587049
LH244/PHN82,-9.10887179875819,1.09822659104009,-1.44111221711581,7.69526964659837
LH244/PHZ51,-9.12204615289327,1.08016824516341,-1.47012855973845,7.70910656587049
LH74/PHN82,-8.25382973282778,0.723971053061606,-1.38135918563166,8.13609388418409
LH82/PHB47,0.163336480763097,2.59424108667476,-0.763277968110846,-0.961097543887458
LH82/PHHV4,0.217465383044422,2.56861406373645,-0.838735428015243,-0.977525274638825
LH82/PHRE1,0.206886805725572,2.57463877908535,-0.740150824670536,-0.809705984080445
LH82/S8324,0.161178384503928,2.56838265757897,-0.808722583769069,-0.966058467156168
LH82/TX779,0.302792907928304,2.65718309803905,-0.769542568950932,-0.999414701367687
MO44/LH195,0.535418346861514,-4.63736403768496,12.7918011811513,1.48347498198255
MO44/PHT69,0.535418346861514,-4.63736403768496,12.7918011811513,1.48347498198255
MO44_PHW65_0001/LH195,8.44891262213531,-3.87389301621109,8.54418220140759,0.776881308011778
MO44_PHW65_0001/PHT69,8.44891262213531,-3.87389301621109,8.54418220140759,0.776881308011778
MO44_PHW65_0009/LH195,8.29497820146457,-3.07079504287377,7.5436266893609,1.85596991946224
MO44_PHW65_0009/PHT69,8.29497820146457,-3.07079504287377,7.5436266893609,1.85596991946224
MO44_PHW65_0010/PHT69,5.80659843785006,-3.16537096435799,7.75374559343347,1.47243229404229
MO44_PHW65_0012/LH195,8.45039340223186,0.28237154831517,3.38676738257318,0.73578032064316
MO44_PHW65_0012/PHT69,8.45039340223186,0.28237154831517,3.38676738257318,0.73578032064316
MO44_PHW65_0015/LH195,10.3783866425521,-2.90623993183901,3.96371496156398,1.41481094797709
MO44_PHW65_0015/PHT69,10.3783866425521,-2.90623993183901,3.96371496156398,1.41481094797709
MO44_PHW65_0017/LH195,9.36804190551593,-3.53417114883101,6.14000063056353,1.63921856257469
MO44_PHW65_0017/PHT69,9.36804190551593,-3.53417114883101,6.14000063056353,1.63921856257469
MO44_PHW65_0020/LH195,10.4535548247979,-2.67332877574866,3.883994168751,0.442379562852119
MO44_PHW65_0020/PHT69,10.4535548247979,-2.67332877574866,3.883994168751,0.442379562852119
MO44_PHW65_0023/LH195,8.57058783145241,-2.51080974594146,7.19422456452003,1.5999167286255
MO44_PHW65_0023/PHT69,8.57058783145241,-2.51080974594146,7.19422456452003,1.5999167286255
MO44_PHW65_0024/LH195,9.14878753571158,-3.12619503885258,7.14620678056414,0.529504827862463
MO44_PHW65_0024/PHT69,9.14878753571158,-3.12619503885258,7.14620678056414,0.529504827862463
MO44_PHW65_0025/LH195,9.46453828072788,-3.67442142004342,6.72368073570212,0.612475931763892
MO44_PHW65_0025/PHT69,9.46453828072788,-3.67442142004342,6.72368073570212,0.612475931763892
MO44_PHW65_0027/LH195,9.45536733353613,-3.75535669122902,5.85291189399952,1.07703082695062
MO44_PHW65_0027/PHT69,9.45536733353613,-3.75535669122902,5.85291189399952,1.07703082695062
MO44_PHW65_0029/LH195,9.34408050307732,-2.84996790717986,6.13765587813587,1.95378956827037
MO44_PHW65_0029/PHT69,9.34408050307732,-2.84996790717986,6.13765587813587,1.95378956827037
MO44_PHW65_0031/LH195,9.37279835746747,-2.75756235226824,7.07455944961497,1.45061011896298
MO44_PHW65_0031/PHT69,9.37279835746747,-2.75756235226824,7.07455944961497,1.45061011896298
MO44_PHW65_0033/LH195,9.15266708995457,-3.4247511105298,7.60714747641283,1.50652930052491
MO44_PHW65_0033/PHT69,9.15266708995457,-3.4247511105298,7.60714747641283,1.50652930052491
MO44_PHW65_0034/LH195,10.4864066328821,-2.06452563773844,4.52374315689338,1.00740221616357
MO44_PHW65_0034/PHT69,10.4864066328821,-2.06452563773844,4.52374315689338,1.00740221616357
MO44_PHW65_0035/LH195,0.946752060940958,-0.86209612067966,2.87197856922473,4.95933638811152
MO44_PHW65_0035/PHT69,1.01702710920169,-0.869734255231596,2.87083307718848,4.99804963044969
MO44_PHW65_0036/LH195,10.071815537796,-2.84497880890398,5.53959928878917,0.508916869186723
MO44_PHW65_0036/PHT69,10.071815537796,-2.84497880890398,5.53959928878917,0.508916869186723
MO44_PHW65_0037/LH195,5.05823249251994,-3.81092529623959,11.07431636206,1.8725668073862
MO44_PHW65_0037/PHT69,5.05823249251994,-3.81092529623959,11.07431636206,1.8725668073862
MO44_PHW65_0042/LH195,5.18387177518431,-3.7031327355015,11.1250994837882,2.11585651910326
MO44_PHW65_0042/PHT69,5.18387177518431,-3.7031327355015,11.1250994837882,2.11585651910326
MO44_PHW65_0048/LH195,6.62370659985769,-3.76396007509152,10.3544630398237,1.56652719895327
MO44_PHW65_0048/PHT69,6.62370659985769,-3.76396007509152,10.3544630398237,1.56652719895327
MO44_PHW65_0050/LH195,9.35141066415346,-2.49327889786274,6.43488152247677,0.644278369894493
MO44_PHW65_0050/PHT69,9.35141066415346,-2.49327889786274,6.43488152247677,0.644278369894493
MO44_PHW65_0052/LH195,8.54164739894979,-2.7724949508343,6.70287964232125,0.624361084940109
MO44_PHW65_0052/PHT69,8.54164739894979,-2.7724949508343,6.70287964232125,0.624361084940109
MO44_PHW65_0056/LH195,4.19430543413693,-1.36720906877722,1.86567395786757,2.655571587642
MO44_PHW65_0056/PHT69,4.19430543413693,-1.36720906877722,1.86567395786757,2.655571587642
MO44_PHW65_0060/LH195,8.90031602873785,-2.56830734625316,6.30970129242412,2.33907016470276
MO44_PHW65_0060/PHT69,8.90031602873785,-2.56830734625316,6.30970129242412,2.33907016470276
MO44_PHW65_0063/LH195,8.86575237682587,-4.36543642325598,5.77963085197997,1.0757185059857
MO44_PHW65_0063/PHT69,8.86575237682587,-4.36543642325598,5.77963085197997,1.0757185059857
MO44_PHW65_0067/LH195,6.82770269466866,-3.37533550575919,10.2066554237216,2.0825579577105
MO44_PHW65_0067/PHT69,6.82770269466866,-3.37533550575919,10.2066554237216,2.0825579577105
MO44_PHW65_0068/LH195,8.04633803580943,-3.56247931521855,7.81301236322089,0.398751321894867
MO44_PHW65_0068/PHT69,8.04633803580943,-3.56247931521855,7.81301236322089,0.398751321894867
MO44_PHW65_0069/LH195,8.41263467182187,-2.5831277949298,6.37399532770702,1.61213782591435
MO44_PHW65_0069/PHT69,8.41263467182187,-2.5831277949298,6.37399532770702,1.61213782591435
MO44_PHW65_0073/LH195,8.3066010147037,-3.6004336035523,7.43708984120382,2.07624849120099
MO44_PHW65_0073/PHT69,8.3066010147037,-3.6004336035523,7.43708984120382,2.07624849120099
MO44_PHW65_0074/LH195,6.51198217184904,-3.32894410879168,9.60237046679841,1.44315709698347
MO44_PHW65_0074/PHT69,6.51198217184904,-3.32894410879168,9.60237046679841,1.44315709698347
MO44_PHW65_0080/LH195,7.63095879057496,-4.38771165514427,7.91657659071851,1.17481392614683
MO44_PHW65_0080/PHT69,7.63095879057496,-4.38771165514427,7.91657659071851,1.17481392614683
MO44_PHW65_0083/LH195,7.865689787136,-3.73205187337135,8.52830327859861,0.958627297099407
MO44_PHW65_0083/PHT69,7.865689787136,-3.73205187337135,8.52830327859861,0.958627297099407
MO44_PHW65_0084/LH195,10.8311156769863,-3.02708839946092,4.94909797467212,0.862434171487581
MO44_PHW65_0084/PHT69,10.8311156769863,-3.02708839946092,4.94909797467212,0.862434171487581
MO44_PHW65_0092/LH195,7.2061249525722,-4.18657639000364,9.33632943187786,1.95775497235901
MO44_PHW65_0092/PHT69,7.2061249525722,-4.18657639000364,9.33632943187786,1.95775497235901
MO44_PHW65_0093/LH195,8.16655288758171,-3.82256177289508,7.46043829193837,0.941624586402388
MO44_PHW65_0093/PHT69,8.16655288758171,-3.82256177289508,7.46043829193837,0.941624586402388
MO44_PHW65_0098/LH195,7.73230843149658,-3.18960318373257,8.18695887533361,0.427844622511645
MO44_PHW65_0098/PHT69,7.73230843149658,-3.18960318373257,8.18695887533361,0.427844622511645
MO44_PHW65_0099/LH195,7.39246169410718,-3.453900186402,8.10688240122953,1.60824594772998
MO44_PHW65_0099/PHT69,7.39246169410718,-3.453900186402,8.10688240122953,1.60824594772998
MO44_PHW65_0102/LH195,8.16055925508341,-2.84543604019031,7.46851081848968,1.60077927285017
MO44_PHW65_0103/LH195,7.89262273940173,-2.60597294036269,7.07499467349631,0.725159509321479
MO44_PHW65_0103/PHT69,7.89262273940173,-2.60597294036269,7.07499467349631,0.725159509321479
MO44_PHW65_0104/LH195,7.23023573161181,-3.77384719663647,9.96350704198605,1.51231050772306
MO44_PHW65_0104/PHT69,7.23023573161181,-3.77384719663647,9.96350704198605,1.51231050772306
MO44_PHW65_0105/LH195,9.04919880102814,-3.14593946555455,8.46310353520568,1.9487839813241
MO44_PHW65_0105/PHT69,9.04919880102814,-3.14593946555455,8.46310353520568,1.9487839813241
MO44_PHW65_0111/LH195,9.71551025921243,-2.55882243128894,4.50035841768583,0.438750160656312
MO44_PHW65_0111/PHT69,9.71551025921243,-2.55882243128894,4.50035841768583,0.438750160656312
MO44_PHW65_0113/LH195,-2.43695406803777,-3.22428510716703,8.03406143323672,0.593825963039329
MO44_PHW65_0113/PHT69,-2.40646925337316,-3.23043756233658,8.04006240130619,0.570351749194415
MO44_PHW65_0115/LH195,9.52530121482729,-2.61429723614209,4.85821565410413,0.869890160523826
MO44_PHW65_0115/PHT69,9.52530121482729,-2.61429723614209,4.85821565410413,0.869890160523826
MO44_PHW65_0116/LH195,8.63081556960893,-2.82447944131567,6.69659199246824,0.550817327463872
MO44_PHW65_0116/PHT69,8.63081556960893,-2.82447944131567,6.69659199246824,0.550817327463872
MO44_PHW65_0118/LH195,7.44619882759996,-3.37398507959747,9.42722424192627,1.9029614193356
MO44_PHW65_0118/PHT69,7.44619882759996,-3.37398507959747,9.42722424192627,1.9029614193356
MO44_PHW65_0120/LH195,5.82012178880547,-4.63128857345438,10.4421900564165,2.21439599845976
MO44_PHW65_0120/PHT69,5.82012178880547,-4.63128857345438,10.4421900564165,2.21439599845976
MO44_PHW65_0121/LH195,7.65362260985018,-2.99170562604149,7.11165423919895,1.62599261628494
MO44_PHW65_0121/PHT69,7.65362260985018,-2.99170562604149,7.11165423919895,1.62599261628494
MO44_PHW65_0128/LH195,7.14231827622194,-0.938444071740117,0.066239456821907,2.25949181393494
MO44_PHW65_0128/PHT69,7.14231827622194,-0.938444071740117,0.066239456821907,2.25949181393494
MO44_PHW65_0134/LH195,9.49855914973108,-3.81212695275339,6.44877423016054,1.02876174609073
MO44_PHW65_0134/PHT69,9.49855914973108,-3.81212695275339,6.44877423016054,1.02876174609073
MO44_PHW65_0135/LH195,7.58854470860761,-3.3161490926081,5.66800301923858,1.65635655119124
MO44_PHW65_0135/PHT69,7.58854470860761,-3.3161490926081,5.66800301923858,1.65635655119124
MO44_PHW65_0136/LH195,8.17402575613089,-3.46011617205768,8.3934885045446,1.46332857756491
MO44_PHW65_0136/PHT69,8.17402575613089,-3.46011617205768,8.3934885045446,1.46332857756491
MO44_PHW65_0139/LH195,7.45764471345932,-3.49034076157086,9.72971754727429,0.866208642039917
MO44_PHW65_0139/PHT69,7.45764471345932,-3.49034076157086,9.72971754727429,0.866208642039917
MO44_PHW65_0140/LH195,9.92895752939176,-2.51255037380607,4.79945827161049,0.807407947036953
MO44_PHW65_0140/PHT69,9.92895752939176,-2.51255037380607,4.79945827161049,0.807407947036953
MO44_PHW65_0144/LH195,8.59343403056855,-3.36749785704714,7.28219084594045,0.812959136565611
MO44_PHW65_0144/PHT69,8.59343403056855,-3.36749785704714,7.28219084594045,0.812959136565611
MO44_PHW65_0145/LH195,7.25123743827364,-4.00596590288215,7.35742669543245,2.42132351368742
MO44_PHW65_0145/PHT69,7.25123743827364,-4.00596590288215,7.35742669543245,2.42132351368742
MO44_PHW65_0147/LH195,7.48715983537022,-4.32537751381075,8.45709486963313,0.251888037637534
MO44_PHW65_0147/PHT69,7.48715983537022,-4.32537751381075,8.45709486963313,0.251888037637534
MO44_PHW65_0150/LH195,10.1258579888509,-2.46742962658194,4.95405961986637,1.85097829540426
MO44_PHW65_0150/PHT69,10.1258579888509,-2.46742962658194,4.95405961986637,1.85097829540426
MO44_PHW65_0151/LH195,9.77306557629355,-3.24532520117567,5.05088429161998,1.11336831651305
MO44_PHW65_0151/PHT69,9.77306557629355,-3.24532520117567,5.05088429161998,1.11336831651305
MO44_PHW65_0154/LH195,7.23878144622891,-3.27912405892595,7.69193426939242,1.16228227972567
MO44_PHW65_0154/PHT69,7.23878144622891,-3.27912405892595,7.69193426939242,1.16228227972567
MO44_PHW65_0155/LH195,5.74464599148489,-4.76959534019819,11.9526714313575,1.0427276006342
MO44_PHW65_0155/PHT69,5.74464599148489,-4.76959534019819,11.9526714313575,1.0427276006342
MO44_PHW65_0157/LH195,7.23768318328662,-3.49709160949384,7.44204135940253,1.76459114372637
MO44_PHW65_0157/PHT69,7.23768318328662,-3.49709160949384,7.44204135940253,1.76459114372637
MO44_PHW65_0159/LH195,6.67875579557669,-3.83753005231697,9.42971702522247,1.19159725576416
MO44_PHW65_0159/PHT69,6.67875579557669,-3.83753005231697,9.42971702522247,1.19159725576416
MO44_PHW65_0160/LH195,7.4979595713888,-3.35617594627794,7.97605692208788,1.5713083618522
MO44_PHW65_0160/PHT69,7.4979595713888,-3.35617594627794,7.97605692208788,1.5713083618522
MO44_PHW65_0163/LH195,6.61194856395271,-3.55307055614882,9.76116501119748,2.09981927743801
MO44_PHW65_0163/PHT69,6.61194856395271,-3.55307055614882,9.76116501119748,2.09981927743801
MO44_PHW65_0164/LH195,8.87123060362616,-2.37000936539842,6.42058362328806,0.821432148853741
MO44_PHW65_0164/PHT69,8.87123060362616,-2.37000936539842,6.42058362328806,0.821432148853741
MO44_PHW65_0165/LH195,7.02924709298936,-4.57131799976689,8.15685700635611,1.3070519794741
MO44_PHW65_0165/PHT69,7.02924709298936,-4.57131799976689,8.15685700635611,1.3070519794741
MO44_PHW65_0166/LH195,8.3716122635716,-2.96559404599217,6.95241903297391,1.13635981140901
MO44_PHW65_0166/PHT69,8.3716122635716,-2.96559404599217,6.95241903297391,1.13635981140901
MO44_PHW65_0167/LH195,5.99902186502029,-3.85877934719809,9.6531510953473,2.11501254894729
MO44_PHW65_0167/PHT69,5.99902186502029,-3.85877934719809,9.6531510953473,2.11501254894729
MO44_PHW65_0168/LH195,8.12875989181917,-3.64353254234188,8.90285818802136,1.85529094414885
MO44_PHW65_0168/PHT69,8.12875989181917,-3.64353254234188,8.90285818802136,1.85529094414885
MO44_PHW65_0171/LH195,10.0484704366286,-3.53199749691302,6.05014972277104,0.779223214140602
MO44_PHW65_0171/PHT69,10.0484704366286,-3.53199749691302,6.05014972277104,0.779223214140602
MO44_PHW65_0174/LH195,5.21509158767547,-3.77792992119533,10.7855261570905,1.21830901579676
MO44_PHW65_0174/PHT69,5.21509158767547,-3.77792992119533,10.7855261570905,1.21830901579676
MO44_PHW65_0175/LH195,9.01085916062565,-3.23409115275387,6.20190020041395,2.00600940618985
MO44_PHW65_0175/PHT69,9.01085916062565,-3.23409115275387,6.20190020041395,2.00600940618985
MO44_PHW65_0176/LH195,7.56901932449235,-3.23872531389776,9.12797810985537,1.78410871829624
MO44_PHW65_0176/PHT69,7.56901932449235,-3.23872531389776,9.12797810985537,1.78410871829624
MO44_PHW65_0177/LH195,8.8334925506246,-3.64296261089872,8.18953476331434,1.02240930008721
MO44_PHW65_0177/PHT69,8.8334925506246,-3.64296261089872,8.18953476331434,1.02240930008721
MO44_PHW65_0178/LH195,7.38798125453505,-3.20458961665441,8.4951432344085,1.52499876891217
MO44_PHW65_0178/PHT69,7.38798125453505,-3.20458961665441,8.4951432344085,1.52499876891217
MO44_PHW65_0179/LH195,7.08432055405518,-4.09984249237665,8.18524442869737,2.09401764591269
MO44_PHW65_0179/PHT69,7.08432055405518,-4.09984249237665,8.18524442869737,2.09401764591269
MO44_PHW65_0180/LH195,7.73482813507012,-3.79672820331045,8.74610558215347,1.88725058909437
MO44_PHW65_0180/PHT69,7.73482813507012,-3.79672820331045,8.74610558215347,1.88725058909437
MO44_PHW65_0184/LH195,7.04450065525016,-3.68003032118403,9.25941039677372,0.833747163427639
MO44_PHW65_0184/PHT69,7.04450065525016,-3.68003032118403,9.25941039677372,0.833747163427639
MO44_PHW65_0185/LH195,7.30662499182239,-3.5825803572637,8.21952419455342,1.67216913551184
MO44_PHW65_0185/PHT69,7.30662499182239,-3.5825803572637,8.21952419455342,1.67216913551184
MO44_PHW65_0187/LH195,8.99030799400006,-2.61235310494097,5.14804096715633,-0.0286740926394278
MO44_PHW65_0187/PHT69,8.99030799400006,-2.61235310494097,5.14804096715633,-0.0286740926394278
MO44_PHW65_0188/LH195,9.65562521417396,-2.68530905028988,5.15620813668505,0.74420493637441
MO44_PHW65_0188/PHT69,9.65562521417396,-2.68530905028988,5.15620813668505,0.74420493637441
MO44_PHW65_0189/LH195,6.82512939061548,-3.83209101112694,9.23809769980027,1.53579566523497
MO44_PHW65_0189/PHT69,6.82512939061548,-3.83209101112694,9.23809769980027,1.53579566523497
MO44_PHW65_0191/LH195,7.18421142970071,-4.16344310955761,8.66444816413792,1.88895058835344
MO44_PHW65_0191/PHT69,7.18421142970071,-4.16344310955761,8.66444816413792,1.88895058835344
MO44_PHW65_0193/LH195,4.71286560231708,-1.69261970098674,6.62062108961393,2.09908417455049
MO44_PHW65_0193/PHT69,4.74335041698169,-1.69877215615629,6.62662205768339,2.07560996070557
MO44_PHW65_0195/LH195,8.96267318582044,-3.22041949366686,7.105728123526,1.34692610601717
MO44_PHW65_0195/PHT69,8.96267318582044,-3.22041949366686,7.105728123526,1.34692610601717
MO44_PHW65_0200/LH195,9.48184573967692,-2.73463701821124,5.10855754421364,0.672838468541847
MO44_PHW65_0200/PHT69,9.48184573967692,-2.73463701821124,5.10855754421364,0.672838468541847
MO44_PHW65_0203/LH195,7.77099299565152,-3.77745457904472,8.40737356028522,0.90937699233555
MO44_PHW65_0203/PHT69,7.77099299565152,-3.77745457904472,8.40737356028522,0.90937699233555
MO44_PHW65_0207/LH195,7.12905629948821,-3.51982969861859,9.50288839047857,1.34190141187219
MO44_PHW65_0207/PHT69,7.12905629948821,-3.51982969861859,9.50288839047857,1.34190141187219
MO44_PHW65_0210/LH195,6.1527744881684,-3.3314705672981,8.29244291556339,1.68321319100904
MO44_PHW65_0210/PHT69,6.1527744881684,-3.3314705672981,8.29244291556339,1.68321319100904
MO44_PHW65_0214/LH195,6.72804670914376,-3.85126813903646,7.47610692112145,1.825805991713
MO44_PHW65_0214/PHT69,6.72804670914376,-3.85126813903646,7.47610692112145,1.825805991713
MO44_PHW65_0217/LH195,8.79196629967043,-3.10884873946916,6.94964161921075,0.837215829244683
MO44_PHW65_0217/PHT69,8.79196629967043,-3.10884873946916,6.94964161921075,0.837215829244683
MO44_PHW65_0218/LH195,8.0938428506288,-3.597694332581,6.3648710708536,1.39716696125125
MO44_PHW65_0218/PHT69,8.0938428506288,-3.597694332581,6.3648710708536,1.39716696125125
MO44_PHW65_0220/LH195,8.54526119733629,-2.9978894573086,7.89516434493907,1.93130517905661
MO44_PHW65_0220/PHT69,8.54526119733629,-2.9978894573086,7.89516434493907,1.93130517905661
MO44_PHW65_0223/LH195,9.32262334541231,-2.17037505203989,6.36281693932719,1.78723321282397
MO44_PHW65_0223/PHT69,9.32262334541231,-2.17037505203989,6.36281693932719,1.78723321282397
MO44_PHW65_0224/LH195,7.84308350700281,-3.65640409855572,8.4996454835485,0.517888028341664
MO44_PHW65_0224/PHT69,7.84308350700281,-3.65640409855572,8.4996454835485,0.517888028341664
MO44_PHW65_0225/LH195,8.06504785387463,-3.24613150052073,7.00887723531282,0.27142349768448
MO44_PHW65_0225/PHT69,8.06504785387463,-3.24613150052073,7.00887723531282,0.27142349768448
MO44_PHW65_0230/LH195,8.5070806450443,-2.85108342043309,8.06445471690947,1.22778934193104
MO44_PHW65_0230/PHT69,8.5070806450443,-2.85108342043309,8.06445471690947,1.22778934193104
MO44_PHW65_0236/LH195,6.56217840431142,-3.22455119524081,10.3635263240049,1.58800187426852
MO44_PHW65_0236/PHT69,6.56217840431142,-3.22455119524081,10.3635263240049,1.58800187426852
MO44_PHW65_0237/LH195,8.14709888491502,-3.6549939038914,9.29325880790163,1.04326538360926
MO44_PHW65_0237/PHT69,8.14709888491502,-3.6549939038914,9.29325880790163,1.04326538360926
MO44_PHW65_0242/LH195,5.50840747098909,-3.66599370059159,11.0637580856032,1.40742875166117
MO44_PHW65_0242/PHT69,5.50840747098909,-3.66599370059159,11.0637580856032,1.40742875166117
MO44_PHW65_0244/LH195,7.59809724135168,-3.54531495171757,8.85867745817165,1.85262957053171
MO44_PHW65_0244/PHT69,7.59809724135168,-3.54531495171757,8.85867745817165,1.85262957053171
MO44_PHW65_0247/LH195,5.3683742806753,-5.17880244933633,10.8620947856786,1.664996397194
MO44_PHW65_0247/PHT69,5.3683742806753,-5.17880244933633,10.8620947856786,1.664996397194
MO44_PHW65_0248/LH195,8.43073454681336,-2.68031155983889,7.44141165915149,1.39425795274735
MO44_PHW65_0248/PHT69,8.43073454681336,-2.68031155983889,7.44141165915149,1.39425795274735
MO44_PHW65_0250/LH195,8.22034475474556,-3.1556894336907,6.55599292808765,2.11441161690947
MO44_PHW65_0250/PHT69,8.22034475474556,-3.1556894336907,6.55599292808765,2.11441161690947
MO44_PHW65_0253/LH195,8.66212644820048,-2.24481540190208,5.74064404619403,1.15410825112067
MO44_PHW65_0253/PHT69,8.66212644820048,-2.24481540190208,5.74064404619403,1.15410825112067
MO44_PHW65_0254/LH195,5.08704599085503,-5.39370991333089,10.8483690404965,2.19778601808737
MO44_PHW65_0254/PHT69,5.08704599085503,-5.39370991333089,10.8483690404965,2.19778601808737
MO44_PHW65_0259/LH195,9.61393535946178,-2.90907578510363,5.01531480682933,0.540438662838521
MO44_PHW65_0259/PHT69,9.61393535946178,-2.90907578510363,5.01531480682933,0.540438662838521
MO44_PHW65_0260/LH195,7.53879438204126,-2.50156208321921,3.32359519602412,1.5494383670314
MO44_PHW65_0260/PHT69,7.53879438204126,-2.50156208321921,3.32359519602412,1.5494383670314
MO44_PHW65_0263/LH195,7.57633851129978,-4.10295071757891,6.78098761714883,0.995440910272641
MO44_PHW65_0263/PHT69,7.57633851129978,-4.10295071757891,6.78098761714883,0.995440910272641
MO44_PHW65_0268/LH195,5.65652272287452,-3.54594081870823,10.4975323990302,1.48146684186309
MO44_PHW65_0268/PHT69,5.65652272287452,-3.54594081870823,10.4975323990302,1.48146684186309
MO44_PHW65_0271/LH195,9.52028660532276,-3.05925287856433,4.6805720519268,1.23767707595854
MO44_PHW65_0271/PHT69,9.52028660532276,-3.05925287856433,4.6805720519268,1.23767707595854
MO44_PHW65_0274/LH195,8.31551426953941,-2.95790587564066,7.2107892772179,1.17058222259913
MO44_PHW65_0274/PHT69,8.31551426953941,-2.95790587564066,7.2107892772179,1.17058222259913
MO44_PHW65_0281/LH195,7.40734890957642,-3.38284974146912,8.05285057298619,1.14122149339015
MO44_PHW65_0281/PHT69,7.40734890957642,-3.38284974146912,8.05285057298619,1.14122149339015
MO44_PHW65_0288/LH195,8.22479060227848,-3.77571158000458,8.1667701809156,1.22717526985801
MO44_PHW65_0288/PHT69,8.22479060227848,-3.77571158000458,8.1667701809156,1.22717526985801
MO44_PHW65_0296/LH195,5.76888195964957,-4.38098222138877,11.0239609282795,1.77901993181521
MO44_PHW65_0296/PHT69,5.76888195964957,-4.38098222138877,11.0239609282795,1.77901993181521
MO44_PHW65_0302/LH195,8.74354731629269,-3.17282794762114,8.63908499240063,1.27453220323716
MO44_PHW65_0302/PHT69,8.74354731629269,-3.17282794762114,8.63908499240063,1.27453220323716
MO44_PHW65_0307/LH195,8.57111797339267,-4.09404770225079,6.4780656134374,1.42469390850786
MO44_PHW65_0307/PHT69,8.57111797339267,-4.09404770225079,6.4780656134374,1.42469390850786
MO44_PHW65_0315/LH195,6.75645451546121,-4.40100978818911,8.98165352075931,1.57555607080611
MO44_PHW65_0315/PHT69,6.75645451546121,-4.40100978818911,8.98165352075931,1.57555607080611
MO44_PHW65_0316/LH195,7.0017522818527,-2.63447263985779,8.73355607558427,1.466255113011
MO44_PHW65_0316/PHT69,7.0017522818527,-2.63447263985779,8.73355607558427,1.466255113011
MO44_PHW65_0317/LH195,8.48713856613978,-2.6344387118493,7.93133428096594,0.78493652608037
MO44_PHW65_0317/PHT69,8.48713856613978,-2.6344387118493,7.93133428096594,0.78493652608037
MO44_PHW65_0319/LH195,7.54703227684225,-3.67803750263468,7.39601765461884,0.978589784101571
MO44_PHW65_0319/PHT69,7.54703227684225,-3.67803750263468,7.39601765461884,0.978589784101571
MO44_PHW65_0320/LH195,7.79183816286809,-3.77264938021354,7.74700962754508,0.999117364197796
MO44_PHW65_0320/PHT69,7.79183816286809,-3.77264938021354,7.74700962754508,0.999117364197796
MO44_PHW65_0321/LH195,9.35426169129466,-3.04021623210181,5.1239412694913,1.78165761490982
MO44_PHW65_0321/PHT69,9.35426169129466,-3.04021623210181,5.1239412694913,1.78165761490982
MO44_PHW65_0324/LH195,7.62703803141762,-3.2795112363917,8.36783715572203,1.18946124202019
MO44_PHW65_0324/PHT69,7.62703803141762,-3.2795112363917,8.36783715572203,1.18946124202019
MO44_PHW65_0328/LH195,9.76582918233873,-2.87923197736686,3.69895593625702,1.47539357129583
MO44_PHW65_0328/PHT69,9.76582918233873,-2.87923197736686,3.69895593625702,1.47539357129583
MO44_PHW65_0333/LH195,8.26238556113216,-3.59821206107465,6.56414948961821,1.45701804760051
MO44_PHW65_0333/PHT69,8.26238556113216,-3.59821206107465,6.56414948961821,1.45701804760051
MO44_PHW65_0336/LH195,2.1889553621125,-2.13242233275298,4.18396275161162,4.07010659212601
MO44_PHW65_0336/PHT69,2.1889553621125,-2.13242233275298,4.18396275161162,4.07010659212601
MO44_PHW65_0339/LH195,7.49549970150174,-3.53700577352788,9.96599758310421,2.0516221434346
MO44_PHW65_0339/PHT69,7.49549970150174,-3.53700577352788,9.96599758310421,2.0516221434346
MO44_PHW65_0343/LH195,6.11027143256268,-1.78277566410471,2.3605753191926,0.530629182848226
MO44_PHW65_0343/PHT69,6.11027143256268,-1.78277566410471,2.3605753191926,0.530629182848226
MO44_PHW65_0350/LH195,6.9582382941496,-4.12493510349044,8.96261861888179,1.55052350959188
MO44_PHW65_0350/PHT69,6.9582382941496,-4.12493510349044,8.96261861888179,1.55052350959188
MO44_PHW65_0358/LH195,9.01196406412437,-1.76659047194412,0.822947521674612,1.35187702974688
MO44_PHW65_0363/LH195,8.47626875747568,-3.07190094959506,6.19841687797648,2.1410356030468
MO44_PHW65_0363/PHT69,8.47626875747568,-3.07190094959506,6.19841687797648,2.1410356030468
MO44_PHW65_0376/LH195,6.93816207624517,-3.44487990593211,9.86514962917041,0.871088517177196
MO44_PHW65_0376/PHT69,6.93816207624517,-3.44487990593211,9.86514962917041,0.871088517177196
MO44_PHW65_0390/LH195,6.9477387777744,-3.20951796267365,9.97092395438918,1.13892512606333
MO44_PHW65_0390/PHT69,6.9477387777744,-3.20951796267365,9.97092395438918,1.13892512606333
MO44_PHW65_0391/LH195,7.76374250213437,-3.55804478345414,8.73682020836853,0.671623881252621
MO44_PHW65_0391/PHT69,7.76374250213437,-3.55804478345414,8.73682020836853,0.671623881252621
MO44_PHW65_0392/LH195,9.77310313251931,-3.29679803996816,3.90933166551254,1.42798874860522
MO44_PHW65_0392/PHT69,9.77310313251931,-3.29679803996816,3.90933166551254,1.42798874860522
MO44_PHW65_0396/LH195,7.17968273954193,-3.40464577031917,7.59161722481808,2.04940251440921
MO44_PHW65_0396/PHT69,7.17968273954193,-3.40464577031917,7.59161722481808,2.04940251440921
MO44_PHW65_0397/LH195,6.18524673517261,-4.13518228414894,8.90112192290614,1.71140165811705
MO44_PHW65_0397/PHT69,6.18524673517261,-4.13518228414894,8.90112192290614,1.71140165811705
MO44_PHW65_0404/LH195,9.97607055489215,-3.02760055462104,4.46773193216442,1.1486012118575
MO44_PHW65_0404/PHT69,9.97607055489215,-3.02760055462104,4.46773193216442,1.1486012118575
MO44_PHW65_0416/LH195,8.49208088759493,-2.13198500341849,4.5221177003522,1.64524897259216
MO44_PHW65_0416/PHT69,8.49208088759493,-2.13198500341849,4.5221177003522,1.64524897259216
MO44_PHW65_0433/LH195,6.05556513255137,-3.90140308922448,10.4763438893579,0.774484712053368
MO44_PHW65_0433/PHT69,6.05556513255137,-3.90140308922448,10.4763438893579,0.774484712053368
MO44_PHW65_0435/LH195,6.55975762059446,-4.50232053555685,9.2351442712894,1.3791798445439
MO44_PHW65_0435/PHT69,6.55975762059446,-4.50232053555685,9.2351442712894,1.3791798445439
MO44_PHW65_0442/LH195,8.86169854379234,-2.45573740481697,6.67168528069242,2.05806295847266
MO44_PHW65_0442/PHT69,8.86169854379234,-2.45573740481697,6.67168528069242,2.05806295847266
MO44_PHW65_0446/LH195,8.3134426594583,-3.80604887985599,8.93494204102792,0.346780528536052
MO44_PHW65_0446/PHT69,8.3134426594583,-3.80604887985599,8.93494204102792,0.346780528536052
MO44_PHW65_0455/LH195,6.19708800780158,-2.01311590763489,3.93489435750422,0.855821186010222
MO44_PHW65_0455/PHT69,6.19708800780158,-2.01311590763489,3.93489435750422,0.855821186010222
MO44_PHW65_0464/LH195,8.70631300301118,-3.26867729332422,7.978601730913,1.16467813960626
MO44_PHW65_0464/PHT69,8.70631300301118,-3.26867729332422,7.978601730913,1.16467813960626
MO44_PHW65_0471/LH195,2.8959716111766,-0.589570385915977,1.15695778585645,3.2945862588859
MO44_PHW65_0471/PHT69,2.8959716111766,-0.589570385915977,1.15695778585645,3.2945862588859
MO44_PHW65_0475/LH195,0.571884598891524,9.93411575003956,-1.66328129960381,0.270036079294446
MO44_PHW65_0475/PHT69,0.602369413556132,9.92796329487001,-1.65728033153434,0.246561865449531
MOG/LH195,1.84620823165474,-10.4159922589167,-10.6884065520571,-1.55399667154631
MOG/PHT69,1.84620823165474,-10.4159922589167,-10.6884065520571,-1.55399667154631
PB80/TX779,-8.98681721617978,1.79891835862417,-1.75439608094693,10.6591450394155
PHB47/DK3IIH6,-6.42291973924061,-1.70094263900256,3.133371936036,-14.9519647634798
PHB47/MO17,-6.09355799789304,-1.64451135858584,3.16171314722139,-14.7344723770177
PHB47/PHG29,-6.32030428490503,-1.69429912829711,3.09203131725909,-14.8958061459246
PHB47/PHG47,-6.39848253764124,-1.7044509171299,3.13744714625803,-14.9621385802166
PHB47/PHK05,-6.39617494263301,-1.65196186477233,3.08293364438973,-14.9435574792195
PHB47/PHK56,-6.37533589284231,-1.67799640028275,3.15683444085337,-14.9143204771716
PHB47/PHK76,-6.42291973924061,-1.70094263900256,3.133371936036,-14.9519647634798
PHB47/PHN82,-6.37865683209123,-1.70202347329244,3.13057534931228,-14.9248237551383
PHB47/PHR25,-6.36801372352129,-1.69066876141529,3.09388754794962,-14.9054882397046
PHB47/PHW03,-6.43127831369147,-1.70548247842679,3.13592302602915,-14.9456630834494
PHB47/PHZ51,-6.42291973924061,-1.70094263900256,3.133371936036,-14.9519647634798
PHG29/CG120,4.40162104463038,13.3701508631345,-2.10539139319538,-1.94598464162346
PHG29/LH145,4.40162104463038,13.3701508631345,-2.10539139319538,-1.94598464162346
PHG29/PHG47,4.40162104463038,13.3701508631345,-2.10539139319538,-1.94598464162346
PHG29/PHHV4,4.44343987411187,13.3366546766318,-2.14908223937428,-1.95418987310524
PHG29/PHRE1,4.43213557972993,13.2773928138585,-2.05148072801162,-1.84896244967805
PHG29/S8324,4.39946294837121,13.3442924340387,-2.1508360088536,-1.95094556489217
PHG39/PHN82,-5.66293888685943,0.243543443219302,-0.469286632847325,-2.10415393999724
PHG47/CG120,0.730012925831275,-1.33521255397606,-0.000911123550024928,-2.39867825477851
PHG47/LH145,0.697205833952168,-1.33274560922325,-0.00190214548655243,-2.41243023837696
PHG47/PHHV4,0.761927115292198,-1.28062289447313,-0.0789006357645106,-2.39274109638632
PHG47/PHRE1,0.823175247980866,-1.29007685009672,-0.0792299839804586,-2.37515369744204
PHG47/S8324,0.697205833952168,-1.33274560922325,-0.00190214548655243,-2.41243023837696
PHHV4/DK3IIH6,-7.57802121654597,1.03587078206248,0.213608078110816,4.05827103298629
PHHV4/LH162,-7.59206422904363,0.988698160806727,0.143020858358994,4.09628625343796
PHHV4/PHK05,-7.58984918783947,1.03024030390626,0.122485552589799,4.08190338158771
PHHV4/PHK56,-7.52012952450687,0.966280545571485,0.181564542228985,4.0701823730244
PHHV4/PHR25,-7.56160275281079,1.0174126110973,0.134293041806446,4.08799565920879
PHHV4/PHW03,-7.6019523342966,0.988248920769316,0.144455092489365,4.08424028321108
PHHV4/PHZ51,-7.6019523342966,0.988248920769316,0.144455092489365,4.08424028321108
PHJ40/LH82,-4.14719485889007,-1.92551525751591,1.6136867262682,-8.6328481817695
PHJ40/PHAJ0,-4.2013305960492,-1.8876096509435,1.68759167613254,-8.55343863444976
PHJ89/CG120,0.158364839199759,-1.73756772036157,0.245347485497947,-3.45225698558437
PHJ89/LH145,0.125557747320652,-1.73510077560875,0.24435646356142,-3.46600896918282
PHJ89/PH207,0.152732974671369,-1.72399543115745,0.205178070255856,-3.44841667391299
PHJ89/PHB47,0.138714750894007,-1.7253976123141,0.208906748301518,-3.47602134717438
PHJ89/PHHV4,0.183831915572954,-1.71999539350249,0.178131156512551,-3.47049186284551
PHJ89/PHRE1,0.238860041194299,-1.74316348085267,0.191755120829398,-3.32974924549685
PHJ89/S8324,0.125557747320652,-1.73510077560875,0.24435646356142,-3.46600896918282
PHK05/PHRE1,-6.92533318093641,0.23245800671799,-0.700102858338494,4.7018219034842
PHK56/LH145,4.04681037255103,0.0939464879459008,-0.338930858765733,-1.24979300657509
PHK56/PHRE1,4.08002524008431,0.0980715441468665,-0.364837725399376,-1.20691760553228
PHM49/PHW65,3.62520858663006,2.50505310430828,0.126847849671382,-2.42072703420462
PHN11/PHT69,4.98458602963413,15.0002559353054,-2.16344288486774,-1.75183504621875
PHN11_PHW65_0001/LH195,10.2381519902854,6.8923625814069,-2.04890159734475,0.0306644601961151
PHN11_PHW65_0001/PHT69,10.2381519902854,6.8923625814069,-2.04890159734475,0.0306644601961151
PHN11_PHW65_0003/LH195,9.91924028320253,7.43057742235753,-0.46012682868329,-0.48873665714429
PHN11_PHW65_0003/PHT69,9.91924028320253,7.43057742235753,-0.46012682868329,-0.48873665714429
PHN11_PHW65_0010/LH195,8.80035472777606,9.24745317161836,-0.930818312631133,-1.12199000798857
PHN11_PHW65_0010/PHT69,8.80035472777606,9.24745317161836,-0.930818312631133,-1.12199000798857
PHN11_PHW65_0011/LH195,9.61829151458362,5.95105167007818,-0.445858385615613,-0.726926577701359
PHN11_PHW65_0011/PHT69,9.61829151458362,5.95105167007818,-0.445858385615613,-0.726926577701359
PHN11_PHW65_0015/LH195,8.40178433095913,4.33709146165234,0.0402817573111887,-0.230630615570609
PHN11_PHW65_0015/PHT69,8.40178433095913,4.33709146165234,0.0402817573111887,-0.230630615570609
PHN11_PHW65_0016/LH195,10.0487000081278,6.09982139242945,-0.591724580548639,0.313727372834949
PHN11_PHW65_0016/PHT69,10.0487000081278,6.09982139242945,-0.591724580548639,0.313727372834949
PHN11_PHW65_0017/LH195,9.17631557517096,7.56810936635362,-1.49432527713189,-0.0247239713998552
PHN11_PHW65_0017/PHT69,9.17631557517096,7.56810936635362,-1.49432527713189,-0.0247239713998552
PHN11_PHW65_0021/LH195,8.5864076570205,9.04192804296387,-2.20273726772491,-0.84729012918274
PHN11_PHW65_0021/PHT69,8.5864076570205,9.04192804296387,-2.20273726772491,-0.84729012918274
PHN11_PHW65_0022/LH195,10.5950540034165,5.58260660055307,-1.18567238041463,0.540816496132018
PHN11_PHW65_0022/PHT69,10.5950540034165,5.58260660055307,-1.18567238041463,0.540816496132018
PHN11_PHW65_0023/LH195,8.23229433006452,9.14455648953438,-1.52580496703869,-2.24426189899765
PHN11_PHW65_0023/PHT69,8.23229433006452,9.14455648953438,-1.52580496703869,-2.24426189899765
PHN11_PHW65_0027/LH195,9.7254084592657,7.20885724506068,-1.05271415373369,-0.259187204739932
PHN11_PHW65_0027/PHT69,9.7254084592657,7.20885724506068,-1.05271415373369,-0.259187204739932
PHN11_PHW65_0028/LH195,9.23994503302528,7.04060044771078,-1.19441343475464,-0.524694832924663
PHN11_PHW65_0028/PHT69,9.23994503302528,7.04060044771078,-1.19441343475464,-0.524694832924663
PHN11_PHW65_0032/LH195,-3.22899346716486,4.41779112207689,-1.40260009299136,5.40287665871237
PHN11_PHW65_0035/LH195,9.7327879550857,6.40383491600756,-0.43213524200139,0.128969893345642
PHN11_PHW65_0035/PHT69,9.7327879550857,6.40383491600756,-0.43213524200139,0.128969893345642
PHN11_PHW65_0042/LH195,11.0347999774957,3.62904899454028,-0.280683574044696,-0.738271359525442
PHN11_PHW65_0042/PHT69,11.0347999774957,3.62904899454028,-0.280683574044696,-0.738271359525442
PHN11_PHW65_0048/LH195,9.1549958349693,8.50428421911918,-1.22401645031515,-0.772218271256489
PHN11_PHW65_0048/PHT69,9.1549958349693,8.50428421911918,-1.22401645031515,-0.772218271256489
PHN11_PHW65_0049/LH195,11.3141754717625,3.12568621361575,0.231025556669783,0.624628871736081
PHN11_PHW65_0049/PHT69,11.3141754717625,3.12568621361575,0.231025556669783,0.624628871736081
PHN11_PHW65_0050/LH195,8.50485896391359,5.88911220657656,-0.576916980769176,0.748502754090947
PHN11_PHW65_0050/PHT69,8.50485896391359,5.88911220657656,-0.576916980769176,0.748502754090947
PHN11_PHW65_0055/LH195,10.1625727611308,6.13499689804876,-0.660739498500326,0.0637388496722416
PHN11_PHW65_0055/PHT69,10.1625727611308,6.13499689804876,-0.660739498500326,0.0637388496722416
PHN11_PHW65_0056/LH195,8.95288660298848,7.9415854180467,-1.38963864378127,-0.825102877703582
PHN11_PHW65_0056/PHT69,8.95288660298848,7.9415854180467,-1.38963864378127,-0.825102877703582
PHN11_PHW65_0057/LH195,9.80459942210598,5.98429948023633,-1.30460001955288,0.546644938697882
PHN11_PHW65_0057/PHT69,9.80459942210598,5.98429948023633,-1.30460001955288,0.546644938697882
PHN11_PHW65_0058/LH195,7.67261622880727,10.133830325613,-0.216215380033038,-2.14192133189448
PHN11_PHW65_0058/PHT69,7.67261622880727,10.133830325613,-0.216215380033038,-2.14192133189448
PHN11_PHW65_0059/LH195,9.70494034275277,7.21832931867153,-1.21532964351347,0.450506749628059
PHN11_PHW65_0059/PHT69,9.70494034275277,7.21832931867153,-1.21532964351347,0.450506749628059
PHN11_PHW65_0061/LH195,9.81576999921331,6.55875573154306,-0.343624325606737,-0.145506583262929
PHN11_PHW65_0061/PHT69,9.81576999921331,6.55875573154306,-0.343624325606737,-0.145506583262929
PHN11_PHW65_0062/LH195,9.66359276749257,6.6554056067899,-0.884336881321511,-0.157305782121604
PHN11_PHW65_0062/PHT69,9.66359276749257,6.6554056067899,-0.884336881321511,-0.157305782121604
PHN11_PHW65_0063/LH195,8.07826208986914,9.31510998871879,-1.28710402360376,-0.809609340721797
PHN11_PHW65_0063/PHT69,8.07826208986914,9.31510998871879,-1.28710402360376,-0.809609340721797
PHN11_PHW65_0064/LH195,10.0717606272524,7.07324956744508,0.397236370543828,-0.640316173688471
PHN11_PHW65_0064/PHT69,10.0717606272524,7.07324956744508,0.397236370543828,-0.640316173688471
PHN11_PHW65_0065/LH195,8.78250596656972,8.88759765357021,-0.939545201479944,-0.699777255074207
PHN11_PHW65_0065/PHT69,8.78250596656972,8.88759765357021,-0.939545201479944,-0.699777255074207
PHN11_PHW65_0066/LH195,8.95248743904449,7.86224335270848,-0.14119738182975,-0.738994715946378
PHN11_PHW65_0066/PHT69,8.95248743904449,7.86224335270848,-0.14119738182975,-0.738994715946378
PHN11_PHW65_0069/LH195,11.6345449288914,1.74987964279087,0.17862823506728,-0.58635545793708
PHN11_PHW65_0069/PHT69,11.6345449288914,1.74987964279087,0.17862823506728,-0.58635545793708
PHN11_PHW65_0070/LH195,9.22031203258921,7.05589937178425,-1.21893924879128,-0.288671778708056
PHN11_PHW65_0070/PHT69,9.22031203258921,7.05589937178425,-1.21893924879128,-0.288671778708056
PHN11_PHW65_0071/LH195,10.3755729608909,4.71808149279831,-1.21416528684287,-1.82721273811892
PHN11_PHW65_0071/PHT69,10.3755729608909,4.71808149279831,-1.21416528684287,-1.82721273811892
PHN11_PHW65_0072/LH195,9.1931499445836,6.41146911041953,-0.275627398791277,-0.988174546357769
PHN11_PHW65_0072/PHT69,9.1931499445836,6.41146911041953,-0.275627398791277,-0.988174546357769
PHN11_PHW65_0073/LH195,9.27555488346442,8.28248322027916,-0.75586077661827,-0.400178250053847
PHN11_PHW65_0073/PHT69,9.27555488346442,8.28248322027916,-0.75586077661827,-0.400178250053847
PHN11_PHW65_0074/LH195,9.97002647562714,5.04843062628574,-0.506571993585192,-0.0481881302266066
PHN11_PHW65_0074/PHT69,9.97002647562714,5.04843062628574,-0.506571993585192,-0.0481881302266066
PHN11_PHW65_0075/LH195,9.60160279497308,8.25481872242477,-0.459055005534609,-0.436096494429131
PHN11_PHW65_0075/PHT69,9.60160279497308,8.25481872242477,-0.459055005534609,-0.436096494429131
PHN11_PHW65_0076/LH195,10.7081391101495,4.89684642679334,-0.743655891286288,0.638020885162203
PHN11_PHW65_0076/PHT69,10.7081391101495,4.89684642679334,-0.743655891286288,0.638020885162203
PHN11_PHW65_0077/LH195,10.4793339317967,4.67374353598127,-1.80235447956359,-0.379881886758069
PHN11_PHW65_0077/PHT69,10.4793339317967,4.67374353598127,-1.80235447956359,-0.379881886758069
PHN11_PHW65_0079/LH195,9.99441558237867,6.52051311893448,-0.524571202948739,-0.179399190696045
PHN11_PHW65_0079/PHT69,9.99441558237867,6.52051311893448,-0.524571202948739,-0.179399190696045
PHN11_PHW65_0080/LH195,8.7517806116137,8.03659734968304,-1.93074514861361,-1.54631923985999
PHN11_PHW65_0080/PHT69,8.7517806116137,8.03659734968304,-1.93074514861361,-1.54631923985999
PHN11_PHW65_0081/LH195,9.68742496479078,6.40705227866484,-0.384485262436004,0.482006375995218
PHN11_PHW65_0081/PHT69,9.68742496479078,6.40705227866484,-0.384485262436004,0.482006375995218
PHN11_PHW65_0084/LH195,10.5576568964384,4.2481922957664,0.248359063740234,-0.877748814302493
PHN11_PHW65_0084/PHT69,10.5576568964384,4.2481922957664,0.248359063740234,-0.877748814302493
PHN11_PHW65_0086/LH195,10.489079750742,3.59675861666905,-0.251225381314902,-0.790471490832994
PHN11_PHW65_0086/PHT69,10.489079750742,3.59675861666905,-0.251225381314902,-0.790471490832994
PHN11_PHW65_0087/LH195,10.3793325086104,5.65031878756775,0.640201937071987,-0.0394946851299803
PHN11_PHW65_0087/PHT69,10.3793325086104,5.65031878756775,0.640201937071987,-0.0394946851299803
PHN11_PHW65_0088/LH195,10.4823442965519,5.01850547650542,-1.12549998831654,-0.611204781111932
PHN11_PHW65_0088/PHT69,10.4823442965519,5.01850547650542,-1.12549998831654,-0.611204781111932
PHN11_PHW65_0089/LH195,8.95241058467758,8.10659265649043,-1.28123819196016,-1.03237174833166
PHN11_PHW65_0089/PHT69,8.95241058467758,8.10659265649043,-1.28123819196016,-1.03237174833166
PHN11_PHW65_0092/LH195,10.6741077857609,4.42971513179259,-1.33946338559123,-0.769578467011971
PHN11_PHW65_0092/PHT69,10.6741077857609,4.42971513179259,-1.33946338559123,-0.769578467011971
PHN11_PHW65_0094/LH195,-2.79237453546863,4.26805109436585,-1.02306269316539,5.2969374066065
PHN11_PHW65_0096/LH195,10.4584823936174,5.4236842592823,-0.964057016277206,0.739050677596118
PHN11_PHW65_0096/PHT69,10.4584823936174,5.4236842592823,-0.964057016277206,0.739050677596118
PHN11_PHW65_0100/LH195,8.29166813218617,10.9114673982702,-2.12578027707787,-0.871234489858662
PHN11_PHW65_0100/PHT69,8.29166813218617,10.9114673982702,-2.12578027707787,-0.871234489858662
PHN11_PHW65_0101/LH195,9.91467307910668,6.71908361667232,-1.27625604809653,0.294599437386807
PHN11_PHW65_0101/PHT69,9.91467307910668,6.71908361667232,-1.27625604809653,0.294599437386807
PHN11_PHW65_0103/LH195,9.41159922205118,7.98441868217612,-1.46629973865202,-0.300247642304265
PHN11_PHW65_0103/PHT69,9.41159922205118,7.98441868217612,-1.46629973865202,-0.300247642304265
PHN11_PHW65_0105/LH195,10.0809995739221,6.25613805716635,-0.569254078660044,0.472119124956589
PHN11_PHW65_0105/PHT69,10.0809995739221,6.25613805716635,-0.569254078660044,0.472119124956589
PHN11_PHW65_0106/LH195,10.8149905278744,5.00370485776031,-1.40220366679695,0.995841962065799
PHN11_PHW65_0106/PHT69,10.8149905278744,5.00370485776031,-1.40220366679695,0.995841962065799
PHN11_PHW65_0107/LH195,9.29107147657917,7.39367614723087,-0.98679177838766,-1.29009954568469
PHN11_PHW65_0107/PHT69,9.29107147657917,7.39367614723087,-0.98679177838766,-1.29009954568469
PHN11_PHW65_0110/LH195,8.64597000648882,8.79566653159156,-0.561149961713588,-0.484239296505676
PHN11_PHW65_0110/PHT69,8.64597000648882,8.79566653159156,-0.561149961713588,-0.484239296505676
PHN11_PHW65_0113/LH195,9.60420552941344,6.77288861638016,0.32944174474011,0.130018461888548
PHN11_PHW65_0113/PHT69,9.60420552941344,6.77288861638016,0.32944174474011,0.130018461888548
PHN11_PHW65_0114/LH195,9.27971635747133,8.3675602034649,-2.14385908149936,-0.637308652240004
PHN11_PHW65_0114/PHT69,9.27971635747133,8.3675602034649,-2.14385908149936,-0.637308652240004
PHN11_PHW65_0117/LH195,10.6862924414712,5.4697909438343,-1.20413845484554,0.0820310741116811
PHN11_PHW65_0117/PHT69,10.6862924414712,5.4697909438343,-1.20413845484554,0.0820310741116811
PHN11_PHW65_0118/LH195,9.94775021321033,5.27777571454259,-0.939064080854121,-0.692794824873683
PHN11_PHW65_0118/PHT69,9.94775021321033,5.27777571454259,-0.939064080854121,-0.692794824873683
PHN11_PHW65_0119/LH195,7.69653322093555,10.43452831393,-1.14038963476176,-0.666108839627489
PHN11_PHW65_0119/PHT69,7.69653322093555,10.43452831393,-1.14038963476176,-0.666108839627489
PHN11_PHW65_0125/LH195,9.25147326373457,8.66051858557099,-1.07288259208582,-0.0663773943816982
PHN11_PHW65_0125/PHT69,9.25147326373457,8.66051858557099,-1.07288259208582,-0.0663773943816982
PHN11_PHW65_0129/LH195,6.59734669680664,5.53797307333935,-0.441548374442064,0.84529063257264
PHN11_PHW65_0129/PHT69,6.59734669680664,5.53797307333935,-0.441548374442064,0.84529063257264
PHN11_PHW65_0132/LH195,9.05652780640001,7.38887109961359,0.598705247197264,-2.02202211063548
PHN11_PHW65_0132/PHT69,9.05652780640001,7.38887109961359,0.598705247197264,-2.02202211063548
PHN11_PHW65_0133/LH195,9.31099170384975,8.4235214870226,-2.10920038100847,-0.71577065719376
PHN11_PHW65_0133/PHT69,9.31099170384975,8.4235214870226,-2.10920038100847,-0.71577065719376
PHN11_PHW65_0136/LH195,10.2361813372645,5.08956801523064,1.07160886596489,-0.263309385788681
PHN11_PHW65_0136/PHT69,10.2361813372645,5.08956801523064,1.07160886596489,-0.263309385788681
PHN11_PHW65_0137/LH195,9.91958093902,4.72530761205533,-1.24408061157476,-0.00730632346132519
PHN11_PHW65_0137/PHT69,9.91958093902,4.72530761205533,-1.24408061157476,-0.00730632346132519
PHN11_PHW65_0138/LH195,9.43301387041845,7.96404405951542,-0.907828645816995,-0.130681950004854
PHN11_PHW65_0138/PHT69,9.43301387041845,7.96404405951542,-0.907828645816995,-0.130681950004854
PHN11_PHW65_0139/LH195,8.16448134815331,5.74352237368286,-0.809308651223033,1.21034345065799
PHN11_PHW65_0139/PHT69,8.16448134815331,5.74352237368286,-0.809308651223033,1.21034345065799
PHN11_PHW65_0140/LH195,10.1340058970294,6.09678169341727,-0.525259552873858,-0.534286925925658
PHN11_PHW65_0140/PHT69,10.1340058970294,6.09678169341727,-0.525259552873858,-0.534286925925658
PHN11_PHW65_0141/LH195,8.55883803479287,0.906314904381311,-1.5754586804014,1.88309589198441
PHN11_PHW65_0141/PHT69,8.55883803479287,0.906314904381311,-1.5754586804014,1.88309589198441
PHN11_PHW65_0143/LH195,9.65814402806747,8.03167624207846,0.201507908075283,-0.409882793227758
PHN11_PHW65_0143/PHT69,9.65814402806747,8.03167624207846,0.201507908075283,-0.409882793227758
PHN11_PHW65_0144/LH195,9.70237007024693,7.4818586844465,-1.44740793489418,0.238217661730458
PHN11_PHW65_0144/PHT69,9.70237007024693,7.4818586844465,-1.44740793489418,0.238217661730458
PHN11_PHW65_0146/LH195,9.50791914640923,4.12446575173957,0.22922720138527,0.883099885725677
PHN11_PHW65_0146/PHT69,9.50791914640923,4.12446575173957,0.22922720138527,0.883099885725677
PHN11_PHW65_0147/LH195,8.65864861668863,8.81783780797406,-0.618118924044147,-1.53454443236953
PHN11_PHW65_0147/PHT69,8.65864861668863,8.81783780797406,-0.618118924044147,-1.53454443236953
PHN11_PHW65_0149/LH195,10.0376091433678,6.75322119869589,-0.450616527248908,1.14702198333503
PHN11_PHW65_0149/PHT69,10.0376091433678,6.75322119869589,-0.450616527248908,1.14702198333503
PHN11_PHW65_0154/LH195,8.20256252756836,7.34518876703656,-1.45695929540733,-0.336998837066125
PHN11_PHW65_0154/PHT69,8.20256252756836,7.34518876703656,-1.45695929540733,-0.336998837066125
PHN11_PHW65_0155/LH195,10.0707476361015,5.49942975290572,-1.32336335797221,-0.221210242208001
PHN11_PHW65_0155/PHT69,10.0707476361015,5.49942975290572,-1.32336335797221,-0.221210242208001
PHN11_PHW65_0158/LH195,9.51308022917134,7.68549940267036,-1.12354460964459,-0.0935958297082508
PHN11_PHW65_0158/PHT69,9.51308022917134,7.68549940267036,-1.12354460964459,-0.0935958297082508
PHN11_PHW65_0167/LH195,8.79875129924149,8.44071959601953,-1.81123384071915,-0.510028471467037
PHN11_PHW65_0167/PHT69,8.79875129924149,8.44071959601953,-1.81123384071915,-0.510028471467037
PHN11_PHW65_0168/LH195,10.4097112759797,4.26742419251101,0.512484815527766,0.475191751417077
PHN11_PHW65_0168/PHT69,10.4097112759797,4.26742419251101,0.512484815527766,0.475191751417077
PHN11_PHW65_0172/LH195,8.54683720710274,7.42172961613888,-1.71018980056204,-0.721615829696768
PHN11_PHW65_0172/PHT69,8.54683720710274,7.42172961613888,-1.71018980056204,-0.721615829696768
PHN11_PHW65_0176/LH195,9.48320311624191,8.01495445845657,0.259229661100225,-0.319166999853092
PHN11_PHW65_0176/PHT69,9.48320311624191,8.01495445845657,0.259229661100225,-0.319166999853092
PHN11_PHW65_0178/LH195,8.94876164200196,8.67622692449509,-1.20596621364232,-1.20687781767905
PHN11_PHW65_0178/PHT69,8.94876164200196,8.67622692449509,-1.20596621364232,-1.20687781767905
PHN11_PHW65_0179/LH195,4.73115218576308,1.24724934758255,0.152900129135128,2.01347035744269
PHN11_PHW65_0179/PHT69,4.74865741959528,1.24541092737267,0.150850135764308,2.03449939002103
PHN11_PHW65_0180/LH195,10.95283884406,3.684000135523,-1.50715016890903,0.0144391289882799
PHN11_PHW65_0180/PHT69,10.95283884406,3.684000135523,-1.50715016890903,0.0144391289882799
PHN11_PHW65_0184/LH195,9.56883020099071,6.7440992183734,-2.102820491511,-0.102820612208147
PHN11_PHW65_0184/PHT69,9.56883020099071,6.7440992183734,-2.102820491511,-0.102820612208147
PHN11_PHW65_0189/LH195,9.6226873074866,7.31256280754489,-0.434361592374474,-0.765659329539788
PHN11_PHW65_0189/PHT69,9.6226873074866,7.31256280754489,-0.434361592374474,-0.765659329539788
PHN11_PHW65_0190/LH195,9.71649129007983,6.31945208165666,-0.216630452429434,-0.221923198951559
PHN11_PHW65_0190/PHT69,9.71649129007983,6.31945208165666,-0.216630452429434,-0.221923198951559
PHN11_PHW65_0194/LH195,10.2423921831513,5.44050108049125,-0.968441978907407,-0.371801046091408
PHN11_PHW65_0194/PHT69,10.2423921831513,5.44050108049125,-0.968441978907407,-0.371801046091408
PHN11_PHW65_0205/LH195,9.15174106076824,7.33780930456012,-1.51266212272429,0.18932031211168
PHN11_PHW65_0205/PHT69,9.15174106076824,7.33780930456012,-1.51266212272429,0.18932031211168
PHN11_PHW65_0206/LH195,10.4094682022704,4.37998953456062,-0.252702996336217,-0.70355001068865
PHN11_PHW65_0206/PHT69,10.4094682022704,4.37998953456062,-0.252702996336217,-0.70355001068865
PHN11_PHW65_0209/LH195,8.90347386510178,8.33249614913185,-0.137270309971173,-0.450795601862984
PHN11_PHW65_0209/PHT69,8.90347386510178,8.33249614913185,-0.137270309971173,-0.450795601862984
PHN11_PHW65_0211/LH195,10.2461596456812,6.60785106091879,-0.669485994217977,-0.732791189443555
PHN11_PHW65_0211/PHT69,10.2461596456812,6.60785106091879,-0.669485994217977,-0.732791189443555
PHN11_PHW65_0212/LH195,9.64873642530788,7.22044352858526,-0.774429955815721,-1.13856052382148
PHN11_PHW65_0212/PHT69,9.64873642530788,7.22044352858526,-0.774429955815721,-1.13856052382148
PHN11_PHW65_0216/LH195,9.50318626236081,6.52974725019774,-0.79065066150609,-1.06396318624923
PHN11_PHW65_0216/PHT69,9.50318626236081,6.52974725019774,-0.79065066150609,-1.06396318624923
PHN11_PHW65_0217/LH195,9.45055457501456,7.13480225534674,-0.789635130175369,0.101323109715237
PHN11_PHW65_0217/PHT69,9.45055457501456,7.13480225534674,-0.789635130175369,0.101323109715237
PHN11_PHW65_0221/LH195,9.89565648484108,4.54235691726745,0.179643784688375,-0.935667922881602
PHN11_PHW65_0221/PHT69,9.89565648484108,4.54235691726745,0.179643784688375,-0.935667922881602
PHN11_PHW65_0223/LH195,9.33059024861743,5.17467931735954,0.353919894750761,-2.00987530586846
PHN11_PHW65_0223/PHT69,9.33059024861743,5.17467931735954,0.353919894750761,-2.00987530586846
PHN11_PHW65_0224/LH195,8.47091725706074,7.6729239725773,-1.36655470588461,-1.43704752040944
PHN11_PHW65_0224/PHT69,8.47091725706074,7.6729239725773,-1.36655470588461,-1.43704752040944
PHN11_PHW65_0225/LH195,10.2039597328138,5.51976223264181,0.642463480330699,-0.207759429810617
PHN11_PHW65_0225/PHT69,10.2039597328138,5.51976223264181,0.642463480330699,-0.207759429810617
PHN11_PHW65_0227/LH195,8.23176716461759,4.6445287600498,-0.86301148047706,0.544467925171544
PHN11_PHW65_0227/PHT69,8.23176716461759,4.6445287600498,-0.86301148047706,0.544467925171544
PHN11_PHW65_0237/LH195,10.346554580292,4.23140534410147,-0.292054877934703,-1.02807666682543
PHN11_PHW65_0237/PHT69,10.346554580292,4.23140534410147,-0.292054877934703,-1.02807666682543
PHN11_PHW65_0241/LH195,9.07745619875461,7.89489151363534,-2.66761484636949,0.00898523131075922
PHN11_PHW65_0241/PHT69,9.07745619875461,7.89489151363534,-2.66761484636949,0.00898523131075922
PHN11_PHW65_0242/LH195,9.47395009138299,7.69961211095984,0.19392635351568,-0.428507998909446
PHN11_PHW65_0242/PHT69,9.47395009138299,7.69961211095984,0.19392635351568,-0.428507998909446
PHN11_PHW65_0245/LH195,9.74504688352132,6.65636304993908,-0.418778742047476,-0.390744036594073
PHN11_PHW65_0245/PHT69,9.74504688352132,6.65636304993908,-0.418778742047476,-0.390744036594073
PHN11_PHW65_0248/LH195,9.64723883968145,5.87943169261568,-0.253509568273071,-1.03393241117848
PHN11_PHW65_0248/PHT69,9.64723883968145,5.87943169261568,-0.253509568273071,-1.03393241117848
PHN11_PHW65_0250/LH195,8.72324747575814,8.23758881521593,-1.38158534893134,-1.1725676195862
PHN11_PHW65_0250/PHT69,8.72324747575814,8.23758881521593,-1.38158534893134,-1.1725676195862
PHN11_PHW65_0251/LH195,9.48266155907401,8.39117558041381,-1.38303695813698,-0.453130194665493
PHN11_PHW65_0251/PHT69,9.48266155907401,8.39117558041381,-1.38303695813698,-0.453130194665493
PHN11_PHW65_0256/LH195,8.49336283259869,9.65801939690339,-1.16789223340166,-0.682639303314871
PHN11_PHW65_0256/PHT69,8.49336283259869,9.65801939690339,-1.16789223340166,-0.682639303314871
PHN11_PHW65_0257/LH195,8.41022557529386,9.70730436214606,-1.12143918762947,-1.20137800397335
PHN11_PHW65_0257/PHT69,8.41022557529386,9.70730436214606,-1.12143918762947,-1.20137800397335
PHN11_PHW65_0258/LH195,9.44781973944115,7.32050925056949,-0.926706184451294,0.469302612634186
PHN11_PHW65_0258/PHT69,9.44781973944115,7.32050925056949,-0.926706184451294,0.469302612634186
PHN11_PHW65_0260/LH195,10.1153704198704,3.86529655543194,-0.919559919657637,-0.223728658161405
PHN11_PHW65_0260/PHT69,10.1153704198704,3.86529655543194,-0.919559919657637,-0.223728658161405
PHN11_PHW65_0261/LH195,9.28435890869922,7.18514551084139,-1.28436359667986,-0.115603343424646
PHN11_PHW65_0261/PHT69,9.28435890869922,7.18514551084139,-1.28436359667986,-0.115603343424646
PHN11_PHW65_0266/LH195,9.55466309278001,7.7614534620357,-0.438977034547524,-0.193822421061521
PHN11_PHW65_0266/PHT69,9.55466309278001,7.7614534620357,-0.438977034547524,-0.193822421061521
PHN11_PHW65_0267/LH195,9.80081279743199,5.51552805143804,-0.108233148734999,-0.2431486826714
PHN11_PHW65_0267/PHT69,9.80081279743199,5.51552805143804,-0.108233148734999,-0.2431486826714
PHN11_PHW65_0274/LH195,10.091522856189,6.18088126416405,-0.797757226063856,0.219332001742128
PHN11_PHW65_0274/PHT69,10.091522856189,6.18088126416405,-0.797757226063856,0.219332001742128
PHN11_PHW65_0275/LH195,8.3807770405027,5.36972184933209,-0.107840597159211,0.879788138136653
PHN11_PHW65_0275/PHT69,8.3807770405027,5.36972184933209,-0.107840597159211,0.879788138136653
PHN11_PHW65_0276/LH195,9.94645760697114,6.2587488933186,-1.22701595491188,0.196583841967922
PHN11_PHW65_0276/PHT69,9.94645760697114,6.2587488933186,-1.22701595491188,0.196583841967922
PHN11_PHW65_0277/LH195,9.89532782472234,6.76536855692141,-0.321728854468345,-0.0680073684673577
PHN11_PHW65_0277/PHT69,9.89532782472234,6.76536855692141,-0.321728854468345,-0.0680073684673577
PHN11_PHW65_0278/LH195,9.85952169463432,5.6597555462451,-1.27489406676419,-0.593026980118229
PHN11_PHW65_0278/PHT69,9.85952169463432,5.6597555462451,-1.27489406676419,-0.593026980118229
PHN11_PHW65_0279/LH195,8.91395254256429,7.04815658684927,-0.33198626508376,-2.30101599351635
PHN11_PHW65_0279/PHT69,8.91395254256429,7.04815658684927,-0.33198626508376,-2.30101599351635
PHN11_PHW65_0282/LH195,9.80264842841149,6.34048371809903,-0.290521139494134,-0.591790677805057
PHN11_PHW65_0282/PHT69,9.80264842841149,6.34048371809903,-0.290521139494134,-0.591790677805057
PHN11_PHW65_0284/LH195,9.64928697217858,6.64754759065152,-1.00423133480606,-1.16496298425592
PHN11_PHW65_0284/PHT69,9.64928697217858,6.64754759065152,-1.00423133480606,-1.16496298425592
PHN11_PHW65_0285/LH195,8.87401729345999,7.99669346900243,-1.37977681773527,-0.711092510652723
PHN11_PHW65_0285/PHT69,8.87401729345999,7.99669346900243,-1.37977681773527,-0.711092510652723
PHN11_PHW65_0286/LH195,8.86052373073814,8.0133079674547,-1.30851015934468,-0.605017882622396
PHN11_PHW65_0286/PHT69,8.86052373073814,8.0133079674547,-1.30851015934468,-0.605017882622396
PHN11_PHW65_0288/LH195,8.87461611528743,8.66218065283644,-1.20385076164512,-0.678147025173699
PHN11_PHW65_0288/PHT69,8.87461611528743,8.66218065283644,-1.20385076164512,-0.678147025173699
PHN11_PHW65_0291/LH195,8.4167554753221,8.9181263933019,-0.849197521829851,-0.0595805882155652
PHN11_PHW65_0291/PHT69,8.4167554753221,8.9181263933019,-0.849197521829851,-0.0595805882155652
PHN11_PHW65_0294/LH195,11.1981179268953,3.29058349252144,-0.79887339538181,0.00305224330624635
PHN11_PHW65_0294/PHT69,11.1981179268953,3.29058349252144,-0.79887339538181,0.00305224330624635
PHN11_PHW65_0300/LH195,9.99008769186996,5.40684805739507,-0.820789513004889,-0.693331182351183
PHN11_PHW65_0300/PHT69,9.99008769186996,5.40684805739507,-0.820789513004889,-0.693331182351183
PHN11_PHW65_0301/LH195,9.69139093951658,6.05352318384513,-0.514086846662552,-0.439461200517285
PHN11_PHW65_0301/PHT69,9.69139093951658,6.05352318384513,-0.514086846662552,-0.439461200517285
PHN11_PHW65_0302/LH195,10.7177400897626,5.00946638261295,-1.57589334807539,0.989240177888068
PHN11_PHW65_0302/PHT69,10.7177400897626,5.00946638261295,-1.57589334807539,0.989240177888068
PHN11_PHW65_0303/LH195,9.74056740038616,7.13041592047861,-1.32494215404415,-0.224296509338129
PHN11_PHW65_0303/PHT69,9.74056740038616,7.13041592047861,-1.32494215404415,-0.224296509338129
PHN11_PHW65_0305/LH195,9.81261061461501,6.74543462790063,-0.213828953046974,0.277363898100244
PHN11_PHW65_0305/PHT69,9.81261061461501,6.74543462790063,-0.213828953046974,0.277363898100244
PHN11_PHW65_0307/LH195,9.98792272212449,6.42813619960358,-0.838129941839207,0.215757578347712
PHN11_PHW65_0307/PHT69,9.98792272212449,6.42813619960358,-0.838129941839207,0.215757578347712
PHN11_PHW65_0310/LH195,9.86678430757063,7.99971920736541,-0.50776243153785,-0.151628758008812
PHN11_PHW65_0310/PHT69,9.86678430757063,7.99971920736541,-0.50776243153785,-0.151628758008812
PHN11_PHW65_0312/LH195,8.70798331492407,5.73896541830236,-1.53914780079498,0.630072555968433
PHN11_PHW65_0312/PHT69,8.70798331492407,5.73896541830236,-1.53914780079498,0.630072555968433
PHN11_PHW65_0315/LH195,8.06236049782362,10.2512603226551,-0.571409517984751,-0.95325853213931
PHN11_PHW65_0315/PHT69,8.06236049782362,10.2512603226551,-0.571409517984751,-0.95325853213931
PHN11_PHW65_0316/LH195,8.90189389302179,8.82932950920998,-1.72857324141976,-0.547677347423733
PHN11_PHW65_0316/PHT69,8.90189389302179,8.82932950920998,-1.72857324141976,-0.547677347423733
PHN11_PHW65_0319/LH195,9.30753399150434,6.90891702715792,-0.776077027828736,-0.714813856502603
PHN11_PHW65_0319/PHT69,9.30753399150434,6.90891702715792,-0.776077027828736,-0.714813856502603
PHN11_PHW65_0320/LH195,9.14463484595164,8.29786095864302,-0.273961640071594,-0.523695659525722
PHN11_PHW65_0320/PHT69,9.14463484595164,8.29786095864302,-0.273961640071594,-0.523695659525722
PHN11_PHW65_0322/LH195,10.3413556248413,4.79091695550022,0.0805689379371466,-1.04141034281148
PHN11_PHW65_0322/PHT69,10.3413556248413,4.79091695550022,0.0805689379371466,-1.04141034281148
PHN11_PHW65_0323/LH195,10.8000658148698,4.69062412318083,-0.0449355724580788,0.679428240408712
PHN11_PHW65_0323/PHT69,10.8000658148698,4.69062412318083,-0.0449355724580788,0.679428240408712
PHN11_PHW65_0328/LH195,3.39431005585436,3.20834419500157,-0.835089920526958,1.99980005890025
PHN11_PHW65_0328/PHT69,3.41181528968656,3.20650577479169,-0.837139913897778,2.02082909147859
PHN11_PHW65_0329/LH195,9.66171291092144,8.03929649718114,-1.3007135070332,-0.366619553210742
PHN11_PHW65_0329/PHT69,9.66171291092144,8.03929649718114,-1.3007135070332,-0.366619553210742
PHN11_PHW65_0333/LH195,10.1970901214886,5.44272574401107,0.0126715515290411,-1.62128544948218
PHN11_PHW65_0333/PHT69,10.1970901214886,5.44272574401107,0.0126715515290411,-1.62128544948218
PHN11_PHW65_0336/LH195,8.74066482799201,9.60695089776823,-0.650952749105964,-0.986998068925929
PHN11_PHW65_0336/PHT69,8.74066482799201,9.60695089776823,-0.650952749105964,-0.986998068925929
PHN11_PHW65_0341/LH195,9.41686144626135,6.6920337003061,-1.25734489668343,-0.941786013807864
PHN11_PHW65_0341/PHT69,9.41686144626135,6.6920337003061,-1.25734489668343,-0.941786013807864
PHN11_PHW65_0343/LH195,9.74535162695326,7.35547675617654,-0.349001095941275,0.195647764829178
PHN11_PHW65_0343/PHT69,9.74535162695326,7.35547675617654,-0.349001095941275,0.195647764829178
PHN11_PHW65_0344/LH195,10.4581657950154,5.05675475633304,0.178852336962341,0.0756620220094501
PHN11_PHW65_0344/PHT69,10.4581657950154,5.05675475633304,0.178852336962341,0.0756620220094501
PHN11_PHW65_0345/LH195,10.4235584341974,5.35470643266204,-0.19241699000485,0.999412737294421
PHN11_PHW65_0345/PHT69,10.4235584341974,5.35470643266204,-0.19241699000485,0.999412737294421
PHN11_PHW65_0346/LH195,10.2341303871821,4.17426615591094,0.574791189094167,0.188946259144249
PHN11_PHW65_0346/PHT69,10.2341303871821,4.17426615591094,0.574791189094167,0.188946259144249
PHN11_PHW65_0347/LH195,9.74741641659944,7.31091866255288,-2.29985908610226,-0.192978568189636
PHN11_PHW65_0347/PHT69,9.74741641659944,7.31091866255288,-2.29985908610226,-0.192978568189636
PHN11_PHW65_0352/LH195,9.39556028832737,6.2587294483844,-0.886103932193968,-0.249807154058295
PHN11_PHW65_0352/PHT69,9.39556028832737,6.2587294483844,-0.886103932193968,-0.249807154058295
PHN11_PHW65_0353/LH195,10.5485393203841,4.77061688631212,-0.937241613370863,-0.361854415053214
PHN11_PHW65_0353/PHT69,10.5485393203841,4.77061688631212,-0.937241613370863,-0.361854415053214
PHN11_PHW65_0354/LH195,9.26900477386025,6.53911787559456,0.334689055360503,-0.363499715699944
PHN11_PHW65_0354/PHT69,9.26900477386025,6.53911787559456,0.334689055360503,-0.363499715699944
PHN11_PHW65_0355/LH195,11.5618321030959,2.19250010493695,-1.05412660746457,0.0495782031593715
PHN11_PHW65_0355/PHT69,11.5618321030959,2.19250010493695,-1.05412660746457,0.0495782031593715
PHN11_PHW65_0358/LH195,8.39249209776862,10.4805281135741,-1.85895630530387,0.0189953373298366
PHN11_PHW65_0358/PHT69,8.39249209776862,10.4805281135741,-1.85895630530387,0.0189953373298366
PHN11_PHW65_0359/LH195,8.8292706585159,8.3911392810594,0.22597592550504,-0.908949572574953
PHN11_PHW65_0359/PHT69,8.8292706585159,8.3911392810594,0.22597592550504,-0.908949572574953
PHN11_PHW65_0360/LH195,8.114887804527,9.19620404794138,-1.74859677686763,-0.023802496368518
PHN11_PHW65_0360/PHT69,8.114887804527,9.19620404794138,-1.74859677686763,-0.023802496368518
PHN11_PHW65_0365/LH195,10.9740493302419,3.46517054308649,-1.88117811364285,0.412043894928781
PHN11_PHW65_0365/PHT69,10.9740493302419,3.46517054308649,-1.88117811364285,0.412043894928781
PHN11_PHW65_0369/LH195,6.4433542144582,3.25922637466435,-0.0228777565220421,0.927534330511639
PHN11_PHW65_0369/PHT69,6.4433542144582,3.25922637466435,-0.0228777565220421,0.927534330511639
PHN11_PHW65_0372/LH195,8.42103194129976,9.90352675849378,-1.20301040020147,-0.552006491211871
PHN11_PHW65_0372/PHT69,8.42103194129976,9.90352675849378,-1.20301040020147,-0.552006491211871
PHN11_PHW65_0374/LH195,10.9512786102367,4.20187367630996,0.442239547076639,0.885894601333587
PHN11_PHW65_0374/PHT69,10.9512786102367,4.20187367630996,0.442239547076639,0.885894601333587
PHN11_PHW65_0378/LH195,7.9342016477535,4.60306283824243,-0.782393963751729,0.312032597334875
PHN11_PHW65_0378/PHT69,7.9342016477535,4.60306283824243,-0.782393963751729,0.312032597334875
PHN11_PHW65_0382/LH195,9.97052354807588,6.21267837376315,-1.26855001943925,-0.0137960529193742
PHN11_PHW65_0382/PHT69,9.97052354807588,6.21267837376315,-1.26855001943925,-0.0137960529193742
PHN11_PHW65_0385/LH195,9.31428707371002,7.06774519317764,-0.282999485377156,-1.07390639515586
PHN11_PHW65_0385/PHT69,9.31428707371002,7.06774519317764,-0.282999485377156,-1.07390639515586
PHN11_PHW65_0386/LH195,10.3240158786562,6.04598933545527,0.799348193019629,-0.995521959994328
PHN11_PHW65_0386/PHT69,10.3240158786562,6.04598933545527,0.799348193019629,-0.995521959994328
PHN11_PHW65_0387/LH195,8.07168118735297,10.2588922959732,-0.914100689628136,-1.05186217729955
PHN11_PHW65_0387/PHT69,8.07168118735297,10.2588922959732,-0.914100689628136,-1.05186217729955
PHN11_PHW65_0390/LH195,9.60220436109345,5.71663938415768,-0.782724489782135,-0.640191928213708
PHN11_PHW65_0390/PHT69,9.60220436109345,5.71663938415768,-0.782724489782135,-0.640191928213708
PHN11_PHW65_0393/LH195,10.0529130896163,4.63910970827314,-0.571527439210583,-0.0932884117120277
PHN11_PHW65_0393/PHT69,10.0529130896163,4.63910970827314,-0.571527439210583,-0.0932884117120277
PHN11_PHW65_0395/LH195,9.95821026894353,5.86078006019433,0.443728010020966,-1.60918886375019
PHN11_PHW65_0395/PHT69,9.95821026894353,5.86078006019433,0.443728010020966,-1.60918886375019
PHN11_PHW65_0398/LH195,9.98642784554768,6.13881500283685,-0.570768272109366,-0.92322412382422
PHN11_PHW65_0398/PHT69,9.98642784554768,6.13881500283685,-0.570768272109366,-0.92322412382422
PHN11_PHW65_0402/LH195,9.70304380226894,7.06733433951441,-0.0202539854338943,-0.84804233054817
PHN11_PHW65_0402/PHT69,9.70304380226894,7.06733433951441,-0.0202539854338943,-0.84804233054817
PHN11_PHW65_0408/LH195,9.85282304323044,5.1162007730135,1.03021695026101,0.0185270890855912
PHN11_PHW65_0408/PHT69,9.85282304323044,5.1162007730135,1.03021695026101,0.0185270890855912
PHN11_PHW65_0410/LH195,8.62314527759882,9.30304386138602,-0.98933206341997,-0.303737614871043
PHN11_PHW65_0410/PHT69,8.62314527759882,9.30304386138602,-0.98933206341997,-0.303737614871043
PHN11_PHW65_0418/LH195,8.98795188692737,7.35605470354452,-0.759543674035936,0.166065399846955
PHN11_PHW65_0418/PHT69,8.98795188692737,7.35605470354452,-0.759543674035936,0.166065399846955
PHN11_PHW65_0421/LH195,8.98456059057924,4.74030271686688,-0.414911052874563,0.0471714199153549
PHN11_PHW65_0421/PHT69,8.98456059057924,4.74030271686688,-0.414911052874563,0.0471714199153549
PHN11_PHW65_0422/LH195,10.5531260840332,5.40124287745963,-1.24971056569244,0.476452993118908
PHN11_PHW65_0422/PHT69,10.5531260840332,5.40124287745963,-1.24971056569244,0.476452993118908
PHN11_PHW65_0423/LH195,10.2419279140655,5.85278914917252,-1.22656916918043,-0.801599998063408
PHN11_PHW65_0423/PHT69,10.2419279140655,5.85278914917252,-1.22656916918043,-0.801599998063408
PHN11_PHW65_0424/LH195,9.40654946242544,6.87449765665765,0.564662854983633,0.322932196807234
PHN11_PHW65_0424/PHT69,9.40654946242544,6.87449765665765,0.564662854983633,0.322932196807234
PHN11_PHW65_0427/LH195,10.3621291667441,4.27523090896778,0.17618656239911,-1.59309103672774
PHN11_PHW65_0427/PHT69,10.3621291667441,4.27523090896778,0.17618656239911,-1.59309103672774
PHN11_PHW65_0431/LH195,8.68875631305485,9.18351328967637,-1.29964480607617,-0.348887382311733
PHN11_PHW65_0431/PHT69,8.68875631305485,9.18351328967637,-1.29964480607617,-0.348887382311733
PHN11_PHW65_0432/LH195,9.46886307485569,5.81702113269472,-0.452115487207357,-1.56591094928831
PHN11_PHW65_0432/PHT69,9.46886307485569,5.81702113269472,-0.452115487207357,-1.56591094928831
PHN11_PHW65_0443/LH195,10.0572419539376,4.84015792665357,-0.0311339933048042,-1.48827289345959
PHN11_PHW65_0443/PHT69,10.0572419539376,4.84015792665357,-0.0311339933048042,-1.48827289345959
PHN11_PHW65_0448/LH195,9.41961803442232,7.65185561335682,-0.650661028266256,-0.0677292699456437
PHN11_PHW65_0448/PHT69,9.41961803442232,7.65185561335682,-0.650661028266256,-0.0677292699456437
PHN11_PHW65_0451/LH195,7.20821385910874,12.0693143125113,-1.3136623000894,-1.24310468427281
PHN11_PHW65_0451/PHT69,7.20821385910874,12.0693143125113,-1.3136623000894,-1.24310468427281
PHN11_PHW65_0453/LH195,8.96201981378561,8.22749807045531,-0.882761972665651,0.628040770690931
PHN11_PHW65_0453/PHT69,8.96201981378561,8.22749807045531,-0.882761972665651,0.628040770690931
PHN11_PHW65_0455/LH195,8.91902761118526,7.33279567952939,-0.347955049691147,-0.180276943650451
PHN11_PHW65_0455/PHT69,8.91902761118526,7.33279567952939,-0.347955049691147,-0.180276943650451
PHN11_PHW65_0464/LH195,9.46263231753261,6.92982002140875,-0.667180765435031,-0.175883814887842
PHN11_PHW65_0464/PHT69,9.46263231753261,6.92982002140875,-0.667180765435031,-0.175883814887842
PHN11_PHW65_0470/LH195,9.05219226979786,8.18995999830006,-1.56390524692637,-0.0846345682804792
PHN11_PHW65_0470/PHT69,9.05219226979786,8.18995999830006,-1.56390524692637,-0.0846345682804792
PHN11_PHW65_0478/LH195,9.05144733745965,8.84319485302006,-0.125692439759113,-0.243299258024146
PHN11_PHW65_0478/PHT69,9.05144733745965,8.84319485302006,-0.125692439759113,-0.243299258024146
PHN11_PHW65_0481/LH195,8.62382475114769,9.27572378128446,-1.80712820723677,-1.09773767527251
PHN11_PHW65_0481/PHT69,8.62382475114769,9.27572378128446,-1.80712820723677,-1.09773767527251
PHN11_PHW65_0486/LH195,10.9632432029709,2.6834749573097,0.177316742366265,-0.144484485738473
PHN11_PHW65_0486/PHT69,10.9632432029709,2.6834749573097,0.177316742366265,-0.144484485738473
PHN11_PHW65_0491/LH195,9.58478255995587,6.68893372015718,0.345237184455,-0.174111034780653
PHN11_PHW65_0491/PHT69,9.58478255995587,6.68893372015718,0.345237184455,-0.174111034780653
PHN11_PHW65_0494/LH195,4.74423845760969,6.37385095468201,-0.26590844564988,-1.07473469158856
PHN11_PHW65_0494/PHT69,4.74423845760969,6.37385095468201,-0.26590844564988,-1.07473469158856
PHN11_PHW65_0496/LH195,9.33249782521889,7.40943042368022,-0.858423674603206,0.329857527917646
PHN11_PHW65_0496/PHT69,9.33249782521889,7.40943042368022,-0.858423674603206,0.329857527917646
PHN11_PHW65_0499/LH195,2.68973160976226,3.90785630059125,-1.29939112943777,2.06685584300515
PHN11_PHW65_0499/PHT69,2.70723684359446,3.90601788038137,-1.30144112280859,2.08788487558348
PHN11_PHW65_0512/LH195,8.73193339221785,8.5639425481108,-0.355210953289374,-0.867608669275357
PHN11_PHW65_0512/PHT69,8.73193339221785,8.5639425481108,-0.355210953289374,-0.867608669275357
PHN11_PHW65_0514/LH195,9.98271887129334,4.81452763473468,-0.622769409391562,-0.847536551208821
PHN11_PHW65_0514/PHT69,9.98271887129334,4.81452763473468,-0.622769409391562,-0.847536551208821
PHN11_PHW65_0541/LH195,7.60037219644012,7.75353583803929,-0.411758977854472,0.115148576294792
PHN11_PHW65_0541/PHT69,7.60037219644012,7.75353583803929,-0.411758977854472,0.115148576294792
PHN11_PHW65_0548/LH195,9.42950408908734,6.64957724297329,-1.29740011139245,-0.0469647011569535
PHN11_PHW65_0548/PHT69,9.42950408908734,6.64957724297329,-1.29740011139245,-0.0469647011569535
PHN11_PHW65_0552/LH195,9.53588256896642,5.03188095759193,-0.102505980614021,-1.05065555286076
PHN11_PHW65_0552/PHT69,9.53588256896642,5.03188095759193,-0.102505980614021,-1.05065555286076
PHN11_PHW65_0577/LH195,8.97812923627135,7.59995155441653,-1.41976369544965,-0.677251724180896
PHN11_PHW65_0577/PHT69,8.97812923627135,7.59995155441653,-1.41976369544965,-0.677251724180896
PHN11_PHW65_0591/LH195,8.72269965016777,9.50641359347086,-0.693555464643603,-0.563332368014899
PHN11_PHW65_0591/PHT69,8.72269965016777,9.50641359347086,-0.693555464643603,-0.563332368014899
PHN11_PHW65_0604/LH195,7.75990952754496,10.0689527321071,-0.510757072031988,-1.24600824077758
PHN11_PHW65_0604/PHT69,7.75990952754496,10.0689527321071,-0.510757072031988,-1.24600824077758
PHN11_PHW65_0612/LH195,9.10133959103195,6.0970281770437,-0.830599543575542,-2.18300577647272
PHN11_PHW65_0612/PHT69,9.10133959103195,6.0970281770437,-0.830599543575542,-2.18300577647272
PHN11_PHW65_0614/LH195,8.0376746619013,10.2190815319986,-1.26937775314771,-0.665843208300824
PHN11_PHW65_0614/PHT69,8.0376746619013,10.2190815319986,-1.26937775314771,-0.665843208300824
PHN11_PHW65_0626/LH195,9.07439668063362,8.61573036725485,-0.891220227593312,0.0706695576912763
PHN11_PHW65_0626/PHT69,9.07439668063362,8.61573036725485,-0.891220227593312,0.0706695576912763
PHN11_PHW65_0637/LH195,9.75070098234225,5.70153780130298,0.585312456246531,-0.220066473945713
PHN11_PHW65_0637/PHT69,9.75070098234225,5.70153780130298,0.585312456246531,-0.220066473945713
PHN11_PHW65_0639/LH195,6.96943557248473,4.41589278545518,-0.925259486513438,1.22380695568775
PHN11_PHW65_0639/PHT69,6.96943557248473,4.41589278545518,-0.925259486513438,1.22380695568775
PHN11_PHW65_0663/LH195,10.3058601548536,5.3717981997645,-0.745529634712212,0.512798686291113
PHN11_PHW65_0663/PHT69,10.3058601548536,5.3717981997645,-0.745529634712212,0.512798686291113
PHN82/LH145,4.78010731372034,9.32789434370818,-0.689776530739773,-1.1171033529593
PHN82/PHHV4,4.77794921746117,9.30203591461239,-0.735221146397996,-1.12206427622801
PHN82/PHRE1,4.79463419306961,9.27546689402328,-0.63392633302006,-1.00294493299195
PHN82/S8324,4.77794921746117,9.30203591461239,-0.735221146397996,-1.12206427622801
PHRE1/LH162,-3.89464191274586,-1.3463074272391,0.898396928998773,-4.91505483673085
PHRE1/PHR25,-3.87974718835976,-1.3475347094371,0.900759083992831,-4.90490023834423
PHRE1/PHTD5,-3.87974718835976,-1.3475347094371,0.900759083992831,-4.90490023834423
PHW03/LH145,1.17564301166489,6.96779045751744,-1.36421928078991,-0.818534304715058
PHW03/S8324,1.18310759466863,7.00395231739267,-1.32548092489747,-0.800428137415536
PHW52/PHM49,-7.61399836233123,-0.0698816270127346,-0.037808391300137,2.30932596694307
PHW52/PHN82,-7.61399836233123,-0.0698816270127346,-0.037808391300137,2.30932596694307
PHW65/LH195,12.5381539840035,-1.82370285412882,0.931426583932104,0.257810956591663
PHW65/PHT69,12.5381539840035,-1.82370285412882,0.931426583932104,0.257810956591663
PHW65_MOG_0001/LH195,7.49923035201797,-6.97503455478317,-6.03783286518447,-0.122056278079807
PHW65_MOG_0001/PHT69,7.49923035201797,-6.97503455478317,-6.03783286518447,-0.122056278079807
PHW65_MOG_0003/LH195,8.69822045065434,-5.50205406805176,-4.93580614096927,0.557502966444682
PHW65_MOG_0003/PHT69,8.69822045065434,-5.50205406805176,-4.93580614096927,0.557502966444682
PHW65_MOG_0006/LH195,7.82170977265921,-4.73520727021709,-3.53475078776188,1.3361481266816
PHW65_MOG_0006/PHT69,7.82170977265921,-4.73520727021709,-3.53475078776188,1.3361481266816
PHW65_MOG_0009/LH195,6.99444626204991,-7.57103218260536,-5.15938117856792,-0.322843249845613
PHW65_MOG_0009/PHT69,6.99444626204991,-7.57103218260536,-5.15938117856792,-0.322843249845613
PHW65_MOG_0012/LH195,10.8743625414629,-3.65249647764515,-1.54395377941287,-0.140166415606165
PHW65_MOG_0012/PHT69,10.8743625414629,-3.65249647764515,-1.54395377941287,-0.140166415606165
PHW65_MOG_0014/LH195,4.77670725115227,-2.92835457675339,-2.12823707802433,0.677557379966861
PHW65_MOG_0014/PHT69,4.77670725115227,-2.92835457675339,-2.12823707802433,0.677557379966861
PHW65_MOG_0015/LH195,7.97523451155756,-6.41278730771589,-5.33630973258528,0.83013727869039
PHW65_MOG_0015/PHT69,7.97523451155756,-6.41278730771589,-5.33630973258528,0.83013727869039
PHW65_MOG_0016/LH195,5.62514350870742,-8.0377214138975,-6.72218754484754,-0.225993900783862
PHW65_MOG_0016/PHT69,5.62514350870742,-8.0377214138975,-6.72218754484754,-0.225993900783862
PHW65_MOG_0017/LH195,6.6152125495203,-7.44544785921588,-7.69514554170214,0.0213785968424852
PHW65_MOG_0017/PHT69,6.6152125495203,-7.44544785921588,-7.69514554170214,0.0213785968424852
PHW65_MOG_0018/LH195,6.39125848752831,-7.98729497267096,-6.00162399819077,-0.162546651367745
PHW65_MOG_0018/PHT69,6.39125848752831,-7.98729497267096,-6.00162399819077,-0.162546651367745
PHW65_MOG_0021/LH195,7.24311485109184,-4.90064817751865,-3.98202779656946,0.652157340806854
PHW65_MOG_0021/PHT69,7.24311485109184,-4.90064817751865,-3.98202779656946,0.652157340806854
PHW65_MOG_0022/LH195,1.42536304037357,-0.672689783102471,-4.38478333650122,2.37532055826598
PHW65_MOG_0022/PHT69,1.42536304037357,-0.672689783102471,-4.38478333650122,2.37532055826598
PHW65_MOG_0024/LH195,9.95969240696737,-5.1483211375301,-3.79967923523664,-0.0667545549396049
PHW65_MOG_0024/PHT69,9.95969240696737,-5.1483211375301,-3.79967923523664,-0.0667545549396049
PHW65_MOG_0025/LH195,9.46996688521939,-5.38665496190344,-3.88974730391071,-0.508159081285786
PHW65_MOG_0025/PHT69,9.46996688521939,-5.38665496190344,-3.88974730391071,-0.508159081285786
PHW65_MOG_0029/LH195,7.46204982258554,-4.9481141332995,-4.41907824214498,0.955183492944332
PHW65_MOG_0029/PHT69,7.46204982258554,-4.9481141332995,-4.41907824214498,0.955183492944332
PHW65_MOG_0032/LH195,9.22133394808221,-4.13193796882061,-3.25265355553202,-1.30248373727674
PHW65_MOG_0032/PHT69,9.22133394808221,-4.13193796882061,-3.25265355553202,-1.30248373727674
PHW65_MOG_0034/LH195,8.20217720792052,-5.10039787276549,-3.94859655619253,-0.316255219003657
PHW65_MOG_0034/PHT69,8.20217720792052,-5.10039787276549,-3.94859655619253,-0.316255219003657
PHW65_MOG_0036/LH195,7.2853374173387,-5.7900257525983,-6.29410148112968,-0.489764329228334
PHW65_MOG_0036/PHT69,7.2853374173387,-5.7900257525983,-6.29410148112968,-0.489764329228334
PHW65_MOG_0037/LH195,6.0475951090342,-6.4355347237224,-7.21874602154519,-1.13673955939487
PHW65_MOG_0037/PHT69,6.0475951090342,-6.4355347237224,-7.21874602154519,-1.13673955939487
PHW65_MOG_0038/LH195,8.78030356889704,-4.98585345981735,-4.44743437612574,0.85563167900941
PHW65_MOG_0038/PHT69,8.78030356889704,-4.98585345981735,-4.44743437612574,0.85563167900941
PHW65_MOG_0040/LH195,8.83685741718127,-5.23998779836468,-2.4458456974301,-0.573331600493487
PHW65_MOG_0040/PHT69,8.83685741718127,-5.23998779836468,-2.4458456974301,-0.573331600493487
PHW65_MOG_0041/LH195,8.91448284107882,-5.80450395616257,-5.23447905707164,0.114599890750815
PHW65_MOG_0041/PHT69,8.91448284107882,-5.80450395616257,-5.23447905707164,0.114599890750815
PHW65_MOG_0048/LH195,6.45746740857403,-8.25204989992297,-5.81710174851768,0.34528100022301
PHW65_MOG_0048/PHT69,6.45746740857403,-8.25204989992297,-5.81710174851768,0.34528100022301
PHW65_MOG_0050/LH195,8.63603276008591,-5.81106903420975,-2.69399725103235,0.13227258003513
PHW65_MOG_0050/PHT69,8.63603276008591,-5.81106903420975,-2.69399725103235,0.13227258003513
PHW65_MOG_0051/LH195,9.12407827707715,-5.42761447520598,-2.68609201983619,-0.511089495534955
PHW65_MOG_0051/PHT69,9.12407827707715,-5.42761447520598,-2.68609201983619,-0.511089495534955
PHW65_MOG_0052/LH195,6.78359901302949,-7.93344733318917,-5.58729423550693,-1.09996406338443
PHW65_MOG_0052/PHT69,6.78359901302949,-7.93344733318917,-5.58729423550693,-1.09996406338443
PHW65_MOG_0054/LH195,9.63795229814762,-4.95784397213756,-4.4790347882238,0.0323954147710658
PHW65_MOG_0054/PHT69,9.63795229814762,-4.95784397213756,-4.4790347882238,0.0323954147710658
PHW65_MOG_0055/LH195,5.72185753022564,-6.32676248098505,-5.25130965655943,-0.499832834678978
PHW65_MOG_0055/PHT69,5.72185753022564,-6.32676248098505,-5.25130965655943,-0.499832834678978
PHW65_MOG_0056/LH195,8.63721664508656,-4.41153674099487,-5.2567783479361,0.250261895282265
PHW65_MOG_0056/PHT69,8.63721664508656,-4.41153674099487,-5.2567783479361,0.250261895282265
PHW65_MOG_0057/LH195,8.61506797973983,-4.98756597733931,-4.00984300348941,0.465934449648312
PHW65_MOG_0057/PHT69,8.61506797973983,-4.98756597733931,-4.00984300348941,0.465934449648312
PHW65_MOG_0059/LH195,6.53513958572378,-7.72625600957459,-6.25667426896987,0.668039145673642
PHW65_MOG_0059/PHT69,6.53513958572378,-7.72625600957459,-6.25667426896987,0.668039145673642
PHW65_MOG_0060/PHT69,0.129454001409583,-2.21968150347327,-1.08632177752026,-4.53526385291669
PHW65_MOG_0061/LH195,1.60954076959011,-2.29452527951391,-3.13197448612484,2.92422916939764
PHW65_MOG_0061/PHT69,1.60954076959011,-2.29452527951391,-3.13197448612484,2.92422916939764
PHW65_MOG_0062/LH195,9.278653006746,-4.98789034625899,-4.55591285489502,-0.107280046073173
PHW65_MOG_0062/PHT69,9.278653006746,-4.98789034625899,-4.55591285489502,-0.107280046073173
PHW65_MOG_0063/LH195,6.72567909223193,-7.51322402966816,-6.08632569623438,-0.722627887968857
PHW65_MOG_0063/PHT69,6.72567909223193,-7.51322402966816,-6.08632569623438,-0.722627887968857
PHW65_MOG_0064/LH195,7.80667919191754,-5.47150245365562,-3.35647774305687,-0.72291288386067
PHW65_MOG_0064/PHT69,7.80667919191754,-5.47150245365562,-3.35647774305687,-0.72291288386067
PHW65_MOG_0069/LH195,8.40799084086641,-3.50271355176791,-2.32617226685322,-0.543520886038998
PHW65_MOG_0069/PHT69,8.40799084086641,-3.50271355176791,-2.32617226685322,-0.543520886038998
PHW65_MOG_0071/LH195,9.9237394061763,-5.0615548570274,-4.98874763186566,-0.771938580071661
PHW65_MOG_0071/PHT69,9.9237394061763,-5.0615548570274,-4.98874763186566,-0.771938580071661
PHW65_MOG_0072/LH195,7.56371198287884,-5.79590578488971,-5.5873713096415,0.165892292990592
PHW65_MOG_0072/PHT69,7.56371198287884,-5.79590578488971,-5.5873713096415,0.165892292990592
PHW65_MOG_0075/LH195,-2.91256912606114,-0.436687836413465,-2.73128709946815,6.22458130659711
PHW65_MOG_0079/LH195,6.6975801146405,-6.9287366840724,-5.2261222779594,-0.0646366751997233
PHW65_MOG_0079/PHT69,6.6975801146405,-6.9287366840724,-5.2261222779594,-0.0646366751997233
PHW65_MOG_0082/LH195,7.86784935496147,-5.83822488756017,-4.0315859910535,-0.794814911823875
PHW65_MOG_0082/PHT69,7.86784935496147,-5.83822488756017,-4.0315859910535,-0.794814911823875
PHW65_MOG_0085/LH195,7.07239266588539,-6.23813275654777,-6.8903537870714,-0.763675287045463
PHW65_MOG_0085/PHT69,7.07239266588539,-6.23813275654777,-6.8903537870714,-0.763675287045463
PHW65_MOG_0086/LH195,6.67045352991711,-7.09642882270087,-5.83481615475643,0.360079996000927
PHW65_MOG_0086/PHT69,6.67045352991711,-7.09642882270087,-5.83481615475643,0.360079996000927
PHW65_MOG_0087/LH195,7.91837767623542,-6.40836187600872,-4.12759949349774,-1.24340102540233
PHW65_MOG_0087/PHT69,7.91837767623542,-6.40836187600872,-4.12759949349774,-1.24340102540233
PHW65_MOG_0089/LH195,7.90986139178575,-5.4722303974525,-4.14953215683046,-0.277540602810568
PHW65_MOG_0089/PHT69,7.90986139178575,-5.4722303974525,-4.14953215683046,-0.277540602810568
PHW65_MOG_0096/LH195,9.01800676652044,-5.84262575464648,-5.65480911468501,0.603668566971741
PHW65_MOG_0096/PHT69,9.01800676652044,-5.84262575464648,-5.65480911468501,0.603668566971741
PHW65_MOG_0098/LH195,9.17774033630015,-5.70444809758411,-4.21859182644932,1.10191159510877
PHW65_MOG_0098/PHT69,9.17774033630015,-5.70444809758411,-4.21859182644932,1.10191159510877
PHW65_MOG_0106/LH195,8.11871119260154,-6.94934845769228,-4.69887748653188,0.230830440883192
PHW65_MOG_0106/PHT69,8.11871119260154,-6.94934845769228,-4.69887748653188,0.230830440883192
PHW65_MOG_0108/LH195,9.3461887928554,-4.23108716866981,-4.7556121521038,0.16020793134892
PHW65_MOG_0108/PHT69,9.3461887928554,-4.23108716866981,-4.7556121521038,0.16020793134892
PHW65_MOG_0109/LH195,9.34519060431824,-4.12402345875373,-4.48621005196225,0.211839314677884
PHW65_MOG_0109/PHT69,9.34519060431824,-4.12402345875373,-4.48621005196225,0.211839314677884
PHW65_MOG_0111/LH195,9.32954121610857,-4.85116763862867,-2.53742136283702,-0.213567182895494
PHW65_MOG_0111/PHT69,9.32954121610857,-4.85116763862867,-2.53742136283702,-0.213567182895494
PHW65_MOG_0115/LH195,-3.13394130900481,-1.71822649887056,-2.15869519011645,5.02763426548633
PHW65_MOG_0116/LH195,8.00041454128374,-4.62281110563249,-2.77483320221182,0.673837600534227
PHW65_MOG_0116/PHT69,8.00041454128374,-4.62281110563249,-2.77483320221182,0.673837600534227
PHW65_MOG_0117/LH195,6.58872411600426,-7.27536061039014,-5.84624867587009,-1.14299992758963
PHW65_MOG_0117/PHT69,6.58872411600426,-7.27536061039014,-5.84624867587009,-1.14299992758963
PHW65_MOG_0118/LH195,9.13822132425615,-3.99922959559053,-3.96003826610649,-0.554485947766064
PHW65_MOG_0118/PHT69,9.13822132425615,-3.99922959559053,-3.96003826610649,-0.554485947766064
PHW65_MOG_0121/LH195,9.2154509110214,-5.49050716894319,-4.68881282425252,0.495315609550577
PHW65_MOG_0121/PHT69,9.2154509110214,-5.49050716894319,-4.68881282425252,0.495315609550577
PHW65_MOG_0122/LH195,7.7637422005607,-7.35427636815082,-4.6721319762398,0.255069332842904
PHW65_MOG_0122/PHT69,7.7637422005607,-7.35427636815082,-4.6721319762398,0.255069332842904
PHW65_MOG_0125/LH195,9.79245044841192,-3.2233025453229,-3.8283351661734,0.478314643279525
PHW65_MOG_0125/PHT69,9.79245044841192,-3.2233025453229,-3.8283351661734,0.478314643279525
PHW65_MOG_0126/LH195,7.59977213265869,-5.75580579783442,-4.5596573650298,-0.222670673338553
PHW65_MOG_0126/PHT69,7.59977213265869,-5.75580579783442,-4.5596573650298,-0.222670673338553
PHW65_MOG_0127/LH195,8.02790667701364,-4.89253122438998,-4.71022379105811,-1.60605893877023
PHW65_MOG_0127/PHT69,8.02790667701364,-4.89253122438998,-4.71022379105811,-1.60605893877023
PHW65_MOG_0128/LH195,8.45099847760692,-2.84758087703841,-2.39791860903919,0.679200570553862
PHW65_MOG_0128/PHT69,8.45099847760692,-2.84758087703841,-2.39791860903919,0.679200570553862
PHW65_MOG_0129/PHT69,8.27876197721162,-6.75809488882205,-4.53111566231418,1.15842636490282
PHW65_MOG_0130/LH195,8.47308089036071,-5.84401178237712,-3.86029173592552,-1.04541429241357
PHW65_MOG_0130/PHT69,8.47308089036071,-5.84401178237712,-3.86029173592552,-1.04541429241357
PHW65_MOG_0132/LH195,9.42047560504641,-5.5908344460513,-3.15184767894388,-0.233734934947266
PHW65_MOG_0132/PHT69,9.42047560504641,-5.5908344460513,-3.15184767894388,-0.233734934947266
PHW65_MOG_0133/LH195,7.08371957709333,-8.10833998806602,-6.03559009056703,-0.337953889732504
PHW65_MOG_0133/PHT69,7.08371957709333,-8.10833998806602,-6.03559009056703,-0.337953889732504
PHW65_MOG_0137/LH195,9.73393406086715,-5.23932031284154,-3.66099907518381,0.897571327630771
PHW65_MOG_0137/PHT69,9.73393406086715,-5.23932031284154,-3.66099907518381,0.897571327630771
PHW65_MOG_0138/LH195,8.73928078755692,-6.13020211137042,-4.75497898108615,0.140015058001819
PHW65_MOG_0138/PHT69,8.73928078755692,-6.13020211137042,-4.75497898108615,0.140015058001819
PHW65_MOG_0139/LH195,8.30399723901144,-5.20254535856102,-6.16851986247046,-1.0677489015862
PHW65_MOG_0139/PHT69,8.30399723901144,-5.20254535856102,-6.16851986247046,-1.0677489015862
PHW65_MOG_0142/LH195,4.22023909239813,-4.40862777626366,-1.20593614685328,-0.63596195610603
PHW65_MOG_0142/PHT69,4.22023909239813,-4.40862777626366,-1.20593614685328,-0.63596195610603
PHW65_MOG_0143/LH195,9.97049578409847,-6.24908030675438,-2.4334312160458,0.0415539278958569
PHW65_MOG_0143/PHT69,9.97049578409847,-6.24908030675438,-2.4334312160458,0.0415539278958569
PHW65_MOG_0145/LH195,8.3952574681725,-4.74455448453626,-4.464172190985,0.565275942430752
PHW65_MOG_0145/PHT69,8.3952574681725,-4.74455448453626,-4.464172190985,0.565275942430752
PHW65_MOG_0146/LH195,5.71268398633396,-3.48244807350937,-3.36910964208203,-0.7151343399939
PHW65_MOG_0146/PHT69,5.71268398633396,-3.48244807350937,-3.36910964208203,-0.7151343399939
PHW65_MOG_0148/LH195,8.48333324245091,-5.08696325067374,-2.41027280603728,0.210803713638576
PHW65_MOG_0148/PHT69,8.48333324245091,-5.08696325067374,-2.41027280603728,0.210803713638576
PHW65_MOG_0150/LH195,7.82470418564946,-4.58430524122763,-2.997851385619,0.179792899986096
PHW65_MOG_0150/PHT69,7.82470418564946,-4.58430524122763,-2.997851385619,0.179792899986096
PHW65_MOG_0152/LH195,9.26323358590685,-4.76402184459993,-4.4772912578216,-0.634837220706875
PHW65_MOG_0152/PHT69,9.26323358590685,-4.76402184459993,-4.4772912578216,-0.634837220706875
PHW65_MOG_0153/LH195,7.95700560407891,-6.35696182471485,-3.66400696191354,0.0208577513178543
PHW65_MOG_0153/PHT69,7.95700560407891,-6.35696182471485,-3.66400696191354,0.0208577513178543
PHW65_MOG_0155/LH195,7.90644788942717,-5.76007533421028,-5.94220119270154,-0.683536068358436
PHW65_MOG_0155/PHT69,7.90644788942717,-5.76007533421028,-5.94220119270154,-0.683536068358436
PHW65_MOG_0156/LH195,7.38984116691638,-6.36548833061046,-5.47161706357075,-0.627789811866111
PHW65_MOG_0156/PHT69,7.38984116691638,-6.36548833061046,-5.47161706357075,-0.627789811866111
PHW65_MOG_0159/LH195,7.84264803076194,-6.79763010184368,-6.8376996411136,0.152862621909487
PHW65_MOG_0159/PHT69,7.84264803076194,-6.79763010184368,-6.8376996411136,0.152862621909487
PHW65_MOG_0160/LH195,6.70276615078954,-7.13761738933303,-6.06001785033573,-1.12117072449254
PHW65_MOG_0160/PHT69,6.70276615078954,-7.13761738933303,-6.06001785033573,-1.12117072449254
PHW65_MOG_0162/LH195,8.56008185439647,-6.05425998934839,-5.28700066386121,0.872811144273458
PHW65_MOG_0162/PHT69,8.56008185439647,-6.05425998934839,-5.28700066386121,0.872811144273458
PHW65_MOG_0163/LH195,8.00415134496013,-7.67261503545239,-5.1031050090396,-0.541171855624573
PHW65_MOG_0163/PHT69,8.00415134496013,-7.67261503545239,-5.1031050090396,-0.541171855624573
PHW65_MOG_0170/LH195,7.38360383945534,-7.26030553090582,-5.14281268528193,-0.236848128069074
PHW65_MOG_0170/PHT69,7.38360383945534,-7.26030553090582,-5.14281268528193,-0.236848128069074
PHW65_MOG_0172/LH195,8.6568737484302,-5.32377908998978,-3.39633708686224,0.435235337305616
PHW65_MOG_0172/PHT69,8.6568737484302,-5.32377908998978,-3.39633708686224,0.435235337305616
PHW65_MOG_0173/LH195,8.96937332862041,-7.08910293984065,-4.65250822384243,-0.424966956436361
PHW65_MOG_0173/PHT69,8.96937332862041,-7.08910293984065,-4.65250822384243,-0.424966956436361
PHW65_MOG_0175/LH195,8.94313392068541,-6.63953620306956,-3.73967660872999,0.201830469759991
PHW65_MOG_0175/PHT69,8.94313392068541,-6.63953620306956,-3.73967660872999,0.201830469759991
PHW65_MOG_0176/LH195,6.97695745312076,-7.04127725680827,-6.77492795121056,-1.58522180139767
PHW65_MOG_0176/PHT69,6.97695745312076,-7.04127725680827,-6.77492795121056,-1.58522180139767
PHW65_MOG_0178/LH195,7.70952736719151,-4.76341737959956,-4.18549581695322,-0.335117889061537
PHW65_MOG_0178/PHT69,7.70952736719151,-4.76341737959956,-4.18549581695322,-0.335117889061537
PHW65_MOG_0179/LH195,8.27671751664732,-6.56126686914558,-5.32808206306117,1.25929939454898
PHW65_MOG_0179/PHT69,8.27671751664732,-6.56126686914558,-5.32808206306117,1.25929939454898
PHW65_MOG_0180/LH195,9.16666343547322,-6.38250032608694,-3.80454031920648,-0.794633147338394
PHW65_MOG_0180/PHT69,9.16666343547322,-6.38250032608694,-3.80454031920648,-0.794633147338394
PHW65_MOG_0181/LH195,5.3205343262281,-2.6109930061159,-2.52093013253674,-0.63886364968805
PHW65_MOG_0181/PHT69,5.3380395600603,-2.61283142632578,-2.52298012590756,-0.617834617109716
PHW65_MOG_0183/LH195,7.25647779991354,-6.45554424009311,-5.8758396779891,0.534999981170332
PHW65_MOG_0183/PHT69,7.25647779991354,-6.45554424009311,-5.8758396779891,0.534999981170332
PHW65_MOG_0190/LH195,10.4098261403651,-4.63979978372034,-3.09373576160131,0.958052286633143
PHW65_MOG_0190/PHT69,10.4098261403651,-4.63979978372034,-3.09373576160131,0.958052286633143
PHW65_MOG_0191/LH195,9.10138331778684,-5.1027597261753,-5.51939376722585,0.809617229382397
PHW65_MOG_0191/PHT69,9.10138331778684,-5.1027597261753,-5.51939376722585,0.809617229382397
PHW65_MOG_0192/LH195,-2.70657065678001,-0.196151072708595,-2.17785454919025,5.97461313786451
PHW65_MOG_0192/PHT69,7.68071643281962,-4.40488360249525,-2.653296316041,0.0812790880725032
PHW65_MOG_0194/LH195,9.69948967787109,-4.78294546262758,-1.64984190925945,-0.647765880284402
PHW65_MOG_0194/PHT69,9.69948967787109,-4.78294546262758,-1.64984190925945,-0.647765880284402
PHW65_MOG_0195/LH195,-2.99496309953115,-1.27262879078478,-2.96331637504702,5.1709069754341
PHW65_MOG_0196/LH195,9.42261273001125,-5.33478328231834,-4.02894463346937,-0.0512487287281924
PHW65_MOG_0196/PHT69,9.42261273001125,-5.33478328231834,-4.02894463346937,-0.0512487287281924
PHW65_MOG_0199/LH195,7.13767808944769,-6.07635373498134,-6.56684714271038,0.194331327756432
PHW65_MOG_0199/PHT69,7.13767808944769,-6.07635373498134,-6.56684714271038,0.194331327756432
PHW65_MOG_0200/PHT69,-0.114044567090808,-3.77488776864488,-1.06982832197323,-4.83065416156338
PHW65_MOG_0201/LH195,8.34153504974336,-6.69508248861606,-5.72984262388663,-0.347460685611974
PHW65_MOG_0201/PHT69,8.34153504974336,-6.69508248861606,-5.72984262388663,-0.347460685611974
PHW65_MOG_0203/LH195,9.06348955826809,-5.43945866161003,-3.23185132067435,0.471303069771333
PHW65_MOG_0203/PHT69,9.06348955826809,-5.43945866161003,-3.23185132067435,0.471303069771333
PHW65_MOG_0209/LH195,8.73579224726411,-4.09024186341215,-4.71212802394047,0.378282541797699
PHW65_MOG_0209/PHT69,8.73579224726411,-4.09024186341215,-4.71212802394047,0.378282541797699
PHW65_MOG_0213/LH195,8.79972844956863,-5.78604568620519,-4.13374305901482,-0.972072682568194
PHW65_MOG_0213/PHT69,8.79972844956863,-5.78604568620519,-4.13374305901482,-0.972072682568194
PHW65_MOG_0215/LH195,9.22917480785094,-4.8152649996886,-3.66766999468955,0.0663458462654698
PHW65_MOG_0215/PHT69,9.22917480785094,-4.8152649996886,-3.66766999468955,0.0663458462654698
PHW65_MOG_0217/LH195,7.94460325408154,-7.17558418967097,-4.75645735391196,-0.235278973278357
PHW65_MOG_0217/PHT69,7.94460325408154,-7.17558418967097,-4.75645735391196,-0.235278973278357
PHW65_MOG_0218/LH195,8.84332263420151,-4.17162313523766,-4.25671262913454,0.170113717149826
PHW65_MOG_0218/PHT69,8.84332263420151,-4.17162313523766,-4.25671262913454,0.170113717149826
PHW65_MOG_0221/PHT69,0.714908807036588,-3.94988176862845,0.121377390171403,-4.94906452356203
PHW65_MOG_0223/LH195,7.60376595601411,-5.08539876488012,-6.96687650618485,0.0103251613301704
PHW65_MOG_0223/PHT69,7.60376595601411,-5.08539876488012,-6.96687650618485,0.0103251613301704
PHW65_MOG_0224/LH195,8.97317047687663,-5.58203931727571,-2.74816516388644,0.368532115410325
PHW65_MOG_0224/PHT69,8.97317047687663,-5.58203931727571,-2.74816516388644,0.368532115410325
PHW65_MOG_0232/LH195,7.7125064655622,-6.81698662028391,-5.87176095546506,0.602291193422637
PHW65_MOG_0232/PHT69,7.7125064655622,-6.81698662028391,-5.87176095546506,0.602291193422637
PHW65_MOG_0236/LH195,6.8421344953353,-6.60344306611702,-4.15958301521777,-1.23899949753693
PHW65_MOG_0236/PHT69,6.8421344953353,-6.60344306611702,-4.15958301521777,-1.23899949753693
PHW65_MOG_0242/PHT69,7.90107552740894,-6.87981006633854,-6.0948505243044,-0.743787090138214
PHW65_MOG_0250/LH195,7.21766647151303,-6.71360685909243,-5.26451850856118,0.583121140176215
PHW65_MOG_0250/PHT69,7.21766647151303,-6.71360685909243,-5.26451850856118,0.583121140176215
PHW65_MOG_0253/PHT69,7.86725846709561,-5.73236652326745,-5.88694992823873,-0.682933290622063
PHW65_MOG_0262/LH195,7.60839376362898,-5.83001947951373,-4.77780404190176,-0.758636851299158
PHW65_MOG_0262/PHT69,7.60839376362898,-5.83001947951373,-4.77780404190176,-0.758636851299158
PHW65_MOG_0266/LH195,8.72031932146388,-6.00053295491468,-4.82183553437026,0.42034937045623
PHW65_MOG_0266/PHT69,8.72031932146388,-6.00053295491468,-4.82183553437026,0.42034937045623
PHW65_MOG_0268/LH195,-1.07520972832475,-4.11999554910247,-4.51363320797278,2.04917820575038
PHW65_MOG_0268/PHT69,-1.07520972832475,-4.11999554910247,-4.51363320797278,2.04917820575038
PHW65_MOG_0271/LH195,5.96965271593371,-4.15812602589026,-4.56039957291967,1.20806087326254
PHW65_MOG_0271/PHT69,5.96965271593371,-4.15812602589026,-4.56039957291967,1.20806087326254
PHW65_MOG_0277/LH195,8.63383060981931,-5.54894603738149,-5.66242459284417,0.233670642123936
PHW65_MOG_0277/PHT69,8.63383060981931,-5.54894603738149,-5.66242459284417,0.233670642123936
PHW65_MOG_0287/LH195,8.38155615926207,-5.40238096025458,-2.82836049673739,-0.109614657615461
PHW65_MOG_0287/PHT69,8.38155615926207,-5.40238096025458,-2.82836049673739,-0.109614657615461
PHW65_MOG_0291/LH195,8.23604813966644,-6.48216522416551,-4.88645734233751,-0.65526273472778
PHW65_MOG_0291/PHT69,8.23604813966644,-6.48216522416551,-4.88645734233751,-0.65526273472778
PHW65_MOG_0293/LH195,8.37144837322486,-4.02234350301949,-2.40941945634229,0.116339517746148
PHW65_MOG_0293/PHT69,8.37144837322486,-4.02234350301949,-2.40941945634229,0.116339517746148
PHW65_MOG_0294/LH195,7.09818365079522,-6.79790194611429,-4.09661694970147,-0.136376886315463
PHW65_MOG_0294/PHT69,7.09818365079522,-6.79790194611429,-4.09661694970147,-0.136376886315463
PHW65_MOG_0296/LH195,8.84315836264223,-4.61907746251607,-3.02375274140651,0.280474027709605
PHW65_MOG_0296/PHT69,8.84315836264223,-4.61907746251607,-3.02375274140651,0.280474027709605
PHW65_MOG_0297/LH195,8.68625996429247,-6.26941764548381,-4.56175405441947,-0.253219467114842
PHW65_MOG_0297/PHT69,8.68625996429247,-6.26941764548381,-4.56175405441947,-0.253219467114842
PHW65_MOG_0300/LH195,4.91451906264849,-1.61402758588033,0.0113110431312702,-0.899278067414691
PHW65_MOG_0300/PHT69,4.91451906264849,-1.61402758588033,0.0113110431312702,-0.899278067414691
PHW65_MOG_0305/LH195,7.89400989610941,-6.01734070639794,-6.14321622493705,-0.105045287801065
PHW65_MOG_0305/PHT69,7.89400989610941,-6.01734070639794,-6.14321622493705,-0.105045287801065
PHW65_MOG_0306/LH195,8.5037127188543,-5.42764812462608,-6.44599313720699,0.333114749898842
PHW65_MOG_0306/PHT69,8.5037127188543,-5.42764812462608,-6.44599313720699,0.333114749898842
PHW65_MOG_0307/LH195,6.98471738863583,-7.48353655150765,-5.26046495858231,-0.760542071328511
PHW65_MOG_0307/PHT69,6.98471738863583,-7.48353655150765,-5.26046495858231,-0.760542071328511
PHW65_MOG_0308/LH195,6.67789104955689,-7.17341889564941,-6.96933041130008,0.0962382816619721
PHW65_MOG_0308/PHT69,6.67789104955689,-7.17341889564941,-6.96933041130008,0.0962382816619721
PHW65_MOG_0310/LH195,1.84441554383754,-3.02421381437372,-4.33204896795121,2.50770814101782
PHW65_MOG_0310/PHT69,1.84441554383754,-3.02421381437372,-4.33204896795121,2.50770814101782
PHW65_MOG_0311/LH195,7.67281417553274,-4.8472865277582,-3.20348085828904,-0.0456198981495344
PHW65_MOG_0311/PHT69,7.67281417553274,-4.8472865277582,-3.20348085828904,-0.0456198981495344
PHW65_MOG_0312/LH195,6.88044774279939,-6.35854151525772,-6.06340819528936,-0.67503528452656
PHW65_MOG_0312/PHT69,6.88044774279939,-6.35854151525772,-6.06340819528936,-0.67503528452656
PHW65_MOG_0314/LH195,7.91172311238461,-2.87576617148402,-2.97049678778373,1.45717078164451
PHW65_MOG_0314/PHT69,7.91172311238461,-2.87576617148402,-2.97049678778373,1.45717078164451
PHW65_MOG_0315/LH195,8.88610090213948,-5.953023084395,-4.00563198832171,-0.673775306198748
PHW65_MOG_0315/PHT69,8.88610090213948,-5.953023084395,-4.00563198832171,-0.673775306198748
PHW65_MOG_0316/LH195,8.97914593478944,-5.51794525996525,-2.65968734580616,0.0032618068634427
PHW65_MOG_0316/PHT69,8.97914593478944,-5.51794525996525,-2.65968734580616,0.0032618068634427
PHW65_MOG_0321/LH195,8.40085423519009,-5.66142619143697,-4.11076210678457,-0.452730979244301
PHW65_MOG_0321/PHT69,8.40085423519009,-5.66142619143697,-4.11076210678457,-0.452730979244301
PHW65_MOG_0326/LH195,7.53799474824258,-5.8504832491842,-4.84906187570203,0.11940163718141
PHW65_MOG_0326/PHT69,7.53799474824258,-5.8504832491842,-4.84906187570203,0.11940163718141
PHW65_MOG_0327/LH195,7.54217468509894,-6.87432057720402,-5.70712632087589,-0.0426015010634802
PHW65_MOG_0327/PHT69,7.54217468509894,-6.87432057720402,-5.70712632087589,-0.0426015010634802
PHW65_MOG_0329/LH195,8.10104928242068,-6.98302080167451,-4.60256712237461,0.575163804514339
PHW65_MOG_0329/PHT69,8.10104928242068,-6.98302080167451,-4.60256712237461,0.575163804514339
PHW65_MOG_0332/LH195,4.18776511912468,-3.65677783108248,-1.38434791483118,-0.695869535918017
PHW65_MOG_0332/PHT69,4.18776511912468,-3.65677783108248,-1.38434791483118,-0.695869535918017
PHW65_MOG_0335/LH195,8.55441403634842,-5.67623863740816,-5.28568957986128,0.000956103051153636
PHW65_MOG_0335/PHT69,8.55441403634842,-5.67623863740816,-5.28568957986128,0.000956103051153636
PHW65_MOG_0338/LH195,9.50731084049736,-5.06489181634075,-5.8632786370182,0.491849568023542
PHW65_MOG_0338/PHT69,9.50731084049736,-5.06489181634075,-5.8632786370182,0.491849568023542
PHW65_MOG_0340/LH195,9.31863768962526,-5.06881749917642,-5.05503233041535,-0.000731672653529854
PHW65_MOG_0340/PHT69,9.31863768962526,-5.06881749917642,-5.05503233041535,-0.000731672653529854
PHW65_MOG_0341/LH195,8.80277430007354,-6.24378433792301,-4.55368985958308,0.357782076681957
PHW65_MOG_0341/PHT69,8.80277430007354,-6.24378433792301,-4.55368985958308,0.357782076681957
PHW65_MOG_0343/LH195,9.79951526018328,-4.10827850510556,-2.73800342783605,1.10051562324866
PHW65_MOG_0343/PHT69,9.79951526018328,-4.10827850510556,-2.73800342783605,1.10051562324866
PHW65_MOG_0350/LH195,8.10807485862961,-6.62190195938348,-5.33067871414401,-0.833577490012856
PHW65_MOG_0350/PHT69,8.10807485862961,-6.62190195938348,-5.33067871414401,-0.833577490012856
PHW65_MOG_0352/LH195,7.61658535063548,-5.70938990345382,-6.77526846189482,-0.0639973200417296
PHW65_MOG_0352/PHT69,7.61658535063548,-5.70938990345382,-6.77526846189482,-0.0639973200417296
PHW65_MOG_0354/LH195,7.0701165633845,-5.94788285972552,-5.18106180806898,1.07627027638398
PHW65_MOG_0354/PHT69,7.0701165633845,-5.94788285972552,-5.18106180806898,1.07627027638398
PHW65_MOG_0375/LH195,8.00741307311965,-2.65466791653572,-2.62030671997595,1.13144811895296
PHW65_MOG_0375/PHT69,8.00741307311965,-2.65466791653572,-2.62030671997595,1.13144811895296
PHW65_MOG_0377/LH195,7.05479622313632,-7.57551263030202,-5.30761790213853,-0.613105875668116
PHW65_MOG_0377/PHT69,7.05479622313632,-7.57551263030202,-5.30761790213853,-0.613105875668116
PHW65_MOG_0379/LH195,9.45047934325287,-6.12625705145854,-2.96281569187204,0.14738291233844
PHW65_MOG_0379/PHT69,9.45047934325287,-6.12625705145854,-2.96281569187204,0.14738291233844
PHW65_MOG_0381/LH195,9.34779188476452,-5.05578674325502,-4.45047516228024,0.137117598259122
PHW65_MOG_0381/PHT69,9.34779188476452,-5.05578674325502,-4.45047516228024,0.137117598259122
PHW65_MOG_0384/LH195,6.92192330141356,-5.99325241972289,-6.95201999221901,-0.222806422570617
PHW65_MOG_0384/PHT69,6.92192330141356,-5.99325241972289,-6.95201999221901,-0.222806422570617
PHW65_MOG_0388/LH195,-3.21535415277596,-1.69933526851419,-3.50442340810006,4.03332883425682
PHW65_MOG_0392/LH195,6.19054051338043,-2.88340816211219,-3.82831556988065,0.221062857163311
PHW65_MOG_0392/PHT69,6.19054051338043,-2.88340816211219,-3.82831556988065,0.221062857163311
PHW65_MOG_0393/LH195,-3.99742708861841,-1.40377665923369,-3.87755828632712,5.64149985730225
PHW65_MOG_0393/PHT69,-0.776108378467471,-4.84010937159382,-2.4072681047135,-5.16254215422297
PHW65_MOG_0401/LH195,7.79003523817238,-5.14613572115902,-4.5863983692602,-0.179163074914484
PHW65_MOG_0401/PHT69,7.79003523817238,-5.14613572115902,-4.5863983692602,-0.179163074914484
PHW65_MOG_0410/LH195,9.25689994383811,-5.79126677791677,-4.46769158305378,-0.601483829237533
PHW65_MOG_0410/PHT69,9.25689994383811,-5.79126677791677,-4.46769158305378,-0.601483829237533
PHW65_MOG_0411/LH195,6.33309316314014,-6.99861934719184,-5.29579413118261,-0.177772974097502
PHW65_MOG_0411/PHT69,6.33309316314014,-6.99861934719184,-5.29579413118261,-0.177772974097502
PHW65_MOG_0420/LH195,7.10358696530017,-4.99964457439533,-4.90872813003641,-0.479195618690637
PHW65_MOG_0420/PHT69,7.10358696530017,-4.99964457439533,-4.90872813003641,-0.479195618690637
PHW65_MOG_0421/LH195,7.48904176665579,-7.25398663585056,-5.61393476364299,-0.166017589184525
PHW65_MOG_0421/PHT69,7.48904176665579,-7.25398663585056,-5.61393476364299,-0.166017589184525
PHW65_MOG_0422/LH195,6.80581598023524,-6.58545699300885,-5.72806173338572,-1.06563902656638
PHW65_MOG_0422/PHT69,6.80581598023524,-6.58545699300885,-5.72806173338572,-1.06563902656638
PHW65_MOG_0423/LH195,9.96541582696192,-4.09149617023518,-2.57057777253992,0.583789118317672
PHW65_MOG_0423/PHT69,9.96541582696192,-4.09149617023518,-2.57057777253992,0.583789118317672
PHW65_MOG_0424/LH195,7.9395040340214,-2.7306616320491,-2.04790227686528,1.48371414396703
PHW65_MOG_0424/PHT69,7.9395040340214,-2.7306616320491,-2.04790227686528,1.48371414396703
PHW65_MOG_0426/LH195,8.53391727331955,-6.26230894784843,-5.52588297829196,1.00697268043043
PHW65_MOG_0426/PHT69,8.53391727331955,-6.26230894784843,-5.52588297829196,1.00697268043043
PHW65_MOG_0429/LH195,8.31361404333844,-5.5853370085642,-6.06068358554091,-0.127219857340398
PHW65_MOG_0429/PHT69,8.31361404333844,-5.5853370085642,-6.06068358554091,-0.127219857340398
PHW65_MOG_0431/LH195,9.35971671014375,-5.6061945168252,-4.58489283088474,-0.387441336878205
PHW65_MOG_0431/PHT69,9.35971671014375,-5.6061945168252,-4.58489283088474,-0.387441336878205
PHW65_MOG_0436/LH195,8.08708200441116,-5.95611319586741,-6.18448629035026,-0.280724648993262
PHW65_MOG_0436/PHT69,8.08708200441116,-5.95611319586741,-6.18448629035026,-0.280724648993262
PHW65_MOG_0438/LH195,8.99943665527579,-5.17527625013185,-4.44542328146491,-0.253087334530985
PHW65_MOG_0438/PHT69,8.99943665527579,-5.17527625013185,-4.44542328146491,-0.253087334530985
PHW65_MOG_0439/LH195,7.17749633675701,-3.81018793028186,-3.19396256118096,0.315886877171798
PHW65_MOG_0439/PHT69,7.17749633675701,-3.81018793028186,-3.19396256118096,0.315886877171798
PHW65_MOG_0442/LH195,8.31817140251965,-5.01977909824124,-2.83583220678736,-0.146764862372943
PHW65_MOG_0442/PHT69,8.31817140251965,-5.01977909824124,-2.83583220678736,-0.146764862372943
PHW65_MOG_0444/LH195,3.96113644078144,-2.24186789939948,-3.06698068700337,-0.78544440942378
PHW65_MOG_0444/PHT69,3.97864167461363,-2.24370631960935,-3.06903068037419,-0.764415376845446
PHW65_MOG_0448/LH195,7.16549541995099,-4.01629288231078,-3.1541109924322,0.576672437000911
PHW65_MOG_0448/PHT69,7.16549541995099,-4.01629288231078,-3.1541109924322,0.576672437000911
PHW65_MOG_0449/LH195,10.4110426966162,-4.05469423945302,-1.11578976351609,0.323299709808891
PHW65_MOG_0449/PHT69,10.4110426966162,-4.05469423945302,-1.11578976351609,0.323299709808891
PHW65_MOG_0460/LH195,9.97329607328735,-4.19272735534399,-4.93440311736205,0.580028745098436
PHW65_MOG_0460/PHT69,9.97329607328735,-4.19272735534399,-4.93440311736205,0.580028745098436
PHW65_MOG_0461/LH195,8.57258562611255,-5.73208406657297,-5.6333202126031,1.06525190632117
PHW65_MOG_0461/PHT69,8.57258562611255,-5.73208406657297,-5.6333202126031,1.06525190632117
PHW65_MOG_0463/LH195,7.88572549203092,-7.31134740660119,-5.14081507863757,-0.949999157937099
PHW65_MOG_0463/PHT69,7.88572549203092,-7.31134740660119,-5.14081507863757,-0.949999157937099
PHW65_MOG_0467/LH195,7.25532969751594,-5.82083801965863,-5.88899349446859,-0.619972472741498
PHW65_MOG_0467/PHT69,7.25532969751594,-5.82083801965863,-5.88899349446859,-0.619972472741498
PHW65_MOG_0476/LH195,8.48890621175057,-6.68683640260771,-4.44033380599914,0.566695690073547
PHW65_MOG_0476/PHT69,8.48890621175057,-6.68683640260771,-4.44033380599914,0.566695690073547
PHW65_MOG_0487/LH195,7.41587446181235,-6.83885818381548,-5.36128951369683,-1.03689776200761
PHW65_MOG_0487/PHT69,7.41587446181235,-6.83885818381548,-5.36128951369683,-1.03689776200761
PHW65_MOG_0499/LH195,8.03124644843661,-7.0437490242315,-5.4126732953845,-0.684680409613409
PHW65_MOG_0499/PHT69,8.03124644843661,-7.0437490242315,-5.4126732953845,-0.684680409613409
PHW65_MOG_0511/LH195,3.63545589773038,7.10657714476212,-1.84149688969118,-1.12023776187049
PHW65_MOG_0511/PHT69,3.63545589773038,7.10657714476212,-1.84149688969118,-1.12023776187049
PHW65_MOG_0512/LH195,9.11875959366561,-4.00215521068499,-1.87478759405241,0.722060544203713
PHW65_MOG_0512/PHT69,9.11875959366561,-4.00215521068499,-1.87478759405241,0.722060544203713
PHW65_MOG_0513/LH195,5.54172448674876,-1.2307839942834,-0.708786359614657,0.954430590507255
PHW65_MOG_0513/PHT69,5.54172448674876,-1.2307839942834,-0.708786359614657,0.954430590507255
PHW65_MOG_0517/LH195,3.62727204884853,-3.93897826520144,-4.63848261837677,3.27822163396313
PHW65_MOG_0517/PHT69,3.62727204884853,-3.93897826520144,-4.63848261837677,3.27822163396313
PHW65_MOG_0522/LH195,3.85824806917902,-2.88514767970041,-1.16282819519877,0.743871507887396
PHW65_MOG_0522/PHT69,3.85824806917902,-2.88514767970041,-1.16282819519877,0.743871507887396
PHW65_MOG_0534/LH195,3.2963814620652,-3.04262065459914,-4.00964692236298,2.21885382318164
PHW65_MOG_0534/PHT69,3.2963814620652,-3.04262065459914,-4.00964692236298,2.21885382318164
PHW65_MOG_0539/LH195,8.10806883337152,-6.2505665659478,-3.85020147856673,-0.392674886292152
PHW65_MOG_0539/PHT69,8.10806883337152,-6.2505665659478,-3.85020147856673,-0.392674886292152
PHW65_MOG_0542/LH195,6.79208227229532,-6.95837122435847,-7.13581530033982,-0.755610788193039
PHW65_MOG_0542/PHT69,6.79208227229532,-6.95837122435847,-7.13581530033982,-0.755610788193039
PHW65_MOG_0544/LH195,8.82421733504279,-5.61480549052181,-5.75843275584555,-0.746373987074365
PHW65_MOG_0544/PHT69,8.82421733504279,-5.61480549052181,-5.75843275584555,-0.746373987074365
PHW65_MOG_0545/LH195,8.70466405500751,-6.01448561540093,-5.35955755173322,-0.702193661732244
PHW65_MOG_0545/PHT69,8.70466405500751,-6.01448561540093,-5.35955755173322,-0.702193661732244
PHW65_MOG_0551/LH195,6.42695924126942,-7.76326608267835,-7.34851196146356,-0.932928305368909
PHW65_MOG_0551/PHT69,6.42695924126942,-7.76326608267835,-7.34851196146356,-0.932928305368909
PHW65_MOG_0553/LH195,8.68142819112845,-6.28641955646906,-4.04988237512441,0.534422170849218
PHW65_MOG_0553/PHT69,8.68142819112845,-6.28641955646906,-4.04988237512441,0.534422170849218
PHW65_MOG_0554/LH195,8.93949986665261,-5.16129993914078,-4.06161361268936,-0.408723619585046
PHW65_MOG_0554/PHT69,8.93949986665261,-5.16129993914078,-4.06161361268936,-0.408723619585046
PHW65_MOG_0567/LH195,8.5740730012463,-6.06903065224185,-5.60876427932866,-0.396343820502633
PHW65_MOG_0567/PHT69,8.5740730012463,-6.06903065224185,-5.60876427932866,-0.396343820502633
PHW65_MOG_0569/LH195,7.75771849675934,-5.85390768854888,-6.04848462913925,-0.844014098732157
PHW65_MOG_0569/PHT69,7.75771849675934,-5.85390768854888,-6.04848462913925,-0.844014098732157
PHW65_MOG_0572/LH195,9.47397285668728,-4.43544691532367,-2.38728714262217,-0.741703196444775
PHW65_MOG_0572/PHT69,9.47397285668728,-4.43544691532367,-2.38728714262217,-0.741703196444775
PHW65_MOG_0575/LH195,-1.25879851932499,-1.4587481693703,-3.16962503584028,4.7713852065432
PHW65_MOG_0575/PHT69,-1.25879851932499,-1.4587481693703,-3.16962503584028,4.7713852065432
PHW65_MOG_0583/LH195,8.29707857853269,-5.20375847547567,-3.67133619019776,-0.480660170744407
PHW65_MOG_0583/PHT69,8.29707857853269,-5.20375847547567,-3.67133619019776,-0.480660170744407
PHW65_MOG_0588/LH195,7.27665897584018,-6.27913190834104,-2.91701696711068,-0.293311751353325
PHW65_MOG_0588/PHT69,7.27665897584018,-6.27913190834104,-2.91701696711068,-0.293311751353325
PHW65_MOG_0591/LH195,7.78388709197105,-7.22020764701671,-5.10118188787549,-1.37617957845394
PHW65_MOG_0591/PHT69,7.78388709197105,-7.22020764701671,-5.10118188787549,-1.37617957845394
PHW65_MOG_0599/LH195,3.8845004503249,-2.7003527903531,-0.71764649100708,-0.716042683725742
PHW65_MOG_0620/LH195,7.94559109993928,-4.04124033032661,-3.52368211465637,0.900190114032829
PHW65_MOG_0620/PHT69,7.94559109993928,-4.04124033032661,-3.52368211465637,0.900190114032829
PHW65_MOG_0621/LH195,6.71303672981684,-7.67008555910918,-7.26774477170615,0.0900884096220336
PHW65_MOG_0621/PHT69,6.71303672981684,-7.67008555910918,-7.26774477170615,0.0900884096220336
PHW65_MOG_0622/LH195,7.36754892983859,-7.40124978666699,-5.91801279675528,-1.37983963513244
PHW65_MOG_0622/PHT69,7.36754892983859,-7.40124978666699,-5.91801279675528,-1.37983963513244
PHW65_MOG_0629/LH195,7.46149393591029,-6.86977003842589,-6.20917315576619,-1.02968912731087
PHW65_MOG_0629/PHT69,7.46149393591029,-6.86977003842589,-6.20917315576619,-1.02968912731087
PHW65_MOG_0633/PHT69,7.68845917304716,-6.41000818952864,-4.98492085475562,-0.183925822934907
PHW65_MOG_0651/PHT69,5.72476611269715,2.63751614809901,-3.40528898075042,-1.09179493667625
PHW65_MOG_0660/LH195,5.52986665727912,-4.40556601037046,-4.38621195463296,-0.13512392424184
PHW65_MOG_0660/PHT69,5.53343629116544,-4.40505502750692,-4.38743986103267,-0.12301955502616
PHW65_MOG_0662/LH195,8.78045636975701,-5.1267374799232,-3.20303319019426,0.288384599548039
PHW65_MOG_0662/PHT69,8.78045636975701,-5.1267374799232,-3.20303319019426,0.288384599548039
PHW65_MOG_0675/PHT69,-0.0201497550428465,-3.89934616559171,-2.25525252562098,-4.74258675570356
PHW65_MOG_0696/LH195,8.34589437263067,-5.60450430659765,-3.13263660542538,-1.16592082301245
PHW65_MOG_0696/PHT69,8.34589437263067,-5.60450430659765,-3.13263660542538,-1.16592082301245
PHW65_MOG_0716/PHT69,-0.206754609761861,-5.44162207010102,-3.89257039292528,-1.95149442032759
S8324/LH162,-8.85506329056229,1.24663701849812,-1.07805141879851,6.97199432500975
S8324/PHK05,-8.83750114764395,1.26365865270062,-1.05368307509287,6.98953659241192
S8324/PHK56,-8.78885924672705,1.1997924320105,-1.06368279546479,6.9134900946126
S8324/PHR25,-8.84732071594328,1.28741010136978,-1.04605498705708,6.94565660079438
S8324/PHZ51,-8.85506329056229,1.24663701849812,-1.07805141879851,6.97199432500975
S8326/CG120,-1.23953641368722,0.350041991028458,0.502048251544096,-3.13193650262028
S8326/LH145,-1.23953641368722,0.350041991028458,0.502048251544096,-3.13193650262028
S8326/PHB47,-1.22637941011387,0.359745154323108,0.466598536284194,-3.14194888061183
S8326/PHHV4,-1.16364529848565,0.396993893124457,0.425812508808932,-3.12924365244117
S8326/PHRE1,-1.14050533122273,0.316040364660056,0.458789077594258,-3.022360773961
S8326/S8324,-1.23953641368722,0.350041991028458,0.502048251544096,-3.13193650262028
TX714/PHZ51,-8.93749319998113,1.21966416168001,-1.34684826202096,10.9307527436855
TX714/TX779,-8.76797078936366,1.17934481070769,-1.38625761900799,10.8284841214718
TX773/TX779,-0.663407631805544,0.388474132803189,0.193615067666847,-1.47948495973407
TX777/LH195,-1.81740397997243,-1.00260675087637,0.851537442492922,-0.966264852597048
TX779/LH195,-1.56462201967348,-0.96082716780406,0.15231743599392,-0.584927392521664
TX951/LH195,-2.42082056759823,-2.40880347252219,0.204601491028988,-1.6433603411406
W10004_0006/PHK76,-8.54329588191764,-0.611337943612682,0.844537344740783,-0.23969833501212
W10004_0006/PHP02,-8.54329588191764,-0.611337943612682,0.844537344740783,-0.23969833501212
W10004_0006/PHZ51,-8.54329588191764,-0.611337943612682,0.844537344740783,-0.23969833501212
W10004_0007/PHK76,-7.62813236537443,-0.0649602965673005,0.346335947973192,-0.633483113733791
W10004_0007/PHP02,-7.62813236537443,-0.0649602965673005,0.346335947973192,-0.633483113733791
W10004_0007/PHZ51,-7.62813236537443,-0.0649602965673005,0.346335947973192,-0.633483113733791
W10004_0008/PHK76,-8.61356369565525,-0.10962106108587,0.985857532254573,-1.19615465669097
W10004_0008/PHP02,-8.61356369565525,-0.10962106108587,0.985857532254573,-1.19615465669097
W10004_0008/PHZ51,-8.61356369565525,-0.10962106108587,0.985857532254573,-1.19615465669097
W10004_0010/PHK76,-5.94384135313085,-1.57513328125493,0.832066050543816,-4.5560395948752
W10004_0010/PHP02,-5.94384135313085,-1.57513328125493,0.832066050543816,-4.5560395948752
W10004_0010/PHZ51,-5.94384135313085,-1.57513328125493,0.832066050543816,-4.5560395948752
W10004_0011/PHK76,-6.70280437437591,0.117453871850913,1.17396937802051,-4.260571856572
W10004_0011/PHP02,-6.70280437437591,0.117453871850913,1.17396937802051,-4.260571856572
W10004_0011/PHZ51,-6.70280437437591,0.117453871850913,1.17396937802051,-4.260571856572
W10004_0013/PHK76,-7.28740156311553,0.395367687056188,-0.114179104542454,-4.63674406361489
W10004_0013/PHP02,-7.28740156311553,0.395367687056188,-0.114179104542454,-4.63674406361489
W10004_0013/PHZ51,-7.28740156311553,0.395367687056188,-0.114179104542454,-4.63674406361489
W10004_0014/PHK76,-7.08284679446556,-1.37523694581552,1.13716479763469,-2.43062837010614
W10004_0014/PHP02,-7.08284679446556,-1.37523694581552,1.13716479763469,-2.43062837010614
W10004_0014/PHZ51,-7.08284679446556,-1.37523694581552,1.13716479763469,-2.43062837010614
W10004_0018/PHK76,-6.39140259976135,-0.521089338110759,1.56078085434601,-5.93473564277111
W10004_0018/PHP02,-6.3735111581873,-0.513583304344569,1.52145370160401,-5.94773222217181
W10004_0018/PHZ51,-6.3735111581873,-0.513583304344569,1.52145370160401,-5.94773222217181
W10004_0019/PHZ51,-7.28490847475152,-0.240980143433838,0.569792920054308,-4.09341026642413
W10004_0026/PHK76,-7.25506900604349,-1.91034040194181,0.565931262081778,-2.23282189731744
W10004_0026/PHP02,-7.25506900604349,-1.91034040194181,0.565931262081778,-2.23282189731744
W10004_0026/PHZ51,-7.25506900604349,-1.91034040194181,0.565931262081778,-2.23282189731744
W10004_0027/PHK76,-9.76038614023342,0.0220376705460394,-0.923472219051607,-0.239081117252654
W10004_0027/PHP02,-9.76038614023342,0.0220376705460394,-0.923472219051607,-0.239081117252654
W10004_0027/PHZ51,-9.76038614023342,0.0220376705460394,-0.923472219051607,-0.239081117252654
W10004_0031/PHK76,-8.37223543126688,-0.466983381526075,0.783272149337872,-0.733164257307392
W10004_0031/PHP02,-8.37223543126688,-0.466983381526075,0.783272149337872,-0.733164257307392
W10004_0031/PHZ51,-8.37223543126688,-0.466983381526075,0.783272149337872,-0.733164257307392
W10004_0032/PHK76,-8.96628140218431,-1.14151945133382,0.426057748470834,-1.05334480617343
W10004_0032/PHP02,-8.96628140218431,-1.14151945133382,0.426057748470834,-1.05334480617343
W10004_0032/PHZ51,-8.96628140218431,-1.14151945133382,0.426057748470834,-1.05334480617343
W10004_0034/PHK76,-7.50273950516389,-0.447439759978806,0.376782498684464,-2.27504204995796
W10004_0034/PHP02,-7.48484806358984,-0.439933726212615,0.337455345942469,-2.28803862935866
W10004_0034/PHZ51,-7.48484806358984,-0.439933726212615,0.337455345942469,-2.28803862935866
W10004_0035/PHK76,-8.63625835963488,-0.580975087551777,-1.15600925075278,0.86638111112508
W10004_0035/PHP02,-8.63625835963488,-0.580975087551777,-1.15600925075278,0.86638111112508
W10004_0035/PHZ51,-8.63625835963488,-0.580975087551777,-1.15600925075278,0.86638111112508
W10004_0037/PHK76,-7.56196229347605,-0.0974539097017067,0.371535179621786,-4.49052186719441
W10004_0037/PHP02,-7.56196229347605,-0.0974539097017067,0.371535179621786,-4.49052186719441
W10004_0037/PHZ51,-7.56196229347605,-0.0974539097017067,0.371535179621786,-4.49052186719441
W10004_0038/PHK76,-7.83602571803693,0.7248872279071,-0.409691704621631,-0.424007080859186
W10004_0038/PHP02,-7.83602571803693,0.7248872279071,-0.409691704621631,-0.424007080859186
W10004_0038/PHZ51,-7.83602571803693,0.7248872279071,-0.409691704621631,-0.424007080859186
W10004_0039/PHK76,-8.61741291487731,1.07349833574687,-0.26503245785809,1.99091149537665
W10004_0039/PHP02,-8.59952147330325,1.08100436951306,-0.304359610600085,1.97791491597596
W10004_0039/PHZ51,-8.59952147330325,1.08100436951306,-0.304359610600085,1.97791491597596
W10004_0041/PHK76,-7.87321925142359,-0.949123465729588,-1.00718974864695,-1.47653377924945
W10004_0041/PHP02,-7.87321925142359,-0.949123465729588,-1.00718974864695,-1.47653377924945
W10004_0041/PHZ51,-7.87321925142359,-0.949123465729588,-1.00718974864695,-1.47653377924945
W10004_0042/PHK76,-7.54397292429076,-1.16822862837934,0.773366466559582,-4.2909868637371
W10004_0042/PHP02,-7.54397292429076,-1.16822862837934,0.773366466559582,-4.2909868637371
W10004_0042/PHZ51,-7.54397292429076,-1.16822862837934,0.773366466559582,-4.2909868637371
W10004_0045/PHK76,-7.5953564080701,0.304937869897928,1.06380310081473,-4.29805689373389
W10004_0045/PHP02,-7.5953564080701,0.304937869897928,1.06380310081473,-4.29805689373389
W10004_0045/PHZ51,-7.5953564080701,0.304937869897928,1.06380310081473,-4.29805689373389
W10004_0046/PHK76,-7.33574802816722,-0.819983714937893,0.879683104858852,-5.58566982286907
W10004_0046/PHP02,-7.33574802816722,-0.819983714937893,0.879683104858852,-5.58566982286907
W10004_0046/PHZ51,-7.33574802816722,-0.819983714937893,0.879683104858852,-5.58566982286907
W10004_0047/PHK76,-9.37741776719079,0.618081128763027,-1.40864752836298,0.450960165382312
W10004_0047/PHP02,-9.37741776719079,0.618081128763027,-1.40864752836298,0.450960165382312
W10004_0047/PHZ51,-9.37741776719079,0.618081128763027,-1.40864752836298,0.450960165382312
W10004_0053/PHK76,-9.04606746572228,0.876460260194788,-0.814050824718348,3.24764334028656
W10004_0053/PHP02,-9.04606746572228,0.876460260194788,-0.814050824718348,3.24764334028656
W10004_0053/PHZ51,-9.04606746572228,0.876460260194788,-0.814050824718348,3.24764334028656
W10004_0055/PHK76,-8.36741599677257,-0.311218057817261,0.033391560395095,4.28593661655717
W10004_0055/PHP02,-8.36741599677257,-0.311218057817261,0.033391560395095,4.28593661655717
W10004_0055/PHZ51,-8.36741599677257,-0.311218057817261,0.033391560395095,4.28593661655717
W10004_0059/PHK76,-6.8691011680742,0.0181968462634955,0.818659488676412,2.10183694503478
W10004_0059/PHP02,-6.8691011680742,0.0181968462634955,0.818659488676412,2.10183694503478
W10004_0059/PHZ51,-6.8691011680742,0.0181968462634955,0.818659488676412,2.10183694503478
W10004_0061/PHK76,-5.75538484483335,2.07538855670545,-0.20461360075368,0.510234817393788
W10004_0061/PHP02,-5.75538484483335,2.07538855670545,-0.20461360075368,0.510234817393788
W10004_0061/PHZ51,-5.75538484483335,2.07538855670545,-0.20461360075368,0.510234817393788
W10004_0062/PHK76,-6.69488827450697,-0.984458992382014,0.841910862562221,-1.93513990441084
W10004_0062/PHP02,-6.69488827450697,-0.984458992382014,0.841910862562221,-1.93513990441084
W10004_0062/PHZ51,-6.69488827450697,-0.984458992382014,0.841910862562221,-1.93513990441084
W10004_0063/PHK76,-6.64577321171617,-1.32425126656131,1.99522242756755,-4.52323294278691
W10004_0063/PHP02,-6.64577321171617,-1.32425126656131,1.99522242756755,-4.52323294278691
W10004_0063/PHZ51,-6.64577321171617,-1.32425126656131,1.99522242756755,-4.52323294278691
W10004_0064/PHK76,-9.85912424243403,1.53572093010169,-0.764445427613963,7.27248708632785
W10004_0064/PHP02,-9.85912424243403,1.53572093010169,-0.764445427613963,7.27248708632785
W10004_0064/PHZ51,-9.85912424243403,1.53572093010169,-0.764445427613963,7.27248708632785
W10004_0065/PHK76,-8.82124901100684,-0.426215204647484,0.0741820337839239,-0.758360726336756
W10004_0065/PHP02,-8.80335756943279,-0.418709170881293,0.0348548810419287,-0.77135730573745
W10004_0065/PHZ51,-8.80335756943279,-0.418709170881293,0.0348548810419287,-0.77135730573745
W10004_0068/PHK76,-8.8165574922589,0.799299498985831,-1.80218754233032,8.25137443881702
W10004_0068/PHP02,-8.8165574922589,0.799299498985831,-1.80218754233032,8.25137443881702
W10004_0068/PHZ51,-8.8165574922589,0.799299498985831,-1.80218754233032,8.25137443881702
W10004_0069/PHK76,-7.00363349628875,0.352347113799807,-0.999923706090086,2.19598906578652
W10004_0069/PHP02,-7.00363349628875,0.352347113799807,-0.999923706090086,2.19598906578652
W10004_0069/PHZ51,-7.00363349628875,0.352347113799807,-0.999923706090086,2.19598906578652
W10004_0070/PHK76,-9.558283939612,0.482594922827217,0.766785014410432,-0.541623574197473
W10004_0070/PHP02,-9.558283939612,0.482594922827217,0.766785014410432,-0.541623574197473
W10004_0070/PHZ51,-9.558283939612,0.482594922827217,0.766785014410432,-0.541623574197473
W10004_0071/PHK76,-7.93429148572447,0.506696111374404,-1.02701726824682,6.76342706840968
W10004_0071/PHP02,-7.93429148572447,0.506696111374404,-1.02701726824682,6.76342706840968
W10004_0071/PHZ51,-7.93429148572447,0.506696111374404,-1.02701726824682,6.76342706840968
W10004_0072/PHK76,-8.7346212955375,-0.302640470526298,-1.74996308396968,5.62776330122724
W10004_0072/PHP02,-8.7346212955375,-0.302640470526298,-1.74996308396968,5.62776330122724
W10004_0072/PHZ51,-8.7346212955375,-0.302640470526298,-1.74996308396968,5.62776330122724
W10004_0073/PHK76,-8.84127727050759,1.23312607023173,-1.78037469482029,5.40580933165114
W10004_0073/PHP02,-8.84127727050759,1.23312607023173,-1.78037469482029,5.40580933165114
W10004_0073/PHZ51,-8.84127727050759,1.23312607023173,-1.78037469482029,5.40580933165114
W10004_0076/PHK76,-7.76929568160628,-0.19891094885148,-0.788441763405589,3.85086712209325
W10004_0076/PHP02,-7.76929568160628,-0.19891094885148,-0.788441763405589,3.85086712209325
W10004_0076/PHZ51,-7.76929568160628,-0.19891094885148,-0.788441763405589,3.85086712209325
W10004_0078/PHK76,-8.00638245915674,-0.179839579114359,0.697440172280105,2.3367637147864
W10004_0078/PHP02,-8.00638245915674,-0.179839579114359,0.697440172280105,2.3367637147864
W10004_0078/PHZ51,-8.00638245915674,-0.179839579114359,0.697440172280105,2.3367637147864
W10004_0079/PHK76,-6.56818655694024,0.838381954897327,0.0325015658135508,-2.84379461745286
W10004_0079/PHP02,-6.55029511536619,0.845887988663518,-0.00682558692844475,-2.85679119685355
W10004_0079/PHZ51,-6.55029511536619,0.845887988663518,-0.00682558692844475,-2.85679119685355
W10004_0080/PHK76,-8.41016135623967,-0.660921704261425,1.12932026445802,-3.3286609077155
W10004_0080/PHP02,-8.41016135623967,-0.660921704261425,1.12932026445802,-3.3286609077155
W10004_0080/PHZ51,-8.41016135623967,-0.660921704261425,1.12932026445802,-3.3286609077155
W10004_0086/PHK76,-5.1270791198787,3.7376329391546,-0.376350765739786,-0.0795705154965616
W10004_0086/PHP02,-5.1270791198787,3.7376329391546,-0.376350765739786,-0.0795705154965616
W10004_0086/PHZ51,-5.1270791198787,3.7376329391546,-0.376350765739786,-0.0795705154965616
W10004_0087/PHK76,-6.46754344121441,-0.934733820376206,1.3161773950344,-5.89886042489043
W10004_0087/PHP02,-6.44965199964036,-0.927227786610016,1.2768502422924,-5.91185700429112
W10004_0087/PHZ51,-6.44965199964036,-0.927227786610016,1.2768502422924,-5.91185700429112
W10004_0092/PHK76,-9.19512379769682,0.971973707292693,-1.03850328491351,5.38379431243454
W10004_0092/PHP02,-9.19512379769682,0.971973707292693,-1.03850328491351,5.38379431243454
W10004_0092/PHZ51,-9.19512379769682,0.971973707292693,-1.03850328491351,5.38379431243454
W10004_0093/PHK76,-8.6180291136534,0.271065594007961,-0.255929744780905,1.29173761544564
W10004_0093/PHP02,-8.6180291136534,0.271065594007961,-0.255929744780905,1.29173761544564
W10004_0093/PHZ51,-8.6180291136534,0.271065594007961,-0.255929744780905,1.29173761544564
W10004_0095/PHK76,-7.03243044970289,-0.275155415798881,2.17609102998392,-2.61523072409162
W10004_0095/PHP02,-7.03243044970289,-0.275155415798881,2.17609102998392,-2.61523072409162
W10004_0095/PHZ51,-7.03243044970289,-0.275155415798881,2.17609102998392,-2.61523072409162
W10004_0097/PHK76,-8.53722067520537,-2.00006451627822,-0.674052667236599,-3.50241404840269
W10004_0097/PHP02,-8.53722067520537,-2.00006451627822,-0.674052667236599,-3.50241404840269
W10004_0097/PHZ51,-8.53722067520537,-2.00006451627822,-0.674052667236599,-3.50241404840269
W10004_0098/PHK76,-5.90335981534276,-0.479043114116397,0.568066261350975,0.183123319919978
W10004_0098/PHP02,-5.88546837376871,-0.471537080350207,0.528739108608979,0.170126740519284
W10004_0098/PHZ51,-5.88546837376871,-0.471537080350207,0.528739108608979,0.170126740519284
W10004_0099/PHK76,-10.2869264116041,1.14628999163708,-0.345065815639227,9.02318119853819
W10004_0099/PHP02,-10.2869264116041,1.14628999163708,-0.345065815639227,9.02318119853819
W10004_0099/PHZ51,-10.2869264116041,1.14628999163708,-0.345065815639227,9.02318119853819
W10004_0101/PHK76,-5.48614904988323,2.54898300649797,-1.0094886072839,1.94788632141653
W10004_0101/PHP02,-5.48614904988323,2.54898300649797,-1.0094886072839,1.94788632141653
W10004_0101/PHZ51,-5.48614904988323,2.54898300649797,-1.0094886072839,1.94788632141653
W10004_0103/PHK76,-8.69601925227897,-0.193899106485643,0.259543488585532,-0.123815592140061
W10004_0103/PHP02,-8.69601925227897,-0.193899106485643,0.259543488585532,-0.123815592140061
W10004_0103/PHZ51,-8.69601925227897,-0.193899106485643,0.259543488585532,-0.123815592140061
W10004_0106/PHK76,-6.74651791684654,0.191748651886791,-0.97979394372249,-0.77349089772869
W10004_0106/PHP02,-6.74651791684654,0.191748651886791,-0.97979394372249,-0.77349089772869
W10004_0106/PHZ51,-6.74651791684654,0.191748651886791,-0.97979394372249,-0.77349089772869
W10004_0110/PHK76,-5.55530258432437,0.0760702497239759,0.50045975302684,0.660777555595383
W10004_0110/PHP02,-5.55530258432437,0.0760702497239759,0.50045975302684,0.660777555595383
W10004_0110/PHZ51,-5.55530258432437,0.0760702497239759,0.50045975302684,0.660777555595383
W10004_0112/PHK76,-6.53689470624941,-0.899894967992091,0.414418769312742,-6.17968337753161
W10004_0112/PHP02,-6.53689470624941,-0.899894967992091,0.414418769312742,-6.17968337753161
W10004_0112/PHZ51,-6.53689470624941,-0.899894967992091,0.414418769312742,-6.17968337753161
W10004_0115/PHK76,-8.44146654923063,0.0472422020534723,-2.21382055466197,5.5476320243553
W10004_0115/PHP02,-8.44146654923063,0.0472422020534723,-2.21382055466197,5.5476320243553
W10004_0115/PHZ51,-8.44146654923063,0.0472422020534723,-2.21382055466197,5.5476320243553
W10004_0116/PHK76,-7.55580668164365,-0.476543468028804,0.509839564025976,1.32147177219358
W10004_0116/PHP02,-7.55580668164365,-0.476543468028804,0.509839564025976,1.32147177219358
W10004_0116/PHZ51,-7.55580668164365,-0.476543468028804,0.509839564025976,1.32147177219358
W10004_0118/PHK76,-8.845101659318,-0.0226471704473784,0.510113578100643,0.135348328561586
W10004_0118/PHP02,-8.845101659318,-0.0226471704473784,0.510113578100643,0.135348328561586
W10004_0118/PHZ51,-8.845101659318,-0.0226471704473784,0.510113578100643,0.135348328561586
W10004_0119/PHK76,-7.74416879276679,0.103541130175732,-0.644131416333667,3.08730593755017
W10004_0119/PHP02,-7.74416879276679,0.103541130175732,-0.644131416333667,3.08730593755017
W10004_0119/PHZ51,-7.74416879276679,0.103541130175732,-0.644131416333667,3.08730593755017
W10004_0121/PHK76,-7.21601693359929,-1.60798670018108,1.40985881244089,-4.07027373257581
W10004_0121/PHP02,-7.21601693359929,-1.60798670018108,1.40985881244089,-4.07027373257581
W10004_0121/PHZ51,-7.21601693359929,-1.60798670018108,1.40985881244089,-4.07027373257581
W10004_0122/PHK76,-8.53826715823767,0.089678815232154,-1.30712217215716,5.9356598584772
W10004_0122/PHP02,-8.53826715823767,0.089678815232154,-1.30712217215716,5.9356598584772
W10004_0122/PHZ51,-8.53826715823767,0.089678815232154,-1.30712217215716,5.9356598584772
W10004_0127/PHK76,-7.83451385172256,1.24416386333559,0.248338116543318,2.92252461254674
W10004_0127/PHP02,-7.83451385172256,1.24416386333559,0.248338116543318,2.92252461254674
W10004_0127/PHZ51,-7.83451385172256,1.24416386333559,0.248338116543318,2.92252461254674
W10004_0129/PHK76,-8.76630712789049,-0.253157057925497,-1.07882977506889,1.68642990862484
W10004_0129/PHP02,-8.76630712789049,-0.253157057925497,-1.07882977506889,1.68642990862484
W10004_0129/PHZ51,-8.76630712789049,-0.253157057925497,-1.07882977506889,1.68642990862484
W10004_0132/PHK76,-6.9772963481448,-0.968140626310257,1.1571117982128,-3.56797117009513
W10004_0132/PHP02,-6.9772963481448,-0.968140626310257,1.1571117982128,-3.56797117009513
W10004_0132/PHZ51,-6.9772963481448,-0.968140626310257,1.1571117982128,-3.56797117009513
W10004_0133/PHK76,-6.98841693863844,-0.55318452923632,0.458161097198295,-0.366137553739617
W10004_0133/PHP02,-6.98841693863844,-0.55318452923632,0.458161097198295,-0.366137553739617
W10004_0133/PHZ51,-6.98841693863844,-0.55318452923632,0.458161097198295,-0.366137553739617
W10004_0134/PHK76,-8.46675453459195,0.930300311345528,-0.564274692599936,2.49691264696767
W10004_0134/PHP02,-8.46675453459195,0.930300311345528,-0.564274692599936,2.49691264696767
W10004_0134/PHZ51,-8.46675453459195,0.930300311345528,-0.564274692599936,2.49691264696767
W10004_0138/PHK76,-9.71113592189115,0.919064324585269,0.330623267908908,6.25642573144733
W10004_0138/PHP02,-9.71113592189115,0.919064324585269,0.330623267908908,6.25642573144733
W10004_0138/PHZ51,-9.71113592189115,0.919064324585269,0.330623267908908,6.25642573144733
W10004_0140/PHK76,-8.28856241858094,0.575205424275176,-1.198971755304,5.14654054010524
W10004_0140/PHP02,-8.28856241858094,0.575205424275176,-1.198971755304,5.14654054010524
W10004_0140/PHZ51,-8.28856241858094,0.575205424275176,-1.198971755304,5.14654054010524
W10004_0144/PHK76,-7.60932516325358,0.0446132553595091,-0.267875767266768,3.08900481183999
W10004_0144/PHP02,-7.60932516325358,0.0446132553595091,-0.267875767266768,3.08900481183999
W10004_0144/PHZ51,-7.60932516325358,0.0446132553595091,-0.267875767266768,3.08900481183999
W10004_0146/PHK76,-8.17042155666778,0.117129519110112,-0.397772542712345,2.68508994212862
W10004_0146/PHP02,-8.17042155666778,0.117129519110112,-0.397772542712345,2.68508994212862
W10004_0146/PHZ51,-8.17042155666778,0.117129519110112,-0.397772542712345,2.68508994212862
W10004_0147/PHK76,-7.83545464913173,-1.19651867238804,0.809286854813604,0.237155229159667
W10004_0147/PHP02,-7.83545464913173,-1.19651867238804,0.809286854813604,0.237155229159667
W10004_0147/PHZ51,-7.83545464913173,-1.19651867238804,0.809286854813604,0.237155229159667
W10004_0148/PHK76,-7.26619224697141,-0.268397903313519,1.43179684281057,-3.30752685745614
W10004_0148/PHP02,-7.26619224697141,-0.268397903313519,1.43179684281057,-3.30752685745614
W10004_0148/PHZ51,-7.26619224697141,-0.268397903313519,1.43179684281057,-3.30752685745614
W10004_0149/PHK76,-8.56982479491345,0.350818528781944,-0.479289516675084,4.37291295540361
W10004_0149/PHP02,-8.56982479491345,0.350818528781944,-0.479289516675084,4.37291295540361
W10004_0149/PHZ51,-8.56982479491345,0.350818528781944,-0.479289516675084,4.37291295540361
W10004_0150/PHK76,-7.62573277240219,-0.267954255811798,1.27814479605394,-0.084985859883461
W10004_0150/PHP02,-7.62573277240219,-0.267954255811798,1.27814479605394,-0.084985859883461
W10004_0150/PHZ51,-7.62573277240219,-0.267954255811798,1.27814479605394,-0.084985859883461
W10004_0152/PHK76,-7.66993033043237,-1.98511346808913,0.840473639790652,-4.11277705817308
W10004_0152/PHP02,-7.66993033043237,-1.98511346808913,0.840473639790652,-4.11277705817308
W10004_0152/PHZ51,-7.66993033043237,-1.98511346808913,0.840473639790652,-4.11277705817308
W10004_0153/PHK76,-8.64596982765843,0.926855014920512,-0.34353868196362,3.6791464854673
W10004_0153/PHP02,-8.64596982765843,0.926855014920512,-0.34353868196362,3.6791464854673
W10004_0153/PHZ51,-8.64596982765843,0.926855014920512,-0.34353868196362,3.6791464854673
W10004_0154/PHK76,-6.93364939796714,-1.2298575639505,1.34166007039446,-6.4398765729452
W10004_0154/PHP02,-6.93364939796714,-1.2298575639505,1.34166007039446,-6.4398765729452
W10004_0154/PHZ51,-6.93364939796714,-1.2298575639505,1.34166007039446,-6.4398765729452
W10004_0160/PHK76,-8.52234501939945,-0.726504798646665,0.251279183048863,1.31391725529853
W10004_0160/PHP02,-8.52234501939945,-0.726504798646665,0.251279183048863,1.31391725529853
W10004_0160/PHZ51,-8.52234501939945,-0.726504798646665,0.251279183048863,1.31391725529853
W10004_0161/PHK76,-6.94347214688499,-0.889264494521178,-0.280426967981259,-2.67053099937923
W10004_0161/PHP02,-6.94347214688499,-0.889264494521178,-0.280426967981259,-2.67053099937923
W10004_0161/PHZ51,-6.94347214688499,-0.889264494521178,-0.280426967981259,-2.67053099937923
W10004_0166/PHK76,-8.88996957030702,0.826541705746044,-1.77006530155826,4.7943987935713
W10004_0166/PHP02,-8.87207812873297,0.834047739512235,-1.80939245430026,4.7814022141706
W10004_0166/PHZ51,-8.87207812873297,0.834047739512235,-1.80939245430026,4.7814022141706
W10004_0167/PHK76,-7.8932416343073,0.635764828486079,-1.17551092785662,5.1070381479274
W10004_0167/PHP02,-7.8932416343073,0.635764828486079,-1.17551092785662,5.1070381479274
W10004_0167/PHZ51,-7.8932416343073,0.635764828486079,-1.17551092785662,5.1070381479274
W10004_0168/PHK76,-10.0090356140335,1.10199039347697,-0.578957455033877,8.6452327119389
W10004_0168/PHP02,-10.0090356140335,1.10199039347697,-0.578957455033877,8.6452327119389
W10004_0168/PHZ51,-10.0090356140335,1.10199039347697,-0.578957455033877,8.6452327119389
W10004_0169/PHK76,-7.46474254667236,-1.10666666024657,1.2323879958929,-6.26941356744253
W10004_0169/PHP02,-7.46474254667236,-1.10666666024657,1.2323879958929,-6.26941356744253
W10004_0169/PHZ51,-7.46474254667236,-1.10666666024657,1.2323879958929,-6.26941356744253
W10004_0171/PHK76,-7.41596509918326,-2.10107479450677,-0.0379844125991517,-4.24715932285467
W10004_0171/PHP02,-7.41596509918326,-2.10107479450677,-0.0379844125991517,-4.24715932285467
W10004_0171/PHZ51,-7.41596509918326,-2.10107479450677,-0.0379844125991517,-4.24715932285467
W10004_0178/PHK76,-8.86826410669018,0.454573316722589,-0.901807280810564,3.93077510472487
W10004_0178/PHP02,-8.86826410669018,0.454573316722589,-0.901807280810564,3.93077510472487
W10004_0178/PHZ51,-8.86826410669018,0.454573316722589,-0.901807280810564,3.93077510472487
W10004_0179/PHK76,-7.26550748160587,-0.971887836482309,-0.259359551519281,-3.12991665185744
W10004_0179/PHP02,-7.26550748160587,-0.971887836482309,-0.259359551519281,-3.12991665185744
W10004_0179/PHZ51,-7.26550748160587,-0.971887836482309,-0.259359551519281,-3.12991665185744
W10004_0185/PHK76,-8.77951766545483,0.29606752441717,0.650329746012538,2.15335462728918
W10004_0185/PHP02,-8.77951766545483,0.29606752441717,0.650329746012538,2.15335462728918
W10004_0185/PHZ51,-8.77951766545483,0.29606752441717,0.650329746012538,2.15335462728918
W10004_0189/PHK76,-7.53358012833783,-0.48545489967349,0.700134634766983,-2.29697785270785
W10004_0189/PHP02,-7.53358012833783,-0.48545489967349,0.700134634766983,-2.29697785270785
W10004_0189/PHZ51,-7.53358012833783,-0.48545489967349,0.700134634766983,-2.29697785270785
W10004_0190/PHK76,-7.07004074686251,-0.172170035753944,-0.464844902674003,1.27658391063672
W10004_0190/PHP02,-7.07004074686251,-0.172170035753944,-0.464844902674003,1.27658391063672
W10004_0190/PHZ51,-7.07004074686251,-0.172170035753944,-0.464844902674003,1.27658391063672
W10004_0192/PHK76,-9.28010325753169,-0.670916444103678,0.137770802295605,5.22423754559133
W10004_0192/PHP02,-9.28010325753169,-0.670916444103678,0.137770802295605,5.22423754559133
W10004_0192/PHZ51,-9.28010325753169,-0.670916444103678,0.137770802295605,5.22423754559133
W10004_0194/PHK76,-8.22342074471095,-0.0718910963160298,0.522297513497941,-2.84827957550437
W10004_0194/PHP02,-8.22342074471095,-0.0718910963160298,0.522297513497941,-2.84827957550437
W10004_0194/PHZ51,-8.22342074471095,-0.0718910963160298,0.522297513497941,-2.84827957550437
W10004_0196/PHK76,-8.94238298670804,-0.0953101450901959,0.268401932805258,-3.5915145543141
W10004_0196/PHP02,-8.94238298670804,-0.0953101450901959,0.268401932805258,-3.5915145543141
W10004_0196/PHZ51,-8.94238298670804,-0.0953101450901959,0.268401932805258,-3.5915145543141
W10004_0197/PHK76,-9.13578071923415,0.213467387454756,-0.245728958062804,1.03606690920304
W10004_0197/PHP02,-9.13578071923415,0.213467387454756,-0.245728958062804,1.03606690920304
W10004_0197/PHZ51,-9.13578071923415,0.213467387454756,-0.245728958062804,1.03606690920304
W10004_0199/PHK76,-7.31655727757598,-0.896780397376975,0.765370498522173,-6.35640588741145
W10004_0199/PHP02,-7.31655727757598,-0.896780397376975,0.765370498522173,-6.35640588741145
W10004_0199/PHZ51,-7.31655727757598,-0.896780397376975,0.765370498522173,-6.35640588741145
W10004_0200/PHK76,-7.00498184851765,0.267920244671455,2.24285191487241,-1.5152568821738
W10004_0200/PHP02,-7.00498184851765,0.267920244671455,2.24285191487241,-1.5152568821738
W10004_0200/PHZ51,-7.00498184851765,0.267920244671455,2.24285191487241,-1.5152568821738
W10004_0203/PHK76,-7.68515630803464,0.819711432354584,-0.621752636388675,1.10533355008477
W10004_0203/PHP02,-7.66726486646059,0.827217466120774,-0.66107978913067,1.09233697068408
W10004_0203/PHZ51,-7.66726486646059,0.827217466120774,-0.66107978913067,1.09233697068408
W10004_0204/PHK76,-8.32290364327201,-1.1325836343262,0.945052977248533,-4.18361605185042
W10004_0204/PHP02,-8.32290364327201,-1.1325836343262,0.945052977248533,-4.18361605185042
W10004_0204/PHZ51,-8.32290364327201,-1.1325836343262,0.945052977248533,-4.18361605185042
W10004_0206/PHK76,-8.24043105899612,1.56454121084446,-1.2013439124758,6.09864852079129
W10004_0206/PHP02,-8.24043105899612,1.56454121084446,-1.2013439124758,6.09864852079129
W10004_0206/PHZ51,-8.24043105899612,1.56454121084446,-1.2013439124758,6.09864852079129
W10004_0208/PHZ51,-7.65459306189154,1.19497614995966,-0.993203552411829,1.35087579890714
W10004_0212/PHK76,-5.18708277321161,0.16600988687143,0.538449510553864,1.49643561371605
W10004_0212/PHP02,-5.18708277321161,0.16600988687143,0.538449510553864,1.49643561371605
W10004_0212/PHZ51,-5.18708277321161,0.16600988687143,0.538449510553864,1.49643561371605
W10004_0213/PHK76,-7.45106709360902,0.667439027034284,-0.629647588503752,2.78962405343729
W10004_0213/PHP02,-7.45106709360902,0.667439027034284,-0.629647588503752,2.78962405343729
W10004_0213/PHZ51,-7.45106709360902,0.667439027034284,-0.629647588503752,2.78962405343729
W10004_0217/PHK76,-8.1816658573259,-0.830916264566752,1.42398164724114,-9.21964451855384
W10004_0217/PHP02,-8.1816658573259,-0.830916264566752,1.42398164724114,-9.21964451855384
W10004_0217/PHZ51,-8.1816658573259,-0.830916264566752,1.42398164724114,-9.21964451855384
W10004_0220/PHK76,-7.02476929015184,-0.802533562118931,1.56856157727449,-2.51144366667789
W10004_0220/PHP02,-7.00687784857779,-0.795027528352741,1.5292344245325,-2.52444024607858
W10004_0220/PHZ51,-7.00687784857779,-0.795027528352741,1.5292344245325,-2.52444024607858
W10004_0221/PHK76,-9.20726880792292,0.892798581812366,-1.06709087346144,5.5781232368421
W10004_0221/PHP02,-9.20726880792292,0.892798581812366,-1.06709087346144,5.5781232368421
W10004_0221/PHZ51,-9.20726880792292,0.892798581812366,-1.06709087346144,5.5781232368421
W10004_0223/PHK76,-8.24827485848518,0.932804485356341,-0.586261362100932,-0.235179367168605
W10004_0223/PHP02,-8.24827485848518,0.932804485356341,-0.586261362100932,-0.235179367168605
W10004_0223/PHZ51,-8.24827485848518,0.932804485356341,-0.586261362100932,-0.235179367168605
W10004_0224/PHK76,-7.6913183493867,-0.67022583145494,0.156363802693028,0.0849882777505132
W10004_0224/PHP02,-7.6913183493867,-0.67022583145494,0.156363802693028,0.0849882777505132
W10004_0224/PHZ51,-7.6913183493867,-0.67022583145494,0.156363802693028,0.0849882777505132
W10004_0225/PHK76,-7.54371229201034,0.121492357389349,0.501831430763195,-1.86416090561216
W10004_0225/PHP02,-7.54371229201034,0.121492357389349,0.501831430763195,-1.86416090561216
W10004_0225/PHZ51,-7.54371229201034,0.121492357389349,0.501831430763195,-1.86416090561216
W10004_0227/PHK76,-8.66864501477001,0.271608037527809,0.465790848299868,4.81638177215943
W10004_0227/PHP02,-8.66864501477001,0.271608037527809,0.465790848299868,4.81638177215943
W10004_0227/PHZ51,-8.66864501477001,0.271608037527809,0.465790848299868,4.81638177215943
W10004_0231/PHK76,-10.0154076008787,1.30725808866923,-0.837063224305602,6.59907461794231
W10004_0231/PHP02,-10.0154076008787,1.30725808866923,-0.837063224305602,6.59907461794231
W10004_0231/PHZ51,-10.0154076008787,1.30725808866923,-0.837063224305602,6.59907461794231
W10004_0236/PHK76,-8.39709677064691,-0.250551896552822,0.370893205366581,-4.28514648334681
W10004_0236/PHP02,-8.39709677064691,-0.250551896552822,0.370893205366581,-4.28514648334681
W10004_0236/PHZ51,-8.39709677064691,-0.250551896552822,0.370893205366581,-4.28514648334681
W10004_0238/PHK76,-7.6033865334896,-0.299717627361467,-0.380684799506042,-0.423374616403459
W10004_0238/PHP02,-7.6033865334896,-0.299717627361467,-0.380684799506042,-0.423374616403459
W10004_0238/PHZ51,-7.6033865334896,-0.299717627361467,-0.380684799506042,-0.423374616403459
W10004_0241/PHK76,-7.21994971347705,-0.836561149165546,-0.780460839585081,1.20717713299705
W10004_0241/PHP02,-7.21994971347705,-0.836561149165546,-0.780460839585081,1.20717713299705
W10004_0241/PHZ51,-7.21994971347705,-0.836561149165546,-0.780460839585081,1.20717713299705
W10004_0242/PHK76,-7.29533428256934,-0.560979277111537,-0.0396059893245654,-3.20269763309385
W10004_0242/PHP02,-7.27744284099529,-0.553473243345346,-0.0789331420665608,-3.21569421249454
W10004_0242/PHZ51,-7.27744284099529,-0.553473243345346,-0.0789331420665608,-3.21569421249454
W10004_0251/PHZ51,-8.30586417021845,-0.244927074131992,-0.188788140237124,2.93201933300752
W10004_0253/PHK76,-8.14549088110377,1.0955787617645,-1.7355867081762,5.40191191083391
W10004_0253/PHP02,-8.14549088110377,1.0955787617645,-1.7355867081762,5.40191191083391
W10004_0253/PHZ51,-8.14549088110377,1.0955787617645,-1.7355867081762,5.40191191083391
W10004_0254/PHK76,-5.8999270691964,-2.0592899599698,2.3058510304751,-8.5505710244877
W10004_0254/PHP02,-5.8999270691964,-2.0592899599698,2.3058510304751,-8.5505710244877
W10004_0254/PHZ51,-5.8999270691964,-2.0592899599698,2.3058510304751,-8.5505710244877
W10004_0256/PHK76,-8.37713365545521,0.164530729813957,-0.279989426701875,2.30177397792926
W10004_0256/PHP02,-8.37713365545521,0.164530729813957,-0.279989426701875,2.30177397792926
W10004_0256/PHZ51,-8.37713365545521,0.164530729813957,-0.279989426701875,2.30177397792926
W10004_0258/PHK76,-7.56031704507483,-1.11421276492638,-0.384539168567493,-0.321993538980542
W10004_0258/PHP02,-7.56031704507483,-1.11421276492638,-0.384539168567493,-0.321993538980542
W10004_0258/PHZ51,-7.56031704507483,-1.11421276492638,-0.384539168567493,-0.321993538980542
W10004_0261/PHK76,-8.17760771829946,-0.0795642563109333,0.693588660372023,-0.0390172271043555
W10004_0261/PHP02,-8.17760771829946,-0.0795642563109333,0.693588660372023,-0.0390172271043555
W10004_0261/PHZ51,-8.17760771829946,-0.0795642563109333,0.693588660372023,-0.0390172271043555
W10004_0262/PHK76,-9.00739776599066,0.295685638204005,0.0752227032625682,0.37859024953319
W10004_0262/PHP02,-9.00739776599066,0.295685638204005,0.0752227032625682,0.37859024953319
W10004_0262/PHZ51,-9.00739776599066,0.295685638204005,0.0752227032625682,0.37859024953319
W10004_0264/PHK76,-7.20530934309798,-0.439366493994748,1.02440143051569,-3.42651063098829
W10004_0264/PHP02,-7.20530934309798,-0.439366493994748,1.02440143051569,-3.42651063098829
W10004_0264/PHZ51,-7.20530934309798,-0.439366493994748,1.02440143051569,-3.42651063098829
W10004_0268/PHK76,-6.2322632216456,-0.901755449029993,0.92506649195182,-5.41564510070087
W10004_0268/PHP02,-6.2322632216456,-0.901755449029993,0.92506649195182,-5.41564510070087
W10004_0268/PHZ51,-6.2322632216456,-0.901755449029993,0.92506649195182,-5.41564510070087
W10004_0270/PHK76,-8.21268212595733,0.392184463366385,-0.228369650707083,-0.891323292962852
W10004_0270/PHP02,-8.21268212595733,0.392184463366385,-0.228369650707083,-0.891323292962852
W10004_0270/PHZ51,-8.21268212595733,0.392184463366385,-0.228369650707083,-0.891323292962852
W10004_0271/PHK76,-8.04923399785053,0.837185924960868,-0.413214584819664,1.43080576355152
W10004_0271/PHP02,-8.04923399785053,0.837185924960868,-0.413214584819664,1.43080576355152
W10004_0271/PHZ51,-8.04923399785053,0.837185924960868,-0.413214584819664,1.43080576355152
W10004_0275/PHZ51,-8.37866636858141,0.0434877386821482,0.367980781692979,-1.35713845334405
W10004_0276/PHK76,-9.22684933923241,0.667820087166618,-0.357347367202591,3.21530372945391
W10004_0276/PHP02,-9.22684933923241,0.667820087166618,-0.357347367202591,3.21530372945391
W10004_0276/PHZ51,-9.22684933923241,0.667820087166618,-0.357347367202591,3.21530372945391
W10004_0290/PHK76,-7.53892375561212,-0.412971937460437,1.52101337745451,-2.96517207910293
W10004_0290/PHP02,-7.53892375561212,-0.412971937460437,1.52101337745451,-2.96517207910293
W10004_0290/PHZ51,-7.53892375561212,-0.412971937460437,1.52101337745451,-2.96517207910293
W10004_0291/PHK76,-7.27316409053022,0.19485272152003,1.48275727882958,-3.3527716603589
W10004_0291/PHP02,-7.27316409053022,0.19485272152003,1.48275727882958,-3.3527716603589
W10004_0291/PHZ51,-7.27316409053022,0.19485272152003,1.48275727882958,-3.3527716603589
W10004_0292/PHK76,-8.58442150897267,-1.56839996113271,-0.903580279034959,1.93689908085
W10004_0292/PHP02,-8.58442150897267,-1.56839996113271,-0.903580279034959,1.93689908085
W10004_0292/PHZ51,-8.58442150897267,-1.56839996113271,-0.903580279034959,1.93689908085
W10004_0299/PHK76,-9.1169835316796,-0.0171958892170602,0.110813912480022,2.06343715415367
W10004_0299/PHP02,-9.1169835316796,-0.0171958892170602,0.110813912480022,2.06343715415367
W10004_0299/PHZ51,-9.1169835316796,-0.0171958892170602,0.110813912480022,2.06343715415367
W10004_0306/PHK76,-8.32343312175902,0.783512629623728,-0.00493060990873732,2.26818340484203
W10004_0306/PHP02,-8.32343312175902,0.783512629623728,-0.00493060990873732,2.26818340484203
W10004_0306/PHZ51,-8.32343312175902,0.783512629623728,-0.00493060990873732,2.26818340484203
W10004_0308/PHK76,-6.70440896420088,-0.291733509261839,0.621763656653449,-3.85646669270086
W10004_0308/PHP02,-6.70440896420088,-0.291733509261839,0.621763656653449,-3.85646669270086
W10004_0308/PHZ51,-6.70440896420088,-0.291733509261839,0.621763656653449,-3.85646669270086
W10004_0309/PHK76,-6.71677785086756,-0.750852988042504,0.913531703123178,-1.63535208567862
W10004_0309/PHP02,-6.71677785086756,-0.750852988042504,0.913531703123178,-1.63535208567862
W10004_0309/PHZ51,-6.71677785086756,-0.750852988042504,0.913531703123178,-1.63535208567862
W10004_0310/PHK76,-8.15164645694255,0.445210109587607,0.82419508132925,-2.30594996437811
W10004_0310/PHP02,-8.15164645694255,0.445210109587607,0.82419508132925,-2.30594996437811
W10004_0310/PHZ51,-8.15164645694255,0.445210109587607,0.82419508132925,-2.30594996437811
W10004_0311/PHK76,-7.40784690021228,-0.240520862505134,0.0649236167759869,-1.13778225279783
W10004_0311/PHP02,-7.38995545863823,-0.233014828738943,0.0255964640339918,-1.15077883219852
W10004_0311/PHZ51,-7.38995545863823,-0.233014828738943,0.0255964640339918,-1.15077883219852
W10004_0327/PHK76,-6.24883960927305,-0.453919005526736,0.837636657782598,-3.55597531711277
W10004_0327/PHP02,-6.24883960927305,-0.453919005526736,0.837636657782598,-3.55597531711277
W10004_0327/PHZ51,-6.24883960927305,-0.453919005526736,0.837636657782598,-3.55597531711277
W10004_0329/PHK76,-7.16813111489975,1.10394701301293,-1.18135774285488,0.805743414380908
W10004_0329/PHP02,-7.16813111489975,1.10394701301293,-1.18135774285488,0.805743414380908
W10004_0329/PHZ51,-7.16813111489975,1.10394701301293,-1.18135774285488,0.805743414380908
W10004_0336/PHK76,-9.88601794886262,-0.804378033320649,0.149518297660205,-0.207448573532392
W10004_0336/PHP02,-9.86812650728858,-0.796871999554458,0.11019114491821,-0.220445152933086
W10004_0336/PHZ51,-9.86812650728858,-0.796871999554458,0.11019114491821,-0.220445152933086
W10004_0344/PHK76,-7.70116926458608,-0.755951213405672,0.459239616658654,-3.86692916181253
W10004_0344/PHP02,-7.68327782301203,-0.748445179639482,0.419912463916659,-3.87992574121322
W10004_0344/PHZ51,-7.68327782301203,-0.748445179639482,0.419912463916659,-3.87992574121322
W10004_0346/PHK76,-8.09777701155819,-0.684814780842593,-0.204126390924061,-0.12115074098405
W10004_0346/PHP02,-8.09777701155819,-0.684814780842593,-0.204126390924061,-0.12115074098405
W10004_0346/PHZ51,-8.09777701155819,-0.684814780842593,-0.204126390924061,-0.12115074098405
W10004_0361/PHK76,-7.7621980199823,-0.593320292785192,-1.59935856334638,3.32603801470423
W10004_0361/PHP02,-7.74430657840825,-0.585814259019002,-1.63868571608838,3.31304143530354
W10004_0361/PHZ51,-7.74430657840825,-0.585814259019002,-1.63868571608838,3.31304143530354
W10004_0362/PHK76,-9.676656212652,0.516169652998763,-1.46181105262923,6.24520533599095
W10004_0362/PHP02,-9.676656212652,0.516169652998763,-1.46181105262923,6.24520533599095
W10004_0362/PHZ51,-9.676656212652,0.516169652998763,-1.46181105262923,6.24520533599095
W10004_0380/PHK76,-9.47803742025808,-0.0582123130044283,-0.772414649629768,2.80257649572927
W10004_0380/PHP02,-9.47803742025808,-0.0582123130044283,-0.772414649629768,2.80257649572927
W10004_0380/PHZ51,-9.47803742025808,-0.0582123130044283,-0.772414649629768,2.80257649572927
W10004_0381/PHK76,-6.47382870061573,0.669798327113705,-0.79641466954492,2.00257316480074
W10004_0381/PHP02,-6.47382870061573,0.669798327113705,-0.79641466954492,2.00257316480074
W10004_0381/PHZ51,-6.47382870061573,0.669798327113705,-0.79641466954492,2.00257316480074
W10004_0383/PHK76,-8.71523775420808,0.20690961122932,0.868544580261986,-4.04129845778281
W10004_0383/PHP02,-8.71523775420808,0.20690961122932,0.868544580261986,-4.04129845778281
W10004_0383/PHZ51,-8.71523775420808,0.20690961122932,0.868544580261986,-4.04129845778281
W10004_0389/PHK76,-4.20341872990953,4.03711969322876,-1.47214699080575,2.7387213864626
W10004_0389/PHP02,-4.18552728833548,4.04462572699495,-1.51147414354775,2.72572480706191
W10004_0389/PHZ51,-4.18552728833548,4.04462572699495,-1.51147414354775,2.72572480706191
W10004_0393/PHK76,-7.96406066389256,-0.164048028462076,1.63491827478133,-6.32351649816053
W10004_0393/PHP02,-7.96406066389256,-0.164048028462076,1.63491827478133,-6.32351649816053
W10004_0393/PHZ51,-7.96406066389256,-0.164048028462076,1.63491827478133,-6.32351649816053
W10004_0394/PHK76,-8.73038266125983,-0.115134867820977,-2.1804591391404,5.03688946080097
W10004_0394/PHP02,-8.71249121968578,-0.107628834054787,-2.2197862918824,5.02389288140028
W10004_0394/PHZ51,-8.71249121968578,-0.107628834054787,-2.2197862918824,5.02389288140028
W10004_0395/PHK76,-7.44706307461729,-0.479110907627504,0.299246710122611,-0.567975082067739
W10004_0395/PHP02,-7.44706307461729,-0.479110907627504,0.299246710122611,-0.567975082067739
W10004_0395/PHZ51,-7.44706307461729,-0.479110907627504,0.299246710122611,-0.567975082067739
W10004_0396/PHK76,-7.00444089159721,-1.56760836682599,0.445647415003102,-5.4669612662877
W10004_0396/PHP02,-7.00444089159721,-1.56760836682599,0.445647415003102,-5.4669612662877
W10004_0396/PHZ51,-7.00444089159721,-1.56760836682599,0.445647415003102,-5.4669612662877
W10004_0403/PHK76,-7.80926970051098,-0.442689586998038,-0.426458736373067,1.49222487492744
W10004_0403/PHP02,-7.80926970051098,-0.442689586998038,-0.426458736373067,1.49222487492744
W10004_0403/PHZ51,-7.80926970051098,-0.442689586998038,-0.426458736373067,1.49222487492744
W10004_0409/PHK76,-9.12897414176405,1.37882802843348,-2.34811114205361,4.9724432949348
W10004_0409/PHP02,-9.12897414176405,1.37882802843348,-2.34811114205361,4.9724432949348
W10004_0409/PHZ51,-9.12897414176405,1.37882802843348,-2.34811114205361,4.9724432949348
W10004_0410/PHK76,-8.62193358238875,0.241749688652817,0.927181670128731,1.55894908993479
W10004_0410/PHP02,-8.62193358238875,0.241749688652817,0.927181670128731,1.55894908993479
W10004_0410/PHZ51,-8.62193358238875,0.241749688652817,0.927181670128731,1.55894908993479
W10004_0412/PHK76,-7.81905250460578,0.354103177851978,0.915578206204854,1.22505829035495
W10004_0412/PHP02,-7.81905250460578,0.354103177851978,0.915578206204854,1.22505829035495
W10004_0412/PHZ51,-7.81905250460578,0.354103177851978,0.915578206204854,1.22505829035495
W10004_0417/PHK76,-7.29761248859328,-0.101375190625217,0.266456537749128,1.61570827637107
W10004_0417/PHP02,-7.27972104701923,-0.0938691568590261,0.227129385007132,1.60271169697038
W10004_0417/PHZ51,-7.27972104701923,-0.0938691568590261,0.227129385007132,1.60271169697038
W10004_0419/PHK76,-9.2705200209026,-0.280863280318255,-0.481758544321013,2.20486172057709
W10004_0419/PHP02,-9.2705200209026,-0.280863280318255,-0.481758544321013,2.20486172057709
W10004_0419/PHZ51,-9.2705200209026,-0.280863280318255,-0.481758544321013,2.20486172057709
W10004_0424/PHK76,-8.52350979734613,0.512707281388012,0.386130522086698,0.970073372419063
W10004_0424/PHP02,-8.52350979734613,0.512707281388012,0.386130522086698,0.970073372419063
W10004_0424/PHZ51,-8.52350979734613,0.512707281388012,0.386130522086698,0.970073372419063
W10004_0427/PHK76,-8.34836841144642,0.501574658335252,0.0639568073335974,1.25583937679327
W10004_0427/PHP02,-8.34836841144642,0.501574658335252,0.0639568073335974,1.25583937679327
W10004_0427/PHZ51,-8.34836841144642,0.501574658335252,0.0639568073335974,1.25583937679327
W10004_0430/PHK76,-7.00364249730175,-0.369049225830512,0.20557442983872,-4.28234043094118
W10004_0430/PHP02,-7.00364249730175,-0.369049225830512,0.20557442983872,-4.28234043094118
W10004_0430/PHZ51,-7.00364249730175,-0.369049225830512,0.20557442983872,-4.28234043094118
W10004_0465/PHK76,-3.74574815350721,3.59381044945305,-0.180906731577694,-2.1366592162988
W10004_0465/PHP02,-3.74574815350721,3.59381044945305,-0.180906731577694,-2.1366592162988
W10004_0465/PHZ51,-3.74574815350721,3.59381044945305,-0.180906731577694,-2.1366592162988
W10004_0467/PHK76,-8.86456623461608,-0.153156595442647,0.433246412931246,0.546459640791505
W10004_0467/PHP02,-8.86456623461608,-0.153156595442647,0.433246412931246,0.546459640791505
W10004_0467/PHZ51,-8.86456623461608,-0.153156595442647,0.433246412931246,0.546459640791505
W10004_0474/PHK76,-5.75639461931409,-0.687652653359433,1.04846561245802,-2.08121880447855
W10004_0474/PHP02,-5.75639461931409,-0.687652653359433,1.04846561245802,-2.08121880447855
W10004_0474/PHZ51,-5.75639461931409,-0.687652653359433,1.04846561245802,-2.08121880447855
W10004_0476/PHK76,-6.02331087199292,-1.72461674169376,2.25488770835843,-9.62833959948001
W10004_0476/PHP02,-6.02331087199292,-1.72461674169376,2.25488770835843,-9.62833959948001
W10004_0476/PHZ51,-6.02331087199292,-1.72461674169376,2.25488770835843,-9.62833959948001
W10004_0487/PHK76,-7.38623455952767,-0.231464267100533,2.02890869787672,-5.63025752713563
W10004_0487/PHP02,-7.38623455952767,-0.231464267100533,2.02890869787672,-5.63025752713563
W10004_0487/PHZ51,-7.38623455952767,-0.231464267100533,2.02890869787672,-5.63025752713563
W10004_0498/PHK76,-5.03422249158493,0.904606449368509,1.11625948207027,0.312241988247561
W10004_0498/PHP02,-5.03422249158493,0.904606449368509,1.11625948207027,0.312241988247561
W10004_0498/PHZ51,-5.03422249158493,0.904606449368509,1.11625948207027,0.312241988247561
W10004_0501/PHK76,-4.76119511529978,1.20156621484047,1.40045489805358,-4.18157340978929
W10004_0501/PHP02,-4.74330367372572,1.20907224860666,1.36112774531158,-4.19456998918998
W10004_0501/PHZ51,-4.74330367372572,1.20907224860666,1.36112774531158,-4.19456998918998
W10004_0505/PHK76,-8.95781441864723,-0.669397524489435,1.64177114192591,-6.77241238524928
W10004_0505/PHP02,-8.95781441864723,-0.669397524489435,1.64177114192591,-6.77241238524928
W10004_0505/PHZ51,-8.95781441864723,-0.669397524489435,1.64177114192591,-6.77241238524928
W10004_0601/PHK76,-7.39294484528449,-0.472723329569904,0.430400472758937,-4.1685658241166
W10004_0601/PHP02,-7.37505340371044,-0.465217295803714,0.391073320016941,-4.1815624035173
W10004_0601/PHZ51,-7.37505340371044,-0.465217295803714,0.391073320016941,-4.1815624035173
W10004_0602/PHK76,-5.5523595304551,-0.501285003381014,0.934136801152669,-1.32005260359387
W10004_0602/PHP02,-5.53446808888105,-0.493778969614823,0.894809648410674,-1.33304918299456
W10004_0602/PHZ51,-5.53446808888105,-0.493778969614823,0.894809648410674,-1.33304918299456
W10004_0608/PHK76,-8.0517763578584,1.47614196495791,-1.31719163767086,2.47145961137965
W10004_0608/PHP02,-8.0517763578584,1.47614196495791,-1.31719163767086,2.47145961137965
W10004_0608/PHZ51,-8.0517763578584,1.47614196495791,-1.31719163767086,2.47145961137965
W10004_0609/PHZ51,-9.13513240559942,-0.555053589355765,0.582712621589139,-1.52536134056422
W10004_0612/PHK76,-8.40183956244329,-0.287530684512194,0.836667152264445,-2.50850300180371
W10004_0612/PHP02,-8.40183956244329,-0.287530684512194,0.836667152264445,-2.50850300180371
W10004_0612/PHZ51,-8.40183956244329,-0.287530684512194,0.836667152264445,-2.50850300180371
W10004_0614/PHK76,-8.09728606496071,0.555131148043083,0.2213530013905,0.72290051587368
W10004_0614/PHP02,-8.09728606496071,0.555131148043083,0.2213530013905,0.72290051587368
W10004_0614/PHZ51,-8.09728606496071,0.555131148043083,0.2213530013905,0.72290051587368
W10004_0616/PHK76,-6.5333499370526,0.902198241152838,-0.385953556990692,0.316096733164463
W10004_0616/PHP02,-6.5333499370526,0.902198241152838,-0.385953556990692,0.316096733164463
W10004_0616/PHZ51,-6.5333499370526,0.902198241152838,-0.385953556990692,0.316096733164463
W10004_0618/PHK76,-7.58051822861681,0.621784391947347,-0.251191670383196,0.939460554617424
W10004_0618/PHP02,-7.58051822861681,0.621784391947347,-0.251191670383196,0.939460554617424
W10004_0618/PHZ51,-7.58051822861681,0.621784391947347,-0.251191670383196,0.939460554617424
W10004_0619/PHK76,-7.57333909616692,0.383352340724359,1.01860647068536,-1.55090990801632
W10004_0619/PHP02,-7.57333909616692,0.383352340724359,1.01860647068536,-1.55090990801632
W10004_0619/PHZ51,-7.57333909616692,0.383352340724359,1.01860647068536,-1.55090990801632
W10004_0620/PHK76,-8.66100124784257,0.920325715036467,-0.925476140674252,1.663890133509
W10004_0620/PHP02,-8.66100124784257,0.920325715036467,-0.925476140674252,1.663890133509
W10004_0620/PHZ51,-8.66100124784257,0.920325715036467,-0.925476140674252,1.663890133509
W10004_0622/PHK76,-8.06880167473308,-0.105537173033885,1.34291040354084,-4.47976634121602
W10004_0622/PHP02,-8.06880167473308,-0.105537173033885,1.34291040354084,-4.47976634121602
W10004_0622/PHZ51,-8.06880167473308,-0.105537173033885,1.34291040354084,-4.47976634121602
W10004_0624/PHK76,-9.0711714463005,-0.70157555684714,-1.41626166279698,1.33091939622041
W10004_0624/PHP02,-9.05328000472644,-0.694069523080949,-1.45558881553897,1.31792281681971
W10004_0624/PHZ51,-9.05328000472644,-0.694069523080949,-1.45558881553897,1.31792281681971
W10004_0625/PHK76,-8.17706047281033,0.575939002502679,-0.30049406231281,0.160084984614688
W10004_0625/PHP02,-8.15916903123628,0.583445036268869,-0.339821215054805,0.147088405213995
W10004_0625/PHZ51,-8.15916903123628,0.583445036268869,-0.339821215054805,0.147088405213995
W10004_0626/PHK76,-6.36999931849758,-0.665164850312523,0.820991407631777,-1.08146488802633
W10004_0626/PHP02,-6.36999931849758,-0.665164850312523,0.820991407631777,-1.08146488802633
W10004_0626/PHZ51,-6.36999931849758,-0.665164850312523,0.820991407631777,-1.08146488802633
W10004_0628/PHK76,-7.42700374779896,-0.0643251800326459,0.570501215162269,1.66985646971541
W10004_0628/PHP02,-7.42700374779896,-0.0643251800326459,0.570501215162269,1.66985646971541
W10004_0628/PHZ51,-7.42700374779896,-0.0643251800326459,0.570501215162269,1.66985646971541
W10004_0631/PHK76,-9.61092805731105,1.4308793848579,-0.816562502917431,2.98322725134617
W10004_0631/PHP02,-9.61092805731105,1.4308793848579,-0.816562502917431,2.98322725134617
W10004_0631/PHZ51,-9.61092805731105,1.4308793848579,-0.816562502917431,2.98322725134617
W10004_0632/PHK76,-9.2769936614722,0.695468456809211,0.336367104313404,1.23881219678589
W10004_0632/PHP02,-9.2769936614722,0.695468456809211,0.336367104313404,1.23881219678589
W10004_0632/PHZ51,-9.2769936614722,0.695468456809211,0.336367104313404,1.23881219678589
W10004_0636/PHK76,-8.71160400379814,0.23771546513361,0.316885876660781,-0.747197732286308
W10004_0636/PHP02,-8.71160400379814,0.23771546513361,0.316885876660781,-0.747197732286308
W10004_0636/PHZ51,-8.71160400379814,0.23771546513361,0.316885876660781,-0.747197732286308
W10004_0637/PHK76,-7.94482364224689,-0.248472514005566,0.311397341732805,-2.07854880103034
W10004_0637/PHP02,-7.94482364224689,-0.248472514005566,0.311397341732805,-2.07854880103034
W10004_0637/PHZ51,-7.94482364224689,-0.248472514005566,0.311397341732805,-2.07854880103034
W10004_0639/PHK76,-7.71029451256161,-0.666380704603745,0.839526635129676,-1.41269780001757
W10004_0639/PHP02,-7.71029451256161,-0.666380704603745,0.839526635129676,-1.41269780001757
W10004_0639/PHZ51,-7.71029451256161,-0.666380704603745,0.839526635129676,-1.41269780001757
W10004_0644/PHK76,-6.32900696408054,-0.612491628925955,0.429172778206178,-2.20974803604763
W10004_0644/PHP02,-6.32900696408054,-0.612491628925955,0.429172778206178,-2.20974803604763
W10004_0644/PHZ51,-6.32900696408054,-0.612491628925955,0.429172778206178,-2.20974803604763
W10004_0645/PHK76,-7.88757611771766,1.22288835770003,-1.14429878670154,4.30833866797505
W10004_0645/PHP02,-7.86968467614361,1.23039439146623,-1.18362593944354,4.29534208857435
W10004_0645/PHZ51,-7.86968467614361,1.23039439146623,-1.18362593944354,4.29534208857435
W10004_0646/PHK76,-8.07330027398441,-0.33220106500006,0.167244576302481,0.644749636009428
W10004_0646/PHP02,-8.07330027398441,-0.33220106500006,0.167244576302481,0.644749636009428
W10004_0646/PHZ51,-8.07330027398441,-0.33220106500006,0.167244576302481,0.644749636009428
W10004_0649/PHK76,-7.07325012563408,2.83049081945035,-1.53223033363887,2.22711374656395
W10004_0649/PHP02,-7.07325012563408,2.83049081945035,-1.53223033363887,2.22711374656395
W10004_0649/PHZ51,-7.07325012563408,2.83049081945035,-1.53223033363887,2.22711374656395
W10004_0650/PHK76,-7.96821287203293,-0.168761985997401,-0.308664974645148,0.196774094971258
W10004_0650/PHP02,-7.95032143045888,-0.161255952231211,-0.347992127387143,0.183777515570565
W10004_0650/PHZ51,-7.95032143045888,-0.161255952231211,-0.347992127387143,0.183777515570565
W10004_0651/PHK76,-7.63797448299083,-0.518059017569032,0.102210884385596,-0.30083093442594
W10004_0651/PHP02,-7.63797448299083,-0.518059017569032,0.102210884385596,-0.30083093442594
W10004_0651/PHZ51,-7.63797448299083,-0.518059017569032,0.102210884385596,-0.30083093442594
W10004_0654/PHK76,-7.27957849580423,1.10263345728561,0.745162746243832,-0.125976185533185
W10004_0654/PHP02,-7.27957849580423,1.10263345728561,0.745162746243832,-0.125976185533185
W10004_0654/PHZ51,-7.27957849580423,1.10263345728561,0.745162746243832,-0.125976185533185
W10004_0658/PHK76,-7.3747344576583,0.392294014682384,1.17166896718046,-1.02920040223289
W10004_0658/PHP02,-7.3747344576583,0.392294014682384,1.17166896718046,-1.02920040223289
W10004_0658/PHZ51,-7.3747344576583,0.392294014682384,1.17166896718046,-1.02920040223289
W10004_0659/PHK76,-6.12386589317673,0.61909219046383,-0.0576332260672317,-1.59575260410566
W10004_0659/PHP02,-6.12386589317673,0.61909219046383,-0.0576332260672317,-1.59575260410566
W10004_0659/PHZ51,-6.12386589317673,0.61909219046383,-0.0576332260672317,-1.59575260410566
W10004_0661/PHK76,-7.93744534721536,-0.286392979001701,0.521412968506948,-5.90955807679113
W10004_0661/PHP02,-7.93744534721536,-0.286392979001701,0.521412968506948,-5.90955807679113
W10004_0661/PHZ51,-7.93744534721536,-0.286392979001701,0.521412968506948,-5.90955807679113
W10004_0664/PHK76,-7.56515050732013,0.912707071408136,-0.354560221170608,0.882601831018621
W10004_0664/PHP02,-7.56515050732013,0.912707071408136,-0.354560221170608,0.882601831018621
W10004_0664/PHZ51,-7.56515050732013,0.912707071408136,-0.354560221170608,0.882601831018621
W10004_0665/PHZ51,-7.66574109885514,-0.00314161621303377,0.8844069225651,-2.58241746104853
W10004_0667/PHK76,-6.49368045435678,0.337259255711599,0.0729302214037593,-3.38760981960199
W10004_0667/PHP02,-6.49368045435678,0.337259255711599,0.0729302214037593,-3.38760981960199
W10004_0667/PHZ51,-6.49368045435678,0.337259255711599,0.0729302214037593,-3.38760981960199
W10004_0669/PHK76,-7.33305932493349,-1.27544003271504,-1.19454373499592,-1.45798046006999
W10004_0669/PHP02,-7.31516788335944,-1.26793399894885,-1.23387088773791,-1.47097703947068
W10004_0669/PHZ51,-7.31516788335944,-1.26793399894885,-1.23387088773791,-1.47097703947068
W10004_0672/PHK76,-6.74503658194309,-0.936196688870238,1.45592913406303,-3.40083551375092
W10004_0672/PHP02,-6.74503658194309,-0.936196688870238,1.45592913406303,-3.40083551375092
W10004_0672/PHZ51,-6.74503658194309,-0.936196688870238,1.45592913406303,-3.40083551375092
W10004_0673/PHK76,-7.76324348935357,-0.974377071608758,1.20176944261504,-4.80124619447028
W10004_0673/PHP02,-7.76324348935357,-0.974377071608758,1.20176944261504,-4.80124619447028
W10004_0673/PHZ51,-7.76324348935357,-0.974377071608758,1.20176944261504,-4.80124619447028
W10004_0674/PHK76,-8.20409781240554,-1.06717880169236,-1.22062896700407,2.77734552472152
W10004_0674/PHP02,-8.20409781240554,-1.06717880169236,-1.22062896700407,2.77734552472152
W10004_0674/PHZ51,-8.20409781240554,-1.06717880169236,-1.22062896700407,2.77734552472152
W10004_0675/PHK76,-7.63907070334777,-0.802400576628021,0.10048923270892,-3.39611400473021
W10004_0675/PHP02,-7.62117926177372,-0.794894542861831,0.0611620799669249,-3.4091105841309
W10004_0675/PHZ51,-7.62117926177372,-0.794894542861831,0.0611620799669249,-3.4091105841309
W10004_0678/PHK76,-7.56634446480757,0.458366384217456,0.606990684972451,-3.51445286542194
W10004_0678/PHP02,-7.56634446480757,0.458366384217456,0.606990684972451,-3.51445286542194
W10004_0678/PHZ51,-7.56634446480757,0.458366384217456,0.606990684972451,-3.51445286542194
W10004_0680/PHK76,-8.67359566947761,-0.112627883966769,-0.920714838083726,1.03020697457791
W10004_0680/PHP02,-8.67359566947761,-0.112627883966769,-0.920714838083726,1.03020697457791
W10004_0680/PHZ51,-8.67359566947761,-0.112627883966769,-0.920714838083726,1.03020697457791
W10004_0682/PHK76,-7.89111525596918,1.17343568389945,0.0622199279478274,2.33616702462512
W10004_0682/PHP02,-7.89111525596918,1.17343568389945,0.0622199279478274,2.33616702462512
W10004_0682/PHZ51,-7.89111525596918,1.17343568389945,0.0622199279478274,2.33616702462512
W10004_0684/PHK76,-6.92345366342617,1.36365965141013,-0.551116014879875,0.581174741554727
W10004_0684/PHP02,-6.92345366342617,1.36365965141013,-0.551116014879875,0.581174741554727
W10004_0684/PHZ51,-6.92345366342617,1.36365965141013,-0.551116014879875,0.581174741554727
W10004_0685/PHK76,-8.03600508279986,0.0986144366020578,-0.326712658301966,0.536460639222262
W10004_0685/PHP02,-8.03600508279986,0.0986144366020578,-0.326712658301966,0.536460639222262
W10004_0685/PHZ51,-8.03600508279986,0.0986144366020578,-0.326712658301966,0.536460639222262
W10004_0687/PHK76,-8.52821703140101,0.280078909166406,-0.557094971831703,5.03900453871233
W10004_0687/PHP02,-8.52821703140101,0.280078909166406,-0.557094971831703,5.03900453871233
W10004_0687/PHZ51,-8.52821703140101,0.280078909166406,-0.557094971831703,5.03900453871233
W10004_0688/PHK76,-6.36586487700849,0.956981530240038,0.665298171311091,-1.14171354854856
W10004_0688/PHP02,-6.36586487700849,0.956981530240038,0.665298171311091,-1.14171354854856
W10004_0688/PHZ51,-6.36586487700849,0.956981530240038,0.665298171311091,-1.14171354854856
W10004_0689/PHK76,-7.19753181759101,1.74498460636045,-1.18107835775571,-1.37592079852871
W10004_0689/PHP02,-7.19753181759101,1.74498460636045,-1.18107835775571,-1.37592079852871
W10004_0689/PHZ51,-7.19753181759101,1.74498460636045,-1.18107835775571,-1.37592079852871
W10004_0691/PHK76,-5.73214022063381,2.93073035053497,0.0455937737758877,-3.18586469581521
W10004_0691/PHP02,-5.73214022063381,2.93073035053497,0.0455937737758877,-3.18586469581521
W10004_0691/PHZ51,-5.73214022063381,2.93073035053497,0.0455937737758877,-3.18586469581521
W10004_0695/PHK76,-8.56639323259442,0.337948791451879,-0.569782303137179,-0.0453770809668057
W10004_0695/PHP02,-8.56639323259442,0.337948791451879,-0.569782303137179,-0.0453770809668057
W10004_0695/PHZ51,-8.56639323259442,0.337948791451879,-0.569782303137179,-0.0453770809668057
W10004_0696/PHK76,-8.75370477105672,-0.0488346729991075,0.752548629043724,-2.05522426942268
W10004_0696/PHP02,-8.73581332948267,-0.0413286392329169,0.713221476301728,-2.06822084882337
W10004_0696/PHZ51,-8.73581332948267,-0.0413286392329169,0.713221476301728,-2.06822084882337
W10004_0697/PHK76,-6.29368960458042,-0.292551935518293,0.275234179011306,-3.2234756460738
W10004_0697/PHP02,-6.29368960458042,-0.292551935518293,0.275234179011306,-3.2234756460738
W10004_0697/PHZ51,-6.29368960458042,-0.292551935518293,0.275234179011306,-3.2234756460738
W10004_0701/PHK76,-8.26487099317177,0.210533781059967,-1.27255611239737,-0.282607797148151
W10004_0701/PHP02,-8.26487099317177,0.210533781059967,-1.27255611239737,-0.282607797148151
W10004_0701/PHZ51,-8.26487099317177,0.210533781059967,-1.27255611239737,-0.282607797148151
W10004_0702/PHK76,-6.85133313500294,1.68989405385769,-0.732672689265247,0.408588020694722
W10004_0702/PHP02,-6.85133313500294,1.68989405385769,-0.732672689265247,0.408588020694722
W10004_0702/PHZ51,-6.85133313500294,1.68989405385769,-0.732672689265247,0.408588020694722
W10004_0703/PHK76,-8.11654019821668,-1.25598974399355,-0.0361940157202214,-3.59931516256704
W10004_0703/PHP02,-8.11654019821668,-1.25598974399355,-0.0361940157202214,-3.59931516256704
W10004_0703/PHZ51,-8.11654019821668,-1.25598974399355,-0.0361940157202214,-3.59931516256704
W10004_0704/PHK76,-9.12372890181756,0.517663754547944,0.354806061632036,-1.75602093100793
W10004_0704/PHP02,-9.12372890181756,0.517663754547944,0.354806061632036,-1.75602093100793
W10004_0704/PHZ51,-9.12372890181756,0.517663754547944,0.354806061632036,-1.75602093100793
W10004_0705/PHK76,-7.26566733590129,2.09879713556353,1.15332837526866,-1.06740830909533
W10004_0705/PHP02,-7.26566733590129,2.09879713556353,1.15332837526866,-1.06740830909533
W10004_0705/PHZ51,-7.26566733590129,2.09879713556353,1.15332837526866,-1.06740830909533
W10004_0707/PHK76,-7.79216554067481,0.435616241890867,-1.07013448637168,3.79998803022251
W10004_0707/PHP02,-7.79216554067481,0.435616241890867,-1.07013448637168,3.79998803022251
W10004_0707/PHZ51,-7.79216554067481,0.435616241890867,-1.07013448637168,3.79998803022251
W10004_0711/PHK76,-7.59350543049201,0.923464518668763,-1.19748319409126,1.64512432509892
W10004_0711/PHP02,-7.59350543049201,0.923464518668763,-1.19748319409126,1.64512432509892
W10004_0711/PHZ51,-7.59350543049201,0.923464518668763,-1.19748319409126,1.64512432509892
W10004_0712/PHK76,-8.25092535203277,0.614990996611842,-0.286292568325933,-0.201261017104012
W10004_0712/PHP02,-8.23303391045871,0.622497030378033,-0.325619721067929,-0.214257596504705
W10004_0712/PHZ51,-8.23303391045871,0.622497030378033,-0.325619721067929,-0.214257596504705
W10004_0713/PHK76,-7.90424976199564,1.85684300745923,-1.14726010149173,-0.461573160182035
W10004_0713/PHP02,-7.90424976199564,1.85684300745923,-1.14726010149173,-0.461573160182035
W10004_0713/PHZ51,-7.90424976199564,1.85684300745923,-1.14726010149173,-0.461573160182035
W10004_0714/PHK76,-9.08190810774922,0.0169569512920535,-0.533757429187286,0.245233469954984
W10004_0714/PHP02,-9.08190810774922,0.0169569512920535,-0.533757429187286,0.245233469954984
W10004_0714/PHZ51,-9.08190810774922,0.0169569512920535,-0.533757429187286,0.245233469954984
W10004_0715/PHK76,-6.77596076400624,-0.376189895687162,0.778038756691296,-5.46893521095962
W10004_0715/PHP02,-6.77596076400624,-0.376189895687162,0.778038756691296,-5.46893521095962
W10004_0715/PHZ51,-6.77596076400624,-0.376189895687162,0.778038756691296,-5.46893521095962
W10004_0717/PHK76,-10.1274752919333,-0.0882708993108496,-1.06963145407768,0.937462648337638
W10004_0717/PHP02,-10.1274752919333,-0.0882708993108496,-1.06963145407768,0.937462648337638
W10004_0717/PHZ51,-10.1274752919333,-0.0882708993108496,-1.06963145407768,0.937462648337638
W10004_0723/PHK76,-8.41732401730437,-0.475974908379971,0.177971437131756,-0.369870882086987
W10004_0723/PHP02,-8.41732401730437,-0.475974908379971,0.177971437131756,-0.369870882086987
W10004_0723/PHZ51,-8.41732401730437,-0.475974908379971,0.177971437131756,-0.369870882086987
W10004_0727/PHK76,-8.59295600877529,0.0897192086905262,-0.65893298203136,3.30450573748316
W10004_0727/PHP02,-8.59295600877529,0.0897192086905262,-0.65893298203136,3.30450573748316
W10004_0727/PHZ51,-8.59295600877529,0.0897192086905262,-0.65893298203136,3.30450573748316
W10004_0729/PHK76,-6.68697356001722,-1.66492415546874,1.0701094482054,-2.32683355817745
W10004_0729/PHP02,-6.66908211844317,-1.65741812170255,1.03078229546341,-2.33983013757815
W10004_0729/PHZ51,-6.66908211844317,-1.65741812170255,1.03078229546341,-2.33983013757815
W10004_0732/PHK76,-6.76089450915995,-0.0611615096332529,0.0799402585434444,-2.30123138519997
W10004_0732/PHP02,-6.7430030675859,-0.0536554758670621,0.0406131058014492,-2.31422796460066
W10004_0732/PHZ51,-6.7430030675859,-0.0536554758670621,0.0406131058014492,-2.31422796460066
W10004_0733/PHK76,-7.8342710475398,0.138761585931229,-0.642414566210058,0.77196832944403
W10004_0733/PHP02,-7.8342710475398,0.138761585931229,-0.642414566210058,0.77196832944403
W10004_0733/PHZ51,-7.8342710475398,0.138761585931229,-0.642414566210058,0.77196832944403
W10004_0734/PHK76,-8.43315166587045,0.00630832855147955,0.327458557758069,0.366761458741844
W10004_0734/PHP02,-8.43315166587045,0.00630832855147955,0.327458557758069,0.366761458741844
W10004_0734/PHZ51,-8.43315166587045,0.00630832855147955,0.327458557758069,0.366761458741844
W10004_0736/PHK76,-8.50383418180582,-0.348552794234942,-0.324063647516452,-1.39343001073288
W10004_0736/PHP02,-8.50383418180582,-0.348552794234942,-0.324063647516452,-1.39343001073288
W10004_0736/PHZ51,-8.50383418180582,-0.348552794234942,-0.324063647516452,-1.39343001073288
W10004_0737/PHZ51,-7.95967866579405,1.29086206331189,-0.279551513088005,0.827559379432263
W10004_0741/PHK76,-8.65949723856173,-0.371560690232827,-0.94030221414488,-1.15550524297888
W10004_0741/PHP02,-8.65949723856173,-0.371560690232827,-0.94030221414488,-1.15550524297888
W10004_0741/PHZ51,-8.65949723856173,-0.371560690232827,-0.94030221414488,-1.15550524297888
W10004_0745/PHK76,-6.49734916071302,1.20986871656686,0.199590216156348,-1.35715346235816
W10004_0745/PHP02,-6.49734916071302,1.20986871656686,0.199590216156348,-1.35715346235816
W10004_0745/PHZ51,-6.49734916071302,1.20986871656686,0.199590216156348,-1.35715346235816
W10004_0746/PHK76,-7.82185818066179,-0.418183801185514,0.607779973486594,-1.774966533773
W10004_0746/PHP02,-7.82185818066179,-0.418183801185514,0.607779973486594,-1.774966533773
W10004_0746/PHZ51,-7.82185818066179,-0.418183801185514,0.607779973486594,-1.774966533773
W10004_0747/PHK76,-7.92741157634074,0.846597484378465,0.521016408328884,2.02307425575101
W10004_0747/PHP02,-7.92741157634074,0.846597484378465,0.521016408328884,2.02307425575101
W10004_0747/PHZ51,-7.92741157634074,0.846597484378465,0.521016408328884,2.02307425575101
W10004_0751/PHK76,-7.71190774535511,0.311398030456826,0.664813221294983,0.546692386613205
W10004_0751/PHP02,-7.71190774535511,0.311398030456826,0.664813221294983,0.546692386613205
W10004_0751/PHZ51,-7.71190774535511,0.311398030456826,0.664813221294983,0.546692386613205
W10004_0754/PHK76,-9.87161801536999,0.348865896578155,-0.106425106610503,1.50624154218572
W10004_0754/PHP02,-9.87161801536999,0.348865896578155,-0.106425106610503,1.50624154218572
W10004_0754/PHZ51,-9.87161801536999,0.348865896578155,-0.106425106610503,1.50624154218572
W10004_0756/PHK76,-8.52091306676785,0.0313226927042333,0.624805689502676,-2.73163625424611
W10004_0756/PHP02,-8.52091306676785,0.0313226927042333,0.624805689502676,-2.73163625424611
W10004_0756/PHZ51,-8.52091306676785,0.0313226927042333,0.624805689502676,-2.73163625424611
W10004_0757/PHK76,-8.33369419992974,0.728004710614923,-0.210675780935711,0.246706140064818
W10004_0757/PHP02,-8.33369419992974,0.728004710614923,-0.210675780935711,0.246706140064818
W10004_0757/PHZ51,-8.33369419992974,0.728004710614923,-0.210675780935711,0.246706140064818
W10004_0760/PHK76,-8.01301407199219,-0.311399400655018,0.268245618115756,-2.51531290661947
W10004_0760/PHP02,-8.01301407199219,-0.311399400655018,0.268245618115756,-2.51531290661947
W10004_0760/PHZ51,-8.01301407199219,-0.311399400655018,0.268245618115756,-2.51531290661947
W10004_0768/PHK76,-7.72608659060947,1.97548221233789,-1.3878658062994,-0.424609855177895
W10004_0768/PHP02,-7.72608659060947,1.97548221233789,-1.3878658062994,-0.424609855177895
W10004_0768/PHZ51,-7.72608659060947,1.97548221233789,-1.3878658062994,-0.424609855177895
W10004_0771/PHK76,-9.25884361023885,-0.397890616471098,-0.445237653739328,1.51839204910046
W10004_0771/PHP02,-9.25884361023885,-0.397890616471098,-0.445237653739328,1.51839204910046
W10004_0771/PHZ51,-9.25884361023885,-0.397890616471098,-0.445237653739328,1.51839204910046
W10004_0773/PHK76,-8.17410261332963,0.413900364319561,-0.637911479976353,-0.236765461886892
W10004_0773/PHP02,-8.17410261332963,0.413900364319561,-0.637911479976353,-0.236765461886892
W10004_0773/PHZ51,-8.17410261332963,0.413900364319561,-0.637911479976353,-0.236765461886892
W10004_0774/PHK76,-7.98672103345143,-0.689074429206825,-0.345253108288425,-5.40393681622225
W10004_0774/PHP02,-7.98672103345143,-0.689074429206825,-0.345253108288425,-5.40393681622225
W10004_0774/PHZ51,-7.98672103345143,-0.689074429206825,-0.345253108288425,-5.40393681622225
W10004_0775/PHK76,-8.10996480947359,0.0380123572751867,0.78388923872069,1.04751216981688
W10004_0775/PHP02,-8.10996480947359,0.0380123572751867,0.78388923872069,1.04751216981688
W10004_0775/PHZ51,-8.10996480947359,0.0380123572751867,0.78388923872069,1.04751216981688
W10004_0776/PHK76,-8.40435726709586,-0.010573760537214,0.241644496043562,1.10626562002225
W10004_0776/PHP02,-8.40435726709586,-0.010573760537214,0.241644496043562,1.10626562002225
W10004_0776/PHZ51,-8.40435726709586,-0.010573760537214,0.241644496043562,1.10626562002225
W10004_0779/PHK76,-8.49226702771806,-0.0376875072148454,-0.543150471630474,2.51168821150209
W10004_0779/PHP02,-8.49226702771806,-0.0376875072148454,-0.543150471630474,2.51168821150209
W10004_0779/PHZ51,-8.49226702771806,-0.0376875072148454,-0.543150471630474,2.51168821150209
W10004_0781/PHK76,-6.36311515080524,-0.321717623109677,0.251848540610166,-1.51795821128955
W10004_0781/PHP02,-6.36311515080524,-0.321717623109677,0.251848540610166,-1.51795821128955
W10004_0781/PHZ51,-6.36311515080524,-0.321717623109677,0.251848540610166,-1.51795821128955
W10004_0782/PHK76,-7.81486122706828,0.703192047315779,-0.216909535519732,0.102380601356838
W10004_0782/PHP02,-7.81486122706828,0.703192047315779,-0.216909535519732,0.102380601356838
W10004_0782/PHZ51,-7.81486122706828,0.703192047315779,-0.216909535519732,0.102380601356838
W10004_0783/PHK76,-8.31695421503711,-1.31295677552192,-0.154793712771516,0.613155860653654
W10004_0783/PHP02,-8.31695421503711,-1.31295677552192,-0.154793712771516,0.613155860653654
W10004_0783/PHZ51,-8.31695421503711,-1.31295677552192,-0.154793712771516,0.613155860653654
W10004_0784/PHK76,-8.77545639799196,0.696468191476425,-1.08891501690132,1.5102307925229
W10004_0784/PHP02,-8.77545639799196,0.696468191476425,-1.08891501690132,1.5102307925229
W10004_0784/PHZ51,-8.77545639799196,0.696468191476425,-1.08891501690132,1.5102307925229
W10004_0787/PHK76,-7.81654011837604,-1.17224898228281,0.450899727922867,-2.23852075602346
W10004_0787/PHP02,-7.81654011837604,-1.17224898228281,0.450899727922867,-2.23852075602346
W10004_0787/PHZ51,-7.81654011837604,-1.17224898228281,0.450899727922867,-2.23852075602346
W10004_0789/PHK76,-6.58775078747985,0.274210373521521,0.616295362557005,-1.72110370180361
W10004_0789/PHP02,-6.58775078747985,0.274210373521521,0.616295362557005,-1.72110370180361
W10004_0789/PHZ51,-6.58775078747985,0.274210373521521,0.616295362557005,-1.72110370180361
W10004_0792/PHK76,-7.01618484448524,-0.294002994543497,-0.115850185584939,1.38442962939347
W10004_0792/PHP02,-7.01618484448524,-0.294002994543497,-0.115850185584939,1.38442962939347
W10004_0792/PHZ51,-7.01618484448524,-0.294002994543497,-0.115850185584939,1.38442962939347
W10004_0794/PHK76,-8.33477647150598,-0.72939417327127,1.47542262901974,-2.56060338476459
W10004_0794/PHP02,-8.31688502993193,-0.721888139505079,1.43609547627775,-2.57359996416528
W10004_0794/PHZ51,-8.31688502993193,-0.721888139505079,1.43609547627775,-2.57359996416528
W10004_0795/PHK76,-7.95667668843168,1.44360378504738,-2.06488097111995,4.00879588174756
W10004_0795/PHP02,-7.95667668843168,1.44360378504738,-2.06488097111995,4.00879588174756
W10004_0795/PHZ51,-7.95667668843168,1.44360378504738,-2.06488097111995,4.00879588174756
W10004_0798/PHK76,-7.45291997290225,1.35557782534755,-0.62108266564077,1.41000787623426
W10004_0798/PHP02,-7.45291997290225,1.35557782534755,-0.62108266564077,1.41000787623426
W10004_0798/PHZ51,-7.45291997290225,1.35557782534755,-0.62108266564077,1.41000787623426
W10004_0799/PHK76,-8.71630586607081,-0.333620228176895,0.161018829348849,-0.403977197746123
W10004_0799/PHP02,-8.71630586607081,-0.333620228176895,0.161018829348849,-0.403977197746123
W10004_0799/PHZ51,-8.71630586607081,-0.333620228176895,0.161018829348849,-0.403977197746123
W10004_0800/PHK76,-8.3611913688927,0.872656961778473,-0.867436670775175,2.02786786631166
W10004_0800/PHP02,-8.3611913688927,0.872656961778473,-0.867436670775175,2.02786786631166
W10004_0800/PHZ51,-8.3611913688927,0.872656961778473,-0.867436670775175,2.02786786631166
W10004_0801/PHK76,-8.57005399308705,0.25679882620518,0.0600226944656531,0.247800866804748
W10004_0801/PHP02,-8.57005399308705,0.25679882620518,0.0600226944656531,0.247800866804748
W10004_0801/PHZ51,-8.57005399308705,0.25679882620518,0.0600226944656531,0.247800866804748
W10004_0802/PHK76,-7.95475068622877,-0.30585135459842,0.577725216335826,-2.57975929539003
W10004_0802/PHP02,-7.95475068622877,-0.30585135459842,0.577725216335826,-2.57975929539003
W10004_0802/PHZ51,-7.95475068622877,-0.30585135459842,0.577725216335826,-2.57975929539003
W10004_0803/PHK76,-8.00305894429257,0.494793167259256,0.170442411461453,1.22700803272388
W10004_0803/PHP02,-8.00305894429257,0.494793167259256,0.170442411461453,1.22700803272388
W10004_0803/PHZ51,-8.00305894429257,0.494793167259256,0.170442411461453,1.22700803272388
W10004_0806/PHK76,-8.89815013670458,-0.464278760679552,0.53028920429869,1.2851059121017
W10004_0806/PHP02,-8.89815013670458,-0.464278760679552,0.53028920429869,1.2851059121017
W10004_0806/PHZ51,-8.89815013670458,-0.464278760679552,0.53028920429869,1.2851059121017
W10004_0807/PHK76,-9.74655888299817,1.0632197890795,-0.418267494067748,2.77983531260971
W10004_0807/PHP02,-9.74655888299817,1.0632197890795,-0.418267494067748,2.77983531260971
W10004_0807/PHZ51,-9.74655888299817,1.0632197890795,-0.418267494067748,2.77983531260971
W10004_0812/PHK76,-7.27831585851981,-0.211217334340317,0.33437532545327,-1.95968831697909
W10004_0812/PHP02,-7.27831585851981,-0.211217334340317,0.33437532545327,-1.95968831697909
W10004_0812/PHZ51,-7.27831585851981,-0.211217334340317,0.33437532545327,-1.95968831697909
W10004_0814/PHK76,-8.06611134812454,0.110281609529748,-0.116592713999705,1.53481461228212
W10004_0814/PHP02,-8.06611134812454,0.110281609529748,-0.116592713999705,1.53481461228212
W10004_0814/PHZ51,-8.06611134812454,0.110281609529748,-0.116592713999705,1.53481461228212
W10004_0815/PHK76,-7.38065413729987,0.171595947115586,1.79061679177439,-1.66808664947512
W10004_0815/PHP02,-7.38065413729987,0.171595947115586,1.79061679177439,-1.66808664947512
W10004_0815/PHZ51,-7.38065413729987,0.171595947115586,1.79061679177439,-1.66808664947512
W10004_0818/PHK76,-6.65123862365481,0.609384093816302,-0.605930928632403,-2.58752501031561
W10004_0818/PHP02,-6.65123862365481,0.609384093816302,-0.605930928632403,-2.58752501031561
W10004_0818/PHZ51,-6.65123862365481,0.609384093816302,-0.605930928632403,-2.58752501031561
W10004_0819/PHK76,-7.45049849099052,0.221815728847115,0.339479469640192,-1.11314490080246
W10004_0819/PHP02,-7.45049849099052,0.221815728847115,0.339479469640192,-1.11314490080246
W10004_0819/PHZ51,-7.45049849099052,0.221815728847115,0.339479469640192,-1.11314490080246
W10004_0820/PHK76,-8.09967475070956,0.502712042896835,1.19686795112593,-0.0105477493808902
W10004_0820/PHP02,-8.09967475070956,0.502712042896835,1.19686795112593,-0.0105477493808902
W10004_0820/PHZ51,-8.09967475070956,0.502712042896835,1.19686795112593,-0.0105477493808902
W10004_0822/PHK76,-7.63624084820423,-0.455812909558901,0.114984160637851,2.11921211508766
W10004_0822/PHP02,-7.63624084820423,-0.455812909558901,0.114984160637851,2.11921211508766
W10004_0822/PHZ51,-7.63624084820423,-0.455812909558901,0.114984160637851,2.11921211508766
W10004_0823/PHK76,-7.66232349873653,0.523409740207146,1.2339861342285,-1.23951284228047
W10004_0823/PHP02,-7.66232349873653,0.523409740207146,1.2339861342285,-1.23951284228047
W10004_0823/PHZ51,-7.66232349873653,0.523409740207146,1.2339861342285,-1.23951284228047
W10004_0826/PHK76,-5.81488055568381,0.0844039817903444,-0.239156054971754,-1.87759489020123
W10004_0826/PHP02,-5.81488055568381,0.0844039817903444,-0.239156054971754,-1.87759489020123
W10004_0826/PHZ51,-5.81488055568381,0.0844039817903444,-0.239156054971754,-1.87759489020123
W10004_0827/PHK76,-7.93681324378464,0.168988176843769,-0.347571652364963,-0.0215982335322422
W10004_0827/PHP02,-7.91892180221058,0.17649421060996,-0.386898805106958,-0.0345948129329357
W10004_0827/PHZ51,-7.91892180221058,0.17649421060996,-0.386898805106958,-0.0345948129329357
W10004_0828/PHK76,-9.02474559727202,0.423867257688449,0.325188556125548,1.55120244046777
W10004_0828/PHP02,-9.02474559727202,0.423867257688449,0.325188556125548,1.55120244046777
W10004_0828/PHZ51,-9.02474559727202,0.423867257688449,0.325188556125548,1.55120244046777
W10004_0830/PHK76,-6.58074571015618,-0.347709005584556,1.69034699004465,-4.14718915633711
W10004_0830/PHP02,-6.58074571015618,-0.347709005584556,1.69034699004465,-4.14718915633711
W10004_0830/PHZ51,-6.58074571015618,-0.347709005584556,1.69034699004465,-4.14718915633711
W10004_0832/PHK76,-8.36213543851216,2.64026472281231,-1.76262557208017,3.26127321758082
W10004_0832/PHP02,-8.36213543851216,2.64026472281231,-1.76262557208017,3.26127321758082
W10004_0832/PHZ51,-8.36213543851216,2.64026472281231,-1.76262557208017,3.26127321758082
W10004_0833/PHK76,-8.02802304277232,0.455750831860206,0.11482823131973,4.20501046495504
W10004_0833/PHP02,-8.02802304277232,0.455750831860206,0.11482823131973,4.20501046495504
W10004_0833/PHZ51,-8.02802304277232,0.455750831860206,0.11482823131973,4.20501046495504
W10004_0834/PHK76,-8.44376288264944,0.474078275231445,-0.745929975102378,1.53802952366528
W10004_0834/PHP02,-8.44376288264944,0.474078275231445,-0.745929975102378,1.53802952366528
W10004_0834/PHZ51,-8.44376288264944,0.474078275231445,-0.745929975102378,1.53802952366528
W10004_0836/PHK76,-9.4060157325636,0.52869628678553,0.0937121925117544,-1.04678499673839
W10004_0836/PHP02,-9.4060157325636,0.52869628678553,0.0937121925117544,-1.04678499673839
W10004_0836/PHZ51,-9.4060157325636,0.52869628678553,0.0937121925117544,-1.04678499673839
W10004_0837/PHK76,-6.63923853377449,0.0614656588726709,1.6778958318867,-1.60568290925456
W10004_0837/PHP02,-6.63923853377449,0.0614656588726709,1.6778958318867,-1.60568290925456
W10004_0837/PHZ51,-6.63923853377449,0.0614656588726709,1.6778958318867,-1.60568290925456
W10004_0840/PHK76,-8.40840409073883,0.0806437184033148,0.146942677150442,-1.72992601460122
W10004_0840/PHP02,-8.39051264916478,0.0881497521695054,0.107615524408447,-1.74292259400192
W10004_0840/PHZ51,-8.39051264916478,0.0881497521695054,0.107615524408447,-1.74292259400192
W10004_0842/PHK76,-8.03906588078713,0.716166935222356,-0.87901327103977,3.75845709476983
W10004_0842/PHP02,-8.02117443921308,0.723672968988547,-0.918340423781765,3.74546051536913
W10004_0842/PHZ51,-8.02117443921308,0.723672968988547,-0.918340423781765,3.74546051536913
W10004_0843/PHK76,-7.61732988580458,0.174118930397666,-0.23422842924,-1.98288591633751
W10004_0843/PHP02,-7.61732988580458,0.174118930397666,-0.23422842924,-1.98288591633751
W10004_0843/PHZ51,-7.61732988580458,0.174118930397666,-0.23422842924,-1.98288591633751
W10004_0844/PHK76,-7.48319391546536,0.130209688742862,-1.0922936603632,-1.94919826683089
W10004_0844/PHP02,-7.48319391546536,0.130209688742862,-1.0922936603632,-1.94919826683089
W10004_0844/PHZ51,-7.48319391546536,0.130209688742862,-1.0922936603632,-1.94919826683089
W10004_0847/PHK76,-7.8141869839419,-0.2999320839278,0.0125663685725556,-6.51182000751481
W10004_0847/PHP02,-7.8141869839419,-0.2999320839278,0.0125663685725556,-6.51182000751481
W10004_0847/PHZ51,-7.8141869839419,-0.2999320839278,0.0125663685725556,-6.51182000751481
W10004_0848/PHK76,-9.35842317219963,0.185573922433519,-0.335844708460071,2.77833145403949
W10004_0848/PHP02,-9.35842317219963,0.185573922433519,-0.335844708460071,2.77833145403949
W10004_0848/PHZ51,-9.35842317219963,0.185573922433519,-0.335844708460071,2.77833145403949
W10004_0851/PHK76,-8.43999379557203,-0.0480878679901168,1.3869110828407,-1.06740380374728
W10004_0851/PHP02,-8.43999379557203,-0.0480878679901168,1.3869110828407,-1.06740380374728
W10004_0851/PHZ51,-8.43999379557203,-0.0480878679901168,1.3869110828407,-1.06740380374728
W10004_0852/PHK76,-6.44557257754416,0.0890252227407605,0.545756149340092,-2.60042585615279
W10004_0852/PHP02,-6.44557257754416,0.0890252227407605,0.545756149340092,-2.60042585615279
W10004_0852/PHZ51,-6.44557257754416,0.0890252227407605,0.545756149340092,-2.60042585615279
W10004_0856/PHK76,-7.94968173730534,-0.674016114408922,1.16099838811186,-3.24679350941329
W10004_0856/PHP02,-7.94968173730534,-0.674016114408922,1.16099838811186,-3.24679350941329
W10004_0856/PHZ51,-7.94968173730534,-0.674016114408922,1.16099838811186,-3.24679350941329
W10004_0858/PHK76,-5.85645821382957,1.86863161241915,-0.698931228039945,1.12036671056086
W10004_0858/PHP02,-5.85645821382957,1.86863161241915,-0.698931228039945,1.12036671056086
W10004_0858/PHZ51,-5.85645821382957,1.86863161241915,-0.698931228039945,1.12036671056086
W10004_0859/PHK76,-8.39886962436709,2.7707645259767,-1.27388723804023,-1.08266630469239
W10004_0859/PHP02,-8.39886962436709,2.7707645259767,-1.27388723804023,-1.08266630469239
W10004_0859/PHZ51,-8.39886962436709,2.7707645259767,-1.27388723804023,-1.08266630469239
W10004_0866/PHK76,-7.27892484699926,0.460129533907954,0.844734817724634,0.588333813429656
W10004_0866/PHP02,-7.27892484699926,0.460129533907954,0.844734817724634,0.588333813429656
W10004_0866/PHZ51,-7.27892484699926,0.460129533907954,0.844734817724634,0.588333813429656
W10004_0868/PHK76,-8.65121673899502,-0.212152636662206,-0.174415287079912,3.8173640905131
W10004_0868/PHP02,-8.65121673899502,-0.212152636662206,-0.174415287079912,3.8173640905131
W10004_0868/PHZ51,-8.65121673899502,-0.212152636662206,-0.174415287079912,3.8173640905131
W10004_0869/PHK76,-8.19083768084378,0.243341485511324,-0.348901629986461,1.68073806253924
W10004_0869/PHP02,-8.19083768084378,0.243341485511324,-0.348901629986461,1.68073806253924
W10004_0869/PHZ51,-8.19083768084378,0.243341485511324,-0.348901629986461,1.68073806253924
W10004_0876/PHK76,-8.75425921931948,0.321778906342963,-0.472305345559312,1.72330676631653
W10004_0876/PHP02,-8.75425921931948,0.321778906342963,-0.472305345559312,1.72330676631653
W10004_0876/PHZ51,-8.75425921931948,0.321778906342963,-0.472305345559312,1.72330676631653
W10004_0877/PHK76,-7.58513552568631,-0.36445706981495,-1.43553273063825,-0.437715523247261
W10004_0877/PHP02,-7.56724408411225,-0.356951036048759,-1.47485988338025,-0.450712102647954
W10004_0877/PHZ51,-7.56724408411225,-0.356951036048759,-1.47485988338025,-0.450712102647954
W10004_0879/PHK76,-9.20571136432237,0.674070986435226,-1.33373412320957,3.57371887293817
W10004_0879/PHP02,-9.20571136432237,0.674070986435226,-1.33373412320957,3.57371887293817
W10004_0879/PHZ51,-9.20571136432237,0.674070986435226,-1.33373412320957,3.57371887293817
W10004_0884/PHK76,-6.24181134835911,3.1451930589859,-0.974441258666155,-0.010109596518964
W10004_0884/PHP02,-6.24181134835911,3.1451930589859,-0.974441258666155,-0.010109596518964
W10004_0884/PHZ51,-6.24181134835911,3.1451930589859,-0.974441258666155,-0.010109596518964
W10004_0885/PHK76,-7.58874271626727,-0.0538397190914094,0.715653717784354,-2.65145199225194
W10004_0885/PHP02,-7.57085127469322,-0.0463336853252188,0.676326565042358,-2.66444857165264
W10004_0885/PHZ51,-7.57085127469322,-0.0463336853252188,0.676326565042358,-2.66444857165264
W10004_0886/PHK76,-7.28570471581703,1.39282379324815,0.0952853210235275,-1.87567968003583
W10004_0886/PHP02,-7.28570471581703,1.39282379324815,0.0952853210235275,-1.87567968003583
W10004_0886/PHZ51,-7.28570471581703,1.39282379324815,0.0952853210235275,-1.87567968003583
W10004_0888/PHK76,-7.58275420856408,-0.277875374236005,0.626612910778289,-1.07066939429846
W10004_0888/PHP02,-7.56486276699003,-0.270369340469814,0.587285758036293,-1.08366597369916
W10004_0888/PHZ51,-7.56486276699003,-0.270369340469814,0.587285758036293,-1.08366597369916
W10004_0889/PHK76,-8.17559764618329,0.422256644272892,-0.42798296097686,-0.0190206008181138
W10004_0889/PHP02,-8.17559764618329,0.422256644272892,-0.42798296097686,-0.0190206008181138
W10004_0889/PHZ51,-8.17559764618329,0.422256644272892,-0.42798296097686,-0.0190206008181138
W10004_0891/PHK76,-5.38713881675269,1.91228430648645,-0.426577834806053,0.508718192500177
W10004_0891/PHP02,-5.38713881675269,1.91228430648645,-0.426577834806053,0.508718192500177
W10004_0891/PHZ51,-5.38713881675269,1.91228430648645,-0.426577834806053,0.508718192500177
W10004_0892/PHK76,-8.31509853733486,0.582219688621182,-0.744736981193499,3.84810776231767
W10004_0892/PHP02,-8.31509853733486,0.582219688621182,-0.744736981193499,3.84810776231767
W10004_0892/PHZ51,-8.31509853733486,0.582219688621182,-0.744736981193499,3.84810776231767
W10004_0894/PHK76,-7.93344193781807,-0.489888478137231,0.643791658736868,-0.404165757074392
W10004_0894/PHP02,-7.93344193781807,-0.489888478137231,0.643791658736868,-0.404165757074392
W10004_0894/PHZ51,-7.93344193781807,-0.489888478137231,0.643791658736868,-0.404165757074392
W10004_0896/PHK76,-7.12670587757202,-0.704783374775317,0.490546398029896,-3.83638905116873
W10004_0896/PHP02,-7.12670587757202,-0.704783374775317,0.490546398029896,-3.83638905116873
W10004_0896/PHZ51,-7.12670587757202,-0.704783374775317,0.490546398029896,-3.83638905116873
W10004_0897/PHK76,-6.84363810220543,0.690981247064087,0.0522393999218427,0.734906700014434
W10004_0897/PHZ51,-6.84363810220543,0.690981247064087,0.0522393999218427,0.734906700014434
W10004_0900/PHK76,-8.3871541471128,3.45238578193303,-1.16050761630715,2.3114568851986
W10004_0900/PHP02,-8.3871541471128,3.45238578193303,-1.16050761630715,2.3114568851986
W10004_0900/PHZ51,-8.3871541471128,3.45238578193303,-1.16050761630715,2.3114568851986
W10004_0901/PHK76,-8.23451645368568,1.47442743913382,-0.062238580844257,1.96610046334068
W10004_0901/PHP02,-8.23451645368568,1.47442743913382,-0.062238580844257,1.96610046334068
W10004_0901/PHZ51,-8.23451645368568,1.47442743913382,-0.062238580844257,1.96610046334068
W10004_0907/PHK76,-8.84699868439191,-0.232533755883968,0.310328917520228,-2.7592317453701
W10004_0907/PHP02,-8.84699868439191,-0.232533755883968,0.310328917520228,-2.7592317453701
W10004_0907/PHZ51,-8.84699868439191,-0.232533755883968,0.310328917520228,-2.7592317453701
W10004_0913/PHK76,-8.16860633797086,1.00924180427645,0.131781931651827,2.10156365583878
W10004_0913/PHP02,-8.16860633797086,1.00924180427645,0.131781931651827,2.10156365583878
W10004_0913/PHZ51,-8.16860633797086,1.00924180427645,0.131781931651827,2.10156365583878
W10004_0914/PHK76,-8.6789489650656,1.44003146709523,-0.867693728509712,2.31794197716984
W10004_0914/PHP02,-8.6789489650656,1.44003146709523,-0.867693728509712,2.31794197716984
W10004_0914/PHZ51,-8.6789489650656,1.44003146709523,-0.867693728509712,2.31794197716984
W10004_0916/PHK76,-9.01781474099721,-0.12426627591874,-0.588773667100796,2.84809263633942
W10004_0916/PHP02,-9.01781474099721,-0.12426627591874,-0.588773667100796,2.84809263633942
W10004_0916/PHZ51,-9.01781474099721,-0.12426627591874,-0.588773667100796,2.84809263633942
W10004_0918/PHK76,-7.78170252027629,1.29083859430643,-0.350461117918388,1.12305303717704
W10004_0918/PHP02,-7.76381107870224,1.29834462807262,-0.389788270660383,1.11005645777634
W10004_0918/PHZ51,-7.76381107870224,1.29834462807262,-0.389788270660383,1.11005645777634
W10004_0920/PHK76,-7.04151620524888,2.46058071764155,-0.893013126382962,2.17595421571609
W10004_0920/PHP02,-7.04151620524888,2.46058071764155,-0.893013126382962,2.17595421571609
W10004_0920/PHZ51,-7.04151620524888,2.46058071764155,-0.893013126382962,2.17595421571609
W10004_0922/PHK76,-7.31434693837553,-1.92985717522845,0.401380642083685,-6.05424630423856
W10004_0922/PHP02,-7.31434693837553,-1.92985717522845,0.401380642083685,-6.05424630423856
W10004_0922/PHZ51,-7.31434693837553,-1.92985717522845,0.401380642083685,-6.05424630423856
W10004_0928/PHK76,-7.10293267494237,-0.137374273929801,1.44670075441655,-3.65365860571136
W10004_0928/PHP02,-7.10293267494237,-0.137374273929801,1.44670075441655,-3.65365860571136
W10004_0928/PHZ51,-7.10293267494237,-0.137374273929801,1.44670075441655,-3.65365860571136
W10004_0930/PHK76,-6.65527988721665,-0.0439742437170928,0.230367146150384,-1.3660599944021
W10004_0930/PHP02,-6.65527988721665,-0.0439742437170928,0.230367146150384,-1.3660599944021
W10004_0930/PHZ51,-6.65527988721665,-0.0439742437170928,0.230367146150384,-1.3660599944021
W10004_0932/PHK76,-7.10336939328096,-0.839159895653702,0.902663695362971,-4.52965355682311
W10004_0932/PHP02,-7.10336939328096,-0.839159895653702,0.902663695362971,-4.52965355682311
W10004_0932/PHZ51,-7.10336939328096,-0.839159895653702,0.902663695362971,-4.52965355682311
W10004_0935/PHK76,-7.73920192045138,0.883709176219991,-1.57574033702761,1.09246877954825
W10004_0935/PHP02,-7.73920192045138,0.883709176219991,-1.57574033702761,1.09246877954825
W10004_0935/PHZ51,-7.73920192045138,0.883709176219991,-1.57574033702761,1.09246877954825
W10004_0938/PHK76,-7.8015032775933,2.21451700733507,-1.2298551914941,3.35182065891839
W10004_0938/PHP02,-7.8015032775933,2.21451700733507,-1.2298551914941,3.35182065891839
W10004_0938/PHZ51,-7.8015032775933,2.21451700733507,-1.2298551914941,3.35182065891839
W10004_0940/PHK76,-8.05639658707308,0.347620515781675,-0.340183902464104,-0.884926353306934
W10004_0940/PHP02,-8.05639658707308,0.347620515781675,-0.340183902464104,-0.884926353306934
W10004_0940/PHZ51,-8.05639658707308,0.347620515781675,-0.340183902464104,-0.884926353306934
W10004_0943/PHK76,-6.18552721960184,-0.669972841615645,1.39108737497772,-3.96222470606094
W10004_0943/PHP02,-6.18552721960184,-0.669972841615645,1.39108737497772,-3.96222470606094
W10004_0943/PHZ51,-6.18552721960184,-0.669972841615645,1.39108737497772,-3.96222470606094
W10004_0949/PHK76,-8.05152111710653,-1.29711763929881,-1.05869597521665,2.21718714739395
W10004_0949/PHP02,-8.05152111710653,-1.29711763929881,-1.05869597521665,2.21718714739395
W10004_0949/PHZ51,-8.05152111710653,-1.29711763929881,-1.05869597521665,2.21718714739395
W10004_0950/PHK76,-8.42343575317839,-0.0243365043910417,0.032069224629529,-1.43247466450347
W10004_0950/PHP02,-8.42343575317839,-0.0243365043910417,0.032069224629529,-1.43247466450347
W10004_0950/PHZ51,-8.42343575317839,-0.0243365043910417,0.032069224629529,-1.43247466450347
W10004_0951/PHK76,-7.45691476180783,-0.141758451757883,-0.708411482421859,1.30156770783651
W10004_0951/PHP02,-7.45691476180783,-0.141758451757883,-0.708411482421859,1.30156770783651
W10004_0951/PHZ51,-7.45691476180783,-0.141758451757883,-0.708411482421859,1.30156770783651
W10004_0953/PHK76,-5.47397858390401,1.7110965904328,-0.569965005973253,1.06379694694453
W10004_0953/PHP02,-5.47397858390401,1.7110965904328,-0.569965005973253,1.06379694694453
W10004_0953/PHZ51,-5.47397858390401,1.7110965904328,-0.569965005973253,1.06379694694453
W10004_0955/PHK76,-8.0012362596186,-0.686265078526366,-0.317720142121655,-0.176929145451455
W10004_0955/PHP02,-8.0012362596186,-0.686265078526366,-0.317720142121655,-0.176929145451455
W10004_0955/PHZ51,-8.0012362596186,-0.686265078526366,-0.317720142121655,-0.176929145451455
W10004_0956/PHK76,-8.34062380903894,0.61333736008785,0.485366892777164,2.85135236435403
W10004_0956/PHP02,-8.34062380903894,0.61333736008785,0.485366892777164,2.85135236435403
W10004_0956/PHZ51,-8.34062380903894,0.61333736008785,0.485366892777164,2.85135236435403
W10004_0963/PHK76,-7.71330602209221,-0.160837545273029,0.755834617522105,-2.06282604602612
W10004_0963/PHP02,-7.71330602209221,-0.160837545273029,0.755834617522105,-2.06282604602612
W10004_0963/PHZ51,-7.71330602209221,-0.160837545273029,0.755834617522105,-2.06282604602612
W10004_0964/PHK76,-4.61156533542895,-0.225174733162465,0.361324766646284,-0.452532092299405
W10004_0964/PHP02,-4.61156533542895,-0.225174733162465,0.361324766646284,-0.452532092299405
W10004_0964/PHZ51,-4.61156533542895,-0.225174733162465,0.361324766646284,-0.452532092299405
W10004_0965/PHK76,-8.19891675314122,-0.605390298389653,-0.394123958292558,0.47359259046057
W10004_0965/PHP02,-8.19891675314122,-0.605390298389653,-0.394123958292558,0.47359259046057
W10004_0965/PHZ51,-8.19891675314122,-0.605390298389653,-0.394123958292558,0.47359259046057
W10004_0966/PHK76,-9.70652123667646,0.74698555589871,-0.17099317037847,2.97705581465709
W10004_0966/PHP02,-9.70652123667646,0.74698555589871,-0.17099317037847,2.97705581465709
W10004_0966/PHZ51,-9.70652123667646,0.74698555589871,-0.17099317037847,2.97705581465709
W10004_0969/PHK76,-8.87664243096553,1.19570757623834,-0.930116313329086,1.85785969052202
W10004_0969/PHP02,-8.87664243096553,1.19570757623834,-0.930116313329086,1.85785969052202
W10004_0969/PHZ51,-8.87664243096553,1.19570757623834,-0.930116313329086,1.85785969052202
W10004_0970/PHK76,-7.43239297677863,0.022377750510172,0.182037102196378,-0.152252956699562
W10004_0970/PHP02,-7.43239297677863,0.022377750510172,0.182037102196378,-0.152252956699562
W10004_0970/PHZ51,-7.43239297677863,0.022377750510172,0.182037102196378,-0.152252956699562
W10004_0971/PHK76,-8.07428659376288,0.953698139394614,-0.357047749511763,-0.641106659982388
W10004_0971/PHP02,-8.07428659376288,0.953698139394614,-0.357047749511763,-0.641106659982388
W10004_0971/PHZ51,-8.07428659376288,0.953698139394614,-0.357047749511763,-0.641106659982388
W10004_0974/PHK76,-7.96603315837034,0.424369500760871,-2.41380669576453,7.08722658636371
W10004_0974/PHP02,-7.96603315837034,0.424369500760871,-2.41380669576453,7.08722658636371
W10004_0974/PHZ51,-7.96603315837034,0.424369500760871,-2.41380669576453,7.08722658636371
W10004_0975/PHK76,-8.57545482675171,0.140831322961399,0.108644570342524,1.01085803549083
W10004_0975/PHP02,-8.57545482675171,0.140831322961399,0.108644570342524,1.01085803549083
W10004_0975/PHZ51,-8.57545482675171,0.140831322961399,0.108644570342524,1.01085803549083
W10004_0981/PHK76,-7.81662660009698,-0.398953517551041,0.975809293094908,-3.55076301425033
W10004_0981/PHP02,-7.81662660009698,-0.398953517551041,0.975809293094908,-3.55076301425033
W10004_0981/PHZ51,-7.81662660009698,-0.398953517551041,0.975809293094908,-3.55076301425033
W10004_0982/PHK76,-8.93267618675953,1.41034235775695,-0.18407738121915,-2.00497794418051
W10004_0982/PHP02,-8.93267618675953,1.41034235775695,-0.18407738121915,-2.00497794418051
W10004_0982/PHZ51,-8.93267618675953,1.41034235775695,-0.18407738121915,-2.00497794418051
W10004_0984/PHK76,-8.65844108664329,-0.495137589636132,-0.429703501661175,1.03770929218412
W10004_0984/PHP02,-8.65844108664329,-0.495137589636132,-0.429703501661175,1.03770929218412
W10004_0984/PHZ51,-8.65844108664329,-0.495137589636132,-0.429703501661175,1.03770929218412
W10004_0988/PHK76,-6.98613702912388,-1.04238926068587,-1.36240254597947,-2.70069120785268
W10004_0988/PHP02,-6.98613702912388,-1.04238926068587,-1.36240254597947,-2.70069120785268
W10004_0988/PHZ51,-6.98613702912388,-1.04238926068587,-1.36240254597947,-2.70069120785268
W10004_0991/PHK76,-9.16526627596059,-0.349305167176116,-0.0611949914339543,0.508577631815304
W10004_0991/PHP02,-9.16526627596059,-0.349305167176116,-0.0611949914339543,0.508577631815304
W10004_0991/PHZ51,-9.16526627596059,-0.349305167176116,-0.0611949914339543,0.508577631815304
W10004_0996/PHK76,-9.51780320039921,0.702120122740623,-0.615611929815692,0.0896992523291281
W10004_0996/PHP02,-9.49991175882516,0.709626156506814,-0.654939082557687,0.0767026729284344
W10004_0996/PHZ51,-9.49991175882516,0.709626156506814,-0.654939082557687,0.0767026729284344
W10004_0997/PHK76,-6.90570356815754,0.982086177543711,-1.84331514919398,0.00395328561866312
W10004_0997/PHP02,-6.90570356815754,0.982086177543711,-1.84331514919398,0.00395328561866312
W10004_0997/PHZ51,-6.90570356815754,0.982086177543711,-1.84331514919398,0.00395328561866312
W10004_1000/PHK76,-7.34691085716945,-0.749653719367067,0.000465796146277241,-3.59318805306005
W10004_1000/PHP02,-7.34691085716945,-0.749653719367067,0.000465796146277241,-3.59318805306005
W10004_1000/PHZ51,-7.34691085716945,-0.749653719367067,0.000465796146277241,-3.59318805306005
W10004_1001/PHK76,-8.5386983140061,0.111681182339905,-0.878492221912694,-0.334380563155739
W10004_1001/PHP02,-8.52080687243205,0.119187216106095,-0.91781937465469,-0.347377142556432
W10004_1001/PHZ51,-8.52080687243205,0.119187216106095,-0.91781937465469,-0.347377142556432
W10004_1002/PHK76,-6.7401672952217,0.735158018356431,0.882144281330312,-3.39888953739318
W10004_1002/PHP02,-6.7401672952217,0.735158018356431,0.882144281330312,-3.39888953739318
W10004_1002/PHZ51,-6.7401672952217,0.735158018356431,0.882144281330312,-3.39888953739318
W10004_1004/PHK76,-8.41340101381132,1.39716598326205,-1.00529650864892,2.06104076270099
W10004_1004/PHP02,-8.41340101381132,1.39716598326205,-1.00529650864892,2.06104076270099
W10004_1004/PHZ51,-8.41340101381132,1.39716598326205,-1.00529650864892,2.06104076270099
W10004_1007/PHK76,-8.73837952329729,0.206306634165942,-1.98013960438436,3.5677975322972
W10004_1007/PHP02,-8.73837952329729,0.206306634165942,-1.98013960438436,3.5677975322972
W10004_1007/PHZ51,-8.73837952329729,0.206306634165942,-1.98013960438436,3.5677975322972
W10004_1011/PHK76,-7.9499697009748,0.30876375275778,0.30532235470626,0.710557390471284
W10004_1011/PHP02,-7.9499697009748,0.30876375275778,0.30532235470626,0.710557390471284
W10004_1011/PHZ51,-7.9499697009748,0.30876375275778,0.30532235470626,0.710557390471284
W10004_1014/PHK76,-8.12399294899107,0.0670847748141057,0.0508416192611673,-0.86316050109471
W10004_1014/PHP02,-8.10610150741702,0.0745908085802962,0.0115144665191721,-0.876157080495404
W10004_1014/PHZ51,-8.10610150741702,0.0745908085802962,0.0115144665191721,-0.876157080495404
W10004_1015/PHK76,-7.80904332200168,-1.43609448932032,0.551252435156914,-5.96388958542368
W10004_1015/PHP02,-7.80904332200168,-1.43609448932032,0.551252435156914,-5.96388958542368
W10004_1015/PHZ51,-7.80904332200168,-1.43609448932032,0.551252435156914,-5.96388958542368
W10004_1018/PHK76,-6.75972410770666,-0.403403852125822,0.853317520824003,-0.89376204878471
W10004_1018/PHP02,-6.74183266613261,-0.395897818359631,0.813990368082008,-0.906758628185404
W10004_1018/PHZ51,-6.74183266613261,-0.395897818359631,0.813990368082008,-0.906758628185404
W10004_1020/PHK76,-8.92422745565512,-0.634167711977982,-0.675229182947119,-1.60822980762644
W10004_1020/PHP02,-8.92422745565512,-0.634167711977982,-0.675229182947119,-1.60822980762644
W10004_1020/PHZ51,-8.92422745565512,-0.634167711977982,-0.675229182947119,-1.60822980762644
W10004_1032/PHK76,-6.99038999646314,0.709206165336921,0.348817958644211,-3.30845061961462
W10004_1032/PHP02,-6.99038999646314,0.709206165336921,0.348817958644211,-3.30845061961462
W10004_1032/PHZ51,-6.99038999646314,0.709206165336921,0.348817958644211,-3.30845061961462
W10004_1037/PHK76,-7.43762236150825,0.794820693102513,-1.13345490828553,0.987963370033882
W10004_1037/PHP02,-7.4197309199342,0.802326726868704,-1.17278206102753,0.974966790633189
W10004_1037/PHZ51,-7.4197309199342,0.802326726868704,-1.17278206102753,0.974966790633189
W10004_1045/PHK76,-6.98186094821608,-0.455601620503957,0.389030856611786,-2.36834668477772
W10004_1045/PHP02,-6.98186094821608,-0.455601620503957,0.389030856611786,-2.36834668477772
W10004_1045/PHZ51,-6.98186094821608,-0.455601620503957,0.389030856611786,-2.36834668477772
W10004_1052/PHK76,-7.1799897896374,2.9925365300599,-0.851119839947227,1.64164161534867
W10004_1052/PHP02,-7.1799897896374,2.9925365300599,-0.851119839947227,1.64164161534867
W10004_1052/PHZ51,-7.1799897896374,2.9925365300599,-0.851119839947227,1.64164161534867
W10004_1057/PHK76,-8.76872532183792,0.325996765639412,1.78704866619143,-3.05551538144972
W10004_1057/PHP02,-8.76872532183792,0.325996765639412,1.78704866619143,-3.05551538144972
W10004_1057/PHZ51,-8.76872532183792,0.325996765639412,1.78704866619143,-3.05551538144972
W10004_1063/PHK76,-8.4327815390186,0.723388819266775,0.0792826285118721,-0.730023497762784
W10004_1063/PHP02,-8.4327815390186,0.723388819266775,0.0792826285118721,-0.730023497762784
W10004_1063/PHZ51,-8.4327815390186,0.723388819266775,0.0792826285118721,-0.730023497762784
W10004_1064/PHK76,-7.8924760453289,0.560339790049405,0.205673731773156,-1.61737627975055
W10004_1064/PHP02,-7.8924760453289,0.560339790049405,0.205673731773156,-1.61737627975055
W10004_1064/PHZ51,-7.8924760453289,0.560339790049405,0.205673731773156,-1.61737627975055
W10004_1072/PHK76,-8.13752241403283,0.394942732893064,0.64436216174133,0.565684967587539
W10004_1072/PHP02,-8.13752241403283,0.394942732893064,0.64436216174133,0.565684967587539
W10004_1072/PHZ51,-8.13752241403283,0.394942732893064,0.64436216174133,0.565684967587539
W10004_1080/PHK76,-8.136552788985,0.809033874389539,-0.838801238019178,4.41525593273605
W10004_1080/PHP02,-8.136552788985,0.809033874389539,-0.838801238019178,4.41525593273605
W10004_1080/PHZ51,-8.136552788985,0.809033874389539,-0.838801238019178,4.41525593273605
W10004_1081/PHK76,-6.18083300609683,2.07298093206128,-1.48558006036447,2.79049295540486
W10004_1081/PHP02,-6.18083300609683,2.07298093206128,-1.48558006036447,2.79049295540486
W10004_1081/PHZ51,-6.18083300609683,2.07298093206128,-1.48558006036447,2.79049295540486
W10004_1084/PHK76,-6.491946762973,1.00703035258534,0.0622344057480433,-0.171562293653404
W10004_1084/PHP02,-6.491946762973,1.00703035258534,0.0622344057480433,-0.171562293653404
W10004_1084/PHZ51,-6.491946762973,1.00703035258534,0.0622344057480433,-0.171562293653404
W10004_1099/PHK76,-7.41398423125572,0.864648921013,-0.0874729610043121,1.4139275455138
W10004_1099/PHP02,-7.41398423125572,0.864648921013,-0.0874729610043121,1.4139275455138
W10004_1099/PHZ51,-7.41398423125572,0.864648921013,-0.0874729610043121,1.4139275455138
W10004_1104/PHK76,-8.90016179337845,1.32847593034254,0.62763561785244,1.39578778107979
W10004_1104/PHP02,-8.90016179337845,1.32847593034254,0.62763561785244,1.39578778107979
W10004_1104/PHZ51,-8.90016179337845,1.32847593034254,0.62763561785244,1.39578778107979
W10004_1105/PHK76,-7.93077047057526,-0.345072828741688,-0.49698725078111,-1.2963404491923
W10004_1105/PHP02,-7.93077047057526,-0.345072828741688,-0.49698725078111,-1.2963404491923
W10004_1105/PHZ51,-7.93077047057526,-0.345072828741688,-0.49698725078111,-1.2963404491923
W10004_1112/PHK76,0.0357782110050195,-0.283232863057806,0.522218719863705,-1.03964120134889
W10004_1112/PHP02,0.0357782110050195,-0.283232863057806,0.522218719863705,-1.03964120134889
W10004_1112/PHZ51,0.0357782110050195,-0.283232863057806,0.522218719863705,-1.03964120134889
W10004_1117/PHK76,-6.93189579143704,-0.0490454811215913,0.946270960552431,-4.33366748269375
W10004_1117/PHP02,-6.93189579143704,-0.0490454811215913,0.946270960552431,-4.33366748269375
W10004_1117/PHZ51,-6.93189579143704,-0.0490454811215913,0.946270960552431,-4.33366748269375
W10004_1118/PHK76,-8.8895783505876,0.239772708166669,0.922047850432527,0.583846868145019
W10004_1118/PHP02,-8.8895783505876,0.239772708166669,0.922047850432527,0.583846868145019
W10004_1118/PHZ51,-8.8895783505876,0.239772708166669,0.922047850432527,0.583846868145019
W10004_1123/PHK76,-5.79863893398596,3.58790729039949,-1.42708507901445,0.507282449667359
W10004_1123/PHP02,-5.79863893398596,3.58790729039949,-1.42708507901445,0.507282449667359
W10004_1123/PHZ51,-5.79863893398596,3.58790729039949,-1.42708507901445,0.507282449667359
W10004_1140/PHK76,-6.82817615637496,0.854319806835683,1.0266582064467,-1.19692765649547
W10004_1140/PHP02,-6.82817615637496,0.854319806835683,1.0266582064467,-1.19692765649547
W10004_1140/PHZ51,-6.82817615637496,0.854319806835683,1.0266582064467,-1.19692765649547
W10004_1143/PHK76,-7.01748362543225,-0.766952835744892,1.47599985530287,-5.38159266516547
W10004_1143/PHP02,-7.01748362543225,-0.766952835744892,1.47599985530287,-5.38159266516547
W10004_1143/PHZ51,-7.01748362543225,-0.766952835744892,1.47599985530287,-5.38159266516547
W10004_1146/PHK76,-7.25474107212917,0.175141959668574,-1.06886431759105,1.65886150506094
W10004_1146/PHP02,-7.25474107212917,0.175141959668574,-1.06886431759105,1.65886150506094
W10004_1146/PHZ51,-7.25474107212917,0.175141959668574,-1.06886431759105,1.65886150506094
W10004_1156/PHK76,-8.60528981149855,0.805121532812392,-0.690308335193474,2.35653870024925
W10004_1156/PHP02,-8.60528981149855,0.805121532812392,-0.690308335193474,2.35653870024925
W10004_1156/PHZ51,-8.60528981149855,0.805121532812392,-0.690308335193474,2.35653870024925
