SNP,Chromosome,Position,DF,t Value,std Error,effect
S1_1007742,1,1007742,NA,NA,NA,0.86496854326013
S1_1020677,1,1020677,NA,NA,NA,0.952570023568802
S1_2018002,1,2018002,NA,NA,NA,0.827517754232756
S1_2275970,1,2275970,NA,NA,NA,0.998088440896724
S1_2800964,1,2800964,NA,NA,NA,0.773309947021753
S1_2811950,1,2811950,NA,NA,NA,0.690224833753548
S1_2888631,1,2888631,NA,NA,NA,0.111964636752226
S1_3023078,1,3023078,NA,NA,NA,0.926521963957154
S1_3027593,1,3027593,NA,NA,NA,0.985867127116323
S1_3113549,1,3113549,NA,NA,NA,0.999495612337326
S1_3165324,1,3165324,NA,NA,NA,0.86496854326013
S1_3224170,1,3224170,NA,NA,NA,0.852641732699591
S1_3370337,1,3370337,NA,NA,NA,0.970343676176615
S1_3371362,1,3371362,NA,NA,NA,0.903410667454781
S1_4082864,1,4082864,NA,NA,NA,0.995527366127917
S1_4083443,1,4083443,NA,NA,NA,0.960107860657709
S1_4091412,1,4091412,NA,NA,NA,0.690152211062022
S1_4860666,1,4860666,NA,NA,NA,0.926521963957154
S1_5050985,1,5050985,NA,NA,NA,0.985867127116323
S1_5051275,1,5051275,NA,NA,NA,0.948993942747381
S1_5840281,1,5840281,NA,NA,NA,0.996622296097199
S1_6247673,1,6247673,NA,NA,NA,0.985867127116323
S1_6726074,1,6726074,NA,NA,NA,0.985867127116323
S1_7019860,1,7019860,NA,NA,NA,0.779500061570354
S1_8308877,1,8308877,NA,NA,NA,0.474791560925216
S1_8424731,1,8424731,NA,NA,NA,0.991188226272997
S1_8614659,1,8614659,NA,NA,NA,0.671836494233962
S1_8614992,1,8614992,NA,NA,NA,0.856763664306518
S1_9818592,1,9818592,NA,NA,NA,0.573465838887321
S1_10680837,1,10680837,NA,NA,NA,0.779500061570354
S1_10913935,1,10913935,NA,NA,NA,0.943131785009253
S1_12066883,1,12066883,NA,NA,NA,0.963040516220249
S1_13721542,1,13721542,NA,NA,NA,0.985867127116323
S1_17043397,1,17043397,NA,NA,NA,0.996319602245413
S1_17084072,1,17084072,NA,NA,NA,0.996696480601472
S1_17880318,1,17880318,NA,NA,NA,0.826513779084472
S1_19199917,1,19199917,NA,NA,NA,0.999495612337326
S1_19533759,1,19533759,NA,NA,NA,0.952570023568802
S1_19817258,1,19817258,NA,NA,NA,0.985867127116323
S1_19954785,1,19954785,NA,NA,NA,0.985867127116323
S1_21625862,1,21625862,NA,NA,NA,0.985867127116323
S1_22816035,1,22816035,NA,NA,NA,0.938467565144909
S1_22826147,1,22826147,NA,NA,NA,0.940232650316441
S1_24749523,1,24749523,NA,NA,NA,0.641213904442645
S1_24898795,1,24898795,NA,NA,NA,0.779500061570354
S1_25897362,1,25897362,NA,NA,NA,0.960192436224286
S1_25904060,1,25904060,NA,NA,NA,0.995527366127917
S1_25937934,1,25937934,NA,NA,NA,0.985867127116323
S1_26652199,1,26652199,NA,NA,NA,0.985867127116323
S1_27721183,1,27721183,NA,NA,NA,0.919786646507622
S1_27978807,1,27978807,NA,NA,NA,0.985867127116323
S1_28862889,1,28862889,NA,NA,NA,0.779500061570354
S1_28901698,1,28901698,NA,NA,NA,0.985867127116323
S1_28901862,1,28901862,NA,NA,NA,0.999495612337326
S1_29134257,1,29134257,NA,NA,NA,0.985867127116323
S1_29231650,1,29231650,NA,NA,NA,0.996319602245413
S1_29231833,1,29231833,NA,NA,NA,0.995527366127917
S1_29238866,1,29238866,NA,NA,NA,0.995527366127917
S1_31207798,1,31207798,NA,NA,NA,0.995527366127917
S1_36920546,1,36920546,NA,NA,NA,0.999495612337326
S1_38158762,1,38158762,NA,NA,NA,0.938467565144909
S1_38176608,1,38176608,NA,NA,NA,0.985867127116323
S1_39740428,1,39740428,NA,NA,NA,0.952570023568802
S1_39838119,1,39838119,NA,NA,NA,0.952570023568802
S1_42912973,1,42912973,NA,NA,NA,0.996319602245413
S1_42953805,1,42953805,NA,NA,NA,0.995527366127917
S1_42966940,1,42966940,NA,NA,NA,0.995527366127917
S1_42979644,1,42979644,NA,NA,NA,0.995527366127917
S1_44793022,1,44793022,NA,NA,NA,0.926796325695789
S1_45597675,1,45597675,NA,NA,NA,0.994462101246914
S1_49461817,1,49461817,NA,NA,NA,0.985867127116323
S1_49469580,1,49469580,NA,NA,NA,0.970343676176615
S1_49580955,1,49580955,NA,NA,NA,0.970343676176615
S1_49594425,1,49594425,NA,NA,NA,0.970343676176615
S1_49649087,1,49649087,NA,NA,NA,0.985867127116323
S1_49651854,1,49651854,NA,NA,NA,0.995527366127917
S1_49651956,1,49651956,NA,NA,NA,0.995527366127917
S1_50588263,1,50588263,NA,NA,NA,0.963040516220249
S1_50607304,1,50607304,NA,NA,NA,0.985867127116323
S1_51051541,1,51051541,NA,NA,NA,0.848620023165276
S1_52103257,1,52103257,NA,NA,NA,0.999495612337326
S1_53696912,1,53696912,NA,NA,NA,0.985867127116323
S1_54271779,1,54271779,NA,NA,NA,0.985867127116323
S1_54626740,1,54626740,NA,NA,NA,0.996319602245413
S1_54626750,1,54626750,NA,NA,NA,0.996319602245413
S1_54817368,1,54817368,NA,NA,NA,0.965747429548081
S1_55004474,1,55004474,NA,NA,NA,0.970343676176615
S1_55146349,1,55146349,NA,NA,NA,0.970343676176615
S1_55541386,1,55541386,NA,NA,NA,0.690152211062022
S1_61260951,1,61260951,NA,NA,NA,0.965306390886908
S1_61754639,1,61754639,NA,NA,NA,0.895564557975181
S1_61799908,1,61799908,NA,NA,NA,0.852641732699591
S1_63022674,1,63022674,NA,NA,NA,0.86496854326013
S1_63293951,1,63293951,NA,NA,NA,0.895564557975181
S1_64145901,1,64145901,NA,NA,NA,0.985867127116323
S1_65380919,1,65380919,NA,NA,NA,0.952570023568802
S1_67232203,1,67232203,NA,NA,NA,0.996319602245413
S1_67655530,1,67655530,NA,NA,NA,0.985867127116323
S1_67930774,1,67930774,NA,NA,NA,0.926521963957154
S1_67930852,1,67930852,NA,NA,NA,0.970343676176615
S1_68588019,1,68588019,NA,NA,NA,0.952570023568802
S1_69884958,1,69884958,NA,NA,NA,0.995527366127917
S1_70237562,1,70237562,NA,NA,NA,0.970343676176615
S1_70237837,1,70237837,NA,NA,NA,0.985867127116323
S1_70787556,1,70787556,NA,NA,NA,0.970343676176615
S1_71083982,1,71083982,NA,NA,NA,0.535433988042527
S1_72143952,1,72143952,NA,NA,NA,0.903051749901211
S1_72143965,1,72143965,NA,NA,NA,0.76882700480804
S1_74028862,1,74028862,NA,NA,NA,0.86496854326013
S1_76061725,1,76061725,NA,NA,NA,0.965590785410069
S1_79764069,1,79764069,NA,NA,NA,0.903410667454781
S1_79974668,1,79974668,NA,NA,NA,0.952570023568802
S1_81902385,1,81902385,NA,NA,NA,0.948319589149996
S1_82376170,1,82376170,NA,NA,NA,0.985867127116323
S1_82824904,1,82824904,NA,NA,NA,0.779500061570354
S1_83001157,1,83001157,NA,NA,NA,0.963040516220249
S1_84350697,1,84350697,NA,NA,NA,0.650260231646119
S1_85241654,1,85241654,NA,NA,NA,0.996319602245413
S1_85242735,1,85242735,NA,NA,NA,0.803804627582095
S1_90306830,1,90306830,NA,NA,NA,0.86496854326013
S1_98537890,1,98537890,NA,NA,NA,0.995327848417354
S1_99764648,1,99764648,NA,NA,NA,0.926521963957154
S1_104266693,1,104266693,NA,NA,NA,0.903410667454781
S1_112531942,1,112531942,NA,NA,NA,0.952570023568802
S1_154626318,1,154626318,NA,NA,NA,0.641213904442645
S1_160143536,1,160143536,NA,NA,NA,0.926521963957154
S1_168376973,1,168376973,NA,NA,NA,0.903051749901211
S1_171255509,1,171255509,NA,NA,NA,0.952570023568802
S1_174893075,1,174893075,NA,NA,NA,0.985867127116323
S1_175592912,1,175592912,NA,NA,NA,0.985867127116323
S1_177307583,1,177307583,NA,NA,NA,0.985867127116323
S1_177307602,1,177307602,NA,NA,NA,0.985867127116323
S1_177392527,1,177392527,NA,NA,NA,0.916424986926099
S1_177392973,1,177392973,NA,NA,NA,0.895564557975181
S1_184392265,1,184392265,NA,NA,NA,0.995527366127917
S1_186695297,1,186695297,NA,NA,NA,0.963040516220249
S1_188811188,1,188811188,NA,NA,NA,0.985867127116323
S1_188811510,1,188811510,NA,NA,NA,0.985867127116323
S1_192214923,1,192214923,NA,NA,NA,0.927300239750326
S1_193302766,1,193302766,NA,NA,NA,0.872032343510429
S1_193403593,1,193403593,NA,NA,NA,0.926521963957154
S1_194747821,1,194747821,NA,NA,NA,0.999495612337326
S1_194883376,1,194883376,NA,NA,NA,0.00491134214296086
S1_194883734,1,194883734,NA,NA,NA,0.952570023568802
S1_195755225,1,195755225,NA,NA,NA,0.965590785410069
S1_195765736,1,195765736,NA,NA,NA,0.926796325695789
S1_197658534,1,197658534,NA,NA,NA,0.963040516220249
S1_199031309,1,199031309,NA,NA,NA,0.903410667454781
S1_203690794,1,203690794,NA,NA,NA,0.893182890127868
S1_205867610,1,205867610,NA,NA,NA,0.952570023568802
S1_206556648,1,206556648,NA,NA,NA,0.985867127116323
S1_210194624,1,210194624,NA,NA,NA,0.000614540842136691
S1_213603082,1,213603082,NA,NA,NA,0.638343824659506
S1_216085070,1,216085070,NA,NA,NA,0.985867127116323
S1_216441690,1,216441690,NA,NA,NA,0.86496854326013
S1_217340021,1,217340021,NA,NA,NA,0.779500061570354
S1_218784296,1,218784296,NA,NA,NA,0.938467565144909
S1_220931854,1,220931854,NA,NA,NA,0.996568802044206
S1_221188116,1,221188116,NA,NA,NA,0.996319602245413
S1_222074998,1,222074998,NA,NA,NA,0.995527366127917
S1_222145931,1,222145931,NA,NA,NA,0.985867127116323
S1_224504536,1,224504536,NA,NA,NA,0.938467565144909
S1_224955996,1,224955996,NA,NA,NA,0.992913294478092
S1_225214186,1,225214186,NA,NA,NA,0.985867127116323
S1_226580848,1,226580848,NA,NA,NA,0.995527366127917
S1_227214041,1,227214041,NA,NA,NA,0.926521963957154
S1_227836197,1,227836197,NA,NA,NA,0.952570023568802
S1_228067077,1,228067077,NA,NA,NA,0.926521963957154
S1_228777111,1,228777111,NA,NA,NA,0.985867127116323
S1_229362381,1,229362381,NA,NA,NA,0.970343676176615
S1_229614348,1,229614348,NA,NA,NA,0.926521963957154
S1_229624647,1,229624647,NA,NA,NA,0.985867127116323
S1_231144006,1,231144006,NA,NA,NA,0.937819685075553
S1_231670600,1,231670600,NA,NA,NA,0.985867127116323
S1_234071369,1,234071369,NA,NA,NA,0.975343621511401
S1_237980181,1,237980181,NA,NA,NA,0.996319602245413
S1_239778934,1,239778934,NA,NA,NA,0.926521963957154
S1_239779108,1,239779108,NA,NA,NA,0.926521963957154
S1_239974458,1,239974458,NA,NA,NA,0.919786646507622
S1_240319705,1,240319705,NA,NA,NA,0.926796325695789
S1_245927550,1,245927550,NA,NA,NA,0.963040516220249
S1_246327000,1,246327000,NA,NA,NA,0.203841132734801
S1_246528913,1,246528913,NA,NA,NA,0.985867127116323
S1_246930727,1,246930727,NA,NA,NA,0.985867127116323
S1_250252471,1,250252471,NA,NA,NA,0.874855752216877
S1_250258514,1,250258514,NA,NA,NA,0.863471940970102
S1_250313669,1,250313669,NA,NA,NA,0.690152211062022
S1_251426821,1,251426821,NA,NA,NA,0.86496854326013
S1_252128005,1,252128005,NA,NA,NA,0.690152211062022
S1_252189312,1,252189312,NA,NA,NA,0.985867127116323
S1_254268145,1,254268145,NA,NA,NA,0.985867127116323
S1_254730123,1,254730123,NA,NA,NA,0.657429787976974
S1_254731990,1,254731990,NA,NA,NA,0.803804627582095
S1_254732450,1,254732450,NA,NA,NA,0.93383512296741
S1_254738006,1,254738006,NA,NA,NA,0.926521963957154
S1_254980069,1,254980069,NA,NA,NA,0.970343676176615
S1_255339302,1,255339302,NA,NA,NA,0.86496854326013
S1_255352181,1,255352181,NA,NA,NA,0.999495612337326
S1_257312468,1,257312468,NA,NA,NA,0.86496854326013
S1_258510992,1,258510992,NA,NA,NA,0.999495612337326
S1_259134135,1,259134135,NA,NA,NA,0.913292129638446
S1_259401874,1,259401874,NA,NA,NA,0.985867127116323
S1_260544980,1,260544980,NA,NA,NA,0.926521963957154
S1_261456944,1,261456944,NA,NA,NA,0.955988088622938
S1_261563363,1,261563363,NA,NA,NA,0.86496854326013
S1_261565696,1,261565696,NA,NA,NA,0.970343676176615
S1_262832685,1,262832685,NA,NA,NA,0.985867127116323
S1_262984673,1,262984673,NA,NA,NA,0.985867127116323
S1_263089262,1,263089262,NA,NA,NA,0.988060610459665
S1_263089768,1,263089768,NA,NA,NA,0.964550499421165
S1_263869417,1,263869417,NA,NA,NA,0.985867127116323
S1_264032977,1,264032977,NA,NA,NA,0.86496854326013
S1_264033204,1,264033204,NA,NA,NA,0.996696480601472
S1_268833938,1,268833938,NA,NA,NA,0.952570023568802
S1_269114894,1,269114894,NA,NA,NA,0.985867127116323
S1_273735827,1,273735827,NA,NA,NA,0.903051749901211
S1_274475634,1,274475634,NA,NA,NA,0.996319602245413
S1_275604002,1,275604002,NA,NA,NA,0.826513779084472
S1_275722303,1,275722303,NA,NA,NA,0.926521963957154
S1_275837252,1,275837252,NA,NA,NA,0.848620023165276
S1_275887092,1,275887092,NA,NA,NA,0.690152211062022
S1_277707178,1,277707178,NA,NA,NA,0.970343676176615
S1_278757478,1,278757478,NA,NA,NA,0.970343676176615
S1_278982963,1,278982963,NA,NA,NA,0.86496854326013
S1_281052067,1,281052067,NA,NA,NA,0.903051749901211
S1_281681637,1,281681637,NA,NA,NA,0.968456724507647
S1_281860320,1,281860320,NA,NA,NA,0.926521963957154
S1_281860733,1,281860733,NA,NA,NA,0.690152211062022
S1_281904515,1,281904515,NA,NA,NA,0.999495612337326
S1_282025244,1,282025244,NA,NA,NA,0.985867127116323
S1_282332826,1,282332826,NA,NA,NA,0.970343676176615
S1_282429723,1,282429723,NA,NA,NA,0.926521963957154
S1_282430143,1,282430143,NA,NA,NA,0.779500061570354
S1_282641564,1,282641564,NA,NA,NA,0.985867127116323
S1_282866022,1,282866022,NA,NA,NA,0.871701366281403
S1_282961510,1,282961510,NA,NA,NA,0.990515788931943
S1_283696325,1,283696325,NA,NA,NA,0.742364881982197
S1_284567398,1,284567398,NA,NA,NA,0.985867127116323
S1_284775241,1,284775241,NA,NA,NA,0.985867127116323
S1_284776735,1,284776735,NA,NA,NA,0.926796325695789
S1_284862230,1,284862230,NA,NA,NA,0.999495612337326
S1_284896531,1,284896531,NA,NA,NA,0.943131785009253
S1_285109719,1,285109719,NA,NA,NA,0.903410667454781
S1_285256763,1,285256763,NA,NA,NA,0.995527366127917
S1_287013302,1,287013302,NA,NA,NA,0.985867127116323
S1_287112427,1,287112427,NA,NA,NA,0.996319602245413
S1_287158098,1,287158098,NA,NA,NA,0.935526582225893
S1_287767988,1,287767988,NA,NA,NA,0.145676600947212
S1_287896811,1,287896811,NA,NA,NA,0.926521963957154
S1_287897109,1,287897109,NA,NA,NA,0.863471940970102
S1_287955406,1,287955406,NA,NA,NA,0.86496854326013
S1_287995733,1,287995733,NA,NA,NA,0.638343824659506
S1_288426011,1,288426011,NA,NA,NA,0.6108316992221
S1_288426392,1,288426392,NA,NA,NA,0.903410667454781
S1_289282560,1,289282560,NA,NA,NA,0.995527366127917
S1_289484026,1,289484026,NA,NA,NA,0.952570023568802
S1_289558741,1,289558741,NA,NA,NA,0.970343676176615
S1_289561097,1,289561097,NA,NA,NA,0.800176103176712
S1_290780255,1,290780255,NA,NA,NA,0.963040516220249
S1_291863254,1,291863254,NA,NA,NA,0.0169052164531621
S1_291904261,1,291904261,NA,NA,NA,0.985867127116323
S1_291936844,1,291936844,NA,NA,NA,0.86496854326013
S1_292131439,1,292131439,NA,NA,NA,0.955330579594964
S1_292188211,1,292188211,NA,NA,NA,0.985867127116323
S1_292189290,1,292189290,NA,NA,NA,0.926521963957154
S1_292559475,1,292559475,NA,NA,NA,0.926521963957154
S1_292607286,1,292607286,NA,NA,NA,0.995527366127917
S1_293322158,1,293322158,NA,NA,NA,0.963040516220249
S1_293666348,1,293666348,NA,NA,NA,0.963040516220249
S1_295606882,1,295606882,NA,NA,NA,0.996319602245413
S1_295655169,1,295655169,NA,NA,NA,0.985867127116323
S1_295655425,1,295655425,NA,NA,NA,0.963040516220249
S1_295841168,1,295841168,NA,NA,NA,0.985867127116323
S1_295842024,1,295842024,NA,NA,NA,0.926521963957154
S1_295847759,1,295847759,NA,NA,NA,0.965306390886908
S1_296263882,1,296263882,NA,NA,NA,0.995527366127917
S1_297129406,1,297129406,NA,NA,NA,0.970343676176615
S1_297155444,1,297155444,NA,NA,NA,0.926521963957154
S1_297299124,1,297299124,NA,NA,NA,0.985867127116323
S1_297835206,1,297835206,NA,NA,NA,0.690152211062022
S1_298732606,1,298732606,NA,NA,NA,0.848620023165276
S1_299366946,1,299366946,NA,NA,NA,0.926796325695789
S1_300685135,1,300685135,NA,NA,NA,0.965590785410069
S1_300695527,1,300695527,NA,NA,NA,0.968471762923715
S1_300813218,1,300813218,NA,NA,NA,0.985867127116323
S1_301040186,1,301040186,NA,NA,NA,0.926521963957154
S1_301110783,1,301110783,NA,NA,NA,0.995527366127917
S1_301963810,1,301963810,NA,NA,NA,0.996319602245413
S1_301963849,1,301963849,NA,NA,NA,0.732155916673852
S1_302074583,1,302074583,NA,NA,NA,0.996319602245413
S1_302268166,1,302268166,NA,NA,NA,0.996319602245413
S1_302268806,1,302268806,NA,NA,NA,0.960794478781307
S1_302390178,1,302390178,NA,NA,NA,0.926521963957154
S1_302444783,1,302444783,NA,NA,NA,0.779500061570354
S1_302949773,1,302949773,NA,NA,NA,0.742815653107149
S1_302964739,1,302964739,NA,NA,NA,0.985867127116323
S1_302969587,1,302969587,NA,NA,NA,0.910253557433231
S1_303116466,1,303116466,NA,NA,NA,0.926521963957154
S1_303133452,1,303133452,NA,NA,NA,0.960107860657709
S1_303135603,1,303135603,NA,NA,NA,0.903051749901211
S1_303597643,1,303597643,NA,NA,NA,0.999495612337326
S1_303600537,1,303600537,NA,NA,NA,0.985867127116323
S1_303814543,1,303814543,NA,NA,NA,0.970343676176615
S1_303825999,1,303825999,NA,NA,NA,0.895564557975181
S1_303832934,1,303832934,NA,NA,NA,0.880722604116165
S1_303847256,1,303847256,NA,NA,NA,0.828677849957065
S1_304921234,1,304921234,NA,NA,NA,0.963040516220249
S1_304923212,1,304923212,NA,NA,NA,0.926521963957154
S1_305086630,1,305086630,NA,NA,NA,0.690152211062022
S1_305453976,1,305453976,NA,NA,NA,0.926521963957154
S1_305526698,1,305526698,NA,NA,NA,0.996319602245413
S1_306125534,1,306125534,NA,NA,NA,0.926796325695789
S1_306272682,1,306272682,NA,NA,NA,0.985867127116323
S1_306412211,1,306412211,NA,NA,NA,0.926521963957154
S1_307484303,1,307484303,NA,NA,NA,0.996319602245413
S2_1031301,2,1031301,NA,NA,NA,0.970343676176615
S2_1186838,2,1186838,NA,NA,NA,0.999495612337326
S2_1703653,2,1703653,NA,NA,NA,0.985867127116323
S2_1817244,2,1817244,NA,NA,NA,0.970343676176615
S2_1817603,2,1817603,NA,NA,NA,0.985867127116323
S2_1817934,2,1817934,NA,NA,NA,0.963040516220249
S2_1836809,2,1836809,NA,NA,NA,0.926521963957154
S2_2386652,2,2386652,NA,NA,NA,0.970343676176615
S2_2532588,2,2532588,NA,NA,NA,0.970343676176615
S2_2627244,2,2627244,NA,NA,NA,0.938467565144909
S2_2627262,2,2627262,NA,NA,NA,0.938467565144909
S2_2627324,2,2627324,NA,NA,NA,0.938467565144909
S2_2631480,2,2631480,NA,NA,NA,0.963040516220249
S2_2926780,2,2926780,NA,NA,NA,0.970343676176615
S2_3382610,2,3382610,NA,NA,NA,0.985867127116323
S2_4269020,2,4269020,NA,NA,NA,0.985867127116323
S2_4413966,2,4413966,NA,NA,NA,0.952570023568802
S2_4542405,2,4542405,NA,NA,NA,0.926521963957154
S2_4588881,2,4588881,NA,NA,NA,0.690152211062022
S2_4589048,2,4589048,NA,NA,NA,0.732155916673852
S2_5456337,2,5456337,NA,NA,NA,0.970343676176615
S2_6240783,2,6240783,NA,NA,NA,0.985867127116323
S2_6242936,2,6242936,NA,NA,NA,0.985867127116323
S2_6256948,2,6256948,NA,NA,NA,0.926521963957154
S2_6265132,2,6265132,NA,NA,NA,0.913292129638446
S2_7036759,2,7036759,NA,NA,NA,0.995527366127917
S2_7378367,2,7378367,NA,NA,NA,0.690152211062022
S2_7378516,2,7378516,NA,NA,NA,0.641213904442645
S2_7563816,2,7563816,NA,NA,NA,0.29120442158661
S2_7873874,2,7873874,NA,NA,NA,0.926521963957154
S2_8726771,2,8726771,NA,NA,NA,0.736339596440039
S2_9227661,2,9227661,NA,NA,NA,0.402435410601249
S2_9327647,2,9327647,NA,NA,NA,0.690152211062022
S2_9358059,2,9358059,NA,NA,NA,0.915241488265497
S2_9442286,2,9442286,NA,NA,NA,0.489181436482546
S2_10412192,2,10412192,NA,NA,NA,0.903410667454781
S2_10418334,2,10418334,NA,NA,NA,0.690152211062022
S2_10607019,2,10607019,NA,NA,NA,0.474791560925216
S2_10607249,2,10607249,NA,NA,NA,0.573465838887321
S2_10777567,2,10777567,NA,NA,NA,0.690152211062022
S2_11877524,2,11877524,NA,NA,NA,0.650260231646119
S2_12181925,2,12181925,NA,NA,NA,0.690152211062022
S2_12448967,2,12448967,NA,NA,NA,0.903410667454781
S2_12512623,2,12512623,NA,NA,NA,0.985867127116323
S2_12539331,2,12539331,NA,NA,NA,0.803804627582095
S2_12857644,2,12857644,NA,NA,NA,0.935526582225893
S2_13163519,2,13163519,NA,NA,NA,0.777756464740131
S2_13838433,2,13838433,NA,NA,NA,0.926521963957154
S2_14262838,2,14262838,NA,NA,NA,0.910253557433231
S2_14263620,2,14263620,NA,NA,NA,0.641213904442645
S2_14334805,2,14334805,NA,NA,NA,0.903410667454781
S2_15000603,2,15000603,NA,NA,NA,0.573465838887321
S2_15153785,2,15153785,NA,NA,NA,0.848620023165276
S2_15463005,2,15463005,NA,NA,NA,0.985867127116323
S2_16203011,2,16203011,NA,NA,NA,0.926521963957154
S2_16521276,2,16521276,NA,NA,NA,0.970343676176615
S2_16864137,2,16864137,NA,NA,NA,0.952570023568802
S2_16915464,2,16915464,NA,NA,NA,0.927300239750326
S2_16970778,2,16970778,NA,NA,NA,0.926521963957154
S2_16989115,2,16989115,NA,NA,NA,0.970343676176615
S2_16989298,2,16989298,NA,NA,NA,0.999495612337326
S2_18901095,2,18901095,NA,NA,NA,0.903410667454781
S2_19041249,2,19041249,NA,NA,NA,0.927300239750326
S2_19420024,2,19420024,NA,NA,NA,0.86496854326013
S2_19420945,2,19420945,NA,NA,NA,0.952570023568802
S2_20573368,2,20573368,NA,NA,NA,0.690152211062022
S2_21862521,2,21862521,NA,NA,NA,0.926521963957154
S2_21863424,2,21863424,NA,NA,NA,0.970343676176615
S2_23121387,2,23121387,NA,NA,NA,0.913292129638446
S2_23345860,2,23345860,NA,NA,NA,0.0720489009546091
S2_24208693,2,24208693,NA,NA,NA,0.985867127116323
S2_24394755,2,24394755,NA,NA,NA,0.926521963957154
S2_24396833,2,24396833,NA,NA,NA,0.926521963957154
S2_24840757,2,24840757,NA,NA,NA,0.988060610459665
S2_24985120,2,24985120,NA,NA,NA,0.970343676176615
S2_25700144,2,25700144,NA,NA,NA,0.902418283626863
S2_28997989,2,28997989,NA,NA,NA,0.489181436482546
S2_31910227,2,31910227,NA,NA,NA,0.985867127116323
S2_33151923,2,33151923,NA,NA,NA,0.952570023568802
S2_34908344,2,34908344,NA,NA,NA,0.79236916338937
S2_36016162,2,36016162,NA,NA,NA,0.996622296097199
S2_38098248,2,38098248,NA,NA,NA,0.970343676176615
S2_39673401,2,39673401,NA,NA,NA,0.999495612337326
S2_41252709,2,41252709,NA,NA,NA,0.985867127116323
S2_41252814,2,41252814,NA,NA,NA,0.985867127116323
S2_41698654,2,41698654,NA,NA,NA,0.948993942747381
S2_41789172,2,41789172,NA,NA,NA,0.926521963957154
S2_42149885,2,42149885,NA,NA,NA,0.985867127116323
S2_44236866,2,44236866,NA,NA,NA,0.742364881982197
S2_44764987,2,44764987,NA,NA,NA,0.999495612337326
S2_44995641,2,44995641,NA,NA,NA,0.736339596440039
S2_46237998,2,46237998,NA,NA,NA,0.985867127116323
S2_48798382,2,48798382,NA,NA,NA,0.995527366127917
S2_48798392,2,48798392,NA,NA,NA,0.995527366127917
S2_48924032,2,48924032,NA,NA,NA,0.690152211062022
S2_60778442,2,60778442,NA,NA,NA,0.926521963957154
S2_62113765,2,62113765,NA,NA,NA,0.952570023568802
S2_67297640,2,67297640,NA,NA,NA,0.960794478781307
S2_72016500,2,72016500,NA,NA,NA,0.995527366127917
S2_73631324,2,73631324,NA,NA,NA,0.926521963957154
S2_74218926,2,74218926,NA,NA,NA,0.970343676176615
S2_82880191,2,82880191,NA,NA,NA,0.952570023568802
S2_88775207,2,88775207,NA,NA,NA,0.996319602245413
S2_93026118,2,93026118,NA,NA,NA,0.985867127116323
S2_104739030,2,104739030,NA,NA,NA,0.926796325695789
S2_114366475,2,114366475,NA,NA,NA,0.550911972439359
S2_115955959,2,115955959,NA,NA,NA,0.963040516220249
S2_117129501,2,117129501,NA,NA,NA,0.968544002889876
S2_117153121,2,117153121,NA,NA,NA,0.926796325695789
S2_117944462,2,117944462,NA,NA,NA,0.938467565144909
S2_124790414,2,124790414,NA,NA,NA,0.995527366127917
S2_132258688,2,132258688,NA,NA,NA,0.970343676176615
S2_132258727,2,132258727,NA,NA,NA,0.938467565144909
S2_132660876,2,132660876,NA,NA,NA,0.985867127116323
S2_136136229,2,136136229,NA,NA,NA,0.952570023568802
S2_138368017,2,138368017,NA,NA,NA,0.985867127116323
S2_140636955,2,140636955,NA,NA,NA,0.952570023568802
S2_140637074,2,140637074,NA,NA,NA,0.0275940849318655
S2_144238392,2,144238392,NA,NA,NA,0.897085777120472
S2_144711138,2,144711138,NA,NA,NA,0.86496854326013
S2_148340343,2,148340343,NA,NA,NA,0.938467565144909
S2_149286050,2,149286050,NA,NA,NA,0.910253557433231
S2_149286155,2,149286155,NA,NA,NA,0.996319602245413
S2_150333739,2,150333739,NA,NA,NA,0.996319602245413
S2_150333856,2,150333856,NA,NA,NA,0.995527366127917
S2_150358319,2,150358319,NA,NA,NA,0.93383512296741
S2_150740548,2,150740548,NA,NA,NA,0.270994129021319
S2_151392770,2,151392770,NA,NA,NA,0.970343676176615
S2_151627004,2,151627004,NA,NA,NA,0.985867127116323
S2_151666689,2,151666689,NA,NA,NA,0.985867127116323
S2_154372022,2,154372022,NA,NA,NA,0.897085777120472
S2_155999724,2,155999724,NA,NA,NA,0.787857355511416
S2_157711561,2,157711561,NA,NA,NA,0.985867127116323
S2_158507139,2,158507139,NA,NA,NA,0.995527366127917
S2_161226600,2,161226600,NA,NA,NA,0.938467565144909
S2_161539433,2,161539433,NA,NA,NA,0.970343676176615
S2_162066636,2,162066636,NA,NA,NA,0.996319602245413
S2_162271385,2,162271385,NA,NA,NA,0.985867127116323
S2_162875198,2,162875198,NA,NA,NA,0.985867127116323
S2_162911496,2,162911496,NA,NA,NA,0.963040516220249
S2_167022852,2,167022852,NA,NA,NA,0.641213904442645
S2_169534289,2,169534289,NA,NA,NA,0.995527366127917
S2_173429896,2,173429896,NA,NA,NA,0.926521963957154
S2_173444037,2,173444037,NA,NA,NA,0.926521963957154
S2_175277302,2,175277302,NA,NA,NA,0.985867127116323
S2_178994407,2,178994407,NA,NA,NA,0.926521963957154
S2_179127811,2,179127811,NA,NA,NA,0.985867127116323
S2_181424418,2,181424418,NA,NA,NA,0.985867127116323
S2_181739483,2,181739483,NA,NA,NA,0.995527366127917
S2_181739622,2,181739622,NA,NA,NA,0.995527366127917
S2_184952096,2,184952096,NA,NA,NA,0.985867127116323
S2_187290798,2,187290798,NA,NA,NA,0.926521963957154
S2_187653788,2,187653788,NA,NA,NA,0.999826794685494
S2_188429757,2,188429757,NA,NA,NA,0.919786646507622
S2_189040174,2,189040174,NA,NA,NA,0.985867127116323
S2_189040821,2,189040821,NA,NA,NA,0.970343676176615
S2_189167046,2,189167046,NA,NA,NA,0.970343676176615
S2_189169925,2,189169925,NA,NA,NA,0.893072635165769
S2_189195850,2,189195850,NA,NA,NA,0.983618128350512
S2_189818418,2,189818418,NA,NA,NA,0.985867127116323
S2_189823400,2,189823400,NA,NA,NA,0.910253557433231
S2_189882931,2,189882931,NA,NA,NA,0.952570023568802
S2_190430367,2,190430367,NA,NA,NA,0.926521963957154
S2_190713004,2,190713004,NA,NA,NA,0.963040516220249
S2_191468717,2,191468717,NA,NA,NA,0.999495612337326
S2_192530227,2,192530227,NA,NA,NA,0.985867127116323
S2_192850486,2,192850486,NA,NA,NA,0.926521963957154
S2_192974313,2,192974313,NA,NA,NA,0.926521963957154
S2_193261776,2,193261776,NA,NA,NA,0.86496854326013
S2_193792543,2,193792543,NA,NA,NA,0.919825058950155
S2_193792893,2,193792893,NA,NA,NA,0.903410667454781
S2_193989230,2,193989230,NA,NA,NA,0.985867127116323
S2_193991522,2,193991522,NA,NA,NA,0.926521963957154
S2_194547427,2,194547427,NA,NA,NA,0.926521963957154
S2_194547942,2,194547942,NA,NA,NA,0.985867127116323
S2_195406855,2,195406855,NA,NA,NA,0.985867127116323
S2_195408641,2,195408641,NA,NA,NA,0.926521963957154
S2_196878904,2,196878904,NA,NA,NA,0.985867127116323
S2_197247863,2,197247863,NA,NA,NA,0.996319602245413
S2_197758561,2,197758561,NA,NA,NA,0.926796325695789
S2_197761141,2,197761141,NA,NA,NA,0.996622296097199
S2_197962563,2,197962563,NA,NA,NA,0.985867127116323
S2_198556024,2,198556024,NA,NA,NA,0.960027657657505
S2_199239268,2,199239268,NA,NA,NA,0.985867127116323
S2_199610100,2,199610100,NA,NA,NA,0.943131785009253
S2_199704028,2,199704028,NA,NA,NA,0.952570023568802
S2_199704388,2,199704388,NA,NA,NA,0.995527366127917
S2_200229025,2,200229025,NA,NA,NA,0.996319602245413
S2_200233111,2,200233111,NA,NA,NA,0.79236916338937
S2_200234031,2,200234031,NA,NA,NA,0.955330579594964
S2_201010696,2,201010696,NA,NA,NA,0.985867127116323
S2_201011054,2,201011054,NA,NA,NA,0.995527366127917
S2_201094706,2,201094706,NA,NA,NA,0.597573034392495
S2_201094903,2,201094903,NA,NA,NA,0.690152211062022
S2_201513815,2,201513815,NA,NA,NA,0.985867127116323
S2_202173051,2,202173051,NA,NA,NA,0.926796325695789
S2_202955424,2,202955424,NA,NA,NA,0.90504885528514
S2_204383795,2,204383795,NA,NA,NA,0.803804627582095
S2_205022921,2,205022921,NA,NA,NA,0.6108316992221
S2_205022931,2,205022931,NA,NA,NA,0.638343824659506
S2_205202588,2,205202588,NA,NA,NA,0.996319602245413
S2_205275866,2,205275866,NA,NA,NA,0.985867127116323
S2_205276152,2,205276152,NA,NA,NA,0.970343676176615
S2_205556555,2,205556555,NA,NA,NA,0.996319602245413
S2_205777757,2,205777757,NA,NA,NA,0.86496854326013
S2_206300482,2,206300482,NA,NA,NA,0.985867127116323
S2_208410219,2,208410219,NA,NA,NA,0.751324774437237
S2_208820696,2,208820696,NA,NA,NA,0.848620023165276
S2_208945675,2,208945675,NA,NA,NA,0.970343676176615
S2_208958619,2,208958619,NA,NA,NA,0.970343676176615
S2_209289593,2,209289593,NA,NA,NA,0.926796325695789
S2_209561904,2,209561904,NA,NA,NA,0.870718410198992
S2_209877341,2,209877341,NA,NA,NA,0.938467565144909
S2_210221330,2,210221330,NA,NA,NA,0.995527366127917
S2_210745995,2,210745995,NA,NA,NA,0.779500061570354
S2_211713899,2,211713899,NA,NA,NA,0.903410667454781
S2_212609997,2,212609997,NA,NA,NA,0.0700111508661661
S2_212614021,2,212614021,NA,NA,NA,8.69692713487059e-06
S2_212883158,2,212883158,NA,NA,NA,0.919917759224152
S2_213741185,2,213741185,NA,NA,NA,0.996319602245413
S2_214011697,2,214011697,NA,NA,NA,0.985867127116323
S2_214128791,2,214128791,NA,NA,NA,0.985867127116323
S2_214213682,2,214213682,NA,NA,NA,0.00600377376648692
S2_214779597,2,214779597,NA,NA,NA,0.999495612337326
S2_215426572,2,215426572,NA,NA,NA,0.985867127116323
S2_215945846,2,215945846,NA,NA,NA,0.985867127116323
S2_216030260,2,216030260,NA,NA,NA,0.690152211062022
S2_216743479,2,216743479,NA,NA,NA,0.985867127116323
S2_216746125,2,216746125,NA,NA,NA,0.985867127116323
S2_216746460,2,216746460,NA,NA,NA,0.995527366127917
S2_217264737,2,217264737,NA,NA,NA,0.996568802044206
S2_218076984,2,218076984,NA,NA,NA,0.985867127116323
S2_218077581,2,218077581,NA,NA,NA,0.926521963957154
S2_218077607,2,218077607,NA,NA,NA,0.926521963957154
S2_219318723,2,219318723,NA,NA,NA,0.926521963957154
S2_219337032,2,219337032,NA,NA,NA,0.970343676176615
S2_219587333,2,219587333,NA,NA,NA,0.985867127116323
S2_219942280,2,219942280,NA,NA,NA,0.996319602245413
S2_220581154,2,220581154,NA,NA,NA,0.952570023568802
S2_220815115,2,220815115,NA,NA,NA,0.985867127116323
S2_220863128,2,220863128,NA,NA,NA,0.00620875840903978
S2_220944251,2,220944251,NA,NA,NA,0.986492107481223
S2_221273186,2,221273186,NA,NA,NA,0.874855752216877
S2_221287133,2,221287133,NA,NA,NA,0.995527366127917
S2_221293612,2,221293612,NA,NA,NA,0.995527366127917
S2_221735220,2,221735220,NA,NA,NA,0.985867127116323
S2_221757449,2,221757449,NA,NA,NA,0.849664681124676
S2_221828300,2,221828300,NA,NA,NA,0.926521963957154
S2_222214859,2,222214859,NA,NA,NA,0.927300239750326
S2_222281423,2,222281423,NA,NA,NA,0.852641732699591
S2_222315237,2,222315237,NA,NA,NA,0.996319602245413
S2_222352200,2,222352200,NA,NA,NA,0.994113427572898
S2_222357904,2,222357904,NA,NA,NA,0.970343676176615
S2_222453733,2,222453733,NA,NA,NA,0.996319602245413
S2_223422873,2,223422873,NA,NA,NA,0.985867127116323
S2_223803009,2,223803009,NA,NA,NA,0.996319602245413
S2_223853736,2,223853736,NA,NA,NA,0.938467565144909
S2_225504421,2,225504421,NA,NA,NA,0.985867127116323
S2_225583999,2,225583999,NA,NA,NA,0.803804627582095
S2_225584015,2,225584015,NA,NA,NA,0.779500061570354
S2_225986204,2,225986204,NA,NA,NA,0.960107860657709
S2_226671459,2,226671459,NA,NA,NA,0.926521963957154
S2_227288798,2,227288798,NA,NA,NA,0.996319602245413
S2_229264398,2,229264398,NA,NA,NA,0.985867127116323
S2_229349944,2,229349944,NA,NA,NA,0.985867127116323
S2_229831056,2,229831056,NA,NA,NA,0.983618128350512
S2_229851299,2,229851299,NA,NA,NA,0.970343676176615
S2_230526838,2,230526838,NA,NA,NA,0.985867127116323
S2_231108120,2,231108120,NA,NA,NA,0.938467565144909
S2_231258079,2,231258079,NA,NA,NA,0.940737851792116
S2_231435378,2,231435378,NA,NA,NA,0.985867127116323
S2_231538085,2,231538085,NA,NA,NA,0.970343676176615
S2_231794636,2,231794636,NA,NA,NA,0.690152211062022
S2_232799291,2,232799291,NA,NA,NA,0.985867127116323
S2_234480138,2,234480138,NA,NA,NA,0.948993942747381
S2_234490837,2,234490837,NA,NA,NA,0.985867127116323
S2_234510183,2,234510183,NA,NA,NA,0.960794478781307
S2_234525669,2,234525669,NA,NA,NA,0.895564557975181
S2_234528459,2,234528459,NA,NA,NA,0.970343676176615
S2_235755898,2,235755898,NA,NA,NA,0.952570023568802
S2_235943712,2,235943712,NA,NA,NA,0.938467565144909
S2_237260678,2,237260678,NA,NA,NA,0.985867127116323
S2_238592722,2,238592722,NA,NA,NA,0.952570023568802
S2_238830975,2,238830975,NA,NA,NA,0.952570023568802
S2_240227739,2,240227739,NA,NA,NA,0.970343676176615
S2_240249668,2,240249668,NA,NA,NA,0.926521963957154
S3_1313242,3,1313242,NA,NA,NA,0.926796325695789
S3_1400719,3,1400719,NA,NA,NA,0.985867127116323
S3_1464877,3,1464877,NA,NA,NA,0.938467565144909
S3_1662561,3,1662561,NA,NA,NA,0.985867127116323
S3_2028219,3,2028219,NA,NA,NA,0.952570023568802
S3_2239671,3,2239671,NA,NA,NA,0.800176103176712
S3_2757687,3,2757687,NA,NA,NA,0.985867127116323
S3_2763048,3,2763048,NA,NA,NA,0.985867127116323
S3_2856966,3,2856966,NA,NA,NA,0.779500061570354
S3_3362245,3,3362245,NA,NA,NA,0.985867127116323
S3_3362837,3,3362837,NA,NA,NA,0.927300239750326
S3_3364555,3,3364555,NA,NA,NA,0.145037867638232
S3_3578856,3,3578856,NA,NA,NA,0.985867127116323
S3_3613106,3,3613106,NA,NA,NA,0.985867127116323
S3_3912752,3,3912752,NA,NA,NA,0.79236916338937
S3_4260356,3,4260356,NA,NA,NA,0.952570023568802
S3_4778638,3,4778638,NA,NA,NA,0.985867127116323
S3_5615248,3,5615248,NA,NA,NA,0.926521963957154
S3_5838013,3,5838013,NA,NA,NA,0.970343676176615
S3_6251167,3,6251167,NA,NA,NA,0.995527366127917
S3_6257096,3,6257096,NA,NA,NA,0.690152211062022
S3_6470722,3,6470722,NA,NA,NA,0.927300239750326
S3_6471653,3,6471653,NA,NA,NA,0.926796325695789
S3_7328976,3,7328976,NA,NA,NA,0.848620023165276
S3_8566472,3,8566472,NA,NA,NA,0.995527366127917
S3_8769130,3,8769130,NA,NA,NA,0.926796325695789
S3_8968031,3,8968031,NA,NA,NA,0.985867127116323
S3_9234089,3,9234089,NA,NA,NA,0.985867127116323
S3_10265327,3,10265327,NA,NA,NA,0.926521963957154
S3_10673156,3,10673156,NA,NA,NA,0.938467565144909
S3_11535801,3,11535801,NA,NA,NA,0.779500061570354
S3_11540829,3,11540829,NA,NA,NA,0.938467565144909
S3_11619271,3,11619271,NA,NA,NA,0.943131785009253
S3_12144719,3,12144719,NA,NA,NA,0.985867127116323
S3_12145701,3,12145701,NA,NA,NA,0.6108316992221
S3_12145749,3,12145749,NA,NA,NA,0.995527366127917
S3_13177399,3,13177399,NA,NA,NA,0.963040516220249
S3_13434231,3,13434231,NA,NA,NA,0.86496854326013
S3_13692521,3,13692521,NA,NA,NA,0.134992770769859
S3_13723427,3,13723427,NA,NA,NA,0.952570023568802
S3_14323479,3,14323479,NA,NA,NA,0.926796325695789
S3_14333218,3,14333218,NA,NA,NA,0.985867127116323
S3_14801890,3,14801890,NA,NA,NA,0.995527366127917
S3_15210888,3,15210888,NA,NA,NA,0.690152211062022
S3_17630503,3,17630503,NA,NA,NA,0.932767404553916
S3_18198302,3,18198302,NA,NA,NA,0.985867127116323
S3_19025992,3,19025992,NA,NA,NA,0.926521963957154
S3_19293143,3,19293143,NA,NA,NA,0.779500061570354
S3_19832283,3,19832283,NA,NA,NA,0.863739758723178
S3_26051996,3,26051996,NA,NA,NA,0.999495612337326
S3_32651258,3,32651258,NA,NA,NA,0.996319602245413
S3_35993809,3,35993809,NA,NA,NA,0.938467565144909
S3_44362768,3,44362768,NA,NA,NA,0.826513779084472
S3_54376491,3,54376491,NA,NA,NA,0.903410667454781
S3_54376775,3,54376775,NA,NA,NA,0.995527366127917
S3_55537184,3,55537184,NA,NA,NA,0.985867127116323
S3_56529376,3,56529376,NA,NA,NA,0.952570023568802
S3_56999533,3,56999533,NA,NA,NA,0.733674450595918
S3_56999784,3,56999784,NA,NA,NA,0.989055681227598
S3_67441338,3,67441338,NA,NA,NA,0.926521963957154
S3_67863836,3,67863836,NA,NA,NA,0.985867127116323
S3_98255576,3,98255576,NA,NA,NA,0.270994129021319
S3_102477733,3,102477733,NA,NA,NA,0.804026096721979
S3_109881648,3,109881648,NA,NA,NA,0.996319602245413
S3_122985736,3,122985736,NA,NA,NA,0.952570023568802
S3_125219740,3,125219740,NA,NA,NA,0.926521963957154
S3_125220748,3,125220748,NA,NA,NA,0.985867127116323
S3_130552961,3,130552961,NA,NA,NA,0.837464403233861
S3_130552982,3,130552982,NA,NA,NA,0.86496854326013
S3_130938670,3,130938670,NA,NA,NA,0.926796325695789
S3_134035633,3,134035633,NA,NA,NA,0.86496854326013
S3_134442990,3,134442990,NA,NA,NA,0.632648922599014
S3_135487037,3,135487037,NA,NA,NA,0.926521963957154
S3_137533609,3,137533609,NA,NA,NA,9.85976176102462e-05
S3_139336936,3,139336936,NA,NA,NA,0.779500061570354
S3_143115991,3,143115991,NA,NA,NA,0.983618128350512
S3_143118496,3,143118496,NA,NA,NA,0.952570023568802
S3_143318686,3,143318686,NA,NA,NA,0.926796325695789
S3_149117323,3,149117323,NA,NA,NA,0.79236916338937
S3_150637571,3,150637571,NA,NA,NA,0.985867127116323
S3_150915949,3,150915949,NA,NA,NA,0.690152211062022
S3_152233321,3,152233321,NA,NA,NA,0.970343676176615
S3_152992674,3,152992674,NA,NA,NA,0.927300239750326
S3_153463524,3,153463524,NA,NA,NA,0.996319602245413
S3_155399439,3,155399439,NA,NA,NA,0.996568802044206
S3_156001676,3,156001676,NA,NA,NA,0.985867127116323
S3_156073129,3,156073129,NA,NA,NA,0.926521963957154
S3_156226908,3,156226908,NA,NA,NA,2.3035316170997e-07
S3_156227261,3,156227261,NA,NA,NA,0.751324774437237
S3_156228206,3,156228206,NA,NA,NA,0.963397727398375
S3_156270994,3,156270994,NA,NA,NA,1.10463769653737e-06
S3_156277883,3,156277883,NA,NA,NA,5.16014606562552e-20
S3_156277910,3,156277910,NA,NA,NA,1
S3_156763112,3,156763112,NA,NA,NA,0.535433988042527
S3_156830645,3,156830645,NA,NA,NA,0.927300239750326
S3_157123498,3,157123498,NA,NA,NA,0.415479891796865
S3_158076754,3,158076754,NA,NA,NA,0.970343676176615
S3_158250388,3,158250388,NA,NA,NA,0.985867127116323
S3_159093153,3,159093153,NA,NA,NA,0.970343676176615
S3_159200750,3,159200750,NA,NA,NA,0.985867127116323
S3_159280382,3,159280382,NA,NA,NA,0.993822121939872
S3_159658716,3,159658716,NA,NA,NA,0.995527366127917
S3_159820975,3,159820975,NA,NA,NA,0.952570023568802
S3_160747686,3,160747686,NA,NA,NA,0.952570023568802
S3_161085854,3,161085854,NA,NA,NA,0.203841132734801
S3_161093843,3,161093843,NA,NA,NA,0.848620023165276
S3_162004498,3,162004498,NA,NA,NA,0.985867127116323
S3_162591165,3,162591165,NA,NA,NA,0.926521963957154
S3_162820425,3,162820425,NA,NA,NA,0.963040516220249
S3_163752888,3,163752888,NA,NA,NA,0.985867127116323
S3_163926792,3,163926792,NA,NA,NA,0.948993942747381
S3_164144412,3,164144412,NA,NA,NA,0.985867127116323
S3_169098185,3,169098185,NA,NA,NA,0.993822121939872
S3_169116636,3,169116636,NA,NA,NA,0.985867127116323
S3_169283751,3,169283751,NA,NA,NA,0.86496854326013
S3_170391129,3,170391129,NA,NA,NA,0.872032343510429
S3_171047975,3,171047975,NA,NA,NA,0.999495612337326
S3_171049180,3,171049180,NA,NA,NA,0.999495612337326
S3_171118467,3,171118467,NA,NA,NA,0.996319602245413
S3_171380890,3,171380890,NA,NA,NA,0.963397727398375
S3_171487117,3,171487117,NA,NA,NA,0.948993942747381
S3_171698307,3,171698307,NA,NA,NA,0.985867127116323
S3_172631601,3,172631601,NA,NA,NA,0.852641732699591
S3_173080450,3,173080450,NA,NA,NA,0.995527366127917
S3_173668335,3,173668335,NA,NA,NA,0.968544002889876
S3_174251218,3,174251218,NA,NA,NA,0.965590785410069
S3_175410413,3,175410413,NA,NA,NA,0.970343676176615
S3_175410430,3,175410430,NA,NA,NA,0.968456724507647
S3_175412822,3,175412822,NA,NA,NA,0.970343676176615
S3_176077311,3,176077311,NA,NA,NA,0.990596522284065
S3_177563221,3,177563221,NA,NA,NA,0.943131785009253
S3_177690776,3,177690776,NA,NA,NA,0.926521963957154
S3_177693438,3,177693438,NA,NA,NA,0.977816038405206
S3_178168134,3,178168134,NA,NA,NA,0.996319602245413
S3_178168227,3,178168227,NA,NA,NA,0.996319602245413
S3_178405366,3,178405366,NA,NA,NA,0.995527366127917
S3_179993119,3,179993119,NA,NA,NA,0.690152211062022
S3_180300684,3,180300684,NA,NA,NA,0.948319589149996
S3_180462077,3,180462077,NA,NA,NA,0.926521963957154
S3_181084639,3,181084639,NA,NA,NA,0.93383512296741
S3_181089329,3,181089329,NA,NA,NA,0.938467565144909
S3_181403147,3,181403147,NA,NA,NA,0.970343676176615
S3_181403809,3,181403809,NA,NA,NA,0.573465838887321
S3_183585883,3,183585883,NA,NA,NA,0.926521963957154
S3_184112463,3,184112463,NA,NA,NA,0.779500061570354
S3_184696223,3,184696223,NA,NA,NA,0.803804627582095
S3_185047472,3,185047472,NA,NA,NA,0.926521963957154
S3_185689615,3,185689615,NA,NA,NA,0.926796325695789
S3_187195001,3,187195001,NA,NA,NA,0.584899847472226
S3_188497071,3,188497071,NA,NA,NA,0.690152211062022
S3_188500699,3,188500699,NA,NA,NA,0.096079656936599
S3_188500730,3,188500730,NA,NA,NA,0.222678555894242
S3_188667827,3,188667827,NA,NA,NA,0.690152211062022
S3_189196859,3,189196859,NA,NA,NA,0.641213904442645
S3_192519364,3,192519364,NA,NA,NA,0.690152211062022
S3_195626545,3,195626545,NA,NA,NA,0.926796325695789
S3_196393427,3,196393427,NA,NA,NA,0.963040516220249
S3_199144100,3,199144100,NA,NA,NA,0.995527366127917
S3_200022599,3,200022599,NA,NA,NA,0.996319602245413
S3_201034518,3,201034518,NA,NA,NA,0.573465838887321
S3_201140023,3,201140023,NA,NA,NA,0.736339596440039
S3_202899898,3,202899898,NA,NA,NA,0.641213904442645
S3_204443484,3,204443484,NA,NA,NA,0.641213904442645
S3_206340812,3,206340812,NA,NA,NA,0.983618128350512
S3_207306147,3,207306147,NA,NA,NA,0.809452693791712
S3_208260996,3,208260996,NA,NA,NA,0.985867127116323
S3_209594607,3,209594607,NA,NA,NA,0.999495612337326
S3_209609982,3,209609982,NA,NA,NA,0.963040516220249
S3_209610170,3,209610170,NA,NA,NA,0.985867127116323
S3_209669953,3,209669953,NA,NA,NA,0.980449336009492
S3_209803612,3,209803612,NA,NA,NA,0.779500061570354
S3_210833153,3,210833153,NA,NA,NA,0.895564557975181
S3_210859046,3,210859046,NA,NA,NA,0.985867127116323
S3_212068020,3,212068020,NA,NA,NA,0.751324774437237
S3_213324844,3,213324844,NA,NA,NA,0.596327330404973
S3_213618693,3,213618693,NA,NA,NA,0.926521963957154
S3_214045535,3,214045535,NA,NA,NA,0.573465838887321
S3_214188340,3,214188340,NA,NA,NA,0.995527366127917
S3_214605122,3,214605122,NA,NA,NA,0.644998539550267
S3_214725503,3,214725503,NA,NA,NA,0.903410667454781
S3_215863528,3,215863528,NA,NA,NA,0.895564557975181
S3_215949122,3,215949122,NA,NA,NA,0.81045593480539
S3_217122021,3,217122021,NA,NA,NA,0.86496854326013
S3_217124964,3,217124964,NA,NA,NA,0.573465838887321
S3_218883017,3,218883017,NA,NA,NA,0.985867127116323
S3_219791737,3,219791737,NA,NA,NA,0.650260231646119
S3_220553933,3,220553933,NA,NA,NA,0.278184513214434
S3_221113183,3,221113183,NA,NA,NA,0.638343824659506
S3_221172195,3,221172195,NA,NA,NA,0.573465838887321
S3_221485615,3,221485615,NA,NA,NA,0.926521963957154
S3_221603754,3,221603754,NA,NA,NA,0.985867127116323
S3_221603868,3,221603868,NA,NA,NA,0.985867127116323
S3_221892178,3,221892178,NA,NA,NA,0.999495612337326
S3_222666213,3,222666213,NA,NA,NA,0.952570023568802
S3_222666340,3,222666340,NA,NA,NA,0.965306390886908
S3_222668770,3,222668770,NA,NA,NA,0.985867127116323
S3_222761948,3,222761948,NA,NA,NA,0.952570023568802
S3_222882360,3,222882360,NA,NA,NA,0.985867127116323
S3_223081473,3,223081473,NA,NA,NA,0.985867127116323
S3_223081534,3,223081534,NA,NA,NA,0.965885693595324
S3_223158468,3,223158468,NA,NA,NA,0.999495612337326
S3_223221766,3,223221766,NA,NA,NA,0.996319602245413
S4_1582526,4,1582526,NA,NA,NA,0.985867127116323
S4_3684946,4,3684946,NA,NA,NA,0.985867127116323
S4_4117851,4,4117851,NA,NA,NA,0.985867127116323
S4_4421555,4,4421555,NA,NA,NA,0.903410667454781
S4_4429338,4,4429338,NA,NA,NA,0.690152211062022
S4_4868446,4,4868446,NA,NA,NA,0.597573034392495
S4_5032583,4,5032583,NA,NA,NA,0.985867127116323
S4_5038043,4,5038043,NA,NA,NA,0.926521963957154
S4_5391059,4,5391059,NA,NA,NA,0.985867127116323
S4_6215946,4,6215946,NA,NA,NA,0.641213904442645
S4_6216277,4,6216277,NA,NA,NA,0.926521963957154
S4_6256393,4,6256393,NA,NA,NA,0.952570023568802
S4_6374168,4,6374168,NA,NA,NA,0.919786646507622
S4_6382493,4,6382493,NA,NA,NA,0.779500061570354
S4_6388262,4,6388262,NA,NA,NA,0.985867127116323
S4_6397331,4,6397331,NA,NA,NA,0.985867127116323
S4_7632233,4,7632233,NA,NA,NA,0.996319602245413
S4_7634160,4,7634160,NA,NA,NA,0.995527366127917
S4_7635295,4,7635295,NA,NA,NA,0.985867127116323
S4_7967173,4,7967173,NA,NA,NA,0.985867127116323
S4_8027896,4,8027896,NA,NA,NA,0.985867127116323
S4_8316239,4,8316239,NA,NA,NA,0.926521963957154
S4_8454252,4,8454252,NA,NA,NA,0.952570023568802
S4_10696101,4,10696101,NA,NA,NA,0.952570023568802
S4_10786694,4,10786694,NA,NA,NA,0.970343676176615
S4_10904652,4,10904652,NA,NA,NA,0.995527366127917
S4_11760644,4,11760644,NA,NA,NA,0.952570023568802
S4_12766998,4,12766998,NA,NA,NA,0.880722604116165
S4_13315712,4,13315712,NA,NA,NA,0.516337493088406
S4_15666621,4,15666621,NA,NA,NA,0.963040516220249
S4_15673073,4,15673073,NA,NA,NA,0.963040516220249
S4_15975070,4,15975070,NA,NA,NA,0.644998539550267
S4_16064424,4,16064424,NA,NA,NA,0.926521963957154
S4_16194115,4,16194115,NA,NA,NA,0.943131785009253
S4_16268360,4,16268360,NA,NA,NA,0.985867127116323
S4_16652461,4,16652461,NA,NA,NA,0.918059235654633
S4_16940584,4,16940584,NA,NA,NA,0.779500061570354
S4_16944639,4,16944639,NA,NA,NA,0.999495612337326
S4_17273302,4,17273302,NA,NA,NA,0.985867127116323
S4_18076248,4,18076248,NA,NA,NA,0.970343676176615
S4_18845218,4,18845218,NA,NA,NA,0.996319602245413
S4_19113113,4,19113113,NA,NA,NA,0.926521963957154
S4_19534877,4,19534877,NA,NA,NA,0.985867127116323
S4_19535516,4,19535516,NA,NA,NA,0.903410667454781
S4_19535656,4,19535656,NA,NA,NA,0.985867127116323
S4_19556309,4,19556309,NA,NA,NA,0.985867127116323
S4_19684514,4,19684514,NA,NA,NA,0.985867127116323
S4_20268200,4,20268200,NA,NA,NA,0.903410667454781
S4_20270571,4,20270571,NA,NA,NA,0.996319602245413
S4_20274946,4,20274946,NA,NA,NA,0.952570023568802
S4_20497213,4,20497213,NA,NA,NA,0.995527366127917
S4_20598297,4,20598297,NA,NA,NA,0.985867127116323
S4_21107980,4,21107980,NA,NA,NA,0.995527366127917
S4_21650368,4,21650368,NA,NA,NA,0.970343676176615
S4_21903148,4,21903148,NA,NA,NA,0.855298224348876
S4_21908896,4,21908896,NA,NA,NA,0.985867127116323
S4_23290605,4,23290605,NA,NA,NA,0.999495612337326
S4_23361153,4,23361153,NA,NA,NA,0.970343676176615
S4_23371382,4,23371382,NA,NA,NA,0.913292129638446
S4_23915319,4,23915319,NA,NA,NA,0.938467565144909
S4_23915745,4,23915745,NA,NA,NA,0.983618128350512
S4_24237240,4,24237240,NA,NA,NA,0.928144996047672
S4_24592534,4,24592534,NA,NA,NA,0.996319602245413
S4_26899943,4,26899943,NA,NA,NA,0.948319589149996
S4_26905846,4,26905846,NA,NA,NA,0.999495612337326
S4_27987442,4,27987442,NA,NA,NA,0.926521963957154
S4_28628470,4,28628470,NA,NA,NA,0.985867127116323
S4_28770521,4,28770521,NA,NA,NA,0.926796325695789
S4_28810964,4,28810964,NA,NA,NA,0.963040516220249
S4_28837786,4,28837786,NA,NA,NA,0.987219582471707
S4_30916257,4,30916257,NA,NA,NA,0.996319602245413
S4_31060579,4,31060579,NA,NA,NA,0.995527366127917
S4_32789730,4,32789730,NA,NA,NA,0.86496854326013
S4_33024458,4,33024458,NA,NA,NA,0.86496854326013
S4_33668810,4,33668810,NA,NA,NA,0.86496854326013
S4_33993933,4,33993933,NA,NA,NA,0.968456724507647
S4_34193017,4,34193017,NA,NA,NA,0.926521963957154
S4_34194561,4,34194561,NA,NA,NA,0.903410667454781
S4_35081018,4,35081018,NA,NA,NA,0.970343676176615
S4_35081158,4,35081158,NA,NA,NA,0.970343676176615
S4_35662011,4,35662011,NA,NA,NA,0.926521963957154
S4_36249700,4,36249700,NA,NA,NA,0.995527366127917
S4_37547893,4,37547893,NA,NA,NA,0.983165358143574
S4_37548473,4,37548473,NA,NA,NA,0.927300239750326
S4_38327201,4,38327201,NA,NA,NA,0.995527366127917
S4_38330727,4,38330727,NA,NA,NA,0.926521963957154
S4_38760190,4,38760190,NA,NA,NA,0.938467565144909
S4_42420846,4,42420846,NA,NA,NA,0.970343676176615
S4_43857521,4,43857521,NA,NA,NA,0.999495612337326
S4_59942187,4,59942187,NA,NA,NA,0.985867127116323
S4_65069576,4,65069576,NA,NA,NA,0.963040516220249
S4_68476055,4,68476055,NA,NA,NA,0.995527366127917
S4_68509682,4,68509682,NA,NA,NA,0.985867127116323
S4_68989860,4,68989860,NA,NA,NA,0.968456724507647
S4_73620368,4,73620368,NA,NA,NA,0.970343676176615
S4_73992822,4,73992822,NA,NA,NA,0.963040516220249
S4_78663165,4,78663165,NA,NA,NA,0.952570023568802
S4_81325355,4,81325355,NA,NA,NA,0.690152211062022
S4_81555504,4,81555504,NA,NA,NA,0.996319602245413
S4_83555330,4,83555330,NA,NA,NA,0.995527366127917
S4_86783804,4,86783804,NA,NA,NA,0.995527366127917
S4_123692246,4,123692246,NA,NA,NA,0.999495612337326
S4_127783045,4,127783045,NA,NA,NA,0.952570023568802
S4_129510370,4,129510370,NA,NA,NA,0.995527366127917
S4_130234780,4,130234780,NA,NA,NA,0.968544002889876
S4_130979624,4,130979624,NA,NA,NA,0.92814615677016
S4_131389825,4,131389825,NA,NA,NA,0.985867127116323
S4_132644449,4,132644449,NA,NA,NA,0.985867127116323
S4_132796082,4,132796082,NA,NA,NA,0.985867127116323
S4_133572067,4,133572067,NA,NA,NA,0.995527366127917
S4_134019236,4,134019236,NA,NA,NA,0.985867127116323
S4_138959026,4,138959026,NA,NA,NA,0.970343676176615
S4_147394691,4,147394691,NA,NA,NA,0.690152211062022
S4_151119203,4,151119203,NA,NA,NA,0.826513779084472
S4_151260095,4,151260095,NA,NA,NA,0.996319602245413
S4_153136183,4,153136183,NA,NA,NA,0.970343676176615
S4_153603804,4,153603804,NA,NA,NA,0.450093242922987
S4_154508054,4,154508054,NA,NA,NA,0.970343676176615
S4_157787690,4,157787690,NA,NA,NA,0.874855752216877
S4_158893534,4,158893534,NA,NA,NA,0.999495612337326
S4_159136751,4,159136751,NA,NA,NA,0.985867127116323
S4_159826794,4,159826794,NA,NA,NA,0.999495612337326
S4_162868828,4,162868828,NA,NA,NA,0.86496854326013
S4_163363238,4,163363238,NA,NA,NA,0.926521963957154
S4_166721935,4,166721935,NA,NA,NA,0.985867127116323
S4_168922442,4,168922442,NA,NA,NA,0.952570023568802
S4_168972787,4,168972787,NA,NA,NA,0.952570023568802
S4_169358752,4,169358752,NA,NA,NA,0.903410667454781
S4_170716007,4,170716007,NA,NA,NA,0.985867127116323
S4_171079944,4,171079944,NA,NA,NA,0.732155916673852
S4_171087001,4,171087001,NA,NA,NA,0.985867127116323
S4_172278923,4,172278923,NA,NA,NA,0.938467565144909
S4_172480572,4,172480572,NA,NA,NA,0.86496854326013
S4_173206081,4,173206081,NA,NA,NA,0.927300239750326
S4_173647564,4,173647564,NA,NA,NA,0.00491134214296086
S4_173812038,4,173812038,NA,NA,NA,0.277790995969571
S4_174235497,4,174235497,NA,NA,NA,0.902418283626863
S4_174661607,4,174661607,NA,NA,NA,0.985867127116323
S4_174894581,4,174894581,NA,NA,NA,0.926521963957154
S4_175587769,4,175587769,NA,NA,NA,0.985867127116323
S4_175791704,4,175791704,NA,NA,NA,0.00014296381433092
S4_176115520,4,176115520,NA,NA,NA,0.963040516220249
S4_176599341,4,176599341,NA,NA,NA,0.985867127116323
S4_176927461,4,176927461,NA,NA,NA,0.952570023568802
S4_177233411,4,177233411,NA,NA,NA,0.995527366127917
S4_177342963,4,177342963,NA,NA,NA,0.86496854326013
S4_177343094,4,177343094,NA,NA,NA,0.852641732699591
S4_177902767,4,177902767,NA,NA,NA,0.926521963957154
S4_178069434,4,178069434,NA,NA,NA,0.29120442158661
S4_178384209,4,178384209,NA,NA,NA,0.926521963957154
S4_178453956,4,178453956,NA,NA,NA,0.996568802044206
S4_179370281,4,179370281,NA,NA,NA,0.938467565144909
S4_179674671,4,179674671,NA,NA,NA,0.926521963957154
S4_179674809,4,179674809,NA,NA,NA,0.999495612337326
S4_180001616,4,180001616,NA,NA,NA,0.970343676176615
S4_180637167,4,180637167,NA,NA,NA,0.985867127116323
S4_180797642,4,180797642,NA,NA,NA,0.970343676176615
S4_181091704,4,181091704,NA,NA,NA,0.985867127116323
S4_181557315,4,181557315,NA,NA,NA,0.926796325695789
S4_182099943,4,182099943,NA,NA,NA,0.86496854326013
S4_182462132,4,182462132,NA,NA,NA,0.943131785009253
S4_183484419,4,183484419,NA,NA,NA,0.985867127116323
S4_183484517,4,183484517,NA,NA,NA,0.995527366127917
S4_183587157,4,183587157,NA,NA,NA,0.952570023568802
S4_183806901,4,183806901,NA,NA,NA,0.996319602245413
S4_184739545,4,184739545,NA,NA,NA,0.985867127116323
S4_185719827,4,185719827,NA,NA,NA,0.985867127116323
S4_186630216,4,186630216,NA,NA,NA,0.985867127116323
S4_187126058,4,187126058,NA,NA,NA,0.970343676176615
S4_188075715,4,188075715,NA,NA,NA,0.996319602245413
S4_191133446,4,191133446,NA,NA,NA,0.995527366127917
S4_191603783,4,191603783,NA,NA,NA,0.811725840240638
S4_192740039,4,192740039,NA,NA,NA,0.985867127116323
S4_196697423,4,196697423,NA,NA,NA,0.952570023568802
S4_201649912,4,201649912,NA,NA,NA,0.926521963957154
S4_202964997,4,202964997,NA,NA,NA,0.926521963957154
S4_211134934,4,211134934,NA,NA,NA,0.926521963957154
S4_223755225,4,223755225,NA,NA,NA,0.985867127116323
S4_228315634,4,228315634,NA,NA,NA,0.995527366127917
S4_237052759,4,237052759,NA,NA,NA,0.995527366127917
S4_238909618,4,238909618,NA,NA,NA,0.938467565144909
S4_239877963,4,239877963,NA,NA,NA,0.926521963957154
S4_241516810,4,241516810,NA,NA,NA,0.970343676176615
S4_241704963,4,241704963,NA,NA,NA,0.965885693595324
S4_241832875,4,241832875,NA,NA,NA,0.985867127116323
S5_392571,5,392571,NA,NA,NA,0.926521963957154
S5_846139,5,846139,NA,NA,NA,0.985867127116323
S5_846889,5,846889,NA,NA,NA,0.918059235654633
S5_959677,5,959677,NA,NA,NA,0.903051749901211
S5_960877,5,960877,NA,NA,NA,0.926521963957154
S5_973097,5,973097,NA,NA,NA,0.650260231646119
S5_1064405,5,1064405,NA,NA,NA,0.650991106854216
S5_1121641,5,1121641,NA,NA,NA,0.779500061570354
S5_1223077,5,1223077,NA,NA,NA,0.924654660759686
S5_1227922,5,1227922,NA,NA,NA,0.690152211062022
S5_1403230,5,1403230,NA,NA,NA,0.926521963957154
S5_1986447,5,1986447,NA,NA,NA,0.985867127116323
S5_1993743,5,1993743,NA,NA,NA,0.952570023568802
S5_2037046,5,2037046,NA,NA,NA,0.852641732699591
S5_2037272,5,2037272,NA,NA,NA,0.826513779084472
S5_2161838,5,2161838,NA,NA,NA,0.985867127116323
S5_2253809,5,2253809,NA,NA,NA,0.955330579594964
S5_2411621,5,2411621,NA,NA,NA,0.988060610459665
S5_2577845,5,2577845,NA,NA,NA,0.985867127116323
S5_2791798,5,2791798,NA,NA,NA,0.985867127116323
S5_2791837,5,2791837,NA,NA,NA,0.963040516220249
S5_2858836,5,2858836,NA,NA,NA,0.983618128350512
S5_2858950,5,2858950,NA,NA,NA,0.938467565144909
S5_2859808,5,2859808,NA,NA,NA,0.779500061570354
S5_3657340,5,3657340,NA,NA,NA,0.926521963957154
S5_4108173,5,4108173,NA,NA,NA,0.690152211062022
S5_4229956,5,4229956,NA,NA,NA,0.985867127116323
S5_4857380,5,4857380,NA,NA,NA,0.736339596440039
S5_4884511,5,4884511,NA,NA,NA,0.926521963957154
S5_5059451,5,5059451,NA,NA,NA,0.999495612337326
S5_5557260,5,5557260,NA,NA,NA,0.985867127116323
S5_5598442,5,5598442,NA,NA,NA,0.926521963957154
S5_6368813,5,6368813,NA,NA,NA,0.985867127116323
S5_6825026,5,6825026,NA,NA,NA,0.999495612337326
S5_7117510,5,7117510,NA,NA,NA,0.943131785009253
S5_7338807,5,7338807,NA,NA,NA,0.985867127116323
S5_7701005,5,7701005,NA,NA,NA,0.938467565144909
S5_8109491,5,8109491,NA,NA,NA,0.985867127116323
S5_8249273,5,8249273,NA,NA,NA,0.970343676176615
S5_8942275,5,8942275,NA,NA,NA,0.849664681124676
S5_8975313,5,8975313,NA,NA,NA,0.952570023568802
S5_9900858,5,9900858,NA,NA,NA,0.86496854326013
S5_10519995,5,10519995,NA,NA,NA,0.996319602245413
S5_10772137,5,10772137,NA,NA,NA,0.963040516220249
S5_11998173,5,11998173,NA,NA,NA,8.69692713487059e-06
S5_12127492,5,12127492,NA,NA,NA,0.996319602245413
S5_12815252,5,12815252,NA,NA,NA,0.963040516220249
S5_12971603,5,12971603,NA,NA,NA,0.985867127116323
S5_13702177,5,13702177,NA,NA,NA,0.779500061570354
S5_14248069,5,14248069,NA,NA,NA,0.943131785009253
S5_14562872,5,14562872,NA,NA,NA,0.970343676176615
S5_15433436,5,15433436,NA,NA,NA,0.903410667454781
S5_15441260,5,15441260,NA,NA,NA,0.952570023568802
S5_15844564,5,15844564,NA,NA,NA,0.86496854326013
S5_15897858,5,15897858,NA,NA,NA,0.0959606620600649
S5_15902604,5,15902604,NA,NA,NA,0.985867127116323
S5_19069144,5,19069144,NA,NA,NA,0.994462101246914
S5_19069731,5,19069731,NA,NA,NA,0.926521963957154
S5_19212307,5,19212307,NA,NA,NA,0.985867127116323
S5_19375485,5,19375485,NA,NA,NA,0.988060610459665
S5_20386586,5,20386586,NA,NA,NA,0.927300239750326
S5_20614224,5,20614224,NA,NA,NA,0.985867127116323
S5_20841749,5,20841749,NA,NA,NA,0.952570023568802
S5_21746992,5,21746992,NA,NA,NA,0.998088440896724
S5_21801726,5,21801726,NA,NA,NA,0.960107860657709
S5_22426333,5,22426333,NA,NA,NA,0.641213904442645
S5_24821792,5,24821792,NA,NA,NA,0.848620023165276
S5_24840547,5,24840547,NA,NA,NA,0.970343676176615
S5_25947924,5,25947924,NA,NA,NA,0.926521963957154
S5_27014949,5,27014949,NA,NA,NA,0.938467565144909
S5_28912179,5,28912179,NA,NA,NA,0.970343676176615
S5_30442792,5,30442792,NA,NA,NA,0.960794478781307
S5_32090793,5,32090793,NA,NA,NA,0.641213904442645
S5_32090944,5,32090944,NA,NA,NA,0.641213904442645
S5_32349939,5,32349939,NA,NA,NA,0.948254829761565
S5_33073331,5,33073331,NA,NA,NA,0.895564557975181
S5_33843588,5,33843588,NA,NA,NA,0.690152211062022
S5_34733643,5,34733643,NA,NA,NA,0.995527366127917
S5_35208258,5,35208258,NA,NA,NA,0.86496854326013
S5_35406000,5,35406000,NA,NA,NA,0.919786646507622
S5_38654197,5,38654197,NA,NA,NA,0.985867127116323
S5_39117682,5,39117682,NA,NA,NA,0.690152211062022
S5_44150436,5,44150436,NA,NA,NA,0.914352179897802
S5_44151397,5,44151397,NA,NA,NA,0.914352179897802
S5_44367258,5,44367258,NA,NA,NA,0.926521963957154
S5_51564787,5,51564787,NA,NA,NA,0.938467565144909
S5_59732882,5,59732882,NA,NA,NA,0.926521963957154
S5_59781924,5,59781924,NA,NA,NA,0.489181436482546
S5_60413372,5,60413372,NA,NA,NA,0.985867127116323
S5_61109380,5,61109380,NA,NA,NA,0.927300239750326
S5_62982504,5,62982504,NA,NA,NA,0.963040516220249
S5_64000675,5,64000675,NA,NA,NA,0.970343676176615
S5_68824990,5,68824990,NA,NA,NA,0.145037867638232
S5_69155559,5,69155559,NA,NA,NA,0.985867127116323
S5_70403060,5,70403060,NA,NA,NA,0.690152211062022
S5_70657343,5,70657343,NA,NA,NA,0.963040516220249
S5_71282599,5,71282599,NA,NA,NA,0.926521963957154
S5_72789465,5,72789465,NA,NA,NA,0.996319602245413
S5_75244556,5,75244556,NA,NA,NA,0.6108316992221
S5_76181153,5,76181153,NA,NA,NA,0.996319602245413
S5_76690334,5,76690334,NA,NA,NA,0.903410667454781
S5_76714903,5,76714903,NA,NA,NA,0.970343676176615
S5_76809814,5,76809814,NA,NA,NA,0.985867127116323
S5_76955635,5,76955635,NA,NA,NA,0.985867127116323
S5_76956064,5,76956064,NA,NA,NA,0.970343676176615
S5_78825105,5,78825105,NA,NA,NA,0.0120312787733958
S5_80470390,5,80470390,NA,NA,NA,0.970343676176615
S5_83097599,5,83097599,NA,NA,NA,0.952570023568802
S5_83740384,5,83740384,NA,NA,NA,0.927300239750326
S5_83797523,5,83797523,NA,NA,NA,0.985867127116323
S5_86821943,5,86821943,NA,NA,NA,0.903410667454781
S5_88321071,5,88321071,NA,NA,NA,0.926521963957154
S5_88323212,5,88323212,NA,NA,NA,0.690152211062022
S5_88891444,5,88891444,NA,NA,NA,0.938467565144909
S5_90103757,5,90103757,NA,NA,NA,0.86496854326013
S5_91076876,5,91076876,NA,NA,NA,0.742364881982197
S5_94466678,5,94466678,NA,NA,NA,0.963040516220249
S5_95340368,5,95340368,NA,NA,NA,0.852641732699591
S5_113637702,5,113637702,NA,NA,NA,0.935526582225893
S5_134357391,5,134357391,NA,NA,NA,0.996319602245413
S5_137215938,5,137215938,NA,NA,NA,0.970343676176615
S5_137216759,5,137216759,NA,NA,NA,0.938467565144909
S5_142853398,5,142853398,NA,NA,NA,0.987219582471707
S5_145203522,5,145203522,NA,NA,NA,0.970343676176615
S5_146713841,5,146713841,NA,NA,NA,0.952570023568802
S5_146715057,5,146715057,NA,NA,NA,0.970343676176615
S5_147071985,5,147071985,NA,NA,NA,0.0120312787733958
S5_147473771,5,147473771,NA,NA,NA,0.996568802044206
S5_147887551,5,147887551,NA,NA,NA,0.000855114829681471
S5_153353332,5,153353332,NA,NA,NA,0.970343676176615
S5_153353657,5,153353657,NA,NA,NA,0.926521963957154
S5_154883835,5,154883835,NA,NA,NA,0.926521963957154
S5_160754197,5,160754197,NA,NA,NA,0.985867127116323
S5_162295166,5,162295166,NA,NA,NA,0.985867127116323
S5_162523269,5,162523269,NA,NA,NA,0.985867127116323
S5_162523281,5,162523281,NA,NA,NA,0.970343676176615
S5_163943266,5,163943266,NA,NA,NA,0.926521963957154
S5_166675806,5,166675806,NA,NA,NA,0.985867127116323
S5_167631942,5,167631942,NA,NA,NA,0.970343676176615
S5_167774618,5,167774618,NA,NA,NA,0.963040516220249
S5_167948506,5,167948506,NA,NA,NA,0.995527366127917
S5_169309847,5,169309847,NA,NA,NA,0.996319602245413
S5_171099522,5,171099522,NA,NA,NA,0.970343676176615
S5_171099708,5,171099708,NA,NA,NA,0.952570023568802
S5_171558014,5,171558014,NA,NA,NA,0.985867127116323
S5_174583061,5,174583061,NA,NA,NA,0.985867127116323
S5_174744000,5,174744000,NA,NA,NA,0.90504885528514
S5_174873345,5,174873345,NA,NA,NA,0.996319602245413
S5_176356092,5,176356092,NA,NA,NA,0.928144996047672
S5_176844776,5,176844776,NA,NA,NA,0.690152211062022
S5_177183610,5,177183610,NA,NA,NA,0.0275940849318655
S5_177768562,5,177768562,NA,NA,NA,0.963040516220249
S5_178745983,5,178745983,NA,NA,NA,0.970343676176615
S5_178912346,5,178912346,NA,NA,NA,0.999495612337326
S5_179642041,5,179642041,NA,NA,NA,0.690152211062022
S5_179660715,5,179660715,NA,NA,NA,0.970343676176615
S5_179922594,5,179922594,NA,NA,NA,0.903410667454781
S5_179923101,5,179923101,NA,NA,NA,0.830027810660566
S5_180189155,5,180189155,NA,NA,NA,0.996568802044206
S5_180302078,5,180302078,NA,NA,NA,0.995527366127917
S5_181964400,5,181964400,NA,NA,NA,0.913292129638446
S5_184371294,5,184371294,NA,NA,NA,0.914352179897802
S5_185612028,5,185612028,NA,NA,NA,0.903410667454781
S5_185659742,5,185659742,NA,NA,NA,0.985867127116323
S5_186306420,5,186306420,NA,NA,NA,0.926796325695789
S5_187238296,5,187238296,NA,NA,NA,0.985867127116323
S5_187240493,5,187240493,NA,NA,NA,0.926521963957154
S5_187698419,5,187698419,NA,NA,NA,0.952570023568802
S5_187875195,5,187875195,NA,NA,NA,0.926521963957154
S5_188157823,5,188157823,NA,NA,NA,0.963040516220249
S5_188213251,5,188213251,NA,NA,NA,0.985867127116323
S5_189353511,5,189353511,NA,NA,NA,0.985867127116323
S5_189363603,5,189363603,NA,NA,NA,0.926521963957154
S5_190041360,5,190041360,NA,NA,NA,0.910253557433231
S5_192686533,5,192686533,NA,NA,NA,0.985867127116323
S5_192792986,5,192792986,NA,NA,NA,0.996319602245413
S5_193315723,5,193315723,NA,NA,NA,0.999495612337326
S5_194079700,5,194079700,NA,NA,NA,0.970343676176615
S5_194827709,5,194827709,NA,NA,NA,0.985867127116323
S5_195066772,5,195066772,NA,NA,NA,0.999495612337326
S5_195079729,5,195079729,NA,NA,NA,0.952570023568802
S5_195080529,5,195080529,NA,NA,NA,0.926521963957154
S5_195296424,5,195296424,NA,NA,NA,0.985867127116323
S5_196493942,5,196493942,NA,NA,NA,0.995527366127917
S5_196495308,5,196495308,NA,NA,NA,1.90356677483072e-06
S5_196686417,5,196686417,NA,NA,NA,0.985867127116323
S5_196688275,5,196688275,NA,NA,NA,0.943131785009253
S5_196688753,5,196688753,NA,NA,NA,0.996319602245413
S5_197833779,5,197833779,NA,NA,NA,0.996319602245413
S5_198023231,5,198023231,NA,NA,NA,0.970343676176615
S5_198353824,5,198353824,NA,NA,NA,0.985867127116323
S5_198357291,5,198357291,NA,NA,NA,0.999495612337326
S5_198497394,5,198497394,NA,NA,NA,0.996319602245413
S5_198576650,5,198576650,NA,NA,NA,0.926521963957154
S5_199103162,5,199103162,NA,NA,NA,0.998243976786714
S5_203416587,5,203416587,NA,NA,NA,0.952570023568802
S5_203425942,5,203425942,NA,NA,NA,0.926521963957154
S5_204040867,5,204040867,NA,NA,NA,0.995527366127917
S5_204040909,5,204040909,NA,NA,NA,0.963040516220249
S5_204409553,5,204409553,NA,NA,NA,0.994300202114213
S5_204693690,5,204693690,NA,NA,NA,0.985867127116323
S5_205869673,5,205869673,NA,NA,NA,0.996696480601472
S5_205950398,5,205950398,NA,NA,NA,0.926521963957154
S5_206240787,5,206240787,NA,NA,NA,0.970343676176615
S5_206652970,5,206652970,NA,NA,NA,0.231927288349187
S5_206654542,5,206654542,NA,NA,NA,0.985867127116323
S5_207186816,5,207186816,NA,NA,NA,0.926521963957154
S5_207333354,5,207333354,NA,NA,NA,0.919825058950155
S5_208492316,5,208492316,NA,NA,NA,0.985867127116323
S5_209484843,5,209484843,NA,NA,NA,0.968456724507647
S5_209506777,5,209506777,NA,NA,NA,0.638343824659506
S5_209558738,5,209558738,NA,NA,NA,0.641213904442645
S5_209751223,5,209751223,NA,NA,NA,0.926521963957154
S5_210099034,5,210099034,NA,NA,NA,0.963040516220249
S5_210871718,5,210871718,NA,NA,NA,0.995527366127917
S5_211204931,5,211204931,NA,NA,NA,0.985867127116323
S5_211205797,5,211205797,NA,NA,NA,0.852641732699591
S5_211242216,5,211242216,NA,NA,NA,0.985867127116323
S5_211285153,5,211285153,NA,NA,NA,0.985867127116323
S5_211334892,5,211334892,NA,NA,NA,0.926521963957154
S5_211698429,5,211698429,NA,NA,NA,0.995527366127917
S5_211843513,5,211843513,NA,NA,NA,0.690152211062022
S5_211962336,5,211962336,NA,NA,NA,0.641213904442645
S5_212055655,5,212055655,NA,NA,NA,0.926521963957154
S5_212070678,5,212070678,NA,NA,NA,0.903671986958533
S5_212136026,5,212136026,NA,NA,NA,0.985867127116323
S5_212255952,5,212255952,NA,NA,NA,0.903410667454781
S5_212478679,5,212478679,NA,NA,NA,0.965747429548081
S5_213003414,5,213003414,NA,NA,NA,0.657208429761021
S5_213100773,5,213100773,NA,NA,NA,0.926521963957154
S5_213137320,5,213137320,NA,NA,NA,0.86496854326013
S5_213160675,5,213160675,NA,NA,NA,0.926521963957154
S5_213166480,5,213166480,NA,NA,NA,0.985867127116323
S5_213380060,5,213380060,NA,NA,NA,0.999495612337326
S5_213565655,5,213565655,NA,NA,NA,0.222678555894242
S5_213571586,5,213571586,NA,NA,NA,0.999495612337326
S5_213596888,5,213596888,NA,NA,NA,0.937784937069634
S5_213601432,5,213601432,NA,NA,NA,0.970343676176615
S5_214150762,5,214150762,NA,NA,NA,0.985867127116323
S5_214254801,5,214254801,NA,NA,NA,0.996319602245413
S5_214295509,5,214295509,NA,NA,NA,0.926521963957154
S5_215367055,5,215367055,NA,NA,NA,0.690152211062022
S5_215367218,5,215367218,NA,NA,NA,0.926521963957154
S5_216252803,5,216252803,NA,NA,NA,0.985867127116323
S5_216397829,5,216397829,NA,NA,NA,0.985867127116323
S5_216639488,5,216639488,NA,NA,NA,0.719749330947354
S5_216679342,5,216679342,NA,NA,NA,0.926521963957154
S5_216685919,5,216685919,NA,NA,NA,0.985867127116323
S5_216902344,5,216902344,NA,NA,NA,0.926796325695789
S5_217277409,5,217277409,NA,NA,NA,0.86496854326013
S5_218069890,5,218069890,NA,NA,NA,0.6108316992221
S5_218071486,5,218071486,NA,NA,NA,0.6108316992221
S5_219302032,5,219302032,NA,NA,NA,0.985867127116323
S5_219699961,5,219699961,NA,NA,NA,0.938467565144909
S5_220362315,5,220362315,NA,NA,NA,0.834240877955109
S5_220616742,5,220616742,NA,NA,NA,0.926521963957154
S5_220625279,5,220625279,NA,NA,NA,0.985867127116323
S5_220826505,5,220826505,NA,NA,NA,0.926521963957154
S5_220992100,5,220992100,NA,NA,NA,0.985867127116323
S5_221195461,5,221195461,NA,NA,NA,0.996319602245413
S5_221698085,5,221698085,NA,NA,NA,0.999495612337326
S5_221957658,5,221957658,NA,NA,NA,0.782132782709054
S5_222467069,5,222467069,NA,NA,NA,0.848620023165276
S5_222581144,5,222581144,NA,NA,NA,0.926521963957154
S5_222820716,5,222820716,NA,NA,NA,0.903051749901211
S5_223260186,5,223260186,NA,NA,NA,0.96207606562125
S5_223260805,5,223260805,NA,NA,NA,0.963040516220249
S5_223366133,5,223366133,NA,NA,NA,0.985867127116323
S5_223426991,5,223426991,NA,NA,NA,0.874855752216877
S5_223430784,5,223430784,NA,NA,NA,0.985867127116323
S5_223430984,5,223430984,NA,NA,NA,0.985867127116323
S5_223436095,5,223436095,NA,NA,NA,0.970343676176615
S5_223645549,5,223645549,NA,NA,NA,0.926521963957154
S5_223756239,5,223756239,NA,NA,NA,0.803804627582095
S5_223875842,5,223875842,NA,NA,NA,0.926796325695789
S5_223901174,5,223901174,NA,NA,NA,0.903410667454781
S5_223904377,5,223904377,NA,NA,NA,0.995527366127917
S5_223909423,5,223909423,NA,NA,NA,0.995527366127917
S5_224226095,5,224226095,NA,NA,NA,0.985867127116323
S5_224229262,5,224229262,NA,NA,NA,0.86496854326013
S5_224633761,5,224633761,NA,NA,NA,0.952570023568802
S5_225053113,5,225053113,NA,NA,NA,0.970343676176615
S5_226029760,5,226029760,NA,NA,NA,0.943131785009253
S6_7500192,6,7500192,NA,NA,NA,0.963040516220249
S6_9172373,6,9172373,NA,NA,NA,0.903410667454781
S6_10091180,6,10091180,NA,NA,NA,0.926796325695789
S6_10091291,6,10091291,NA,NA,NA,0.926796325695789
S6_10170336,6,10170336,NA,NA,NA,0.895564557975181
S6_10178401,6,10178401,NA,NA,NA,0.935526582225893
S6_10427934,6,10427934,NA,NA,NA,0.779500061570354
S6_12017089,6,12017089,NA,NA,NA,0.940232650316441
S6_14800910,6,14800910,NA,NA,NA,0.926521963957154
S6_25976852,6,25976852,NA,NA,NA,0.926521963957154
S6_30546465,6,30546465,NA,NA,NA,0.938467565144909
S6_37966438,6,37966438,NA,NA,NA,0.638343824659506
S6_51081241,6,51081241,NA,NA,NA,0.996568802044206
S6_53667694,6,53667694,NA,NA,NA,0.926521963957154
S6_64419294,6,64419294,NA,NA,NA,0.140780969122303
S6_67037943,6,67037943,NA,NA,NA,0.995527366127917
S6_67043112,6,67043112,NA,NA,NA,0.952570023568802
S6_68175871,6,68175871,NA,NA,NA,0.638343824659506
S6_71847299,6,71847299,NA,NA,NA,0.238059347970839
S6_78216005,6,78216005,NA,NA,NA,0.804026096721979
S6_80620806,6,80620806,NA,NA,NA,0.998088440896724
S6_82541405,6,82541405,NA,NA,NA,0.222678555894242
S6_84930110,6,84930110,NA,NA,NA,0.852641732699591
S6_92919825,6,92919825,NA,NA,NA,0.690152211062022
S6_94929182,6,94929182,NA,NA,NA,0.973652082462094
S6_95582532,6,95582532,NA,NA,NA,0.952570023568802
S6_96074538,6,96074538,NA,NA,NA,0.826513779084472
S6_96712764,6,96712764,NA,NA,NA,0.910253557433231
S6_98298987,6,98298987,NA,NA,NA,0.985867127116323
S6_98395946,6,98395946,NA,NA,NA,0.6108316992221
S6_98408157,6,98408157,NA,NA,NA,0.970343676176615
S6_98417550,6,98417550,NA,NA,NA,0.926521963957154
S6_100808400,6,100808400,NA,NA,NA,0.938467565144909
S6_102701095,6,102701095,NA,NA,NA,0.985867127116323
S6_102701334,6,102701334,NA,NA,NA,0.690152211062022
S6_102804778,6,102804778,NA,NA,NA,0.926521963957154
S6_104866390,6,104866390,NA,NA,NA,0.999495612337326
S6_105780483,6,105780483,NA,NA,NA,0.779500061570354
S6_105829977,6,105829977,NA,NA,NA,0.952570023568802
S6_123007536,6,123007536,NA,NA,NA,0.985867127116323
S6_123298007,6,123298007,NA,NA,NA,0.792704430196548
S6_123492422,6,123492422,NA,NA,NA,0.640753808553904
S6_124083395,6,124083395,NA,NA,NA,0.6108316992221
S6_124872356,6,124872356,NA,NA,NA,0.985867127116323
S6_127695370,6,127695370,NA,NA,NA,0.996319602245413
S6_128029740,6,128029740,NA,NA,NA,0.985867127116323
S6_128681003,6,128681003,NA,NA,NA,0.919786646507622
S6_129038174,6,129038174,NA,NA,NA,0.927300239750326
S6_129595629,6,129595629,NA,NA,NA,0.985867127116323
S6_131992891,6,131992891,NA,NA,NA,0.79236916338937
S6_132737943,6,132737943,NA,NA,NA,0.926521963957154
S6_133175017,6,133175017,NA,NA,NA,0.985867127116323
S6_134125062,6,134125062,NA,NA,NA,0.991188226272997
S6_135417855,6,135417855,NA,NA,NA,0.926521963957154
S6_138176820,6,138176820,NA,NA,NA,0.926521963957154
S6_140908265,6,140908265,NA,NA,NA,0.573465838887321
S6_144100101,6,144100101,NA,NA,NA,0.779500061570354
S6_144106181,6,144106181,NA,NA,NA,0.573465838887321
S6_144217241,6,144217241,NA,NA,NA,0.924654660759686
S6_146437625,6,146437625,NA,NA,NA,0.838914091768854
S6_146489271,6,146489271,NA,NA,NA,0.702530519827126
S6_148015145,6,148015145,NA,NA,NA,0.999495612337326
S6_149306116,6,149306116,NA,NA,NA,0.657429787976974
S6_149716126,6,149716126,NA,NA,NA,0.926521963957154
S6_152466118,6,152466118,NA,NA,NA,0.657208429761021
S6_152993174,6,152993174,NA,NA,NA,0.641213904442645
S6_153077139,6,153077139,NA,NA,NA,0.849664681124676
S6_154271835,6,154271835,NA,NA,NA,0.638343824659506
S6_155722319,6,155722319,NA,NA,NA,0.530046019128396
S6_156209684,6,156209684,NA,NA,NA,0.985867127116323
S6_156449605,6,156449605,NA,NA,NA,0.698368169455128
S6_157086241,6,157086241,NA,NA,NA,0.926521963957154
S6_157086536,6,157086536,NA,NA,NA,0.952570023568802
S6_157897148,6,157897148,NA,NA,NA,0.852641732699591
S6_157903398,6,157903398,NA,NA,NA,0.702530519827126
S6_159085805,6,159085805,NA,NA,NA,0.733674450595918
S6_159685403,6,159685403,NA,NA,NA,0.985867127116323
S6_159819701,6,159819701,NA,NA,NA,0.995527366127917
S6_159909388,6,159909388,NA,NA,NA,0.779500061570354
S6_160972138,6,160972138,NA,NA,NA,0.650260231646119
S6_161844021,6,161844021,NA,NA,NA,0.968544002889876
S6_161930736,6,161930736,NA,NA,NA,0.985867127116323
S6_162413998,6,162413998,NA,NA,NA,0.927300239750326
S6_165082843,6,165082843,NA,NA,NA,0.984788478872288
S6_165516068,6,165516068,NA,NA,NA,0.952570023568802
S6_166226097,6,166226097,NA,NA,NA,0.985867127116323
S6_166231942,6,166231942,NA,NA,NA,0.897085777120472
S6_166923929,6,166923929,NA,NA,NA,0.86496854326013
S6_167093376,6,167093376,NA,NA,NA,0.995527366127917
S6_167992991,6,167992991,NA,NA,NA,0.86496854326013
S6_169940741,6,169940741,NA,NA,NA,0.641213904442645
S6_170389932,6,170389932,NA,NA,NA,0.926521963957154
S6_170593838,6,170593838,NA,NA,NA,0.761028857461852
S6_170637539,6,170637539,NA,NA,NA,0.985867127116323
S6_171072688,6,171072688,NA,NA,NA,0.985867127116323
S6_171076874,6,171076874,NA,NA,NA,0.970343676176615
S6_171107203,6,171107203,NA,NA,NA,0.751324774437237
S6_171107240,6,171107240,NA,NA,NA,0.6108316992221
S6_171170326,6,171170326,NA,NA,NA,0.965306390886908
S6_171210584,6,171210584,NA,NA,NA,0.938467565144909
S6_171246978,6,171246978,NA,NA,NA,0.994462101246914
S6_171331272,6,171331272,NA,NA,NA,0.690152211062022
S6_171494788,6,171494788,NA,NA,NA,0.926521963957154
S6_171825055,6,171825055,NA,NA,NA,0.995527366127917
S6_171825719,6,171825719,NA,NA,NA,0.985867127116323
S6_172111295,6,172111295,NA,NA,NA,0.952570023568802
S6_172528568,6,172528568,NA,NA,NA,0.985867127116323
S6_172699949,6,172699949,NA,NA,NA,0.985867127116323
S6_173144508,6,173144508,NA,NA,NA,0.996319602245413
S6_173220894,6,173220894,NA,NA,NA,0.690152211062022
S6_173395982,6,173395982,NA,NA,NA,0.970343676176615
S6_173844654,6,173844654,NA,NA,NA,0.985867127116323
S6_173850038,6,173850038,NA,NA,NA,0.926521963957154
S6_174063060,6,174063060,NA,NA,NA,0.926521963957154
S6_174251053,6,174251053,NA,NA,NA,0.968456724507647
S6_174425232,6,174425232,NA,NA,NA,0.970343676176615
S6_174460388,6,174460388,NA,NA,NA,0.985867127116323
S6_174463143,6,174463143,NA,NA,NA,0.985867127116323
S6_174474123,6,174474123,NA,NA,NA,0.985867127116323
S6_174546993,6,174546993,NA,NA,NA,0.995527366127917
S6_174553511,6,174553511,NA,NA,NA,0.999495612337326
S6_174554225,6,174554225,NA,NA,NA,0.993822121939872
S6_174948850,6,174948850,NA,NA,NA,0.996319602245413
S6_175017858,6,175017858,NA,NA,NA,0.926521963957154
S6_175155013,6,175155013,NA,NA,NA,0.927300239750326
S6_175614573,6,175614573,NA,NA,NA,0.985867127116323
S6_176650245,6,176650245,NA,NA,NA,0.995527366127917
S6_177006450,6,177006450,NA,NA,NA,0.986731174787
S6_177006463,6,177006463,NA,NA,NA,0.986731174787
S6_177541212,6,177541212,NA,NA,NA,0.974436047595899
S6_178280648,6,178280648,NA,NA,NA,0.980449336009492
S6_178499689,6,178499689,NA,NA,NA,0.985867127116323
S6_179563522,6,179563522,NA,NA,NA,0.999495612337326
S6_179646907,6,179646907,NA,NA,NA,0.963040516220249
S6_179653649,6,179653649,NA,NA,NA,0.985867127116323
S6_179990687,6,179990687,NA,NA,NA,0.86496854326013
S6_179997361,6,179997361,NA,NA,NA,0.779500061570354
S6_180646401,6,180646401,NA,NA,NA,0.985867127116323
S7_844671,7,844671,NA,NA,NA,0.926521963957154
S7_1056516,7,1056516,NA,NA,NA,0.985867127116323
S7_1399948,7,1399948,NA,NA,NA,0.86496854326013
S7_1623486,7,1623486,NA,NA,NA,0.927300239750326
S7_1882039,7,1882039,NA,NA,NA,0.970343676176615
S7_2222059,7,2222059,NA,NA,NA,0.926521963957154
S7_3606609,7,3606609,NA,NA,NA,0.985867127116323
S7_3781862,7,3781862,NA,NA,NA,0.848620023165276
S7_4034926,7,4034926,NA,NA,NA,0.903410667454781
S7_4131827,7,4131827,NA,NA,NA,0.938467565144909
S7_4132053,7,4132053,NA,NA,NA,0.983165358143574
S7_4185867,7,4185867,NA,NA,NA,0.995527366127917
S7_4185885,7,4185885,NA,NA,NA,0.970343676176615
S7_4185900,7,4185900,NA,NA,NA,0.999495612337326
S7_4224614,7,4224614,NA,NA,NA,0.640753808553904
S7_4704421,7,4704421,NA,NA,NA,0.963040516220249
S7_4993741,7,4993741,NA,NA,NA,0.970343676176615
S7_5294149,7,5294149,NA,NA,NA,0.995527366127917
S7_5576737,7,5576737,NA,NA,NA,0.970343676176615
S7_6008227,7,6008227,NA,NA,NA,0.985867127116323
S7_7731242,7,7731242,NA,NA,NA,0.976671223138681
S7_7742880,7,7742880,NA,NA,NA,0.995527366127917
S7_8226814,7,8226814,NA,NA,NA,0.985867127116323
S7_8236858,7,8236858,NA,NA,NA,0.926521963957154
S7_8359766,7,8359766,NA,NA,NA,0.970343676176615
S7_9076132,7,9076132,NA,NA,NA,0.690152211062022
S7_9373969,7,9373969,NA,NA,NA,0.948319589149996
S7_9378165,7,9378165,NA,NA,NA,0.985867127116323
S7_10079492,7,10079492,NA,NA,NA,0.932045140722792
S7_10810550,7,10810550,NA,NA,NA,0.970343676176615
S7_11059965,7,11059965,NA,NA,NA,0.970343676176615
S7_12026797,7,12026797,NA,NA,NA,0.985867127116323
S7_13501881,7,13501881,NA,NA,NA,0.952570023568802
S7_13581391,7,13581391,NA,NA,NA,0.952570023568802
S7_13945703,7,13945703,NA,NA,NA,0.970343676176615
S7_13961624,7,13961624,NA,NA,NA,0.963040516220249
S7_13961812,7,13961812,NA,NA,NA,0.927300239750326
S7_13961898,7,13961898,NA,NA,NA,0.985867127116323
S7_14207155,7,14207155,NA,NA,NA,0.641213904442645
S7_15392216,7,15392216,NA,NA,NA,0.995527366127917
S7_18011608,7,18011608,NA,NA,NA,0.985867127116323
S7_22883047,7,22883047,NA,NA,NA,0.960027657657505
S7_27927295,7,27927295,NA,NA,NA,0.926521963957154
S7_28946638,7,28946638,NA,NA,NA,0.926521963957154
S7_31369870,7,31369870,NA,NA,NA,0.86496854326013
S7_34053809,7,34053809,NA,NA,NA,0.999495612337326
S7_34422171,7,34422171,NA,NA,NA,0.690152211062022
S7_41473602,7,41473602,NA,NA,NA,0.952570023568802
S7_42251847,7,42251847,NA,NA,NA,0.779500061570354
S7_44311585,7,44311585,NA,NA,NA,0.0123484829326266
S7_45606995,7,45606995,NA,NA,NA,0.999495612337326
S7_47593869,7,47593869,NA,NA,NA,0.910253557433231
S7_52721525,7,52721525,NA,NA,NA,0.985867127116323
S7_91010583,7,91010583,NA,NA,NA,0.852641732699591
S7_95720534,7,95720534,NA,NA,NA,0.6108316992221
S7_96947428,7,96947428,NA,NA,NA,0.986731174787
S7_101685008,7,101685008,NA,NA,NA,0.985867127116323
S7_103794469,7,103794469,NA,NA,NA,0.926521963957154
S7_107046839,7,107046839,NA,NA,NA,0.995527366127917
S7_109732796,7,109732796,NA,NA,NA,0.926796325695789
S7_110287645,7,110287645,NA,NA,NA,0.970343676176615
S7_112726284,7,112726284,NA,NA,NA,0.852641732699591
S7_114101603,7,114101603,NA,NA,NA,0.425456132268679
S7_114102321,7,114102321,NA,NA,NA,0.985867127116323
S7_114288977,7,114288977,NA,NA,NA,0.985867127116323
S7_115394464,7,115394464,NA,NA,NA,0.985867127116323
S7_115531617,7,115531617,NA,NA,NA,0.999495612337326
S7_116276698,7,116276698,NA,NA,NA,0.996319602245413
S7_116653725,7,116653725,NA,NA,NA,0.952570023568802
S7_116780969,7,116780969,NA,NA,NA,0.985867127116323
S7_117519628,7,117519628,NA,NA,NA,0.996319602245413
S7_122387013,7,122387013,NA,NA,NA,0.926796325695789
S7_122393459,7,122393459,NA,NA,NA,0.985867127116323
S7_124279387,7,124279387,NA,NA,NA,0.960107860657709
S7_125176636,7,125176636,NA,NA,NA,0.965885693595324
S7_126118922,7,126118922,NA,NA,NA,0.985867127116323
S7_126935343,7,126935343,NA,NA,NA,0.926521963957154
S7_127045257,7,127045257,NA,NA,NA,0.985867127116323
S7_128986731,7,128986731,NA,NA,NA,0.963040516220249
S7_129214069,7,129214069,NA,NA,NA,0.999495612337326
S7_129807336,7,129807336,NA,NA,NA,0.985867127116323
S7_130131479,7,130131479,NA,NA,NA,0.970343676176615
S7_130175589,7,130175589,NA,NA,NA,0.985867127116323
S7_130547743,7,130547743,NA,NA,NA,0.985867127116323
S7_131668413,7,131668413,NA,NA,NA,0.985867127116323
S7_132461307,7,132461307,NA,NA,NA,0.952570023568802
S7_133186810,7,133186810,NA,NA,NA,0.86496854326013
S7_133186871,7,133186871,NA,NA,NA,0.963040516220249
S7_133464110,7,133464110,NA,NA,NA,0.573465838887321
S7_133465902,7,133465902,NA,NA,NA,0.702644824767814
S7_135301936,7,135301936,NA,NA,NA,0.996319602245413
S7_136214505,7,136214505,NA,NA,NA,0.996319602245413
S7_136452694,7,136452694,NA,NA,NA,0.996319602245413
S7_136531397,7,136531397,NA,NA,NA,0.985867127116323
S7_137510639,7,137510639,NA,NA,NA,0.952570023568802
S7_139440325,7,139440325,NA,NA,NA,0.86496854326013
S7_139491179,7,139491179,NA,NA,NA,0.963040516220249
S7_139496582,7,139496582,NA,NA,NA,0.952570023568802
S7_139527440,7,139527440,NA,NA,NA,0.970343676176615
S7_140578194,7,140578194,NA,NA,NA,0.995527366127917
S7_141747386,7,141747386,NA,NA,NA,0.995527366127917
S7_141756965,7,141756965,NA,NA,NA,0.995527366127917
S7_143069328,7,143069328,NA,NA,NA,0.903410667454781
S7_143098054,7,143098054,NA,NA,NA,0.779500061570354
S7_144667243,7,144667243,NA,NA,NA,0.86496854326013
S7_144877105,7,144877105,NA,NA,NA,0.926521963957154
S7_145115606,7,145115606,NA,NA,NA,0.952570023568802
S7_146989468,7,146989468,NA,NA,NA,0.926796325695789
S7_146990357,7,146990357,NA,NA,NA,0.926521963957154
S7_147788972,7,147788972,NA,NA,NA,0.985867127116323
S7_148846698,7,148846698,NA,NA,NA,0.999495612337326
S7_149164143,7,149164143,NA,NA,NA,0.926521963957154
S7_150341368,7,150341368,NA,NA,NA,0.958894247993036
S7_150739423,7,150739423,NA,NA,NA,0.948319589149996
S7_150896426,7,150896426,NA,NA,NA,0.742364881982197
S7_151122054,7,151122054,NA,NA,NA,0.963040516220249
S7_151323488,7,151323488,NA,NA,NA,0.927300239750326
S7_152980877,7,152980877,NA,NA,NA,0.970343676176615
S7_153473280,7,153473280,NA,NA,NA,0.970343676176615
S7_153571933,7,153571933,NA,NA,NA,0.938467565144909
S7_153812639,7,153812639,NA,NA,NA,0.970343676176615
S7_161191018,7,161191018,NA,NA,NA,0.641213904442645
S7_161352998,7,161352998,NA,NA,NA,0.926521963957154
S7_163227439,7,163227439,NA,NA,NA,0.312703241329766
S7_164101621,7,164101621,NA,NA,NA,0.995527366127917
S7_165193358,7,165193358,NA,NA,NA,0.926521963957154
S7_166294479,7,166294479,NA,NA,NA,0.952570023568802
S7_166649983,7,166649983,NA,NA,NA,0.983661219345009
S7_167438352,7,167438352,NA,NA,NA,0.938467565144909
S7_170910247,7,170910247,NA,NA,NA,0.903410667454781
S7_171137187,7,171137187,NA,NA,NA,0.935526582225893
S7_171218528,7,171218528,NA,NA,NA,0.999495612337326
S7_171494406,7,171494406,NA,NA,NA,0.996568802044206
S7_173083438,7,173083438,NA,NA,NA,0.968544002889876
S7_173291589,7,173291589,NA,NA,NA,0.996319602245413
S7_174125838,7,174125838,NA,NA,NA,0.985867127116323
S7_174487321,7,174487321,NA,NA,NA,0.970343676176615
S7_174487353,7,174487353,NA,NA,NA,0.970343676176615
S7_174487367,7,174487367,NA,NA,NA,0.970343676176615
S7_174506595,7,174506595,NA,NA,NA,0.999495612337326
S7_174659681,7,174659681,NA,NA,NA,0.937819685075553
S7_174986575,7,174986575,NA,NA,NA,0.985867127116323
S7_174986674,7,174986674,NA,NA,NA,0.970343676176615
S7_174986857,7,174986857,NA,NA,NA,0.995527366127917
S7_175273833,7,175273833,NA,NA,NA,0.983618128350512
S7_175482129,7,175482129,NA,NA,NA,0.996319602245413
S7_176074888,7,176074888,NA,NA,NA,0.952570023568802
S7_176076452,7,176076452,NA,NA,NA,0.985867127116323
S7_176208045,7,176208045,NA,NA,NA,0.926521963957154
S7_176582006,7,176582006,NA,NA,NA,0.952570023568802
S7_176908652,7,176908652,NA,NA,NA,0.985867127116323
S7_177297045,7,177297045,NA,NA,NA,0.926796325695789
S7_177589777,7,177589777,NA,NA,NA,0.956736640396696
S7_177592139,7,177592139,NA,NA,NA,0.985867127116323
S7_178057883,7,178057883,NA,NA,NA,0.970343676176615
S7_178474803,7,178474803,NA,NA,NA,0.970343676176615
S7_178518524,7,178518524,NA,NA,NA,0.985867127116323
S7_178518565,7,178518565,NA,NA,NA,0.985867127116323
S7_178518778,7,178518778,NA,NA,NA,0.999495612337326
S7_178522030,7,178522030,NA,NA,NA,0.955330579594964
S7_178606174,7,178606174,NA,NA,NA,0.914352179897802
S7_179111058,7,179111058,NA,NA,NA,0.985867127116323
S7_179111826,7,179111826,NA,NA,NA,0.970343676176615
S7_179765379,7,179765379,NA,NA,NA,0.690152211062022
S7_180311878,7,180311878,NA,NA,NA,0.963040516220249
S7_182932513,7,182932513,NA,NA,NA,0.996319602245413
S7_183230255,7,183230255,NA,NA,NA,0.952570023568802
S7_183251802,7,183251802,NA,NA,NA,0.811725840240638
S7_183325818,7,183325818,NA,NA,NA,0.996319602245413
S7_183536615,7,183536615,NA,NA,NA,0.983165358143574
S7_183788586,7,183788586,NA,NA,NA,0.863471940970102
S7_184554841,7,184554841,NA,NA,NA,0.779500061570354
S8_612496,8,612496,NA,NA,NA,0.927300239750326
S8_1194988,8,1194988,NA,NA,NA,0.970343676176615
S8_1829299,8,1829299,NA,NA,NA,0.985867127116323
S8_2420621,8,2420621,NA,NA,NA,0.79236916338937
S8_2623912,8,2623912,NA,NA,NA,0.928144996047672
S8_3642557,8,3642557,NA,NA,NA,0.690152211062022
S8_3642603,8,3642603,NA,NA,NA,0.985867127116323
S8_3973029,8,3973029,NA,NA,NA,0.985867127116323
S8_5223551,8,5223551,NA,NA,NA,0.800176103176712
S8_7117363,8,7117363,NA,NA,NA,0.968456724507647
S8_7117426,8,7117426,NA,NA,NA,0.963040516220249
S8_7259227,8,7259227,NA,NA,NA,0.952570023568802
S8_7346951,8,7346951,NA,NA,NA,0.952570023568802
S8_9215338,8,9215338,NA,NA,NA,0.86496854326013
S8_9278330,8,9278330,NA,NA,NA,0.893182890127868
S8_10397644,8,10397644,NA,NA,NA,0.985867127116323
S8_10712954,8,10712954,NA,NA,NA,0.985867127116323
S8_11691508,8,11691508,NA,NA,NA,0.952570023568802
S8_12721256,8,12721256,NA,NA,NA,0.970343676176615
S8_13999416,8,13999416,NA,NA,NA,0.985867127116323
S8_14203871,8,14203871,NA,NA,NA,0.952570023568802
S8_14486971,8,14486971,NA,NA,NA,0.999495612337326
S8_17315368,8,17315368,NA,NA,NA,0.926521963957154
S8_18826784,8,18826784,NA,NA,NA,0.995527366127917
S8_18836435,8,18836435,NA,NA,NA,0.996319602245413
S8_20695697,8,20695697,NA,NA,NA,0.985867127116323
S8_22984536,8,22984536,NA,NA,NA,0.690152211062022
S8_23263047,8,23263047,NA,NA,NA,0.111964636752226
S8_23439188,8,23439188,NA,NA,NA,0.926521963957154
S8_23439421,8,23439421,NA,NA,NA,0.926521963957154
S8_23440142,8,23440142,NA,NA,NA,0.995527366127917
S8_24594223,8,24594223,NA,NA,NA,0.926521963957154
S8_25772299,8,25772299,NA,NA,NA,0.952570023568802
S8_25776901,8,25776901,NA,NA,NA,0.641213904442645
S8_25779871,8,25779871,NA,NA,NA,0.870718410198992
S8_26031524,8,26031524,NA,NA,NA,0.963040516220249
S8_27837421,8,27837421,NA,NA,NA,0.995527366127917
S8_28410514,8,28410514,NA,NA,NA,0.690224833753548
S8_28933320,8,28933320,NA,NA,NA,0.985867127116323
S8_29366651,8,29366651,NA,NA,NA,0.952570023568802
S8_29367161,8,29367161,NA,NA,NA,0.965885693595324
S8_30416206,8,30416206,NA,NA,NA,0.985867127116323
S8_34786661,8,34786661,NA,NA,NA,0.970343676176615
S8_37491523,8,37491523,NA,NA,NA,0.985867127116323
S8_39607936,8,39607936,NA,NA,NA,0.952570023568802
S8_41779834,8,41779834,NA,NA,NA,0.985867127116323
S8_53180719,8,53180719,NA,NA,NA,0.995527366127917
S8_65091959,8,65091959,NA,NA,NA,0.535433988042527
S8_67365157,8,67365157,NA,NA,NA,0.988060610459665
S8_67366292,8,67366292,NA,NA,NA,0.927300239750326
S8_68605842,8,68605842,NA,NA,NA,0.970343676176615
S8_72283105,8,72283105,NA,NA,NA,0.952570023568802
S8_73298586,8,73298586,NA,NA,NA,0.985867127116323
S8_73725823,8,73725823,NA,NA,NA,0.995527366127917
S8_74479931,8,74479931,NA,NA,NA,0.641213904442645
S8_75118540,8,75118540,NA,NA,NA,0.910253557433231
S8_75124138,8,75124138,NA,NA,NA,0.690152211062022
S8_75124250,8,75124250,NA,NA,NA,0.903410667454781
S8_78074116,8,78074116,NA,NA,NA,0.927300239750326
S8_78074363,8,78074363,NA,NA,NA,0.893462539683662
S8_78087508,8,78087508,NA,NA,NA,0.926521963957154
S8_80222882,8,80222882,NA,NA,NA,0.927300239750326
S8_80579757,8,80579757,NA,NA,NA,0.985867127116323
S8_80748080,8,80748080,NA,NA,NA,0.970343676176615
S8_81892711,8,81892711,NA,NA,NA,0.79236916338937
S8_82048199,8,82048199,NA,NA,NA,0.952570023568802
S8_82048896,8,82048896,NA,NA,NA,0.952570023568802
S8_82162950,8,82162950,NA,NA,NA,0.915241488265497
S8_86486748,8,86486748,NA,NA,NA,0.985867127116323
S8_89302137,8,89302137,NA,NA,NA,0.935526582225893
S8_90891762,8,90891762,NA,NA,NA,0.852641732699591
S8_91070032,8,91070032,NA,NA,NA,0.926796325695789
S8_92211180,8,92211180,NA,NA,NA,0.779500061570354
S8_92211196,8,92211196,NA,NA,NA,0.779500061570354
S8_92273238,8,92273238,NA,NA,NA,0.985867127116323
S8_92845779,8,92845779,NA,NA,NA,0.996696480601472
S8_93206352,8,93206352,NA,NA,NA,0.690152211062022
S8_93206908,8,93206908,NA,NA,NA,0.995527366127917
S8_93207205,8,93207205,NA,NA,NA,0.985867127116323
S8_95241528,8,95241528,NA,NA,NA,0.926521963957154
S8_97314946,8,97314946,NA,NA,NA,0.968456724507647
S8_97365190,8,97365190,NA,NA,NA,0.999495612337326
S8_97459232,8,97459232,NA,NA,NA,0.985867127116323
S8_103243140,8,103243140,NA,NA,NA,0.650991106854216
S8_104269101,8,104269101,NA,NA,NA,0.970343676176615
S8_105803797,8,105803797,NA,NA,NA,0.985867127116323
S8_105985640,8,105985640,NA,NA,NA,0.811725840240638
S8_106614488,8,106614488,NA,NA,NA,0.943683045842998
S8_106910226,8,106910226,NA,NA,NA,0.995527366127917
S8_106912903,8,106912903,NA,NA,NA,0.996319602245413
S8_108472915,8,108472915,NA,NA,NA,0.985867127116323
S8_109133633,8,109133633,NA,NA,NA,0.779500061570354
S8_109392545,8,109392545,NA,NA,NA,0.926521963957154
S8_109392879,8,109392879,NA,NA,NA,0.903410667454781
S8_111322877,8,111322877,NA,NA,NA,0.779500061570354
S8_112613045,8,112613045,NA,NA,NA,0.919786646507622
S8_113061666,8,113061666,NA,NA,NA,0.985867127116323
S8_113222492,8,113222492,NA,NA,NA,0.999495612337326
S8_115324388,8,115324388,NA,NA,NA,0.641213904442645
S8_119861994,8,119861994,NA,NA,NA,0.641213904442645
S8_119990281,8,119990281,NA,NA,NA,9.0692922088996e-05
S8_120893120,8,120893120,NA,NA,NA,0.995527366127917
S8_121951790,8,121951790,NA,NA,NA,0.999495612337326
S8_123526088,8,123526088,NA,NA,NA,0.641213904442645
S8_124908154,8,124908154,NA,NA,NA,0.690152211062022
S8_126178224,8,126178224,NA,NA,NA,0.318971570983174
S8_126980958,8,126980958,NA,NA,NA,0.779500061570354
S8_126981184,8,126981184,NA,NA,NA,0.86496854326013
S8_129126249,8,129126249,NA,NA,NA,6.42588765479071e-05
S8_129126331,8,129126331,NA,NA,NA,1
S8_131343001,8,131343001,NA,NA,NA,0.86496854326013
S8_132992799,8,132992799,NA,NA,NA,0.690152211062022
S8_136802438,8,136802438,NA,NA,NA,0.926521963957154
S8_136809284,8,136809284,NA,NA,NA,0.985867127116323
S8_136906155,8,136906155,NA,NA,NA,0.999495612337326
S8_137591652,8,137591652,NA,NA,NA,0.985867127116323
S8_138038762,8,138038762,NA,NA,NA,0.996319602245413
S8_138671667,8,138671667,NA,NA,NA,0.985867127116323
S8_139640865,8,139640865,NA,NA,NA,0.995527366127917
S8_139641067,8,139641067,NA,NA,NA,0.952570023568802
S8_139641078,8,139641078,NA,NA,NA,0.952570023568802
S8_139735441,8,139735441,NA,NA,NA,0.926521963957154
S8_140024615,8,140024615,NA,NA,NA,0.926796325695789
S8_140716187,8,140716187,NA,NA,NA,0.985867127116323
S8_140718850,8,140718850,NA,NA,NA,0.690152211062022
S8_141669288,8,141669288,NA,NA,NA,0.967136326456789
S8_142038195,8,142038195,NA,NA,NA,0.970343676176615
S8_142169768,8,142169768,NA,NA,NA,0.980449336009492
S8_142173684,8,142173684,NA,NA,NA,0.690152211062022
S8_143840137,8,143840137,NA,NA,NA,0.00281033183539386
S8_143932091,8,143932091,NA,NA,NA,0.943131785009253
S8_144503660,8,144503660,NA,NA,NA,0.985867127116323
S8_145104273,8,145104273,NA,NA,NA,0.926521963957154
S8_145619184,8,145619184,NA,NA,NA,0.952570023568802
S8_145638724,8,145638724,NA,NA,NA,0.985867127116323
S8_145638857,8,145638857,NA,NA,NA,0.993822121939872
S8_145638907,8,145638907,NA,NA,NA,0.952570023568802
S8_145639197,8,145639197,NA,NA,NA,0.926521963957154
S8_145706344,8,145706344,NA,NA,NA,0.942073770114922
S8_146913681,8,146913681,NA,NA,NA,0.926796325695789
S8_146915872,8,146915872,NA,NA,NA,0.952570023568802
S8_147061014,8,147061014,NA,NA,NA,0.927300239750326
S8_147237160,8,147237160,NA,NA,NA,0.926796325695789
S8_147237232,8,147237232,NA,NA,NA,0.926796325695789
S8_148123116,8,148123116,NA,NA,NA,0.943131785009253
S8_148123368,8,148123368,NA,NA,NA,0.940737851792116
S8_148209478,8,148209478,NA,NA,NA,0.995527366127917
S8_148213738,8,148213738,NA,NA,NA,0.985867127116323
S8_149334177,8,149334177,NA,NA,NA,0.985867127116323
S8_151332101,8,151332101,NA,NA,NA,0.985867127116323
S8_151559281,8,151559281,NA,NA,NA,0.985867127116323
S8_152518255,8,152518255,NA,NA,NA,0.985867127116323
S8_152930973,8,152930973,NA,NA,NA,0.985867127116323
S8_152931377,8,152931377,NA,NA,NA,0.985867127116323
S8_153849223,8,153849223,NA,NA,NA,0.990596522284065
S8_153951065,8,153951065,NA,NA,NA,0.995527366127917
S8_154256530,8,154256530,NA,NA,NA,0.965306390886908
S8_155257598,8,155257598,NA,NA,NA,0.952570023568802
S8_157011747,8,157011747,NA,NA,NA,0.999495612337326
S8_157706115,8,157706115,NA,NA,NA,0.902891784048325
S8_157816200,8,157816200,NA,NA,NA,0.870718410198992
S8_157883748,8,157883748,NA,NA,NA,0.926521963957154
S8_158639830,8,158639830,NA,NA,NA,0.970343676176615
S8_158696822,8,158696822,NA,NA,NA,0.985867127116323
S8_158756134,8,158756134,NA,NA,NA,0.985867127116323
S8_159986949,8,159986949,NA,NA,NA,0.985867127116323
S8_162352976,8,162352976,NA,NA,NA,0.964105592063683
S8_162637212,8,162637212,NA,NA,NA,0.985867127116323
S8_162822724,8,162822724,NA,NA,NA,0.996319602245413
S8_162896145,8,162896145,NA,NA,NA,0.970343676176615
S8_163012266,8,163012266,NA,NA,NA,0.995527366127917
S8_163056389,8,163056389,NA,NA,NA,0.996319602245413
S8_163496457,8,163496457,NA,NA,NA,0.86496854326013
S8_165213412,8,165213412,NA,NA,NA,0.926521963957154
S8_165221478,8,165221478,NA,NA,NA,0.985867127116323
S8_165287774,8,165287774,NA,NA,NA,0.913292129638446
S8_165591470,8,165591470,NA,NA,NA,0.963040516220249
S8_165713145,8,165713145,NA,NA,NA,0.999495612337326
S8_166042246,8,166042246,NA,NA,NA,0.852641732699591
S8_166202785,8,166202785,NA,NA,NA,0.86496854326013
S8_167202272,8,167202272,NA,NA,NA,0.985867127116323
S8_167202317,8,167202317,NA,NA,NA,0.985867127116323
S8_168540873,8,168540873,NA,NA,NA,0.985867127116323
S8_170687375,8,170687375,NA,NA,NA,0.985867127116323
S8_170842557,8,170842557,NA,NA,NA,0.963040516220249
S8_171453875,8,171453875,NA,NA,NA,0.148952748542411
S8_175564833,8,175564833,NA,NA,NA,0.996319602245413
S8_175848932,8,175848932,NA,NA,NA,0.848620023165276
S8_176114327,8,176114327,NA,NA,NA,0.985867127116323
S8_176230266,8,176230266,NA,NA,NA,0.86496854326013
S8_176769987,8,176769987,NA,NA,NA,0.650260231646119
S8_176786513,8,176786513,NA,NA,NA,0.902418283626863
S8_177101160,8,177101160,NA,NA,NA,0.86496854326013
S8_177304312,8,177304312,NA,NA,NA,0.926521963957154
S8_177304499,8,177304499,NA,NA,NA,0.985867127116323
S8_177315603,8,177315603,NA,NA,NA,0.117905589953437
S8_177689434,8,177689434,NA,NA,NA,0.952570023568802
S8_178010589,8,178010589,NA,NA,NA,0.690152211062022
S8_178074080,8,178074080,NA,NA,NA,0.919786646507622
S8_178286494,8,178286494,NA,NA,NA,0.702644824767814
S8_178483072,8,178483072,NA,NA,NA,0.86496854326013
S8_178554472,8,178554472,NA,NA,NA,0.903410667454781
S8_178663730,8,178663730,NA,NA,NA,0.996319602245413
S8_178664475,8,178664475,NA,NA,NA,0.995527366127917
S8_178915043,8,178915043,NA,NA,NA,0.985867127116323
S8_178961641,8,178961641,NA,NA,NA,0.996319602245413
S8_179029297,8,179029297,NA,NA,NA,0.963040516220249
S8_179267039,8,179267039,NA,NA,NA,0.967031632619047
S8_179438577,8,179438577,NA,NA,NA,0.943131785009253
S8_179439574,8,179439574,NA,NA,NA,0.926521963957154
S8_179548317,8,179548317,NA,NA,NA,0.985867127116323
S8_179612437,8,179612437,NA,NA,NA,0.926521963957154
S8_179619835,8,179619835,NA,NA,NA,0.852641732699591
S8_179957322,8,179957322,NA,NA,NA,0.952362421020037
S8_179993351,8,179993351,NA,NA,NA,0.6108316992221
S8_180046179,8,180046179,NA,NA,NA,0.960794478781307
S8_180189011,8,180189011,NA,NA,NA,0.995527366127917
S8_180782117,8,180782117,NA,NA,NA,0.985867127116323
S8_180784833,8,180784833,NA,NA,NA,0.960107860657709
S8_181111566,8,181111566,NA,NA,NA,0.926521963957154
S8_181124334,8,181124334,NA,NA,NA,0.721580412424918
S8_181296649,8,181296649,NA,NA,NA,0.985867127116323
S8_181689217,8,181689217,NA,NA,NA,0.985867127116323
S8_181689247,8,181689247,NA,NA,NA,0.985867127116323
S9_4993690,9,4993690,NA,NA,NA,0.952570023568802
S9_4995279,9,4995279,NA,NA,NA,0.995527366127917
S9_8971249,9,8971249,NA,NA,NA,0.938467565144909
S9_9954525,9,9954525,NA,NA,NA,0.995527366127917
S9_10304284,9,10304284,NA,NA,NA,0.985867127116323
S9_12406880,9,12406880,NA,NA,NA,0.852641732699591
S9_13656461,9,13656461,NA,NA,NA,0.948949806703107
S9_13943778,9,13943778,NA,NA,NA,0.996319602245413
S9_13973036,9,13973036,NA,NA,NA,0.852641732699591
S9_17661474,9,17661474,NA,NA,NA,0.895564557975181
S9_18541531,9,18541531,NA,NA,NA,0.970343676176615
S9_18659976,9,18659976,NA,NA,NA,0.985867127116323
S9_19431348,9,19431348,NA,NA,NA,0.995527366127917
S9_19992784,9,19992784,NA,NA,NA,0.963040516220249
S9_20057612,9,20057612,NA,NA,NA,0.926521963957154
S9_20566593,9,20566593,NA,NA,NA,0.742364881982197
S9_20712634,9,20712634,NA,NA,NA,0.985867127116323
S9_22312637,9,22312637,NA,NA,NA,0.573465838887321
S9_22460773,9,22460773,NA,NA,NA,0.690152211062022
S9_22683033,9,22683033,NA,NA,NA,0.278184513214434
S9_22835170,9,22835170,NA,NA,NA,0.995527366127917
S9_23908973,9,23908973,NA,NA,NA,0.952570023568802
S9_24533589,9,24533589,NA,NA,NA,0.985867127116323
S9_25419062,9,25419062,NA,NA,NA,0.985867127116323
S9_25652799,9,25652799,NA,NA,NA,0.995527366127917
S9_26412649,9,26412649,NA,NA,NA,0.963040516220249
S9_27837811,9,27837811,NA,NA,NA,0.985867127116323
S9_28606394,9,28606394,NA,NA,NA,0.638343824659506
S9_29045740,9,29045740,NA,NA,NA,0.968456724507647
S9_30376560,9,30376560,NA,NA,NA,0.573465838887321
S9_30380175,9,30380175,NA,NA,NA,8.69692713487059e-06
S9_30508507,9,30508507,NA,NA,NA,0.641213904442645
S9_30509819,9,30509819,NA,NA,NA,0.985867127116323
S9_30603556,9,30603556,NA,NA,NA,0.970343676176615
S9_30606494,9,30606494,NA,NA,NA,0.86496854326013
S9_33192523,9,33192523,NA,NA,NA,0.892352708321919
S9_34238597,9,34238597,NA,NA,NA,0.970343676176615
S9_34634719,9,34634719,NA,NA,NA,8.69692713487059e-06
S9_40569788,9,40569788,NA,NA,NA,0.638343824659506
S9_42906699,9,42906699,NA,NA,NA,0.985867127116323
S9_44261434,9,44261434,NA,NA,NA,0.673838581936
S9_45193959,9,45193959,NA,NA,NA,0.6108316992221
S9_45273886,9,45273886,NA,NA,NA,9.46632681352081e-05
S9_45350516,9,45350516,NA,NA,NA,0.952570023568802
S9_49342596,9,49342596,NA,NA,NA,0.535433988042527
S9_51560322,9,51560322,NA,NA,NA,0.779500061570354
S9_52535302,9,52535302,NA,NA,NA,0.926521963957154
S9_52817392,9,52817392,NA,NA,NA,0.968544002889876
S9_68785274,9,68785274,NA,NA,NA,0.985867127116323
S9_69024153,9,69024153,NA,NA,NA,0.919786646507622
S9_70377286,9,70377286,NA,NA,NA,0.985867127116323
S9_70877809,9,70877809,NA,NA,NA,0.965306390886908
S9_70878145,9,70878145,NA,NA,NA,0.926521963957154
S9_73101689,9,73101689,NA,NA,NA,0.926521963957154
S9_82307557,9,82307557,NA,NA,NA,0.737333328154713
S9_82881269,9,82881269,NA,NA,NA,0.779500061570354
S9_82881561,9,82881561,NA,NA,NA,0.985867127116323
S9_89588752,9,89588752,NA,NA,NA,0.573465838887321
S9_92794731,9,92794731,NA,NA,NA,0.779500061570354
S9_93159100,9,93159100,NA,NA,NA,0.970343676176615
S9_93918483,9,93918483,NA,NA,NA,0.926521963957154
S9_93980807,9,93980807,NA,NA,NA,0.985867127116323
S9_96320344,9,96320344,NA,NA,NA,0.985867127116323
S9_96749966,9,96749966,NA,NA,NA,0.742364881982197
S9_98196670,9,98196670,NA,NA,NA,0.985867127116323
S9_98686714,9,98686714,NA,NA,NA,0.882364927279492
S9_99580960,9,99580960,NA,NA,NA,0.870718410198992
S9_100102144,9,100102144,NA,NA,NA,0.938467565144909
S9_100102169,9,100102169,NA,NA,NA,0.938467565144909
S9_101047446,9,101047446,NA,NA,NA,1.8115940447035e-05
S9_101550215,9,101550215,NA,NA,NA,0.800176103176712
S9_106076196,9,106076196,NA,NA,NA,0.985867127116323
S9_108321858,9,108321858,NA,NA,NA,0.970343676176615
S9_108578090,9,108578090,NA,NA,NA,0.985867127116323
S9_108578128,9,108578128,NA,NA,NA,0.985867127116323
S9_111891095,9,111891095,NA,NA,NA,0.996319602245413
S9_115675404,9,115675404,NA,NA,NA,0.777756464740131
S9_116220024,9,116220024,NA,NA,NA,0.970343676176615
S9_117454544,9,117454544,NA,NA,NA,0.903410667454781
S9_122125436,9,122125436,NA,NA,NA,0.903410667454781
S9_124773786,9,124773786,NA,NA,NA,0.970343676176615
S9_126372054,9,126372054,NA,NA,NA,0.751324774437237
S9_126372093,9,126372093,NA,NA,NA,0.952570023568802
S9_126374267,9,126374267,NA,NA,NA,0.952570023568802
S9_127527339,9,127527339,NA,NA,NA,0.926521963957154
S9_127789201,9,127789201,NA,NA,NA,0.926521963957154
S9_128523910,9,128523910,NA,NA,NA,0.999495612337326
S9_129481422,9,129481422,NA,NA,NA,0.952570023568802
S9_129572300,9,129572300,NA,NA,NA,0.996319602245413
S9_129572647,9,129572647,NA,NA,NA,0.926521963957154
S9_129874362,9,129874362,NA,NA,NA,0.943131785009253
S9_131724992,9,131724992,NA,NA,NA,0.994462101246914
S9_133208756,9,133208756,NA,NA,NA,0.926521963957154
S9_133319015,9,133319015,NA,NA,NA,0.985867127116323
S9_134231118,9,134231118,NA,NA,NA,0.943131785009253
S9_136741591,9,136741591,NA,NA,NA,0.995527366127917
S9_136741910,9,136741910,NA,NA,NA,0.985867127116323
S9_138760923,9,138760923,NA,NA,NA,0.895564557975181
S9_139489281,9,139489281,NA,NA,NA,0.926521963957154
S9_139489431,9,139489431,NA,NA,NA,0.779500061570354
S9_139874801,9,139874801,NA,NA,NA,0.779500061570354
S9_139876736,9,139876736,NA,NA,NA,0.826513779084472
S9_140350405,9,140350405,NA,NA,NA,0.985867127116323
S9_142328045,9,142328045,NA,NA,NA,0.985867127116323
S9_142703131,9,142703131,NA,NA,NA,0.902418283626863
S9_142999534,9,142999534,NA,NA,NA,0.926521963957154
S9_143235225,9,143235225,NA,NA,NA,0.995527366127917
S9_143822305,9,143822305,NA,NA,NA,0.995527366127917
S9_144225494,9,144225494,NA,NA,NA,0.779500061570354
S9_144690039,9,144690039,NA,NA,NA,0.952570023568802
S9_144834531,9,144834531,NA,NA,NA,0.893182890127868
S9_144838478,9,144838478,NA,NA,NA,0.779500061570354
S9_144842802,9,144842802,NA,NA,NA,0.903410667454781
S9_145277076,9,145277076,NA,NA,NA,0.86496854326013
S9_145300797,9,145300797,NA,NA,NA,0.960107860657709
S9_145300931,9,145300931,NA,NA,NA,0.985867127116323
S9_145628125,9,145628125,NA,NA,NA,0.985867127116323
S9_145782578,9,145782578,NA,NA,NA,0.926521963957154
S9_145818801,9,145818801,NA,NA,NA,0.970343676176615
S9_145936254,9,145936254,NA,NA,NA,0.895564557975181
S9_146460911,9,146460911,NA,NA,NA,0.985867127116323
S9_146582623,9,146582623,NA,NA,NA,0.985867127116323
S9_146910765,9,146910765,NA,NA,NA,0.985867127116323
S9_146916548,9,146916548,NA,NA,NA,0.985867127116323
S9_147969421,9,147969421,NA,NA,NA,0.975294539606898
S9_149520966,9,149520966,NA,NA,NA,0.995527366127917
S9_149709836,9,149709836,NA,NA,NA,0.970343676176615
S9_150739616,9,150739616,NA,NA,NA,0.575673749295001
S9_151108069,9,151108069,NA,NA,NA,0.951111473526422
S9_151588111,9,151588111,NA,NA,NA,0.952570023568802
S9_151732067,9,151732067,NA,NA,NA,0.985867127116323
S9_152064276,9,152064276,NA,NA,NA,0.999495612337326
S9_152100502,9,152100502,NA,NA,NA,0.985867127116323
S9_152231751,9,152231751,NA,NA,NA,0.985867127116323
S9_153224074,9,153224074,NA,NA,NA,0.6108316992221
S9_153224303,9,153224303,NA,NA,NA,0.927300239750326
S9_153295416,9,153295416,NA,NA,NA,0.999495612337326
S9_153529263,9,153529263,NA,NA,NA,0.926521963957154
S9_153545049,9,153545049,NA,NA,NA,0.985867127116323
S9_153995457,9,153995457,NA,NA,NA,0.952570023568802
S9_154334776,9,154334776,NA,NA,NA,0.985867127116323
S9_154848234,9,154848234,NA,NA,NA,0.999495612337326
S9_155492839,9,155492839,NA,NA,NA,0.958894247993036
S9_155493451,9,155493451,NA,NA,NA,0.926521963957154
S9_155615428,9,155615428,NA,NA,NA,0.955330579594964
S9_155890855,9,155890855,NA,NA,NA,0.996319602245413
S9_155919344,9,155919344,NA,NA,NA,0.985867127116323
S10_134011,10,134011,NA,NA,NA,0.960027657657505
S10_576837,10,576837,NA,NA,NA,0.985621031707769
S10_579988,10,579988,NA,NA,NA,0.996319602245413
S10_1978209,10,1978209,NA,NA,NA,0.970343676176615
S10_1988995,10,1988995,NA,NA,NA,0.985867127116323
S10_3535567,10,3535567,NA,NA,NA,0.970343676176615
S10_4226386,10,4226386,NA,NA,NA,0.926521963957154
S10_4445207,10,4445207,NA,NA,NA,0.855298224348876
S10_4606827,10,4606827,NA,NA,NA,0.926521963957154
S10_9206258,10,9206258,NA,NA,NA,0.826513779084472
S10_11678939,10,11678939,NA,NA,NA,0.926796325695789
S10_11726830,10,11726830,NA,NA,NA,0.970343676176615
S10_13556481,10,13556481,NA,NA,NA,0.690152211062022
S10_14895246,10,14895246,NA,NA,NA,0.938467565144909
S10_18758942,10,18758942,NA,NA,NA,0.963040516220249
S10_22620592,10,22620592,NA,NA,NA,0.926521963957154
S10_26017555,10,26017555,NA,NA,NA,0.960794478781307
S10_28131693,10,28131693,NA,NA,NA,0.994462101246914
S10_31496633,10,31496633,NA,NA,NA,0.889321181463738
S10_34329818,10,34329818,NA,NA,NA,0.910253557433231
S10_37516811,10,37516811,NA,NA,NA,0.995527366127917
S10_40701952,10,40701952,NA,NA,NA,0.926521963957154
S10_56393777,10,56393777,NA,NA,NA,0.926521963957154
S10_57753560,10,57753560,NA,NA,NA,0.926521963957154
S10_61534784,10,61534784,NA,NA,NA,0.995527366127917
S10_67411912,10,67411912,NA,NA,NA,0.926521963957154
S10_77741095,10,77741095,NA,NA,NA,0.938467565144909
S10_78957561,10,78957561,NA,NA,NA,0.926521963957154
S10_78959506,10,78959506,NA,NA,NA,0.926521963957154
S10_78959606,10,78959606,NA,NA,NA,0.985867127116323
S10_78960438,10,78960438,NA,NA,NA,0.926521963957154
S10_78966389,10,78966389,NA,NA,NA,0.926521963957154
S10_80715492,10,80715492,NA,NA,NA,0.779500061570354
S10_81354226,10,81354226,NA,NA,NA,0.690152211062022
S10_82019011,10,82019011,NA,NA,NA,0.926521963957154
S10_82716736,10,82716736,NA,NA,NA,0.903410667454781
S10_83314593,10,83314593,NA,NA,NA,0.318971570983174
S10_85196318,10,85196318,NA,NA,NA,0.963040516220249
S10_85755281,10,85755281,NA,NA,NA,0.970343676176615
S10_86710839,10,86710839,NA,NA,NA,0.963040516220249
S10_88793097,10,88793097,NA,NA,NA,0.980449336009492
S10_90419375,10,90419375,NA,NA,NA,0.927300239750326
S10_97106903,10,97106903,NA,NA,NA,0.996319602245413
S10_102234728,10,102234728,NA,NA,NA,0.995527366127917
S10_109673528,10,109673528,NA,NA,NA,0.985867127116323
S10_110777178,10,110777178,NA,NA,NA,0.983618128350512
S10_110777396,10,110777396,NA,NA,NA,0.985867127116323
S10_111491694,10,111491694,NA,NA,NA,0.983618128350512
S10_112583610,10,112583610,NA,NA,NA,0.963040516220249
S10_114996351,10,114996351,NA,NA,NA,0.675167533798341
S10_116328788,10,116328788,NA,NA,NA,0.535433988042527
S10_116631409,10,116631409,NA,NA,NA,0.985867127116323
S10_124062077,10,124062077,NA,NA,NA,0.874855752216877
S10_126767342,10,126767342,NA,NA,NA,0.970343676176615
S10_128804415,10,128804415,NA,NA,NA,0.573465838887321
S10_129766099,10,129766099,NA,NA,NA,0.985867127116323
S10_131791443,10,131791443,NA,NA,NA,0.970343676176615
S10_132069282,10,132069282,NA,NA,NA,0.994462101246914
S10_134595037,10,134595037,NA,NA,NA,0.970343676176615
S10_134798579,10,134798579,NA,NA,NA,0.86496854326013
S10_135868847,10,135868847,NA,NA,NA,0.996319602245413
S10_136340251,10,136340251,NA,NA,NA,0.985867127116323
S10_136476190,10,136476190,NA,NA,NA,0.996319602245413
S10_136482943,10,136482943,NA,NA,NA,0.985867127116323
S10_136957021,10,136957021,NA,NA,NA,0.985867127116323
S10_137422024,10,137422024,NA,NA,NA,0.865170896150598
S10_137623845,10,137623845,NA,NA,NA,0.948993942747381
S10_138915965,10,138915965,NA,NA,NA,0.970343676176615
S10_138916149,10,138916149,NA,NA,NA,0.952570023568802
S10_139942865,10,139942865,NA,NA,NA,0.573465838887321
S10_139943338,10,139943338,NA,NA,NA,0.970343676176615
S10_140320829,10,140320829,NA,NA,NA,0.996319602245413
S10_140929929,10,140929929,NA,NA,NA,0.985867127116323
S10_141762354,10,141762354,NA,NA,NA,0.985867127116323
S10_142018900,10,142018900,NA,NA,NA,0.927300239750326
S10_143185867,10,143185867,NA,NA,NA,0.985867127116323
S10_143185873,10,143185873,NA,NA,NA,0.985867127116323
S10_144224453,10,144224453,NA,NA,NA,0.985867127116323
S10_145112713,10,145112713,NA,NA,NA,0.985867127116323
S10_145588552,10,145588552,NA,NA,NA,0.970343676176615
S10_145607925,10,145607925,NA,NA,NA,0.535433988042527
S10_145871698,10,145871698,NA,NA,NA,0.985867127116323
S10_145875510,10,145875510,NA,NA,NA,0.779500061570354
S10_146904768,10,146904768,NA,NA,NA,0.927300239750326
S10_146916853,10,146916853,NA,NA,NA,0.995527366127917
S10_146928552,10,146928552,NA,NA,NA,0.994300202114213
S10_147173783,10,147173783,NA,NA,NA,0.926521963957154
S10_147282479,10,147282479,NA,NA,NA,0.960107860657709
S10_147282490,10,147282490,NA,NA,NA,0.657429787976974
S10_147352179,10,147352179,NA,NA,NA,0.970343676176615
S10_148272189,10,148272189,NA,NA,NA,0.995527366127917
S10_148510710,10,148510710,NA,NA,NA,0.999495612337326
S10_148511076,10,148511076,NA,NA,NA,0.995527366127917
S10_149259041,10,149259041,NA,NA,NA,0.895564557975181
S10_149298931,10,149298931,NA,NA,NA,0.86496854326013
S10_149394364,10,149394364,NA,NA,NA,0.995527366127917
S10_149474479,10,149474479,NA,NA,NA,0.968456724507647
S10_149508570,10,149508570,NA,NA,NA,0.985867127116323
S10_149647241,10,149647241,NA,NA,NA,0.963040516220249
S10_149717807,10,149717807,NA,NA,NA,0.985867127116323
S10_149851103,10,149851103,NA,NA,NA,0.985867127116323
S10_149865723,10,149865723,NA,NA,NA,0.985867127116323
S10_150351135,10,150351135,NA,NA,NA,0.902418283626863
S10_150646162,10,150646162,NA,NA,NA,0.970343676176615
S10_150711963,10,150711963,NA,NA,NA,0.970343676176615
S10_150733250,10,150733250,NA,NA,NA,0.970343676176615
S10_151045975,10,151045975,NA,NA,NA,0.970343676176615
S10_151157757,10,151157757,NA,NA,NA,0.943131785009253
