SNP,Chr,Pos,P.value,MAF,nobs,Effect,H&B.P.Value
S1_1007742,1,1007742,0.00113875883455045,0.453512396694215,2420,-0.510039448901011,0.00531937233372771
S1_1020677,1,1020677,0.512363877513789,0.262190082644628,2420,0.0622888361071148,0.625648836798107
S1_2018002,1,2018002,0.456753550790486,0.134504132231405,2420,0.0772785594007246,0.581528006568852
S1_2275970,1,2275970,0.798073189073289,0.221074380165289,2420,0.0218891701957773,0.85760603520656
S1_2800964,1,2800964,0.454778264995516,0.108884297520661,2420,-0.083361855915129,0.580373568867298
S1_2811950,1,2811950,0.167348927459322,0.137396694214876,2420,-0.138174007706127,0.280960709507909
S1_2888631,1,2888631,2.31870837509862e-11,0.0981404958677686,2420,-0.779515227217473,1.91061570108126e-09
S1_3023078,1,3023078,0.271387345170054,0.113429752066116,2420,-0.117614692773557,0.399597807170541
S1_3027593,1,3027593,0.00120693515023531,0.362809917355372,2420,-0.377914103991543,0.00554974644974273
S1_3113549,1,3113549,0.0943674618017615,0.154752066115702,2420,-0.166647229906857,0.179332999364971
S1_3165324,1,3165324,0.00956454207511175,0.185330578512397,2420,0.249291010062052,0.0292328734046442
S1_3224170,1,3224170,0.0486939703498004,0.233884297520661,2420,-0.185970602096432,0.106050089129968
S1_3370337,1,3370337,0.0937842210047787,0.0892561983471074,2420,0.196970497325552,0.17855406217176
S1_3371362,1,3371362,0.0832887506604714,0.403305785123967,2420,-0.206585157517225,0.162322446887958
S1_4082864,1,4082864,0.997482743212767,0.361363636363636,2420,-0.000358417882466711,0.997482743212767
S1_4083443,1,4083443,0.271571325261533,0.143181818181818,2420,-0.109347455048436,0.399597807170541
S1_4091412,1,4091412,0.00372722231805839,0.315909090909091,2420,0.341791416884178,0.0137353809932027
S1_4860666,1,4860666,0.00499499985851837,0.389462809917355,2420,0.319985020052968,0.0173812495076822
S1_5050985,1,5050985,0.598563131040512,0.113223140495868,2420,0.0616482508450389,0.702987485714626
S1_5051275,1,5051275,0.618593747846146,0.391528925619835,2420,0.0576732037941383,0.720469381043431
S1_5840281,1,5840281,0.236216059757214,0.0628099173553719,2420,-0.160138420390837,0.358588860058851
S1_6247673,1,6247673,0.465999365310074,0.233057851239669,2420,0.0865679056951763,0.590017635242012
S1_6726074,1,6726074,0.407185377193267,0.181611570247934,2420,0.09595868318317,0.537005042905332
S1_7019860,1,7019860,9.49232912937767e-10,0.342148760330579,2420,-0.730801252965762,5.28491838014e-08
S1_8308877,1,8308877,0.0101650760797193,0.326446280991736,2420,-0.27388629396421,0.0307076457064024
S1_8424731,1,8424731,0.672588288409556,0.272520661157025,2420,-0.0383944390359545,0.766758093040224
S1_8614659,1,8614659,0.467927462634906,0.343388429752066,2420,0.0844285002447123,0.591368449710372
S1_8614992,1,8614992,0.804099640139329,0.305371900826446,2420,0.0254668900904562,0.861385989956847
S1_9818592,1,9818592,0.0446086328356748,0.177892561983471,2420,-0.252524558404616,0.0996678781361064
S1_10680837,1,10680837,0.533510453566528,0.313223140495868,2420,0.0651843446170801,0.647632017882762
S1_10913935,1,10913935,0.802678551950945,0.316735537190083,2420,-0.0309727623129561,0.860688504075982
S1_12066883,1,12066883,0.028050220673744,0.206818181818182,2420,-0.203625032508711,0.0702107589160542
S1_13721542,1,13721542,0.574068997668849,0.335950413223141,2420,0.057520774373927,0.681996617761147
S1_17043397,1,17043397,0.242330161102079,0.294421487603306,2420,0.133362579007212,0.36544665583476
S1_17084072,1,17084072,0.159662666145902,0.259090909090909,2420,-0.145145213863884,0.270926764629785
S1_17880318,1,17880318,0.779153041693814,0.274173553719008,2420,0.0455402234845224,0.84654813601754
S1_19199917,1,19199917,0.0167643322196675,0.393595041322314,2420,0.285879319545415,0.046169150230635
S1_19533759,1,19533759,0.0055582380848483,0.177479338842975,2420,-0.266246591253321,0.0190832840913125
S1_19817258,1,19817258,0.0749096552927919,0.267148760330578,2420,0.1922062235071,0.149022058609657
S1_19954785,1,19954785,8.84264701449979e-05,0.106198347107438,2420,-0.470464865926772,0.000655246505390991
S1_21625862,1,21625862,0.122581707332602,0.197520661157025,2420,0.177044644575005,0.22111936699226
S1_22816035,1,22816035,0.905688501389088,0.264876033057851,2420,0.0134562532180951,0.933325819340431
S1_22826147,1,22826147,0.186321200146037,0.320867768595041,2420,0.133572023391849,0.301133526098702
S1_24749523,1,24749523,0.00337290424233268,0.0795454545454545,2420,0.38805481144955,0.0126308359847407
S1_24898795,1,24898795,0.0122535989151744,0.273347107438017,2420,0.224438514051741,0.035804842220226
S1_25897362,1,25897362,0.197141952501034,0.236570247933884,2420,0.111349289122472,0.313842675542604
S1_25904060,1,25904060,0.468827007220838,0.221487603305785,2420,0.0629660999668289,0.592127213157726
S1_25937934,1,25937934,0.442297692994404,0.335330578512397,2420,-0.0791961185263403,0.569065279171105
S1_26652199,1,26652199,0.061640668322536,0.084297520661157,2420,-0.243931886962613,0.129044488561407
S1_27721183,1,27721183,0.62392664415664,0.127479338842975,2420,0.0539459187896227,0.72369869761412
S1_27978807,1,27978807,0.0114118673011497,0.190082644628099,2420,0.23005056311608,0.0337774519518977
S1_28862889,1,28862889,0.839468626030897,0.145867768595041,2420,0.0200655612643743,0.888919133187356
S1_28901698,1,28901698,0.405324598653399,0.138223140495868,2420,0.0990131231149292,0.534893448575274
S1_28901862,1,28901862,0.679507403738599,0.237190082644628,2420,-0.0389754072110975,0.77038263714998
S1_29134257,1,29134257,0.953633821578735,0.173347107438017,2420,-0.00628388172026462,0.966774445104427
S1_29231650,1,29231650,0.761346431412555,0.0816115702479339,2420,-0.0399404914967363,0.830706381731919
S1_29231833,1,29231833,0.46788122439691,0.0863636363636364,2420,-0.0939913453094476,0.591368449710372
S1_29238866,1,29238866,0.376273012886525,0.0882231404958678,2420,-0.114029655741959,0.50529491952167
S1_31207798,1,31207798,0.418530902877484,0.171280991735537,2420,0.0886955931746911,0.54637114063854
S1_36920546,1,36920546,0.229054212317858,0.234917355371901,2420,-0.104098628585007,0.350558452730153
S1_38158762,1,38158762,0.847039500740801,0.237603305785124,2420,-0.0168772690021797,0.893446682809037
S1_38176608,1,38176608,0.335664851371965,0.302066115702479,2420,-0.0933372331010389,0.467525080342291
S1_39740428,1,39740428,0.150155594936519,0.12995867768595,2420,0.158493843357547,0.258197433697186
S1_39838119,1,39838119,0.398637913645455,0.259297520661157,2420,0.0738036178460106,0.528779202903823
S1_42912973,1,42912973,0.244045314415499,0.299173553719008,2420,0.126545532332841,0.367335750760448
S1_42953805,1,42953805,0.0947349927922894,0.199173553719008,2420,-0.152823029689188,0.179865516269232
S1_42966940,1,42966940,0.0466724002279177,0.237809917355372,2420,0.203227846838161,0.10307640325236
S1_42979644,1,42979644,0.0138559368094287,0.303099173553719,2420,0.273020861729947,0.0393157435639436
S1_44793022,1,44793022,0.0330623935923732,0.0754132231404959,2420,-0.298226837247441,0.0795660406545429
S1_45597675,1,45597675,0.0657487558324189,0.18698347107438,2420,0.1697256986713,0.13584998697571
S1_49461817,1,49461817,0.000215562410198358,0.210537190082645,2420,0.395927393254652,0.00134472939535109
S1_49469580,1,49469580,0.15769263341719,0.242768595041322,2420,0.165204189292524,0.268912934469712
S1_49580955,1,49580955,0.195446826923922,0.241942148760331,2420,0.151894695560372,0.311867128941347
S1_49594425,1,49594425,0.195446826923922,0.241942148760331,2420,0.151894695560372,0.311867128941347
S1_49649087,1,49649087,0.195613131604919,0.242148760330578,2420,0.152226912485418,0.311890906428895
S1_49651854,1,49651854,0.150693446835232,0.24297520661157,2420,0.168496323206341,0.258475021216135
S1_49651956,1,49651956,0.150693446835232,0.24297520661157,2420,0.168496323206341,0.258475021216135
S1_50588263,1,50588263,0.00099578281815708,0.202066115702479,2420,0.34719020423006,0.00481683339905915
S1_50607304,1,50607304,7.32964915832727e-05,0.211157024793388,2420,0.431723884601979,0.000561303987589375
S1_51051541,1,51051541,0.0485577330642186,0.175413223140496,2420,0.190446228319004,0.105962849695223
S1_52103257,1,52103257,3.18666579451929e-06,0.276652892561983,2420,0.455993396658386,4.1917466467744e-05
S1_53696912,1,53696912,0.0750174149408807,0.232851239669421,2420,-0.174440839220694,0.149022058609657
S1_54271779,1,54271779,0.186381187269827,0.10599173553719,2420,-0.15734573578365,0.301133526098702
S1_54626740,1,54626740,3.52455941387385e-07,0.0431818181818182,2420,-0.906327824710203,6.78560036689732e-06
S1_54626750,1,54626750,3.52455941387385e-07,0.0431818181818182,2420,-0.906327824710203,6.78560036689732e-06
S1_54817368,1,54817368,0.101003663886983,0.264462809917355,2420,-0.31307622830218,0.188296423173923
S1_55004474,1,55004474,0.640698473896157,0.341735537190083,2420,-0.0594862796256734,0.738955691215301
S1_55146349,1,55146349,0.715063367855463,0.336363636363636,2420,0.0484962743404367,0.795802559579824
S1_55541386,1,55541386,0.00570401427361142,0.122314049586777,2420,0.317611300352709,0.0194733763567315
S1_61260951,1,61260951,0.0108412356794336,0.0809917355371901,2420,-0.338474357997555,0.0323665876806279
S1_61754639,1,61754639,0.0328343412456368,0.148140495867769,2420,-0.211999714626984,0.079248921263936
S1_61799908,1,61799908,0.0310728756261441,0.203925619834711,2420,0.193993515065358,0.0759313449464494
S1_63022674,1,63022674,4.58282497625653e-05,0.285950413223141,2420,0.469767826461805,0.000382211313809249
S1_63293951,1,63293951,0.790290147786785,0.376652892561983,2420,0.0332437981975886,0.852801311912403
S1_64145901,1,64145901,0.846083439707298,0.0588842975206612,2420,0.0277938624379743,0.89335309369402
S1_65380919,1,65380919,0.0853235646275679,0.075,2420,0.287008742824213,0.165505219522401
S1_67232203,1,67232203,0.453791558541938,0.27603305785124,2420,0.0749161803289269,0.579831721524275
S1_67655530,1,67655530,0.206724590469413,0.33801652892562,2420,0.160393905375429,0.324830401500375
S1_67930774,1,67930774,0.0377381819507313,0.341115702479339,2420,0.264772898832405,0.0876444811933556
S1_67930852,1,67930852,0.204774157805335,0.178305785123967,2420,0.180445105047909,0.322750394092571
S1_68588019,1,68588019,0.298525909115876,0.167768595041322,2420,-0.102126233090729,0.428722230334732
S1_69884958,1,69884958,0.0107019865574041,0.220661157024793,2420,0.250994296808756,0.0320437388201344
S1_70237562,1,70237562,0.0130805157595957,0.280165289256198,2420,0.235872992591709,0.0375813981377507
S1_70237837,1,70237837,0.00064521731261527,0.270247933884298,2420,-0.340541951360848,0.00333119715285077
S1_70787556,1,70787556,0.381014101888813,0.344834710743802,2420,0.110039070620132,0.509999382645195
S1_71083982,1,71083982,0.00246682428891635,0.173553719008264,2420,0.296216270012835,0.00984817448675908
S1_72143952,1,72143952,0.00279938903939513,0.204338842975207,2420,-0.334404641381838,0.0108397395134473
S1_72143965,1,72143965,0.00686651475145378,0.183057851239669,2420,-0.317303013663036,0.0225239178152783
S1_74028862,1,74028862,0.439830146336874,0.154132231404959,2420,0.0840353134481973,0.568412861639874
S1_76061725,1,76061725,6.10351293495587e-05,0.118388429752066,2420,-0.458142764100458,0.000483586024846503
S1_79764069,1,79764069,0.903903742580388,0.350206611570248,2420,0.0133229781019963,0.932091380844298
S1_79974668,1,79974668,0.431911757905784,0.181611570247934,2420,-0.0796617413770093,0.560995095388345
S1_81902385,1,81902385,0.513756298912442,0.132231404958678,2420,-0.0713718428867196,0.626235488615166
S1_82376170,1,82376170,0.000390543698078424,0.200413223140496,2420,-0.398672529597633,0.00222243098906506
S1_82824904,1,82824904,0.0134242380105325,0.184710743801653,2420,0.252016404066751,0.0382488662540761
S1_83001157,1,83001157,0.469648174839887,0.10702479338843,2420,-0.0919642699868035,0.592402046467348
S1_84350697,1,84350697,0.414796334422015,0.428719008264463,2420,-0.105741313547014,0.544502199468982
S1_85241654,1,85241654,0.327697509600444,0.223760330578512,2420,0.0837345891097527,0.459222360392459
S1_85242735,1,85242735,0.0500827030459481,0.131611570247934,2420,0.227578060938015,0.108145040120181
S1_90306830,1,90306830,0.675717274750954,0.407644628099174,2420,-0.0504864982229947,0.768775474927485
S1_98537890,1,98537890,0.909806331987141,0.170247933884298,2420,-0.0115287779120195,0.935230061823109
S1_99764648,1,99764648,0.843824030078336,0.103719008264463,2420,-0.0219816151473538,0.891424359980191
S1_104266693,1,104266693,0.34463499971857,0.269834710743802,2420,0.0880473630664369,0.47743651608625
S1_112531942,1,112531942,0.0242755752786328,0.36198347107438,2420,-0.227203398961251,0.0622760710759446
S1_154626318,1,154626318,0.000564995878196713,0.344834710743802,2420,0.363627590439478,0.00298950358687651
S1_160143536,1,160143536,0.306549525729192,0.138842975206612,2420,0.102856349393406,0.436698422741097
S1_168376973,1,168376973,0.314438412392993,0.147933884297521,2420,-0.103269195630247,0.445222367252019
S1_171255509,1,171255509,0.00381583953536847,0.274586776859504,2420,0.270302448852846,0.0140368382908197
S1_174893075,1,174893075,0.00796760902309719,0.182644628099174,2420,0.288009651969759,0.0250967501339147
S1_175592912,1,175592912,0.0267767766475847,0.157438016528926,2420,0.316688690842312,0.0676811777840792
S1_177307583,1,177307583,0.88321626155742,0.125413223140496,2420,-0.0207744856059264,0.91983088918518
S1_177307602,1,177307602,0.88321626155742,0.125413223140496,2420,-0.0207744856059264,0.91983088918518
S1_177392527,1,177392527,0.418309206694129,0.068801652892562,2420,-0.100149659807911,0.54637114063854
S1_177392973,1,177392973,0.938507054754039,0.34400826446281,2420,-0.00943463113048892,0.956144674971968
S1_184392265,1,184392265,2.95353444716598e-05,0.238429752066116,2420,-0.397668701448595,0.000264533954833127
S1_186695297,1,186695297,0.0615971256902065,0.0481404958677686,2420,-0.28118359285898,0.129044488561407
S1_188811188,1,188811188,0.000679302892380704,0.227892561983471,2420,-0.3535962835644,0.00347236714219417
S1_188811510,1,188811510,0.100712286442866,0.0832644628099174,2420,0.223366078928365,0.188093662803539
S1_192214923,1,192214923,0.896278592440719,0.233264462809917,2420,0.0110316750210018,0.928275593767399
S1_193302766,1,193302766,4.74406948969961e-08,0.305165289256198,2420,-0.476914454712272,1.30303775317083e-06
S1_193403593,1,193403593,1.98591859391252e-12,0.191322314049587,2420,-0.706221048809624,2.0454961517299e-10
S1_194747821,1,194747821,0.000571323764776905,0.181611570247934,2420,-0.324913124555877,0.00299472507745655
S1_194883376,1,194883376,0.0104222636869465,0.363842975206612,2420,-0.265953871438171,0.0313428659782626
S1_194883734,1,194883734,0.197656434955914,0.213429752066116,2420,-0.121013860400353,0.314270894421543
S1_195755225,1,195755225,0.000208852862426506,0.352892561983471,2420,-0.435418010975411,0.00130771093191064
S1_195765736,1,195765736,2.40949004754754e-06,0.35702479338843,2420,-0.563311421679032,3.35374966077562e-05
S1_197658534,1,197658534,0.57397312336719,0.189669421487603,2420,0.0559627620577032,0.681996617761147
S1_199031309,1,199031309,2.66005022405536e-12,0.11095041322314,2420,-0.761910059699233,2.38247976589306e-10
S1_203690794,1,203690794,0.0143925756100946,0.413223140495868,2420,-0.302034336178622,0.0405591050024553
S1_205867610,1,205867610,0.000206901802756083,0.257644628099174,2420,0.317679072586287,0.00129944424901686
S1_206556648,1,206556648,0.706670556100278,0.396900826446281,2420,0.0412233720541622,0.788379909826735
S1_210194624,1,210194624,1.54324271355027e-29,0.0524793388429752,2420,-1.80010781465616,1.58953999495677e-26
S1_213603082,1,213603082,0.661420653826134,0.152685950413223,2420,0.0444738805938982,0.75653889332695
S1_216085070,1,216085070,0.100845060174366,0.418595041322314,2420,-0.200954914721422,0.188171036194923
S1_216441690,1,216441690,4.97435060002146e-05,0.102479338842975,2420,-0.460289743384436,0.000412265978215947
S1_217340021,1,217340021,8.66728620459835e-07,0.107438016528926,2420,-0.548369888310461,1.42836876651781e-05
S1_218784296,1,218784296,0.000379674423926163,0.295247933884298,2420,0.332858275424172,0.00217258142579971
S1_220931854,1,220931854,0.839726520962425,0.102892561983471,2420,-0.0244648746901532,0.888919133187356
S1_221188116,1,221188116,0.621781621455498,0.0572314049586777,2420,0.0687054804728291,0.721829121108068
S1_222074998,1,222074998,0.0211295802097812,0.155578512396694,2420,-0.275573427621936,0.0558037631181401
S1_222145931,1,222145931,0.327113225889199,0.149586776859504,2420,0.117777626451812,0.45871561969486
S1_224504536,1,224504536,0.0344245726633039,0.0706611570247934,2420,0.276259669481533,0.0817931022911258
S1_224955996,1,224955996,0.465506988360221,0.173760330578512,2420,0.0787197127693844,0.589756701120575
S1_225214186,1,225214186,0.417424941618409,0.23099173553719,2420,0.0765006371582615,0.546135586973381
S1_226580848,1,226580848,0.000779520113182149,0.172314049586777,2420,-0.308034226135035,0.00390708377896649
S1_227214041,1,227214041,0.14295550179649,0.0551652892561983,2420,-0.261249196923529,0.247809278503956
S1_227836197,1,227836197,0.000134138872971775,0.172314049586777,2420,-0.34914207413027,0.000885660507441847
S1_228067077,1,228067077,0.000565973980039728,0.269214876033058,2420,-0.299068922082711,0.00298950358687651
S1_228777111,1,228777111,0.810499689334325,0.37603305785124,2420,-0.0252347896496872,0.866889595030482
S1_229362381,1,229362381,0.000297959569439104,0.349793388429752,2420,0.389771397700997,0.00177397893943513
S1_229614348,1,229614348,0.233408958579775,0.460743801652893,2420,0.194919255451396,0.355986996851825
S1_229624647,1,229624647,0.0023517597759444,0.336363636363636,2420,0.288434128963928,0.00955547364584904
S1_231144006,1,231144006,0.0116316691061934,0.17004132231405,2420,0.357620243370803,0.0343776733985055
S1_231670600,1,231670600,0.37379166196311,0.246074380165289,2420,-0.111298713877886,0.503604201206021
S1_234071369,1,234071369,0.739923159119749,0.220661157024793,2420,0.0287836715757521,0.814231681509981
S1_237980181,1,237980181,0.734333105860242,0.46198347107438,2420,0.0562325211362804,0.811548389523658
S1_239778934,1,239778934,0.00833374344248931,0.152892561983471,2420,-0.303533164712547,0.0260113810477697
S1_239779108,1,239779108,0.00833374344248931,0.152892561983471,2420,-0.303533164712547,0.0260113810477697
S1_239974458,1,239974458,0.568664921164889,0.419214876033058,2420,-0.0680922842286691,0.677922301851662
S1_240319705,1,240319705,0.276669215575385,0.239462809917355,2420,-0.0921792430732609,0.405274539491919
S1_245927550,1,245927550,0.00414523091741704,0.171694214876033,2420,-0.285497670413704,0.0150868828443094
S1_246327000,1,246327000,0.372832604576511,0.0993801652892562,2420,0.104993150274666,0.502640815070428
S1_246528913,1,246528913,0.510517103732267,0.351239669421488,2420,-0.069418129238386,0.625193673670884
S1_246930727,1,246930727,0.0151684298975932,0.0254132231404959,2420,-0.475626546177338,0.0423400617737697
S1_250252471,1,250252471,0.293779637637475,0.0774793388429752,2420,-0.145062267418467,0.423503186517284
S1_250258514,1,250258514,0.227483565954139,0.0855371900826446,2420,0.151659324562914,0.349474980895005
S1_250313669,1,250313669,0.374168404275175,0.159504132231405,2420,0.0835295425614788,0.503782295952197
S1_251426821,1,251426821,0.573319990231443,0.188429752066116,2420,-0.0534849966586677,0.681893290921924
S1_252128005,1,252128005,0.490755816960807,0.302685950413223,2420,0.0617091651803321,0.609744863051425
S1_252189312,1,252189312,0.0922333073579883,0.458677685950413,2420,0.270687305610295,0.176252887901165
S1_254268145,1,254268145,0.416245607344476,0.106611570247934,2420,0.0960380485519465,0.545461800973041
S1_254730123,1,254730123,0.0736818382769629,0.102479338842975,2420,0.197511948052238,0.147650376313758
S1_254731990,1,254731990,0.0966281770276811,0.107438016528926,2420,0.201753407609559,0.182473676395962
S1_254732450,1,254732450,0.0466574659362201,0.139049586776859,2420,0.216932141458386,0.10307640325236
S1_254738006,1,254738006,0.359347687303318,0.141735537190083,2420,0.0995534932157653,0.490886098040342
S1_254980069,1,254980069,0.53618805672723,0.286157024793388,2420,0.0559316663503182,0.649473250233219
S1_255339302,1,255339302,0.0894246606194115,0.458264462809917,2420,-0.273792530876904,0.172647423501394
S1_255352181,1,255352181,0.0042752727638315,0.379132231404959,2420,-0.330972895310651,0.0154509857780577
S1_257312468,1,257312468,0.283599154193828,0.171280991735537,2420,-0.107966562792114,0.412289525504083
S1_258510992,1,258510992,0.347057415335207,0.0466942148760331,2420,-0.142190987429558,0.478539675763404
S1_259134135,1,259134135,0.966189742074412,0.233264462809917,2420,-0.00501494922610846,0.975662190526122
S1_259401874,1,259401874,0.098157518246726,0.156611570247934,2420,-0.17363816811401,0.184493145609722
S1_260544980,1,260544980,0.0255200661072489,0.428099173553719,2420,-0.286625195899205,0.0648228559567604
S1_261456944,1,261456944,0.00098087415821967,0.104338842975207,2420,-0.368150915487547,0.00476957821488008
S1_261563363,1,261563363,0.00518224909502764,0.0413223140495868,2420,-0.521658770810717,0.0179118005633506
S1_261565696,1,261565696,0.565748104296234,0.269214876033058,2420,0.0649090822577989,0.676402260505073
S1_262832685,1,262832685,0.00278639007126216,0.327685950413223,2420,0.282672445672773,0.0108097241935971
S1_262984673,1,262984673,0.000316029792241962,0.33202479338843,2420,0.341277454527585,0.0018442531785225
S1_263089262,1,263089262,0.0325157614779502,0.265495867768595,2420,-0.246029297602149,0.078805899747459
S1_263089768,1,263089768,0.266068913784371,0.151652892561983,2420,0.13398401819984,0.393468745438481
S1_263869417,1,263869417,7.48154799174137e-05,0.298760330578512,2420,0.369872047189091,0.000567304130749718
S1_264032977,1,264032977,0.0327493968506432,0.452685950413223,2420,-0.324084148726342,0.0791828139816022
S1_264033204,1,264033204,0.000550562414904981,0.353305785123967,2420,0.360818521401484,0.0029382346494929
S1_268833938,1,268833938,0.389118439364698,0.202685950413223,2420,0.124453976603093,0.517819111816071
S1_269114894,1,269114894,0.911101385810638,0.417355371900826,2420,-0.0143254155897239,0.935627544750705
S1_273735827,1,273735827,0.565585830398307,0.297933884297521,2420,-0.0607898040227042,0.676402260505073
S1_274475634,1,274475634,0.000223743732282115,0.12396694214876,2420,-0.392472393577236,0.00138828942319626
S1_275604002,1,275604002,0.429260618712836,0.262396694214876,2420,0.0780112802053452,0.558255602618967
S1_275722303,1,275722303,0.87709604171006,0.222933884297521,2420,0.0163240449777788,0.915771842839697
S1_275837252,1,275837252,0.815326613961671,0.196900826446281,2420,-0.0285683436936779,0.870696124811323
S1_275887092,1,275887092,0.0916797236298152,0.301446280991736,2420,-0.162514335607369,0.175847514597225
S1_277707178,1,277707178,0.508176847877724,0.263636363636364,2420,0.11851894739732,0.623492737717755
S1_278757478,1,278757478,0.240277954713661,0.10103305785124,2420,0.131656172800447,0.363415996116109
S1_278982963,1,278982963,0.0487839128508962,0.233884297520661,2420,0.197782160593022,0.106119176845666
S1_281052067,1,281052067,0.0695041286823887,0.0892561983471074,2420,0.209973744836319,0.141330652429133
S1_281681637,1,281681637,0.00216471950438848,0.293388429752066,2420,0.281814947960214,0.00891549697412796
S1_281860320,1,281860320,0.000865430482512755,0.338842975206612,2420,-0.339468077835306,0.0042548610834756
S1_281860733,1,281860733,0.000632163875409928,0.174793388429752,2420,-0.309261061995471,0.00328852925086983
S1_281904515,1,281904515,0.376220280497903,0.437190082644628,2420,-0.125176425191967,0.50529491952167
S1_282025244,1,282025244,0.00128023425528731,0.179338842975207,2420,-0.301266857114967,0.00580899243588515
S1_282332826,1,282332826,0.0384856465438715,0.207851239669421,2420,-0.177203950505117,0.0890791369442418
S1_282429723,1,282429723,0.000262655525640282,0.0966942148760331,2420,-0.430216014507351,0.00159138347887935
S1_282430143,1,282430143,0.00101722748427743,0.130165289256198,2420,-0.33525107673718,0.00489600144301755
S1_282641564,1,282641564,0.0628800579435642,0.159504132231405,2420,-0.169443069906734,0.13082477525488
S1_282866022,1,282866022,0.00247305185355458,0.269421487603306,2420,-0.340076473871534,0.00985393968727744
S1_282961510,1,282961510,0.0473625851795064,0.256198347107438,2420,-0.168325728558926,0.104047504354307
S1_283696325,1,283696325,0.497029612568497,0.130785123966942,2420,-0.0819499670083417,0.614943544679341
S1_284567398,1,284567398,0.135693859213488,0.138429752066116,2420,-0.156915050430555,0.238099957393344
S1_284775241,1,284775241,7.17480066559107e-05,0.212396694214876,2420,-0.346465597780863,0.000553561399667326
S1_284776735,1,284776735,0.000121752467986995,0.10702479338843,2420,-0.443790656432483,0.000827756052980891
S1_284862230,1,284862230,4.08834853161176e-05,0.320867768595041,2420,-0.507705805951218,0.000350916582296676
S1_284896531,1,284896531,0.0059706804764753,0.346487603305785,2420,-0.307878447574637,0.0200973885319267
S1_285109719,1,285109719,0.359006118081604,0.294421487603306,2420,-0.0855687634723949,0.490744925844794
S1_285256763,1,285256763,0.944176977271093,0.257231404958678,2420,0.00729261058961583,0.960496085520223
S1_287013302,1,287013302,0.000981699593742308,0.178305785123967,2420,0.329085948834603,0.00476957821488008
S1_287112427,1,287112427,0.548355001964917,0.426652892561983,2420,-0.0829022287078942,0.660205320892887
S1_287158098,1,287158098,0.126917268770858,0.121694214876033,2420,-0.159689761972416,0.227608034801029
S1_287767988,1,287767988,0.0323060371149173,0.193181818181818,2420,-0.227432121077157,0.0786648185067727
S1_287896811,1,287896811,0.683298412464619,0.361363636363636,2420,-0.0414647741772569,0.772554736376024
S1_287897109,1,287897109,0.428370520823664,0.234504132231405,2420,0.0677977550933235,0.557449951292956
S1_287955406,1,287955406,0.0454284764638962,0.113429752066116,2420,-0.216386870101246,0.10117002513714
S1_287995733,1,287995733,0.230928036332196,0.264669421487603,2420,0.11562595170551,0.352640292694088
S1_288426011,1,288426011,0.000452266001759628,0.210537190082645,2420,-0.306834324184194,0.0024910908118311
S1_288426392,1,288426392,2.48968268179174e-08,0.138429752066116,2420,-0.609662857229992,7.64913254750705e-07
S1_289282560,1,289282560,0.24436837003336,0.0739669421487603,2420,-0.145809366332273,0.367335750760448
S1_289484026,1,289484026,0.691525268691466,0.210123966942149,2420,-0.0364449241325815,0.7780131368129
S1_289558741,1,289558741,0.496762341087834,0.169834710743802,2420,-0.0707980556848895,0.614943544679341
S1_289561097,1,289561097,4.89063378898154e-06,0.0378099173553719,2420,-0.833785878192714,6.0690997622301e-05
S1_290780255,1,290780255,0.185531430647567,0.369421487603306,2420,-0.142639398856829,0.300467568501563
S1_291863254,1,291863254,0.0443983719440797,0.38202479338843,2420,-0.216480247460368,0.0993058047826322
S1_291904261,1,291904261,0.440514859416999,0.185123966942149,2420,-0.0679246780013898,0.568554926598192
S1_291936844,1,291936844,0.000497842326425583,0.0824380165289256,2420,-0.430768769424219,0.00270522389663896
S1_292131439,1,292131439,0.849525062136111,0.228305785123967,2420,-0.0188937295540086,0.89469408384478
S1_292188211,1,292188211,0.0629356079017407,0.237190082644628,2420,-0.156533713511834,0.13082477525488
S1_292189290,1,292189290,0.0920454448838243,0.362396694214876,2420,-0.176692946633409,0.176220833141894
S1_292559475,1,292559475,0.285119918214882,0.0834710743801653,2420,-0.131698028999025,0.413916160340139
S1_292607286,1,292607286,0.000787652298533077,0.0785123966942149,2420,-0.424011851111942,0.0039287257505524
S1_293322158,1,293322158,0.0780552282222365,0.115289256198347,2420,-0.190504771561166,0.15357571168845
S1_293666348,1,293666348,0.441194525762261,0.268388429752066,2420,0.0720447989915556,0.568554926598192
S1_295606882,1,295606882,0.110770107483283,0.330578512396694,2420,-0.157759681219801,0.203012830440891
S1_295655169,1,295655169,5.14360473561716e-05,0.330165289256198,2420,-0.426632523274804,0.000422144452405233
S1_295655425,1,295655425,0.312478147521433,0.189876033057851,2420,-0.0942592155249855,0.443017882927841
S1_295841168,1,295841168,0.000390374794835963,0.379132231404959,2420,-0.415592449910207,0.00222243098906506
S1_295842024,1,295842024,0.0691229249105659,0.159297520661157,2420,-0.170522426526745,0.140983391401748
S1_295847759,1,295847759,0.00210832568872241,0.158264462809917,2420,-0.307838930272609,0.00872118658387183
S1_296263882,1,296263882,0.0219917670337294,0.23904958677686,2420,-0.192670083474653,0.0578582887477427
S1_297129406,1,297129406,0.284787216433338,0.185537190082645,2420,0.0933904384858693,0.413724729092155
S1_297155444,1,297155444,0.682813150183516,0.157438016528926,2420,-0.0425855637985251,0.772430032607382
S1_297299124,1,297299124,0.51077716154762,0.129338842975207,2420,0.0667716276272614,0.625193673670884
S1_297835206,1,297835206,0.346310936961278,0.0152892561983471,2420,-0.229385935755019,0.478159065483997
S1_298732606,1,298732606,0.0198035599300358,0.197520661157025,2420,-0.242085592386616,0.0529809525400959
S1_299366946,1,299366946,0.717652835480191,0.0402892561983471,2420,-0.0575900662280873,0.79825315393585
S1_300685135,1,300685135,0.138803288319241,0.301446280991736,2420,0.13535377709718,0.242317605031895
S1_300695527,1,300695527,0.349591596624763,0.273347107438017,2420,-0.0996338304336462,0.481389498026077
S1_300813218,1,300813218,0.0953686503842103,0.279338842975207,2420,-0.173927916985946,0.18056931966128
S1_301040186,1,301040186,0.980440173473577,0.157851239669421,2420,-0.00238421409815714,0.985222808466131
S1_301110783,1,301110783,0.00722457493730713,0.124586776859504,2420,0.320077290537427,0.0232915241980681
S1_301963810,1,301963810,0.17911037087372,0.0822314049586777,2420,0.168925282584809,0.293763824840656
S1_301963849,1,301963849,0.840309591608736,0.12603305785124,2420,0.0212945158739331,0.889079485728811
S1_302074583,1,302074583,0.280108069561984,0.41198347107438,2420,-0.136953376143367,0.408656248794397
S1_302268166,1,302268166,0.0745170311348645,0.194628099173554,2420,0.16747243507146,0.148745236567656
S1_302268806,1,302268806,0.205774629546257,0.188223140495868,2420,0.118786055404172,0.324079309530037
S1_302390178,1,302390178,0.366409484633781,0.225413223140496,2420,-0.0764585889142495,0.497563308072241
S1_302444783,1,302444783,0.128776483074546,0.0954545454545455,2420,-0.181575908217894,0.229480584025575
S1_302949773,1,302949773,0.794462508471816,0.271694214876033,2420,0.0279433434040186,0.856171425944584
S1_302964739,1,302964739,0.0110758304572203,0.216115702479339,2420,0.217183829300197,0.0329714028061759
S1_302969587,1,302969587,0.241151445188789,0.0572314049586777,2420,0.161195964398701,0.364202329244066
S1_303116466,1,303116466,0.291666436774889,0.179338842975207,2420,0.096905549376828,0.421341416378872
S1_303133452,1,303133452,3.95582631628726e-06,0.0768595041322314,2420,-0.581358935820546,4.96890378753156e-05
S1_303135603,1,303135603,0.506649232457763,0.186363636363636,2420,-0.0599689299399842,0.622594354821455
S1_303597643,1,303597643,0.99618679554566,0.113223140495868,2420,0.000521032113113051,0.996928522990354
S1_303600537,1,303600537,0.635566739499189,0.120867768595041,2420,-0.0569166057810264,0.7337684855039
S1_303814543,1,303814543,0.924974777184446,0.131818181818182,2420,0.00982743423406873,0.944832479069929
S1_303825999,1,303825999,0.00928793226809242,0.366528925619835,2420,-0.300405925391431,0.0285569260780155
S1_303832934,1,303832934,0.0102332312830856,0.36797520661157,2420,-0.296824850404846,0.0308645043091602
S1_303847256,1,303847256,0.112924252970304,0.0785123966942149,2420,0.201192289181037,0.205861912494536
S1_304921234,1,304921234,0.0635703944382174,0.236363636363636,2420,-0.212656784891749,0.132011101353556
S1_304923212,1,304923212,0.860358062182029,0.158057851239669,2420,-0.0176295087424023,0.902412224080947
S1_305086630,1,305086630,0.946973553747675,0.17004132231405,2420,0.00628878425283119,0.961564289202662
S1_305453976,1,305453976,0.979269380231172,0.21797520661157,2420,0.00222485327661559,0.985007286755964
S1_305526698,1,305526698,0.0941169613366919,0.169214876033058,2420,-0.158686236090475,0.179022105589645
S1_306125534,1,306125534,0.0358919107664566,0.339669421487603,2420,0.209525628396591,0.0844033518023978
S1_306272682,1,306272682,0.480204607750029,0.137190082644628,2420,0.0728951318327518,0.603551855988444
S1_306412211,1,306412211,0.127079054037499,0.0944214876033058,2420,-0.178039279685677,0.227637262014998
S1_307484303,1,307484303,0.131401620229355,0.185330578512397,2420,-0.135999490333646,0.232949516069252
S2_1031301,2,1031301,0.0572328058770908,0.243595041322314,2420,-0.209848182069862,0.121171202576369
S2_1186838,2,1186838,0.00965981256295596,0.296694214876033,2420,0.236599167639497,0.0294803168587989
S2_1703653,2,1703653,0.239451635592183,0.265289256198347,2420,0.108204434619296,0.362698800970512
S2_1817244,2,1817244,0.00253530115795595,0.0603305785123967,2420,-0.414033332854203,0.0100436930488255
S2_1817603,2,1817603,0.22749803367971,0.254132231404959,2420,-0.137911905745284,0.349474980895005
S2_1817934,2,1817934,0.020934066326725,0.282644628099174,2420,-0.215668221650986,0.055358378219581
S2_1836809,2,1836809,0.00974044646734462,0.258471074380165,2420,-0.284383020145555,0.0296824256253401
S2_2386652,2,2386652,0.0413781537000962,0.235123966942149,2420,-0.188049749182397,0.093875546940747
S2_2532588,2,2532588,7.85811457468625e-08,0.284297520661157,2420,-0.848965532418788,1.9503272317896e-06
S2_2627244,2,2627244,0.246535487309255,0.0935950413223141,2420,0.138116983040774,0.368818521319582
S2_2627262,2,2627262,0.246535487309255,0.0935950413223141,2420,0.138116983040774,0.368818521319582
S2_2627324,2,2627324,0.246535487309255,0.0935950413223141,2420,0.138116983040774,0.368818521319582
S2_2631480,2,2631480,0.0836660906793207,0.0867768595041322,2420,-0.212529227563238,0.162903730434216
S2_2926780,2,2926780,0.154677523299713,0.0442148760330578,2420,0.223564578039074,0.26437701792915
S2_3382610,2,3382610,0.0694470465441882,0.373347107438017,2420,0.213018199745648,0.141330652429133
S2_4269020,2,4269020,0.0375424372773009,0.0185950413223141,2420,-0.472811534863524,0.0872882853174266
S2_4413966,2,4413966,0.00173053850593077,0.0964876033057851,2420,-0.385222051654324,0.007380764642272
S2_4542405,2,4542405,0.565659949617273,0.0423553719008264,2420,0.0918223388015491,0.676402260505073
S2_4588881,2,4588881,8.94073547826581e-06,0.134090909090909,2420,0.46371400659838,9.30516642761452e-05
S2_4589048,2,4589048,0.000203962067123947,0.141528925619835,2420,0.382575605813386,0.00128489864916003
S2_5456337,2,5456337,0.113775273299283,0.0795454545454545,2420,-0.199067487731014,0.207229940757314
S2_6240783,2,6240783,0.070021608524568,0.346694214876033,2420,0.189408501706964,0.14211282124198
S2_6242936,2,6242936,0.00897128371607375,0.12995867768595,2420,0.311542090480316,0.0277490156983662
S2_6256948,2,6256948,0.00657408136208227,0.168595041322314,2420,0.281806243084048,0.0218782029174305
S2_6265132,2,6265132,0.00438497667863551,0.378925619834711,2420,0.339346261513583,0.0157370243170543
S2_7036759,2,7036759,0.444808387333889,0.100413223140496,2420,0.0925027921350505,0.570551231573979
S2_7378367,2,7378367,0.16685422211405,0.0964876033057851,2420,-0.162782293235836,0.280577605953658
S2_7378516,2,7378516,8.49360096969025e-06,0.263636363636364,2420,0.442733077138371,9.06848573001219e-05
S2_7563816,2,7563816,6.64333974337145e-05,0.289669421487603,2420,0.37710740657738,0.000520352846819209
S2_7873874,2,7873874,0.00240526955059997,0.120247933884298,2420,0.348164045959564,0.00973448059670235
S2_8726771,2,8726771,0.00681667265996499,0.120867768595041,2420,0.309214341717819,0.0224725961093924
S2_9227661,2,9227661,1.54513795275704e-07,0.0853305785123967,2420,0.680107557573763,3.5763867221118e-06
S2_9327647,2,9327647,0.0237537617171053,0.228305785123967,2420,0.219338072870585,0.0615506278455811
S2_9358059,2,9358059,0.0462859964149346,0.289669421487603,2420,0.184971575749358,0.102636332201039
S2_9442286,2,9442286,0.0966401849262108,0.288842975206612,2420,0.175967550261419,0.182473676395962
S2_10412192,2,10412192,0.535321894487991,0.270867768595041,2420,-0.0582346549350916,0.649152919373339
S2_10418334,2,10418334,0.0158100530409062,0.172727272727273,2420,0.229512654760626,0.043893139170171
S2_10607019,2,10607019,8.05521645322502e-05,0.0880165289256198,2420,0.509092608585021,0.000604715304250149
S2_10607249,2,10607249,0.0042561036090012,0.0892561983471074,2420,0.367210588493876,0.0154087406582469
S2_10777567,2,10777567,0.000104948089510201,0.228925619834711,2420,0.374729893480719,0.000751228746923496
S2_11877524,2,11877524,0.783289473042816,0.0863636363636364,2420,-0.0357593765047852,0.848803952902788
S2_12181925,2,12181925,0.194166985747064,0.412603305785124,2420,-0.161829428864166,0.311271588045877
S2_12448967,2,12448967,0.0353904715678457,0.412190082644628,2420,-0.264490183325734,0.0835101620043095
S2_12512623,2,12512623,1.36938137576346e-06,0.0919421487603306,2420,-0.573172648863547,2.05906980589251e-05
S2_12539331,2,12539331,1.55488418553492e-12,0.0458677685950413,2420,-1.07300729930145,1.68763069999457e-10
S2_12857644,2,12857644,0.17852917482514,0.0365702479338843,2420,-0.235733271410538,0.293431332658627
S2_13163519,2,13163519,1.46564074838414e-09,0.0590909090909091,2420,-1.02278338379983,7.18861890874125e-08
S2_13838433,2,13838433,0.161214600562581,0.145661157024793,2420,0.192019450785125,0.272885848117434
S2_14262838,2,14262838,0.0338324920443727,0.28099173553719,2420,0.307870957166074,0.0809464966450728
S2_14263620,2,14263620,0.0859314574850146,0.282851239669421,2420,0.246708296687473,0.166474172179337
S2_14334805,2,14334805,0.399027243988842,0.0929752066115702,2420,0.102851022259202,0.528955033859083
S2_15000603,2,15000603,0.585833391037043,0.285950413223141,2420,0.0610375786120585,0.691189453342674
S2_15153785,2,15153785,0.285927529713051,0.25599173553719,2420,0.0982282572529698,0.414701216680924
S2_15463005,2,15463005,0.626467189707058,0.144421487603306,2420,0.069134492860627,0.725012590335135
S2_16203011,2,16203011,0.0722270011719367,0.348760330578512,2420,-0.213559803903877,0.145870218053127
S2_16521276,2,16521276,0.0437731801573408,0.314462809917355,2420,-0.259347440184058,0.0984418680394345
S2_16864137,2,16864137,0.22142422042208,0.0985537190082645,2420,-0.142938745594492,0.343992378634604
S2_16915464,2,16915464,0.487034996937017,0.0803719008264463,2420,-0.0897435182117903,0.607139469336175
S2_16970778,2,16970778,0.00456954780973943,0.0971074380165289,2420,-0.334002958057326,0.0161740008385966
S2_16989115,2,16989115,6.38295964906215e-06,0.317355371900826,2420,-0.575615504589905,7.34575244528941e-05
S2_16989298,2,16989298,0.627497729601065,0.258057851239669,2420,-0.0526486204482239,0.725797486231439
S2_18901095,2,18901095,0.722693318601631,0.227479338842975,2420,-0.0415544910875951,0.800909347666956
S2_19041249,2,19041249,0.584395824864959,0.119214876033058,2420,-0.0638817817258825,0.690443879623076
S2_19420024,2,19420024,0.101762162271754,0.262809917355372,2420,0.151643797520904,0.189367709376525
S2_19420945,2,19420945,0.175402044067441,0.0929752066115702,2420,0.162504198343427,0.289757987793848
S2_20573368,2,20573368,0.486765414123757,0.360537190082645,2420,-0.0742959833896748,0.607139469336175
S2_21862521,2,21862521,6.19524586741828e-07,0.0566115702479339,2420,-0.702236409150956,1.1097570858158e-05
S2_21863424,2,21863424,3.97125199184432e-05,0.0535123966942149,2420,-0.590236221769231,0.000343730214420139
S2_23121387,2,23121387,1.19735750593337e-06,0.30103305785124,2420,-0.530039828664144,1.8828675284143e-05
S2_23345860,2,23345860,4.45132054610505e-14,0.30103305785124,2420,-0.729921889458581,7.64143360414701e-12
S2_24208693,2,24208693,0.0015912560303283,0.184710743801653,2420,-0.411364714063183,0.00697444132441765
S2_24394755,2,24394755,3.70600019496419e-06,0.104338842975207,2420,-0.540837240207622,4.71256814915199e-05
S2_24396833,2,24396833,0.000734794807244422,0.214876033057851,2420,-0.389636197267635,0.00371910885239191
S2_24840757,2,24840757,0.0191641961503865,0.129545454545455,2420,-0.247375141831327,0.0514145847461224
S2_24985120,2,24985120,4.25355800692606e-08,0.297107438016529,2420,-0.524696818122436,1.18409858030644e-06
S2_25700144,2,25700144,0.0646394935195395,0.327272727272727,2420,0.215448379844361,0.13382648909573
S2_28997989,2,28997989,0.140480411222397,0.199173553719008,2420,-0.127381272541683,0.244830496715853
S2_31910227,2,31910227,0.861531001583983,0.23904958677686,2420,-0.021451182015312,0.902854868084158
S2_33151923,2,33151923,0.454013867387697,0.208057851239669,2420,-0.0771911532937679,0.579831721524275
S2_34908344,2,34908344,0.0686509995121059,0.0894628099173554,2420,-0.230848303902647,0.140577593434332
S2_36016162,2,36016162,0.854463174795686,0.0830578512396694,2420,-0.0222538979682128,0.899434920837564
S2_38098248,2,38098248,0.0690749013961505,0.187396694214876,2420,-0.171349773398546,0.140983391401748
S2_39673401,2,39673401,0.572172885780584,0.18595041322314,2420,-0.0781974652325061,0.681274709231783
S2_41252709,2,41252709,0.00297970645337998,0.0568181818181818,2420,-0.430592181827038,0.0113881174285023
S2_41252814,2,41252814,1.30138253102433e-08,0.0634297520661157,2420,-0.789570474095228,4.59492888301128e-07
S2_41698654,2,41698654,5.16055233865678e-06,0.216322314049587,2420,-0.428449424080554,6.29037740688342e-05
S2_41789172,2,41789172,0.244474424413871,0.0760330578512397,2420,-0.14690898240616,0.367335750760448
S2_42149885,2,42149885,0.000119768237053032,0.339669421487603,2420,-0.40918729292639,0.000822641054274851
S2_44236866,2,44236866,0.927746095850927,0.112396694214876,2420,0.00971322866233493,0.947054983871611
S2_44764987,2,44764987,0.0374620917092041,0.236776859504132,2420,-0.179923337000616,0.0872882853174266
S2_44995641,2,44995641,0.168026336687235,0.105165289256198,2420,-0.160916748467187,0.28140996225667
S2_46237998,2,46237998,0.0169836510225792,0.239462809917355,2420,-0.223538786782171,0.0466484281420174
S2_48798382,2,48798382,0.688263265560563,0.0888429752066116,2420,-0.0469928059905271,0.775189899975265
S2_48798392,2,48798392,0.688263265560563,0.0888429752066116,2420,-0.0469928059905271,0.775189899975265
S2_48924032,2,48924032,2.06575916954582e-05,0.120867768595041,2420,-0.453328774710002,0.000197012217095574
S2_60778442,2,60778442,8.71954474069359e-05,0.269834710743802,2420,-0.428140140261064,0.000648457117899957
S2_62113765,2,62113765,0.593685528214284,0.350206611570248,2420,-0.0625652465201938,0.698975030068214
S2_67297640,2,67297640,0.0711889337840308,0.395661157024793,2420,-0.217577897404851,0.144197840309836
S2_72016500,2,72016500,0.669459678441658,0.131818181818182,2420,0.0444660898527474,0.764460608420075
S2_73631324,2,73631324,0.710211961174565,0.17995867768595,2420,0.0352053233021365,0.790830616226813
S2_74218926,2,74218926,0.0664169769355219,0.068595041322314,2420,-0.240387666256765,0.13685342749013
S2_82880191,2,82880191,0.0324263241214918,0.433264462809917,2420,-0.293129512603969,0.078805899747459
S2_88775207,2,88775207,0.0227189628281635,0.167148760330579,2420,-0.229707518639472,0.0595433376921334
S2_93026118,2,93026118,0.00205265390724178,0.208884297520661,2420,-0.377816178792415,0.0085079819897748
S2_104739030,2,104739030,8.54022442535129e-06,0.211570247933884,2420,-0.522730606117335,9.06848573001219e-05
S2_114366475,2,114366475,3.10185880350547e-05,0.0328512396694215,2420,-0.738670483086565,0.000275423669621606
S2_115955959,2,115955959,0.671883910627197,0.176652892561983,2420,-0.0402732511282977,0.766379211457379
S2_117129501,2,117129501,0.00296013391156492,0.434504132231405,2420,-0.407780476770881,0.0113524624616057
S2_117153121,2,117153121,0.0932964483230846,0.363223140495868,2420,-0.186722096917094,0.177789716508376
S2_117944462,2,117944462,0.431000892765994,0.0745867768595041,2420,-0.10419168095919,0.560165198169052
S2_124790414,2,124790414,0.679498364784318,0.337396694214876,2420,-0.0492536970072592,0.77038263714998
S2_132258688,2,132258688,0.0012534254846208,0.437396694214876,2420,-0.451216599816576,0.00572394916923364
S2_132258727,2,132258727,0.000481166963756933,0.439669421487603,2420,-0.496663900383851,0.00263618070568958
S2_132660876,2,132660876,0.0231807599351753,0.387603305785124,2420,-0.270334894792597,0.0603696150018472
S2_136136229,2,136136229,0.112786414828883,0.302066115702479,2420,-0.167615748979131,0.205792749820637
S2_138368017,2,138368017,0.0141028080614939,0.27603305785124,2420,-0.232746839322772,0.0399062975366448
S2_140636955,2,140636955,0.0175601768925685,0.26900826446281,2420,-0.220586077310884,0.0479125356274053
S2_140637074,2,140637074,0.00251814109290053,0.235537190082645,2420,-0.260894457256882,0.00999493381767839
S2_144238392,2,144238392,0.192071280593865,0.100619834710744,2420,-0.145570714558318,0.308873409854302
S2_144711138,2,144711138,0.0542996605439668,0.224380165289256,2420,-0.168878193123547,0.115316804866569
S2_148340343,2,148340343,0.108686009452208,0.220454545454545,2420,-0.149997687042969,0.199904624528169
S2_149286050,2,149286050,0.0476429587887903,0.270661157024793,2420,0.185596496321239,0.104409037345647
S2_149286155,2,149286155,0.157863150516283,0.155578512396694,2420,0.138152179970575,0.268922649157409
S2_150333739,2,150333739,0.000216070597020005,0.223347107438017,2420,-0.31764284703587,0.00134472939535109
S2_150333856,2,150333856,0.000123363714031259,0.223140495867769,2420,-0.329738940904761,0.000833210658702927
S2_150358319,2,150358319,0.0384580119525875,0.148553719008264,2420,0.212020624246236,0.0890791369442418
S2_150740548,2,150740548,0.00222323770839248,0.349173553719008,2420,-0.351689861208229,0.00910510870633899
S2_151392770,2,151392770,0.000405423019000196,0.230165289256198,2420,-0.343393041539485,0.00229442697566045
S2_151627004,2,151627004,6.42308356029566e-05,0.23801652892562,2420,-0.387409052964813,0.00050695602046778
S2_151666689,2,151666689,4.00370682046029e-05,0.239256198347107,2420,-0.397516707628682,0.000345089374483188
S2_154372022,2,154372022,0.0695111689041373,0.18595041322314,2420,-0.158042338840161,0.141330652429133
S2_155999724,2,155999724,0.786691948715031,0.169214876033058,2420,0.0253797550922883,0.851015316663835
S2_157711561,2,157711561,0.00114717407686497,0.0787190082644628,2420,-0.407962935213135,0.00534655791480052
S2_158507139,2,158507139,0.211404441208244,0.119628099173554,2420,-0.135919205941562,0.33016918035556
S2_161226600,2,161226600,0.178131303774188,0.35,2420,-0.134475730461645,0.293091442312162
S2_161539433,2,161539433,0.390970169081174,0.134917355371901,2420,-0.109064868534944,0.519611966649819
S2_162066636,2,162066636,0.618694337410597,0.106818181818182,2420,-0.0552938952598794,0.720469381043431
S2_162271385,2,162271385,0.319617271411219,0.0962809917355372,2420,-0.112827523307161,0.450042090982304
S2_162875198,2,162875198,0.0464115630513077,0.100206611570248,2420,-0.22287480527217,0.102804107403972
S2_162911496,2,162911496,0.0407747950053052,0.302066115702479,2420,-0.18959341973158,0.0932150152179307
S2_167022852,2,167022852,0.227938992508948,0.443595041322314,2420,0.170964607858082,0.349630919261678
S2_169534289,2,169534289,0.0118689530811125,0.0989669421487603,2420,-0.282230240403564,0.0348291215770539
S2_173429896,2,173429896,0.835744222603245,0.120454545454545,2420,-0.0226734136040108,0.88616113925081
S2_173444037,2,173444037,0.0623540211066904,0.106198347107438,2420,-0.205773958047075,0.130141118013964
S2_175277302,2,175277302,0.486604550239188,0.0853305785123967,2420,-0.0816907834244205,0.607139469336175
S2_178994407,2,178994407,0.0163320314852641,0.40495867768595,2420,-0.275082761279009,0.0451597112209987
S2_179127811,2,179127811,0.648274398231759,0.196900826446281,2420,-0.0507192740697917,0.745226149753027
S2_181424418,2,181424418,0.00575841470035579,0.0729338842975207,2420,-0.353882699277349,0.0195748090474141
S2_181739483,2,181739483,0.0724200941786309,0.350619834710744,2420,-0.204553106765275,0.145973966739706
S2_181739622,2,181739622,0.0724200941786309,0.350619834710744,2420,-0.204553106765275,0.145973966739706
S2_184952096,2,184952096,0.511740917558702,0.112396694214876,2420,-0.0706275976990298,0.625629845798769
S2_187290798,2,187290798,0.457863127244202,0.319628099173554,2420,-0.0941325832361031,0.582580631329868
S2_187653788,2,187653788,0.0111170696946828,0.166115702479339,2420,-0.376205636984821,0.0330464120794324
S2_188429757,2,188429757,0.0440909729420267,0.359297520661157,2420,-0.201800326137914,0.0990484234030262
S2_189040174,2,189040174,0.486890143422339,0.378512396694215,2420,-0.0761162869421241,0.607139469336175
S2_189040821,2,189040821,0.0747757045792533,0.306198347107438,2420,0.17937146093098,0.148972873726559
S2_189167046,2,189167046,0.277003180390593,0.0752066115702479,2420,0.135786596722397,0.405274539491919
S2_189169925,2,189169925,0.0013284368546312,0.33099173553719,2420,-0.334465806565049,0.00594908678378321
S2_189195850,2,189195850,0.200899167014067,0.329132231404959,2420,-0.132546909561427,0.318211824753127
S2_189818418,2,189818418,0.418449565236718,0.223347107438017,2420,-0.0705196206974108,0.54637114063854
S2_189823400,2,189823400,0.101207842918579,0.31198347107438,2420,-0.171570296470804,0.188506470535508
S2_189882931,2,189882931,0.0374310216165051,0.323347107438017,2420,-0.198548802522197,0.0872882853174266
S2_190430367,2,190430367,0.506455755422251,0.16301652892562,2420,0.0666419341654603,0.622594354821455
S2_190713004,2,190713004,0.942837088166356,0.147107438016529,2420,-0.00728359394310019,0.959964405057686
S2_191468717,2,191468717,0.227779538084814,0.243801652892562,2420,-0.118202853808839,0.349630919261678
S2_192530227,2,192530227,0.445423668819783,0.104752066115702,2420,-0.0819240366661944,0.570984914604078
S2_192850486,2,192850486,0.692420279794056,0.269214876033058,2420,-0.0398350656053879,0.778594856100303
S2_192974313,2,192974313,0.0170981927628207,0.0787190082644628,2420,-0.303059267781151,0.0468586315935095
S2_193261776,2,193261776,0.0132386449684185,0.0814049586776859,2420,-0.311351566401854,0.0378543927043283
S2_193792543,2,193792543,0.000481078325555565,0.0962809917355372,2420,-0.418966444902779,0.00263618070568958
S2_193792893,2,193792893,0.485770791183715,0.231198347107438,2420,0.0614509537028596,0.607139469336175
S2_193989230,2,193989230,0.0300131943090522,0.0568181818181818,2420,0.307103336541587,0.0742223052540787
S2_193991522,2,193991522,0.0416699006402704,0.129132231404959,2420,0.243825786044084,0.0942289971717721
S2_194547427,2,194547427,0.0251558118221612,0.283057851239669,2420,-0.208678177756752,0.0640555900539579
S2_194547942,2,194547942,0.13274432870001,0.119214876033058,2420,-0.15391984599087,0.235127529769578
S2_195406855,2,195406855,0.500003999327726,0.284297520661157,2420,-0.0710386062109478,0.617510934421532
S2_195408641,2,195408641,0.0126008797821498,0.104545454545455,2420,-0.28361673613486,0.0365602990862376
S2_196878904,2,196878904,9.15254513774097e-06,0.279132231404959,2420,0.649164259018278,9.40958076119883e-05
S2_197247863,2,197247863,0.95926842500321,0.197520661157025,2420,-0.00490362914877096,0.970149463163537
S2_197758561,2,197758561,0.704616514466783,0.195867768595041,2420,-0.0366946586295285,0.786726297995432
S2_197761141,2,197761141,0.0603893929652547,0.235123966942149,2420,0.197499093229624,0.126811569325611
S2_197962563,2,197962563,0.959473353079776,0.144214876033058,2420,-0.00657691147873152,0.970149463163537
S2_198556024,2,198556024,0.67742476324599,0.192768595041322,2420,-0.0419027882591934,0.769715947207248
S2_199239268,2,199239268,0.019966969552061,0.314669421487603,2420,-0.254420261949065,0.0533128871242426
S2_199610100,2,199610100,0.0441883379096924,0.160123966942149,2420,-0.191745539096445,0.0991590153529044
S2_199704028,2,199704028,0.793295268887566,0.423140495867769,2420,-0.0345274759888525,0.855595944454652
S2_199704388,2,199704388,0.44283703231614,0.330165289256198,2420,-0.0904469124441789,0.56908564352542
S2_200229025,2,200229025,0.00693294089553841,0.0574380165289256,2420,0.394780717863512,0.0225978769696347
S2_200233111,2,200233111,0.00029210612655627,0.156818181818182,2420,-0.348360319823797,0.00174924017647069
S2_200234031,2,200234031,0.0184778042968099,0.0754132231404959,2420,0.31190044392261,0.0498876498708106
S2_201010696,2,201010696,0.0491051452029218,0.0770661157024793,2420,0.260148872659457,0.106705273331244
S2_201011054,2,201011054,0.487015942354113,0.0609504132231405,2420,0.094322584607383,0.607139469336175
S2_201094706,2,201094706,0.000660979036664085,0.346280991735537,2420,-0.351818692535971,0.00339555315593021
S2_201094903,2,201094903,0.00482425931244461,0.347520661157025,2420,-0.291205909590076,0.0169295645122514
S2_201513815,2,201513815,0.0615955996548358,0.127066115702479,2420,-0.203309986348117,0.129044488561407
S2_202173051,2,202173051,0.126412100785191,0.125206611570248,2420,-0.161907563224062,0.227232921132193
S2_202955424,2,202955424,0.945357287282337,0.0989669421487603,2420,0.00823438742602889,0.961184533210199
S2_204383795,2,204383795,2.30405836825684e-05,0.0485537190082645,2420,-0.625797892542607,0.000215743647209504
S2_205022921,2,205022921,9.49016702162545e-06,0.300619834710744,2420,-0.383177216979249,9.67809112106358e-05
S2_205022931,2,205022931,1.4519699910076e-05,0.319628099173554,2420,-0.396816568311294,0.000144495564322495
S2_205202588,2,205202588,0.371346052415809,0.178925619834711,2420,0.0790479674511175,0.501950700772026
S2_205275866,2,205275866,0.000679255333869535,0.0803719008264463,2420,-0.403340663997156,0.00347236714219417
S2_205276152,2,205276152,0.361775064858822,0.152685950413223,2420,0.0881693128879562,0.493547439476274
S2_205556555,2,205556555,0.269437080488807,0.0502066115702479,2420,-0.162305166657205,0.397308794421576
S2_205777757,2,205777757,0.143031666087963,0.0952479338842975,2420,0.181967946321109,0.247809278503956
S2_206300482,2,206300482,0.0454773996490252,0.32603305785124,2420,0.193123898232216,0.10117002513714
S2_208410219,2,208410219,0.363042773199413,0.425413223140496,2420,0.118922092847697,0.494949115017068
S2_208820696,2,208820696,0.00183545764928993,0.0787190082644628,2420,-0.377867576435293,0.00777992336941821
S2_208945675,2,208945675,3.2576803946693e-05,0.153719008264463,2420,-0.397553445053418,0.000286787248419605
S2_208958619,2,208958619,2.81716060097343e-05,0.152892561983471,2420,-0.402005385083584,0.000254532931491459
S2_209289593,2,209289593,0.763705786496636,0.122727272727273,2420,-0.0310128080647587,0.832102340087415
S2_209561904,2,209561904,5.3983227315483e-05,0.343801652892562,2420,-0.473941563308415,0.000436815738870387
S2_209877341,2,209877341,0.000105390829058685,0.0733471074380165,2420,-0.478656312471969,0.000751228746923496
S2_210221330,2,210221330,0.320402787778991,0.264256198347107,2420,-0.124008945630806,0.450839988268252
S2_210745995,2,210745995,0.0682520447366241,0.339669421487603,2420,-0.17588856562503,0.139899713589498
S2_211713899,2,211713899,0.0116797390301137,0.12396694214876,2420,0.304408814273415,0.0344702899742612
S2_212609997,2,212609997,0.0128867441968368,0.0890495867768595,2420,0.330332554015584,0.0371282420216557
S2_212614021,2,212614021,3.41175492747307e-05,0.331818181818182,2420,0.513492895738125,0.000299072985131682
S2_212883158,2,212883158,0.158842944726246,0.36198347107438,2420,-0.156214539560381,0.270029440521247
S2_213741185,2,213741185,0.694656369660041,0.30702479338843,2420,0.038078937688141,0.780150953175453
S2_214011697,2,214011697,0.558368815299755,0.336157024793388,2420,-0.0567412456174452,0.669522560836726
S2_214128791,2,214128791,0.0245089371799897,0.196694214876033,2420,0.233364094355466,0.0627965305855459
S2_214213682,2,214213682,0.00864960656085322,0.0894628099173554,2420,0.345771667183229,0.0268750973082317
S2_214779597,2,214779597,0.112098656247772,0.062396694214876,2420,-0.212812469570352,0.204900826859281
S2_215426572,2,215426572,0.925110247710702,0.229132231404959,2420,-0.00832438355629961,0.944832479069929
S2_215945846,2,215945846,0.00502442924411013,0.156198347107438,2420,-0.300083588207343,0.0174418524130085
S2_216030260,2,216030260,0.000554312918072373,0.0398760330578512,2420,-0.554104103527806,0.00295060623056612
S2_216743479,2,216743479,0.217511884157776,0.144214876033058,2420,0.148459610992262,0.338169419898127
S2_216746125,2,216746125,0.0263038008894256,0.314462809917355,2420,0.201578085395568,0.0667018191679035
S2_216746460,2,216746460,0.488031937996488,0.393801652892562,2420,0.0821817523630557,0.607459693216172
S2_217264737,2,217264737,0.456079923553336,0.335743801652893,2420,0.0788898454839568,0.581389011460316
S2_218076984,2,218076984,0.133795170698445,0.0993801652892562,2420,0.179694536564071,0.236582018574074
S2_218077581,2,218077581,0.387140383422502,0.147933884297521,2420,0.0894093739574373,0.515519838300164
S2_218077607,2,218077607,0.387140383422502,0.147933884297521,2420,0.0894093739574373,0.515519838300164
S2_219318723,2,219318723,0.0218127909748433,0.344214876033058,2420,-0.268340264208632,0.0574608048697917
S2_219337032,2,219337032,0.136839433644074,0.0621900826446281,2420,0.204715017210589,0.239498074177394
S2_219587333,2,219587333,0.00265251746028266,0.384710743801653,2420,-0.365857345334462,0.0104477743177481
S2_219942280,2,219942280,0.286628044114743,0.0613636363636364,2420,0.149719363181617,0.415227686973538
S2_220581154,2,220581154,0.0104756348968879,0.175,2420,-0.241134578203969,0.0314574459002756
S2_220815115,2,220815115,0.00455339716896989,0.131611570247934,2420,-0.293497839502564,0.016144575160203
S2_220863128,2,220863128,1.59741457494851e-09,0.0566115702479339,2420,-0.840547837104225,7.65273028928821e-08
S2_220944251,2,220944251,0.000794276849984999,0.328719008264463,2420,-0.364118095868946,0.00395219881876594
S2_221273186,2,221273186,5.53305114962338e-06,0.212809917355372,2420,-0.396390930499237,6.5884886521527e-05
S2_221287133,2,221287133,0.00203621349337988,0.292768595041322,2420,-0.299281294235016,0.00845685442815032
S2_221293612,2,221293612,0.614628760837108,0.185123966942149,2420,0.0767919394172623,0.717357080637078
S2_221735220,2,221735220,0.0342995520964849,0.356818181818182,2420,-0.220373622936449,0.0815901585666962
S2_221757449,2,221757449,0.0303837373812221,0.351446280991736,2420,-0.222527988222907,0.0748328469802082
S2_221828300,2,221828300,1.15619906317658e-06,0.258677685950413,2420,-0.521529934817693,1.83213082318751e-05
S2_222214859,2,222214859,0.511535393356002,0.33801652892562,2420,0.0711904649143094,0.625629845798769
S2_222281423,2,222281423,0.678721750392494,0.0787190082644628,2420,0.0532698860255749,0.77038263714998
S2_222315237,2,222315237,0.273448310173072,0.126859504132231,2420,0.112738272550899,0.401689662167659
S2_222352200,2,222352200,0.786152252728812,0.359917355371901,2420,-0.032645844122726,0.851010846359093
S2_222357904,2,222357904,0.000545025668149614,0.102892561983471,2420,-0.402186145785691,0.00291624123737196
S2_222453733,2,222453733,3.31077327023601e-06,0.151239669421488,2420,-0.446083377964797,4.2755050428934e-05
S2_223422873,2,223422873,0.0200352221655414,0.335743801652893,2420,0.248393122303696,0.0533545943498406
S2_223803009,2,223803009,0.701628652864401,0.284917355371901,2420,0.0405068510578985,0.784666137296779
S2_223853736,2,223853736,0.049974745374839,0.275619834710744,2420,0.198320737609379,0.108025157893146
S2_225504421,2,225504421,0.195135886370968,0.149586776859504,2420,-0.14278528878944,0.311867128941347
S2_225583999,2,225583999,0.318662950809259,0.10495867768595,2420,-0.106823150092808,0.450042090982304
S2_225584015,2,225584015,0.694940290814056,0.0694214876033058,2420,-0.0502175164647127,0.780150953175453
S2_225986204,2,225986204,0.000300359360387616,0.0840909090909091,2420,-0.430777418336248,0.00178311320575933
S2_226671459,2,226671459,0.00149745220242142,0.17995867768595,2420,-0.346536835269006,0.0066054636766341
S2_227288798,2,227288798,0.000303191374486447,0.107438016528926,2420,-0.383403696781997,0.00178961097834407
S2_229264398,2,229264398,0.00124557483633996,0.178719008264463,2420,-0.306402274900194,0.00570196480635627
S2_229349944,2,229349944,0.411698245271818,0.312809917355372,2420,0.071527871364566,0.541569850102136
S2_229831056,2,229831056,7.90239837460178e-05,0.0768595041322314,2420,-0.483614659317809,0.000596298192369218
S2_229851299,2,229851299,0.00752259850288069,0.342355371900826,2420,-0.306744327614126,0.0239144335122442
S2_230526838,2,230526838,0.670522678020518,0.0993801652892562,2420,-0.0492979150846651,0.765250258571893
S2_231108120,2,231108120,0.233638067836732,0.221280991735537,2420,-0.10281350782769,0.355986996851825
S2_231258079,2,231258079,0.352948016360871,0.308677685950413,2420,0.0935033830747898,0.484429911967204
S2_231435378,2,231435378,0.211027873519087,0.125413223140496,2420,-0.129398454469126,0.329831122495689
S2_231538085,2,231538085,0.991017108496093,0.366735537190083,2420,0.00122001651561732,0.994396124452972
S2_231794636,2,231794636,0.0981253534901566,0.15,2420,-0.197254526402276,0.184493145609722
S2_232799291,2,232799291,0.722762367627607,0.119214876033058,2420,-0.0457844205751883,0.800909347666956
S2_234480138,2,234480138,0.370330171807044,0.103099173553719,2420,0.108097068356344,0.501235317951715
S2_234490837,2,234490837,0.891782767920659,0.272314049586777,2420,-0.0128632309244949,0.92585601290328
S2_234510183,2,234510183,0.832052177550925,0.272933884297521,2420,-0.0198435877558154,0.883974979760137
S2_234525669,2,234525669,0.35641169452466,0.128099173553719,2420,0.098673099582868,0.488495070339854
S2_234528459,2,234528459,0.971430642551466,0.107231404958678,2420,-0.00416156673016133,0.979143801326017
S2_235755898,2,235755898,0.00106169286188021,0.170867768595041,2420,-0.313232233541498,0.00502778688614534
S2_235943712,2,235943712,0.212087409868488,0.131611570247934,2420,0.12733689716859,0.330984897219004
S2_237260678,2,237260678,1.73810636475528e-05,0.345454545454545,2420,-0.508285204428262,0.000169691901014022
S2_238592722,2,238592722,2.5903278922646e-07,0.114256198347107,2420,-0.569350754161121,5.44497495720926e-06
S2_238830975,2,238830975,0.000182461873084035,0.312603305785124,2420,-0.476105687559766,0.00115652756477881
S2_240227739,2,240227739,0.00845507122592203,0.123347107438017,2420,0.289105091284597,0.0263103424854975
S2_240249668,2,240249668,5.61023947016697e-05,0.302066115702479,2420,-0.419651472993792,0.000447949353044339
S3_1313242,3,1313242,0.346386152282399,0.246280991735537,2420,0.0900171992046523,0.478159065483997
S3_1400719,3,1400719,0.762080508152477,0.105785123966942,2420,0.0354170810964831,0.831067150235099
S3_1464877,3,1464877,0.075292735540045,0.0607438016528926,2420,-0.250495976050189,0.149424889414733
S3_1662561,3,1662561,0.0247612047054502,0.142355371900826,2420,0.231501288372229,0.0632070405120539
S3_2028219,3,2028219,0.459453225985185,0.375413223140496,2420,-0.0862910341601264,0.583163059475958
S3_2239671,3,2239671,8.94380074110522e-06,0.176859504132231,2420,-0.525207405480188,9.30516642761452e-05
S3_2757687,3,2757687,0.00211952844597941,0.0599173553719008,2420,0.41517363830755,0.00874995711165849
S3_2763048,3,2763048,0.371594317508331,0.254545454545455,2420,0.0852540155756856,0.501956914142401
S3_2856966,3,2856966,0.100265812766517,0.377066115702479,2420,-0.19282056602043,0.187599976656698
S3_3362245,3,3362245,3.06140280916701e-05,0.171280991735537,2420,-0.411253230458883,0.000273008215882426
S3_3362837,3,3362837,0.128291305722625,0.191322314049587,2420,-0.254734014942414,0.22901220952219
S3_3364555,3,3364555,3.11030878794173e-07,0.286157024793388,2420,-0.749690361035562,6.22061757588347e-06
S3_3578856,3,3578856,0.00585202416627659,0.403719008264463,2420,-0.320837213870789,0.0197950242734479
S3_3613106,3,3613106,0.858787715181222,0.235123966942149,2420,-0.0211454224373995,0.901525169791311
S3_3912752,3,3912752,5.40336663775963e-05,0.0888429752066116,2420,-0.484025875211017,0.000436815738870387
S3_4260356,3,4260356,0.812409268837158,0.231611570247934,2420,0.0278494678206584,0.868030650313561
S3_4778638,3,4778638,0.00411316280063246,0.143595041322314,2420,-0.281083487772619,0.0149966643704475
S3_5615248,3,5615248,0.372247605465041,0.438223140495868,2420,-0.122613017467984,0.502180790607718
S3_5838013,3,5838013,0.0272804858422229,0.236570247933884,2420,-0.240008976964305,0.0687482277966799
S3_6251167,3,6251167,0.00541929777524287,0.216115702479339,2420,0.254661026035279,0.0186373178914863
S3_6257096,3,6257096,0.000942813226636301,0.344421487603306,2420,0.332129787242849,0.00460235840490706
S3_6470722,3,6470722,0.0624656170598252,0.15599173553719,2420,-0.178699164661154,0.130242076055911
S3_6471653,3,6471653,0.653746361971279,0.275619834710744,2420,0.0415532372004748,0.75026044883612
S3_7328976,3,7328976,0.00356431057892614,0.0952479338842975,2420,-0.341252925086721,0.01325357363283
S3_8566472,3,8566472,0.00049827237199319,0.219214876033058,2420,-0.448158803729541,0.00270522389663896
S3_8769130,3,8769130,2.80931030046528e-05,0.320661157024793,2420,-0.440212377412763,0.000254532931491459
S3_8968031,3,8968031,0.107941774020989,0.144421487603306,2420,-0.158926984977711,0.198713185418443
S3_9234089,3,9234089,0.369065850547521,0.140082644628099,2420,-0.116423414151058,0.500136200433411
S3_10265327,3,10265327,3.35755205574326e-06,0.122314049586777,2420,-0.494250699330536,4.2959982825038e-05
S3_10673156,3,10673156,1.60902964345593e-07,0.317561983471074,2420,-0.550051676126088,3.67840578350425e-06
S3_11535801,3,11535801,0.0766140219765201,0.202066115702479,2420,-0.179349271926043,0.151173261754436
S3_11540829,3,11540829,0.240480888903024,0.203719008264463,2420,-0.118952861722761,0.363456075671482
S3_11619271,3,11619271,0.890813707723564,0.256818181818182,2420,-0.012461934238388,0.925664079218884
S3_12144719,3,12144719,0.918844267372787,0.107644628099174,2420,-0.0114007330622456,0.941232814911955
S3_12145701,3,12145701,0.000587316163738955,0.160330578512397,2420,-0.386899198452937,0.00307073933325443
S3_12145749,3,12145749,0.0585293098266073,0.355785123966942,2420,-0.185449750345384,0.123408780187115
S3_13177399,3,13177399,2.30566416038066e-07,0.0588842975206612,2420,-0.717509777317545,4.99965070566753e-06
S3_13434231,3,13434231,0.169166885602275,0.195867768595041,2420,0.123207972918195,0.282401770130217
S3_13692521,3,13692521,1.81062806702275e-08,0.104752066115702,2420,-0.617671310799267,6.01595777107559e-07
S3_13723427,3,13723427,0.0026635561968482,0.153305785123967,2420,-0.29028783240355,0.0104712323769223
S3_14323479,3,14323479,0.00170036292597945,0.111776859504132,2420,-0.347274910303668,0.00732086359257451
S3_14333218,3,14333218,0.536288348857624,0.117148760330579,2420,-0.075803047894766,0.649473250233219
S3_14801890,3,14801890,0.698807860239048,0.296900826446281,2420,-0.0427696792154393,0.782493965816159
S3_15210888,3,15210888,0.0485220310823167,0.342355371900826,2420,-0.199512969760292,0.105962849695223
S3_17630503,3,17630503,0.00129526753226594,0.169628099173554,2420,-0.300328142578266,0.00586428816806118
S3_18198302,3,18198302,0.105060148929342,0.199793388429752,2420,0.143592486612917,0.194276397481549
S3_19025992,3,19025992,0.204106725255111,0.0991735537190083,2420,-0.15644694301055,0.321944758059364
S3_19293143,3,19293143,0.180468802909202,0.075,2420,-0.190431740832707,0.294584575271756
S3_19832283,3,19832283,1.85611556107584e-06,0.0136363636363636,2420,-1.2356208030715,2.65527642765016e-05
S3_26051996,3,26051996,0.000116155809936135,0.0435950413223141,2420,0.596122501946823,0.000807162375150693
S3_32651258,3,32651258,0.75557321085243,0.201446280991736,2420,0.047545964773235,0.82685417388547
S3_35993809,3,35993809,0.0385515813089466,0.18595041322314,2420,-0.189282628388113,0.0891316021284287
S3_44362768,3,44362768,3.05651891172506e-06,0.0580578512396694,2420,-0.700967251378742,4.08859023256728e-05
S3_54376491,3,54376491,0.0154342756631477,0.135537190082645,2420,-0.251681414795726,0.0430238266117515
S3_54376775,3,54376775,0.142899422234374,0.187396694214876,2420,-0.134842866129134,0.247809278503956
S3_55537184,3,55537184,0.000231649204325249,0.186157024793388,2420,-0.338895739465684,0.00142873461350303
S3_56529376,3,56529376,0.000354736166661169,0.240909090909091,2420,-0.324990120593128,0.00204693698409526
S3_56999533,3,56999533,0.474825025356703,0.245867768595041,2420,-0.0713715794775851,0.597519579862436
S3_56999784,3,56999784,0.0502336958299176,0.0698347107438017,2420,-0.255229701921991,0.108357500952492
S3_67441338,3,67441338,5.22483743240304e-05,0.219214876033058,2420,-0.438468566523767,0.000427109726617074
S3_67863836,3,67863836,0.0013114763231189,0.132851239669422,2420,-0.345615502561316,0.00589877996861339
S3_98255576,3,98255576,0.849034726415902,0.235330578512397,2420,-0.0195314761076872,0.894635056990669
S3_102477733,3,102477733,0.279450027566965,0.327272727272727,2420,-0.109824549333013,0.408274508360247
S3_109881648,3,109881648,0.441320061956558,0.114669421487603,2420,-0.0833997506023394,0.568554926598192
S3_122985736,3,122985736,0.0289323518700026,0.043801652892562,2420,-0.336298179329162,0.0718946258772079
S3_125219740,3,125219740,0.0315962425374386,0.0840909090909091,2420,-0.263164756178782,0.0771187910273976
S3_125220748,3,125220748,0.343527033594053,0.0830578512396694,2420,-0.11658792412598,0.476542551652356
S3_130552961,3,130552961,4.48407589620845e-05,0.0902892561983471,2420,-0.479922819146566,0.000377028422293445
S3_130552982,3,130552982,4.22161172634423e-05,0.0832644628099174,2420,-0.505702747410311,0.000360851458766354
S3_130938670,3,130938670,0.703648449932894,0.0652892561983471,2420,-0.0500538665667278,0.786071478775358
S3_134035633,3,134035633,4.13828475523323e-06,0.0911157024793388,2420,-0.554404976005017,5.16658581562452e-05
S3_134442990,3,134442990,3.77280077068327e-05,0.233677685950413,2420,-0.351565918985003,0.000327931206228166
S3_135487037,3,135487037,1.30690668719511e-09,0.11797520661157,2420,-0.689493471364358,6.56640920883396e-08
S3_137533609,3,137533609,7.20814456119248e-22,0.104752066115702,2420,-1.10932657267858,4.9495925986855e-19
S3_139336936,3,139336936,7.36936600623414e-06,0.217768595041322,2420,-0.390250343791777,8.20588863396882e-05
S3_143115991,3,143115991,1.25339045152272e-06,0.278099173553719,2420,-0.416763662490865,1.95604873495213e-05
S3_143118496,3,143118496,0.0416190805659539,0.205165289256198,2420,-0.173373296666128,0.0942289971717721
S3_143318686,3,143318686,0.000150539510510943,0.127066115702479,2420,-0.399670425040995,0.000981365163457415
S3_149117323,3,149117323,1.49645154177303e-07,0.300413223140496,2420,-0.489904835103289,3.50305701824142e-06
S3_150637571,3,150637571,0.000356939556294193,0.178099173553719,2420,-0.32669759353081,0.00205389800549173
S3_150915949,3,150915949,0.00063049562071607,0.262603305785124,2420,-0.32823198370869,0.00328815437639267
S3_152233321,3,152233321,0.000180362568517919,0.164256198347107,2420,-0.349246221028437,0.00114674966403368
S3_152992674,3,152992674,5.57355959226724e-15,0.323347107438017,2420,-0.786101578301469,1.43519159500882e-12
S3_153463524,3,153463524,0.345601435190963,0.187190082644628,2420,-0.088836617041963,0.477846081631942
S3_155399439,3,155399439,0.00248921389609024,0.0867768595041322,2420,0.362694962221795,0.00989919039757893
S3_156001676,3,156001676,0.0010583348563123,0.207231404958678,2420,-0.30414686961177,0.00502343272811829
S3_156073129,3,156073129,0.0281485929166238,0.21900826446281,2420,-0.193334080387984,0.0703288181384015
S3_156226908,3,156226908,0.896281629127843,0.340702479338843,2420,0.0132085616944551,0.928275593767399
S3_156227261,3,156227261,0.994553287599637,0.121280991735537,2420,-0.000725906641278584,0.996488216174734
S3_156228206,3,156228206,0.000120600775917964,0.277685950413223,2420,-0.351981660975525,0.000822641054274851
S3_156270994,3,156270994,3.62583418336487e-05,0.315495867768595,2420,-0.415291481818201,0.000316492305836086
S3_156277883,3,156277883,3.49631431269555e-14,0.392768595041322,2420,-0.831125266986419,6.54764316741166e-12
S3_156277910,3,156277910,3.49631431269555e-14,0.392768595041322,2420,-0.831125266986419,6.54764316741166e-12
S3_156763112,3,156763112,0.0749493293094952,0.165289256198347,2420,0.178034034013464,0.149022058609657
S3_156830645,3,156830645,0.0483628299586253,0.239256198347107,2420,-0.168819140817192,0.105761602669605
S3_157123498,3,157123498,0.00464981218618353,0.252685950413223,2420,-0.280712499674848,0.0164017347663323
S3_158076754,3,158076754,0.620924649881009,0.0601239669421488,2420,-0.0675601732267523,0.721435295406023
S3_158250388,3,158250388,4.92199724144995e-06,0.371280991735537,2420,-0.477787064252311,6.07144569903407e-05
S3_159093153,3,159093153,0.199463661585134,0.0818181818181818,2420,0.159706890695759,0.316316507209682
S3_159200750,3,159200750,0.336330579270316,0.0747933884297521,2420,-0.12145089294323,0.467819711881735
S3_159280382,3,159280382,2.9200069590867e-05,0.156611570247934,2420,-0.42523182475739,0.000262673115096882
S3_159658716,3,159658716,0.820529737275052,0.150619834710744,2420,-0.0215338165400283,0.87534503303294
S3_159820975,3,159820975,0.000158004438313783,0.232851239669421,2420,-0.326753235903311,0.00102677963068263
S3_160747686,3,160747686,0.0160977825283831,0.237809917355372,2420,-0.20313729410033,0.0445718172156843
S3_161085854,3,161085854,7.05812299686239e-09,0.216528925619835,2420,-0.538300293328007,2.64358788609755e-07
S3_161093843,3,161093843,3.30253063485757e-07,0.355578512396694,2420,-0.521774270207516,6.54155106519864e-06
S3_162004498,3,162004498,4.90946232930488e-07,0.0832644628099174,2420,-0.567978997974279,8.94999327289208e-06
S3_162591165,3,162591165,3.87213920268683e-06,0.303719008264463,2420,-0.4081876343011,4.89362377762875e-05
S3_162820425,3,162820425,2.40858156219824e-07,0.409504132231405,2420,-0.631155311176315,5.12091966079804e-06
S3_163752888,3,163752888,0.706862957985427,0.31095041322314,2420,0.0454860691269232,0.788379909826735
S3_163926792,3,163926792,0.136024025875106,0.352066115702479,2420,0.166357690036762,0.238476164512953
S3_164144412,3,164144412,0.0065879657952184,0.269214876033058,2420,-0.237700372971119,0.0218890476421773
S3_169098185,3,169098185,0.920410171567578,0.147933884297521,2420,-0.00931462456449594,0.94190012589628
S3_169116636,3,169116636,0.00190111641379297,0.153305785123967,2420,-0.312588018850548,0.00802123306839915
S3_169283751,3,169283751,0.000100816143673634,0.110743801652893,2420,-0.372544088373033,0.000733856028154365
S3_170391129,3,170391129,0.00232385027336431,0.466735537190083,2420,0.520594630615847,0.00947946844184254
S3_171047975,3,171047975,4.26944594257274e-07,0.0857438016528926,2420,-0.618107164350903,8.14357281638874e-06
S3_171049180,3,171049180,0.00741315365628487,0.256404958677686,2420,-0.230545511851716,0.023602931270397
S3_171118467,3,171118467,0.0860655307626185,0.28698347107438,2420,-0.178254724184001,0.166474172179337
S3_171380890,3,171380890,0.0443299835072264,0.378925619834711,2420,-0.216931506628327,0.0993058047826322
S3_171487117,3,171487117,0.0449438336223466,0.323140495867769,2420,-0.187672668738003,0.100211191155784
S3_171698307,3,171698307,0.00125871309401109,0.33698347107438,2420,-0.328184509175401,0.00572394916923364
S3_172631601,3,172631601,0.0144948105383851,0.0946280991735537,2420,-0.294214743589819,0.0407214597330681
S3_173080450,3,173080450,7.12937400484573e-06,0.188429752066116,2420,-0.463644388859763,7.98179915759902e-05
S3_173668335,3,173668335,0.480875340053469,0.338223140495868,2420,-0.0667251484003089,0.60402634177448
S3_174251218,3,174251218,0.000111441503017343,0.107851239669421,2420,-0.431668397812302,0.000786217968795448
S3_175410413,3,175410413,0.736142253407897,0.0524793388429752,2420,-0.0569229335182655,0.812675799582137
S3_175410430,3,175410430,0.465345399394168,0.202272727272727,2420,0.114911946976065,0.589756701120575
S3_175412822,3,175412822,1.33832880087707e-08,0.178305785123967,2420,-0.666707416604169,4.59492888301128e-07
S3_176077311,3,176077311,0.000414198219411566,0.153305785123967,2420,-0.404795700333239,0.00232625507019958
S3_177563221,3,177563221,1.52897900062253e-20,0.00847107438016529,2420,-3.03606131573738,6.29939348256482e-18
S3_177690776,3,177690776,0.00169575675879847,0.161570247933884,2420,-0.338535106192893,0.00732086359257451
S3_177693438,3,177693438,0.0495955103180555,0.169421487603306,2420,-0.177705203224846,0.107430863570131
S3_178168134,3,178168134,0.0687888584144853,0.130785123966942,2420,-0.208116645899409,0.140580405093095
S3_178168227,3,178168227,0.0687888584144853,0.130785123966942,2420,-0.208116645899409,0.140580405093095
S3_178405366,3,178405366,0.000111444488780714,0.275619834710744,2420,-0.360784333040471,0.000786217968795448
S3_179993119,3,179993119,0.0118148257258328,0.191735537190083,2420,-0.254268092269541,0.0347197446436741
S3_180300684,3,180300684,0.00158933300376943,0.187809917355372,2420,-0.318874165887223,0.00697444132441765
S3_180462077,3,180462077,0.540639692445913,0.412190082644628,2420,-0.0740782944365606,0.653189063985744
S3_181084639,3,181084639,0.767959059759057,0.417561983471074,2420,0.0361583612693153,0.835708221396544
S3_181089329,3,181089329,0.635813954672069,0.418595041322314,2420,-0.0585144848429309,0.7337684855039
S3_181403147,3,181403147,0.00014699014902172,0.144834710743802,2420,-0.430992373980871,0.00096126891106268
S3_181403809,3,181403809,0.0177201708200405,0.105165289256198,2420,-0.277755961449373,0.0482213367097534
S3_183585883,3,183585883,0.215747574702963,0.25599173553719,2420,-0.124913187070064,0.335933487443767
S3_184112463,3,184112463,0.799201733679608,0.0756198347107438,2420,0.0320964689066301,0.858370996548484
S3_184696223,3,184696223,0.00477979527789663,0.221487603305785,2420,-0.280237335509128,0.016831415850371
S3_185047472,3,185047472,0.114191669459247,0.291735537190083,2420,-0.147711129416479,0.207621217198631
S3_185689615,3,185689615,0.141441198109205,0.214876033057851,2420,-0.136540830883007,0.246031979410646
S3_187195001,3,187195001,0.074759992984587,0.356818181818182,2420,0.205765955269385,0.148972873726559
S3_188497071,3,188497071,0.421365422385758,0.368181818181818,2420,-0.090006748650012,0.549375170958646
S3_188500699,3,188500699,0.309400516927979,0.156198347107438,2420,0.0965415125174758,0.439858194501468
S3_188500730,3,188500730,0.380831746782924,0.155371900826446,2420,0.0833567587806954,0.509999382645195
S3_188667827,3,188667827,0.0131511010564843,0.203305785123967,2420,-0.227850344055867,0.0377315712762642
S3_189196859,3,189196859,0.808160613778343,0.159090909090909,2420,-0.0246898575398262,0.864836812666695
S3_192519364,3,192519364,0.0482701187537576,0.318181818181818,2420,0.195035712984946,0.105671035741488
S3_195626545,3,195626545,0.0107796624970444,0.381198347107438,2420,-0.280259033503796,0.0322294698750529
S3_196393427,3,196393427,0.00681059887091285,0.412603305785124,2420,-0.337485770207138,0.0224725961093924
S3_199144100,3,199144100,0.0760696303619851,0.0609504132231405,2420,-0.239795360114144,0.150387177107188
S3_200022599,3,200022599,0.955549530318039,0.219214876033058,2420,-0.00538668684606591,0.968240055314884
S3_201034518,3,201034518,0.00415771699345693,0.244214876033058,2420,-0.338471980213029,0.0151056384594731
S3_201140023,3,201140023,0.48204014932777,0.235330578512397,2420,-0.0607945440087576,0.605120479960516
S3_202899898,3,202899898,0.0106682351748722,0.368801652892562,2420,-0.291612628101461,0.0319891767980157
S3_204443484,3,204443484,0.90384319244613,0.267768595041322,2420,0.0102733866816891,0.932091380844298
S3_206340812,3,206340812,0.797922483440946,0.174173553719008,2420,0.0254231980677559,0.85760603520656
S3_207306147,3,207306147,0.00632356094145494,0.0721074380165289,2420,-0.357376204912882,0.0211851445319545
S3_208260996,3,208260996,0.996444577105407,0.17995867768595,2420,0.000465362313548212,0.996928522990354
S3_209594607,3,209594607,0.856986653369048,0.205785123966942,2420,0.0191199329310621,0.901170242950607
S3_209609982,3,209609982,0.646583871690223,0.189669421487603,2420,-0.0448830345087856,0.743697808867593
S3_209610170,3,209610170,0.372144506148767,0.179132231404959,2420,0.0875220324069232,0.502180790607718
S3_209669953,3,209669953,0.299163222921426,0.177066115702479,2420,0.102354017314227,0.429161726475027
S3_209803612,3,209803612,0.196462271260072,0.13202479338843,2420,-0.128516985854361,0.31300253580491
S3_210833153,3,210833153,0.223383825832427,0.271487603305785,2420,-0.115195361025229,0.346328832009776
S3_210859046,3,210859046,2.11025595372217e-05,0.0721074380165289,2420,-0.536472479347012,0.000199409507553563
S3_212068020,3,212068020,0.0411195880045566,0.378305785123967,2420,-0.21503337500684,0.0933917875296435
S3_213324844,3,213324844,0.259481388260454,0.367561983471074,2420,-0.125318756681111,0.384832008507224
S3_213618693,3,213618693,0.0179399700990048,0.145661157024793,2420,-0.227334403224035,0.0487550638574538
S3_214045535,3,214045535,0.740972344659429,0.270661157024793,2420,-0.0279950784872369,0.814355654281746
S3_214188340,3,214188340,0.00436629418159538,0.0425619834710744,2420,-0.514757421698562,0.0156973228867129
S3_214605122,3,214605122,0.97284820256265,0.344214876033058,2420,-0.00327311824628396,0.979984008449418
S3_214725503,3,214725503,0.0461857024251146,0.0464876033057851,2420,-0.298106165322523,0.102524296331612
S3_215863528,3,215863528,0.765230124913585,0.103305785123967,2420,0.0332157701035669,0.833178677231493
S3_215949122,3,215949122,0.846556800340725,0.101446280991736,2420,0.0216837891275503,0.893394983966134
S3_217122021,3,217122021,0.738595554589901,0.279338842975207,2420,-0.0302128406339079,0.813205153637197
S3_217124964,3,217124964,0.24815690072313,0.296694214876033,2420,-0.106749903429289,0.3707057400215
S3_218883017,3,218883017,7.13943231250425e-05,0.0599173553719008,2420,-0.528487348569371,0.000552903404652585
S3_219791737,3,219791737,0.36011887148873,0.300826446280992,2420,0.0787913261818289,0.491613568765264
S3_220553933,3,220553933,0.0391536665829309,0.215702479338843,2420,-0.188631744388971,0.0901190538109918
S3_221113183,3,221113183,0.141389166692129,0.177272727272727,2420,-0.149648342667376,0.246031979410646
S3_221172195,3,221172195,0.210589946638848,0.177479338842975,2420,-0.127334022017465,0.329396575608221
S3_221485615,3,221485615,0.331681009115417,0.303925619834711,2420,0.0887690839228128,0.462915229524227
S3_221603754,3,221603754,0.364268977251207,0.104752066115702,2420,0.0999170224850445,0.495636785427666
S3_221603868,3,221603868,0.364268977251207,0.104752066115702,2420,0.0999170224850445,0.495636785427666
S3_221892178,3,221892178,0.0801640389739233,0.200413223140496,2420,0.198656464786751,0.157424137546503
S3_222666213,3,222666213,0.00570966957255621,0.128512396694215,2420,-0.285944805232859,0.0194733763567315
S3_222666340,3,222666340,0.0847302591945962,0.165082644628099,2420,-0.17197988318982,0.164809667883967
S3_222668770,3,222668770,0.433389615412138,0.205785123966942,2420,0.0852421715941034,0.561699666007779
S3_222761948,3,222761948,0.675850672375571,0.117561983471074,2420,-0.0482990962358514,0.768775474927485
S3_222882360,3,222882360,0.0760662052373324,0.0857438016528926,2420,-0.219016504530302,0.150387177107188
S3_223081473,3,223081473,0.551658961801336,0.285123966942149,2420,-0.0554141263200449,0.662634088227844
S3_223081534,3,223081534,0.00335162708485391,0.302479338842975,2420,-0.316367396706596,0.0125762327774118
S3_223158468,3,223158468,0.754774047186425,0.28202479338843,2420,-0.0288972064188044,0.826599966615649
S3_223221766,3,223221766,0.0985815062750612,0.115909090909091,2420,-0.191720984327432,0.18495255275649
S4_1582526,4,1582526,0.000637278954663626,0.114462809917355,2420,-0.392938565182504,0.00330678752293972
S4_3684946,4,3684946,0.384420685616847,0.354545454545455,2420,0.0890819892103423,0.513558114377889
S4_4117851,4,4117851,0.782790967883825,0.260537190082645,2420,-0.0258274473585516,0.848710207284568
S4_4421555,4,4421555,0.8735624685829,0.111363636363636,2420,-0.0178279561863661,0.912544972251914
S4_4429338,4,4429338,0.000905255888606537,0.122314049586777,2420,0.4055005864777,0.00442951812477308
S4_4868446,4,4868446,2.87123326602328e-09,0.0898760330578512,2420,-0.710610857293318,1.24861500921002e-07
S4_5032583,4,5032583,4.35693839855451e-07,0.0512396694214876,2420,-0.727630766760981,8.23421385414889e-06
S4_5038043,4,5038043,0.000104925273897439,0.210537190082645,2420,-0.333338886294385,0.000751228746923496
S4_5391059,4,5391059,0.130707139497973,0.243181818181818,2420,-0.127688291637497,0.231917921934387
S4_6215946,4,6215946,0.186037570009531,0.349380165289256,2420,-0.151259527439663,0.301050584618722
S4_6216277,4,6216277,0.698906615473176,0.100826446280992,2420,-0.0436277050190341,0.782493965816159
S4_6256393,4,6256393,0.302010091442675,0.130578512396694,2420,0.108688945753158,0.431825261084313
S4_6374168,4,6374168,0.00104435294631062,0.11095041322314,2420,0.382616030730063,0.00497948503867923
S4_6382493,4,6382493,7.29045827526382e-05,0.150413223140496,2420,0.396353593790693,0.000560385971904607
S4_6388262,4,6388262,0.0431021612365729,0.355371900826446,2420,0.198149339532307,0.097251316700263
S4_6397331,4,6397331,0.000569621938892837,0.212396694214876,2420,-0.355236254851491,0.0029934214135695
S4_7632233,4,7632233,0.0356777314259364,0.0894628099173554,2420,-0.250032013453094,0.0839955734142044
S4_7634160,4,7634160,0.609395225212679,0.321694214876033,2420,0.0532209926828386,0.712459797921747
S4_7635295,4,7635295,0.299546124213595,0.326239669421488,2420,0.0993014625202306,0.429411980431459
S4_7967173,4,7967173,0.800343769593233,0.244628099173554,2420,-0.0243707755845719,0.858702169459406
S4_8027896,4,8027896,0.00613382779672005,0.139462809917355,2420,0.324793676559324,0.0206128633951767
S4_8316239,4,8316239,0.87144582835513,0.15495867768595,2420,-0.0164263623328935,0.910795741456909
S4_8454252,4,8454252,0.105001042013441,0.281818181818182,2420,0.139421605954709,0.194276397481549
S4_10696101,4,10696101,0.0120752758535538,0.306611570247934,2420,-0.2385673771808,0.0353841653745674
S4_10786694,4,10786694,0.0513654653410708,0.190909090909091,2420,-0.181219436728085,0.110200461833274
S4_10904652,4,10904652,0.00564320131762061,0.136157024793388,2420,-0.290736029928027,0.0193106224490008
S4_11760644,4,11760644,1.56823604016593e-06,0.127892561983471,2420,0.539202598713047,2.291181732441e-05
S4_12766998,4,12766998,0.030827042142696,0.0795454545454545,2420,-0.270877956200678,0.0756897578235444
S4_13315712,4,13315712,1.55655258737363e-12,0.349380165289256,2420,-0.825243552504617,1.68763069999457e-10
S4_15666621,4,15666621,0.738285818396158,0.103512396694215,2420,0.039660254780074,0.813205153637197
S4_15673073,4,15673073,0.866428074836175,0.102272727272727,2420,0.0200089465510445,0.906471221006867
S4_15975070,4,15975070,0.0223111649223369,0.0142561983471074,2420,-0.57787245522843,0.058623724158181
S4_16064424,4,16064424,0.0023442938712419,0.136570247933884,2420,0.329862051324866,0.00954396319122195
S4_16194115,4,16194115,0.00197790161304439,0.139669421487603,2420,0.32993639680214,0.00826465988412059
S4_16268360,4,16268360,4.89853385165745e-08,0.179752066115702,2420,-0.508780008863667,1.32776049137031e-06
S4_16652461,4,16652461,0.081812452870872,0.304545454545455,2420,0.224162086745821,0.159929867171518
S4_16940584,4,16940584,0.0205069293065192,0.0694214876033058,2420,-0.301485330947528,0.0544384979013268
S4_16944639,4,16944639,1.62516379627286e-06,0.351652892561983,2420,0.567904484915687,2.34114504917629e-05
S4_17273302,4,17273302,8.70099696500339e-08,0.0948347107438016,2420,0.68213508731418,2.08419229626825e-06
S4_18076248,4,18076248,4.54754717887195e-05,0.352685950413223,2420,0.431593084141753,0.000380810861320172
S4_18845218,4,18845218,0.000124399208103326,0.31900826446281,2420,-0.462747952527991,0.000837458721218467
S4_19113113,4,19113113,0.0091546299115182,0.285123966942149,2420,0.275490346460288,0.0281891444211173
S4_19534877,4,19534877,0.198704811643394,0.419421487603306,2420,-0.165213554132436,0.315355864395525
S4_19535516,4,19535516,0.00561774353034074,0.303925619834711,2420,0.268703891582305,0.0192554936314508
S4_19535656,4,19535656,0.00316198409589079,0.0557851239669422,2420,0.433378584022904,0.0119736897748806
S4_19556309,4,19556309,5.2479444547506e-06,0.343595041322314,2420,0.533498295529,6.35927386869779e-05
S4_19684514,4,19684514,4.12401109408041e-09,0.341115702479339,2420,0.684776405786408,1.60291751958597e-07
S4_20268200,4,20268200,0.00121001805507359,0.319421487603306,2420,0.345602327358506,0.005551530497665
S4_20270571,4,20270571,0.596619527141997,0.0681818181818182,2420,0.0649577974008366,0.701504695155545
S4_20274946,4,20274946,0.00390812001397109,0.296694214876033,2420,0.284070831128759,0.014299693123944
S4_20497213,4,20497213,0.491246426275068,0.151239669421488,2420,-0.0746118572624539,0.609986520871995
S4_20598297,4,20598297,0.0128299389025401,0.102892561983471,2420,0.316604300332145,0.0370682666749405
S4_21107980,4,21107980,0.000769404553984997,0.105785123966942,2420,-0.360857026126141,0.00387524054085353
S4_21650368,4,21650368,0.0127339308662041,0.315702479338843,2420,-0.257222813076851,0.0368943707234605
S4_21903148,4,21903148,0.303872334309217,0.228512396694215,2420,-0.172359881474506,0.433802500815653
S4_21908896,4,21908896,9.18119287864546e-06,0.345661157024793,2420,-0.51492908770382,9.40958076119883e-05
S4_23290605,4,23290605,0.00655392848246292,0.121900826446281,2420,0.325108854163147,0.0218464282748764
S4_23361153,4,23361153,0.0421641508730698,0.16900826446281,2420,0.253107295556731,0.0952392004369779
S4_23371382,4,23371382,0.157959420136148,0.124173553719008,2420,0.169246928545192,0.268922649157409
S4_23915319,4,23915319,0.0233604899589218,0.15,2420,0.24389987857235,0.0607608703477006
S4_23915745,4,23915745,2.00932089195306e-08,0.0822314049586777,2420,0.732355951723449,6.5701603768624e-07
S4_24237240,4,24237240,0.000248256973808351,0.0838842975206612,2420,0.485323401250284,0.0015130454616722
S4_24592534,4,24592534,0.150540761593996,0.374380165289256,2420,0.15607315897995,0.258475021216135
S4_26899943,4,26899943,0.00486772821385872,0.169834710743802,2420,0.302477982238202,0.017024652157129
S4_26905846,4,26905846,0.00147921511214478,0.339669421487603,2420,0.306402648293471,0.00653901959445977
S4_27987442,4,27987442,0.00109736985979049,0.303305785123967,2420,0.360565513271752,0.00517295631846318
S4_28628470,4,28628470,0.07880237273697,0.137190082644628,2420,-0.180873100312354,0.1548977937387
S4_28770521,4,28770521,0.00356074985127267,0.26301652892562,2420,0.372849241648169,0.01325357363283
S4_28810964,4,28810964,0.0132490374465149,0.387396694214876,2420,0.292333675727718,0.0378543927043283
S4_28837786,4,28837786,0.0503692557514749,0.213429752066116,2420,0.220011735481393,0.108536262393345
S4_30916257,4,30916257,0.0617918558989623,0.0747933884297521,2420,0.23714579849991,0.12922966817448
S4_31060579,4,31060579,0.0416711730211089,0.0700413223140496,2420,0.269200858750978,0.0942289971717721
S4_32789730,4,32789730,0.0111953270034501,0.366528925619835,2420,0.258191366292237,0.0332310859180219
S4_33024458,4,33024458,0.188409487368204,0.304132231404959,2420,0.133921784992765,0.303696043801643
S4_33668810,4,33668810,0.0059555144870187,0.30495867768595,2420,0.265540515908043,0.0200791486796375
S4_33993933,4,33993933,0.24978049393123,0.191115702479339,2420,0.108181912169513,0.372860737317633
S4_34193017,4,34193017,0.89743074169804,0.193181818181818,2420,0.0121448576445857,0.92853205821093
S4_34194561,4,34194561,0.82737556042028,0.192561983471074,2420,0.0205545314042297,0.879937613730909
S4_35081018,4,35081018,0.13535339808023,0.110123966942149,2420,0.163997985791639,0.237907849867982
S4_35081158,4,35081158,0.13535339808023,0.110123966942149,2420,0.163997985791639,0.237907849867982
S4_35662011,4,35662011,0.256250711498606,0.306198347107438,2420,-0.12260464019198,0.380588655866711
S4_36249700,4,36249700,8.09374896338925e-06,0.32004132231405,2420,0.565914667960158,8.82175812940839e-05
S4_37547893,4,37547893,0.0777224805773743,0.294214876033058,2420,0.260215877353346,0.153213693769752
S4_37548473,4,37548473,0.0017611558499452,0.232438016528926,2420,0.347570044530016,0.00749582861753535
S4_38327201,4,38327201,0.154776060010949,0.12603305785124,2420,0.14692520125908,0.26437701792915
S4_38330727,4,38330727,0.443691197490142,0.366115702479339,2420,0.0940830042777066,0.569827847150681
S4_38760190,4,38760190,0.309515903408852,0.370247933884297,2420,-0.125664686959226,0.439858194501468
S4_42420846,4,42420846,0.365450172239782,0.360123966942149,2420,-0.0935997494476055,0.496885114251034
S4_43857521,4,43857521,0.000711112523518683,0.258471074380165,2420,0.406230634920746,0.00362596979813982
S4_59942187,4,59942187,0.00902955659857285,0.0425619834710744,2420,0.411479763708087,0.0278511412320269
S4_65069576,4,65069576,6.95412343111036e-07,0.330578512396694,2420,0.526708393902368,1.2140249379735e-05
S4_68476055,4,68476055,0.127757923026976,0.373760330578512,2420,0.182892981568614,0.2284560081906
S4_68509682,4,68509682,0.167980117724998,0.373760330578512,2420,0.1649379452723,0.28140996225667
S4_68989860,4,68989860,0.000170597004652593,0.308057851239669,2420,0.414967717142758,0.00109139698628678
S4_73620368,4,73620368,0.64550889086027,0.335330578512397,2420,0.0488274619154936,0.743291400319819
S4_73992822,4,73992822,0.0930799471994507,0.359297520661157,2420,-0.19783918281729,0.177541380769323
S4_78663165,4,78663165,0.741271148951048,0.119214876033058,2420,-0.0384594431654932,0.814355654281746
S4_81325355,4,81325355,0.295051302828825,0.0706611570247934,2420,0.1355789985477,0.424741917419553
S4_81555504,4,81555504,0.300082682257762,0.0650826446280992,2420,-0.138702647282727,0.429882006572316
S4_83555330,4,83555330,0.0886551212145123,0.137603305785124,2420,0.173930405946862,0.171322279270071
S4_86783804,4,86783804,0.996103504741738,0.353305785123967,2420,-0.00057484004298658,0.996928522990354
S4_123692246,4,123692246,0.0117005635292682,0.0729338842975207,2420,-0.320669975473393,0.0344823474539235
S4_127783045,4,127783045,0.780473941158404,0.293595041322314,2420,0.029434624506365,0.847536277694418
S4_129510370,4,129510370,0.216096543784215,0.105578512396694,2420,-0.145062469327854,0.336222719180878
S4_130234780,4,130234780,0.831501398906749,0.0783057851239669,2420,0.0266592136655959,0.883845656216668
S4_130979624,4,130979624,0.000129941498981298,0.0516528925619835,2420,-0.56334189835961,0.000868723165316014
S4_131389825,4,131389825,0.00945530421039649,0.309917355371901,2420,0.292519298921491,0.0289850099306797
S4_132644449,4,132644449,0.226947657977278,0.0836776859504132,2420,0.153745595612818,0.349150243041967
S4_132796082,4,132796082,0.566417935237864,0.0772727272727273,2420,-0.0720393658280045,0.676714899591855
S4_133572067,4,133572067,0.357018220823907,0.218801652892562,2420,-0.106894688208712,0.489001020543383
S4_134019236,4,134019236,0.0599742907519263,0.303512396694215,2420,0.18113667415588,0.126068407090784
S4_138959026,4,138959026,0.108872859776624,0.353305785123967,2420,0.182628176932212,0.200069662033761
S4_147394691,4,147394691,1.88027324110714e-05,0.130165289256198,2420,-0.435314855025624,0.000181121125446142
S4_151119203,4,151119203,0.883199770098323,0.364669421487603,2420,0.0171964074756374,0.91983088918518
S4_151260095,4,151260095,6.12007417265376e-06,0.165082644628099,2420,-0.426744624227922,7.0827824694757e-05
S4_153136183,4,153136183,0.00245157816028443,0.284504132231405,2420,-0.311582997173389,0.00980980859236004
S4_153603804,4,153603804,8.19778122717746e-08,0.302066115702479,2420,-0.610952737524144,1.98675639152771e-06
S4_154508054,4,154508054,0.540942011242562,0.274793388429752,2420,-0.0684467078640125,0.653189063985744
S4_157787690,4,157787690,0.000777539294699084,0.33801652892562,2420,-0.353181315647419,0.00390666084653686
S4_158893534,4,158893534,0.722025299146827,0.175206611570248,2420,-0.0363187476847315,0.800909347666956
S4_159136751,4,159136751,0.46342542236931,0.194628099173554,2420,0.068222515653531,0.587842592414272
S4_159826794,4,159826794,0.00110640369910144,0.318181818181818,2420,-0.40310127288916,0.00520363383595653
S4_162868828,4,162868828,7.44984974335644e-05,0.034504132231405,2420,-0.671162649985874,0.000567304130749718
S4_163363238,4,163363238,0.400720646332482,0.0497933884297521,2420,0.123627701293898,0.530155416316674
S4_166721935,4,166721935,0.524008257561372,0.108677685950413,2420,-0.0700286414448641,0.636847793850399
S4_168922442,4,168922442,4.23468576010327e-08,0.0607438016528926,2420,-0.745818650583942,1.18409858030644e-06
S4_168972787,4,168972787,0.0265483771507997,0.34504132231405,2420,-0.264236315867606,0.0671863107256109
S4_169358752,4,169358752,0.0019327076285637,0.31900826446281,2420,-0.332014210235172,0.00812526064253311
S4_170716007,4,170716007,0.168973618212801,0.0551652892561983,2420,-0.191823002209688,0.282307910396083
S4_171079944,4,171079944,6.22189261370877e-08,0.294214876033058,2420,-0.765510696716888,1.58235787459754e-06
S4_171087001,4,171087001,7.36884772560849e-07,0.0867768595041322,2420,-0.611267992588864,1.27561565670197e-05
S4_172278923,4,172278923,9.7949411258937e-08,0.189256198347107,2420,-0.480947919793024,2.31926192176334e-06
S4_172480572,4,172480572,0.675652111626466,0.144628099173554,2420,0.04031214906027,0.768775474927485
S4_173206081,4,173206081,0.233471043603563,0.0995867768595041,2420,-0.147130032834525,0.355986996851825
S4_173647564,4,173647564,4.87423367504498e-10,0.216528925619835,2420,-0.550577251892292,2.95321216782137e-08
S4_173812038,4,173812038,2.61706212016622e-05,0.184710743801653,2420,-0.408632874387521,0.000240676248551001
S4_174235497,4,174235497,0.000896517114683665,0.174380165289256,2420,-0.32505508067716,0.0043972029910675
S4_174661607,4,174661607,2.51912292629285e-06,0.235537190082645,2420,-0.414448025926049,3.48281424708945e-05
S4_174894581,4,174894581,0.000508794735977353,0.0838842975206612,2420,-0.440618428924935,0.0027437621887784
S4_175587769,4,175587769,0.726094513298477,0.221280991735537,2420,0.0344044098844449,0.803737075440549
S4_175791704,4,175791704,0.000265494580356239,0.420661157024793,2420,-0.449960157926,0.00160386755288519
S4_176115520,4,176115520,0.0209107341121409,0.244421487603306,2420,-0.280686448806819,0.055358378219581
S4_176599341,4,176599341,0.00734866903880127,0.164876033057851,2420,-0.257176993022611,0.0234338362537626
S4_176927461,4,176927461,0.947094146986505,0.0557851239669422,2420,0.0091506933383414,0.961564289202662
S4_177233411,4,177233411,0.0101272575717955,0.138842975206612,2420,-0.26292049485788,0.0306796332322041
S4_177342963,4,177342963,0.78167207633119,0.212809917355372,2420,0.0293359678942977,0.848390135533325
S4_177343094,4,177343094,0.759111272408944,0.295661157024793,2420,0.0416778199649457,0.829145928506058
S4_177902767,4,177902767,1.27218233934871e-06,0.108884297520661,2420,-0.536756748885622,1.97044783387845e-05
S4_178069434,4,178069434,1.4555439723812e-17,0.225826446280992,2420,2.34642664424496,4.28345797586468e-15
S4_178384209,4,178384209,0.688866815573248,0.239876033057851,2420,-0.039234679702588,0.775445704962236
S4_178453956,4,178453956,0.315320880246702,0.0539256198347107,2420,-0.143071730491414,0.446048785589052
S4_179370281,4,179370281,0.731853984927428,0.265082644628099,2420,0.0291530102946638,0.809242731589105
S4_179674671,4,179674671,0.398526856969703,0.0493801652892562,2420,-0.125600316322178,0.528779202903823
S4_179674809,4,179674809,0.861883622768871,0.288636363636364,2420,-0.0149327913821651,0.902854868084158
S4_180001616,4,180001616,0.550283085979629,0.30599173553719,2420,0.0551411580472632,0.661753156519577
S4_180637167,4,180637167,0.305578188872738,0.178925619834711,2420,-0.0974050012574281,0.435633957839336
S4_180797642,4,180797642,0.0741000586219955,0.0706611570247934,2420,-0.24359359061323,0.148308071813129
S4_181091704,4,181091704,0.027594202452841,0.302479338842975,2420,-0.218323499978993,0.0693220207961615
S4_181557315,4,181557315,0.0334672304726037,0.11797520661157,2420,-0.234120635271097,0.0802590160344164
S4_182099943,4,182099943,0.0363750312596904,0.0778925619834711,2420,-0.279966132449772,0.0853446063723944
S4_182462132,4,182462132,0.0367983422945103,0.14896694214876,2420,-0.207766954279293,0.0860437969655973
S4_183484419,4,183484419,0.00130158871274052,0.171900826446281,2420,-0.296522816395751,0.00586711761104043
S4_183484517,4,183484517,0.0121812782677853,0.192355371900826,2420,-0.225463557203256,0.03564408129494
S4_183587157,4,183587157,0.000274574298766733,0.112190082644628,2420,-0.430879272011836,0.00165386858321483
S4_183806901,4,183806901,0.0665001363677765,0.404545454545455,2420,-0.221919300048853,0.13685342749013
S4_184739545,4,184739545,0.458995085801365,0.241115702479339,2420,0.0686007940381899,0.582940737824175
S4_185719827,4,185719827,0.294650896535899,0.0820247933884297,2420,-0.131118816451504,0.424462130674092
S4_186630216,4,186630216,0.00200899922839549,0.403925619834711,2420,-0.375879703509042,0.00836068365756507
S4_187126058,4,187126058,0.536736540580773,0.268595041322314,2420,0.0634005286840988,0.64963412079694
S4_188075715,4,188075715,0.000127562409136904,0.146280991735537,2420,-0.385035463193745,0.000855956230690623
S4_191133446,4,191133446,0.0819058300320153,0.0559917355371901,2420,0.245651154485273,0.159929867171518
S4_191603783,4,191603783,0.400793216715632,0.13801652892562,2420,-0.0908330117227081,0.530155416316674
S4_192740039,4,192740039,0.243047360230946,0.0952479338842975,2420,-0.137110136683475,0.366260103932516
S4_196697423,4,196697423,1.3567811267127e-06,0.0574380165289256,2420,-0.742954483003558,2.05512435369718e-05
S4_201649912,4,201649912,0.328332950332002,0.266528925619835,2420,-0.113409013656906,0.459800052810281
S4_202964997,4,202964997,7.10957313054879e-06,0.0363636363636364,2420,-0.944517449719072,7.98179915759902e-05
S4_211134934,4,211134934,0.0127873198186823,0.0353305785123967,2420,-0.416214828311482,0.0369970208237156
S4_223755225,4,223755225,0.229701303494044,0.237396694214876,2420,-0.109283133703002,0.351027214538375
S4_228315634,4,228315634,0.0899872247919798,0.180785123966942,2420,-0.175495730839486,0.173408496792777
S4_237052759,4,237052759,0.0245684387598105,0.172314049586777,2420,-0.23286078368082,0.0628707873853536
S4_238909618,4,238909618,0.0187004921234136,0.0497933884297521,2420,-0.417678821931844,0.0504227928982096
S4_239877963,4,239877963,0.198051163937899,0.357438016528926,2420,-0.131786693628214,0.31456083092681
S4_241516810,4,241516810,0.116290643365761,0.131198347107438,2420,-0.169773854801534,0.211064956240941
S4_241704963,4,241704963,0.18356676005868,0.192355371900826,2420,-0.123729067215109,0.298930850372237
S4_241832875,4,241832875,0.0011638043578242,0.30103305785124,2420,-0.326421177796959,0.00541182161877617
S5_392571,5,392571,0.00370634702050978,0.175,2420,0.362658440576183,0.0136829298606634
S5_846139,5,846139,0.000104277277123955,0.203305785123967,2420,-0.61878006607941,0.000751228746923496
S5_846889,5,846889,0.00185289597380429,0.176446280991736,2420,0.387290315953948,0.00783771192204687
S5_959677,5,959677,0.00321722858035888,0.164669421487603,2420,0.310647420927666,0.0121605337165859
S5_960877,5,960877,0.00177285948896127,0.141322314049587,2420,0.36910440700845,0.0075300836025984
S5_973097,5,973097,0.0664686992808446,0.273760330578512,2420,0.156826178495976,0.13685342749013
S5_1064405,5,1064405,0.000262127748884228,0.272727272727273,2420,0.311351602396229,0.00159138347887935
S5_1121641,5,1121641,0.00695849425782484,0.36404958677686,2420,0.286075868127853,0.0226453367632214
S5_1223077,5,1223077,0.000133231826206391,0.268595041322314,2420,0.395792891401868,0.000882500199309212
S5_1227922,5,1227922,0.000242251265048793,0.140702479338843,2420,0.433384576045938,0.00148082375667808
S5_1403230,5,1403230,0.174340221605196,0.227685950413223,2420,-0.124133151623397,0.288466551411007
S5_1986447,5,1986447,0.298004316287345,0.422314049586777,2420,0.133286529088878,0.428394202059966
S5_1993743,5,1993743,7.58144054355608e-06,0.193801652892562,2420,-0.767048551959476,8.39664920415351e-05
S5_2037046,5,2037046,0.306748843546781,0.394214876033058,2420,0.121898129273973,0.436698422741097
S5_2037272,5,2037272,0.0263245529046143,0.22995867768595,2420,0.243311206349176,0.0667018191679035
S5_2161838,5,2161838,0.111768586019347,0.166942148760331,2420,-0.159357384323158,0.204478940674827
S5_2253809,5,2253809,0.00108304929717071,0.175413223140496,2420,-0.320713340080061,0.00511715952332953
S5_2411621,5,2411621,0.82303521062876,0.0824380165289256,2420,-0.0287197229697682,0.877563423341224
S5_2577845,5,2577845,0.00244293116626411,0.307438016528926,2420,-0.307312031099741,0.00980980859236004
S5_2791798,5,2791798,0.245875967034303,0.287603305785124,2420,0.100361241727626,0.368818521319582
S5_2791837,5,2791837,0.891010524674194,0.313842975206612,2420,-0.0126374478381308,0.925664079218884
S5_2858836,5,2858836,0.606553544134582,0.365909090909091,2420,0.052893917998631,0.709943352793885
S5_2858950,5,2858950,0.00272585333681447,0.330371900826446,2420,0.282239171096734,0.0106654402132134
S5_2859808,5,2859808,0.00296486640987567,0.395247933884298,2420,0.320185884735793,0.0113524624616057
S5_3657340,5,3657340,0.619317998232265,0.22396694214876,2420,-0.0632909784726507,0.720788178733596
S5_4108173,5,4108173,0.00194261836088861,0.316735537190083,2420,-0.38438700175152,0.00815029291941046
S5_4229956,5,4229956,0.0303792688439571,0.262190082644628,2420,0.233553687926815,0.0748328469802082
S5_4857380,5,4857380,0.00024171985123307,0.323760330578512,2420,-0.444002462495803,0.00148082375667808
S5_4884511,5,4884511,0.583004928195408,0.114462809917355,2420,-0.0599851992237177,0.68943177501868
S5_5059451,5,5059451,1.00924643080032e-09,0.101652892561983,2420,-0.714825534638749,5.47117801960173e-08
S5_5557260,5,5557260,0.053865162780946,0.144214876033058,2420,0.205614380994305,0.114512110762383
S5_5598442,5,5598442,0.113879221670105,0.148140495867769,2420,-0.167023716048192,0.207236039434996
S5_6368813,5,6368813,0.0736321246462184,0.204752066115702,2420,-0.164554617290719,0.147650376313758
S5_6825026,5,6825026,0.251196334131848,0.32603305785124,2420,0.115527044354252,0.374476972493152
S5_7117510,5,7117510,0.579896469822894,0.143595041322314,2420,-0.0581442870360149,0.686544096456989
S5_7338807,5,7338807,0.237279608510414,0.110743801652893,2420,-0.139650949641165,0.359938139566607
S5_7701005,5,7701005,2.41130683056995e-07,0.0642561983471074,2420,-0.683251090221972,5.12091966079804e-06
S5_8109491,5,8109491,0.141528104660979,0.275206611570248,2420,-0.136379636292105,0.246031979410646
S5_8249273,5,8249273,4.87388360593722e-07,0.236363636363636,2420,0.494985437662962,8.94999327289208e-06
S5_8942275,5,8942275,0.0309377604479877,0.0588842975206612,2420,-0.304498923652318,0.0758711744319698
S5_8975313,5,8975313,0.0156988505049482,0.169421487603306,2420,-0.255367248801122,0.0436432281244175
S5_9900858,5,9900858,0.0159254941585844,0.312603305785124,2420,-0.253487782370684,0.044154129161082
S5_10519995,5,10519995,0.758516274382095,0.217148760330579,2420,0.0315699754844445,0.828935557149663
S5_10772137,5,10772137,0.146439537372117,0.195661157024793,2420,-0.140975674701309,0.252862906107763
S5_11998173,5,11998173,2.22174877779374e-38,0.0107438016528926,2420,-3.80847411197636,4.5768024822551e-35
S5_12127492,5,12127492,0.170988969834118,0.152892561983471,2420,-0.139812130563115,0.284035297618502
S5_12815252,5,12815252,0.684852300683175,0.0435950413223141,2420,-0.0628783959255941,0.773462576429463
S5_12971603,5,12971603,0.343871527011331,0.0902892561983471,2420,0.116249110006777,0.476699425062814
S5_13702177,5,13702177,0.210061602926329,0.246900826446281,2420,0.119813484691548,0.328819834367962
S5_14248069,5,14248069,0.0316852723851929,0.177066115702479,2420,-0.189806876447349,0.0772445693650856
S5_14562872,5,14562872,0.90899029367576,0.132851239669422,2420,0.011523835494117,0.934857715912164
S5_15433436,5,15433436,0.000851063176337318,0.0752066115702479,2420,-0.42205402677962,0.00419423479247578
S5_15441260,5,15441260,0.498641449439049,0.118595041322314,2420,-0.0801629932163195,0.616567458490061
S5_15844564,5,15844564,0.16881874971235,0.23698347107438,2420,-0.118301727688845,0.282278104226819
S5_15897858,5,15897858,3.00890458180211e-18,0.150206611570248,2420,-0.873244771179017,1.03305723975206e-15
S5_15902604,5,15902604,0.433544887840956,0.110330578512397,2420,0.0887701279275745,0.561699666007779
S5_19069144,5,19069144,0.002845035201784,0.347107438016529,2420,0.302032679704212,0.0109862031188859
S5_19069731,5,19069731,0.000561020155917468,0.447520661157025,2420,-0.530369562333476,0.00297861216801542
S5_19212307,5,19212307,0.0246462915311726,0.124380165289256,2420,-0.244766743078287,0.0629917624742129
S5_19375485,5,19375485,0.000114416639656755,0.215082644628099,2420,-0.333307372020471,0.000798977212518356
S5_20386586,5,20386586,0.000168540117660945,0.0828512396694215,2420,-0.476246307424901,0.00108159701676494
S5_20614224,5,20614224,0.000502314160854958,0.104338842975207,2420,-0.414937210145155,0.0027159243342814
S5_20841749,5,20841749,0.0167318643193458,0.397933884297521,2420,-0.29350454760197,0.0461414196758398
S5_21746992,5,21746992,0.0273803860134519,0.108057851239669,2420,0.266359602143794,0.0688688585930536
S5_21801726,5,21801726,1.29482856022585e-10,0.165495867768595,2420,-0.61656320637654,9.52623869309015e-09
S5_22426333,5,22426333,6.97635130385696e-13,0.0107438016528926,2420,-2.11300374836351,9.58085579063022e-11
S5_24821792,5,24821792,0.588861817963304,0.312809917355372,2420,-0.0533912705265323,0.69436482255547
S5_24840547,5,24840547,0.00111492834669454,0.100413223140496,2420,0.399758849453676,0.00523178221911334
S5_25947924,5,25947924,0.832563541021471,0.145867768595041,2420,0.0216091975555344,0.884062316754758
S5_27014949,5,27014949,0.0165820778908888,0.182231404958678,2420,0.217068379444129,0.04578965208476
S5_28912179,5,28912179,1.90516541255149e-07,0.087603305785124,2420,-0.650034983582159,4.22004381704953e-06
S5_30442792,5,30442792,6.90922976580046e-05,0.353099173553719,2420,-0.471282124523384,0.000537094842171658
S5_32090793,5,32090793,0.000443613011380828,0.267768595041322,2420,-0.299701817730664,0.00245656667592609
S5_32090944,5,32090944,0.000443613011380828,0.267768595041322,2420,-0.299701817730664,0.00245656667592609
S5_32349939,5,32349939,0.30960892331414,0.28099173553719,2420,0.091487352880705,0.439858194501468
S5_33073331,5,33073331,4.07506832736267e-08,0.197520661157025,2420,-0.482952738201718,1.16592232699543e-06
S5_33843588,5,33843588,0.99440494983873,0.421074380165289,2420,-0.000883825676680772,0.996488216174734
S5_34733643,5,34733643,0.903615874913324,0.102479338842975,2420,-0.0134585020521882,0.932091380844298
S5_35208258,5,35208258,0.420284332016161,0.364256198347107,2420,-0.0929117077604928,0.548312681414371
S5_35406000,5,35406000,0.183914657099604,0.30702479338843,2420,-0.134303699891007,0.299024620067233
S5_38654197,5,38654197,0.385578654655804,0.341528925619835,2420,-0.0880171567139314,0.514437842351656
S5_39117682,5,39117682,0.37468410704047,0.226446280991736,2420,0.0774514085589715,0.50414713292186
S5_44150436,5,44150436,1.30935463625993e-06,0.285330578512397,2420,0.465461682028291,1.99797818570034e-05
S5_44151397,5,44151397,1.30935463625993e-06,0.285330578512397,2420,0.465461682028291,1.99797818570034e-05
S5_44367258,5,44367258,0.000120521986137221,0.139462809917355,2420,0.400975946869849,0.000822641054274851
S5_51564787,5,51564787,0.859074712767157,0.12004132231405,2420,-0.0195187991326691,0.901525169791311
S5_59732882,5,59732882,0.620400969142438,0.277892561983471,2420,0.0465910256326652,0.721435295406023
S5_59781924,5,59781924,0.301289604596589,0.279545454545455,2420,0.0970612384413982,0.431311039241816
S5_60413372,5,60413372,0.502289685555415,0.295454545454545,2420,0.0760419468368241,0.618976009320031
S5_61109380,5,61109380,0.0174299810772432,0.0359504132231405,2420,-0.397713109870509,0.0476203727044046
S5_62982504,5,62982504,0.193482550726385,0.386157024793388,2420,-0.14597056103861,0.310900198515097
S5_64000675,5,64000675,0.228535057801953,0.235330578512397,2420,-0.122097021423457,0.350023954700389
S5_68824990,5,68824990,0.0142238578919436,0.164669421487603,2420,0.238712503921022,0.0401936176370424
S5_69155559,5,69155559,0.169465943084022,0.339049586776859,2420,-0.139743409723167,0.282443238473371
S5_70403060,5,70403060,0.0272492675319393,0.118801652892562,2420,-0.240412602352976,0.0687482277966799
S5_70657343,5,70657343,0.040922590679287,0.342355371900826,2420,0.220461849475043,0.0932528061939504
S5_71282599,5,71282599,0.282433330171181,0.117355371900826,2420,-0.117740713831822,0.41117502484285
S5_72789465,5,72789465,0.228426583460843,0.121280991735537,2420,0.132954333813672,0.350023954700389
S5_75244556,5,75244556,0.00730331084550014,0.116115702479339,2420,-0.29445156699218,0.023376041036742
S5_76181153,5,76181153,0.295309578693711,0.242355371900826,2420,-0.0898658148833533,0.424816852031455
S5_76690334,5,76690334,0.663583838334264,0.100206611570248,2420,-0.0543666972154284,0.758591957252267
S5_76714903,5,76714903,0.00497197004280992,0.30702479338843,2420,-0.292015239591308,0.0173499403773354
S5_76809814,5,76809814,0.00367398410568351,0.309917355371901,2420,-0.30345431994084,0.013612243269259
S5_76955635,5,76955635,0.00776514378136491,0.307438016528926,2420,-0.276967600718507,0.0245772433150638
S5_76956064,5,76956064,0.0284809194806908,0.320454545454545,2420,-0.22763484349943,0.0710298960414322
S5_78825105,5,78825105,0.0970536590202729,0.301239669421488,2420,-0.16394284354314,0.182919064576178
S5_80470390,5,80470390,0.819913696866369,0.352892561983471,2420,-0.0248591709058701,0.87514104432369
S5_83097599,5,83097599,0.000996102440776309,0.312396694214876,2420,-0.296259291988946,0.00481683339905915
S5_83740384,5,83740384,3.32078061583953e-06,0.0770661157024793,2420,-0.618140231762908,4.2755050428934e-05
S5_83797523,5,83797523,0.0475631179960814,0.110123966942149,2420,-0.220590946674761,0.104345072494066
S5_86821943,5,86821943,0.438350491518171,0.13202479338843,2420,0.083945844723317,0.56721231942678
S5_88321071,5,88321071,0.302068058845871,0.357644628099174,2420,-0.119082817158585,0.431825261084313
S5_88323212,5,88323212,0.0145094909922679,0.343388429752066,2420,0.270043465601077,0.0407214597330681
S5_88891444,5,88891444,0.0375101700266053,0.400206611570248,2420,-0.254632490395807,0.0872882853174266
S5_90103757,5,90103757,0.00132741798881776,0.365909090909091,2420,0.371190395960184,0.00594908678378321
S5_91076876,5,91076876,0.535393597094807,0.146280991735537,2420,0.0607794681689313,0.649152919373339
S5_94466678,5,94466678,0.482432660653106,0.175413223140496,2420,-0.06698271151933,0.605244385472228
S5_95340368,5,95340368,0.0525616118422698,0.327892561983471,2420,-0.197904853005156,0.112087909311673
S5_113637702,5,113637702,0.00591652427614272,0.0884297520661157,2420,-0.320576679825678,0.0199803934571377
S5_134357391,5,134357391,2.05280436958332e-09,0.204338842975207,2420,-0.542240165522884,9.61085682123102e-08
S5_137215938,5,137215938,5.27348326590108e-08,0.120867768595041,2420,-0.591026540943901,1.41082799061769e-06
S5_137216759,5,137216759,0.00430083238691103,0.0566115702479339,2420,-0.568354230318306,0.0155161378582079
S5_142853398,5,142853398,0.016880076086066,0.232644628099174,2420,0.227808800722812,0.0464258434409827
S5_145203522,5,145203522,0.189708105193228,0.0772727272727273,2420,-0.164859456997846,0.305550192883542
S5_146713841,5,146713841,0.100078793849171,0.36301652892562,2420,0.191084684821817,0.187420286662993
S5_146715057,5,146715057,0.239790002028651,0.364876033057851,2420,0.138459416963713,0.362944455678928
S5_147071985,5,147071985,8.28209870567294e-13,0.0483471074380165,2420,-1.05223807802138,1.06632020835539e-10
S5_147473771,5,147473771,0.698546092305537,0.134090909090909,2420,0.0420188282785716,0.782493965816159
S5_147887551,5,147887551,0.206586753257183,0.303512396694215,2420,0.14229835713661,0.324830401500375
S5_153353332,5,153353332,0.824638671769429,0.320867768595041,2420,0.0228904485603607,0.87874373329318
S5_153353657,5,153353657,0.0340775712036991,0.381404958677686,2420,-0.230287036228901,0.0812497646754862
S5_154883835,5,154883835,0.979879050181611,0.0993801652892562,2420,-0.00309494180986292,0.985139503842908
S5_160754197,5,160754197,0.661229997753118,0.170454545454545,2420,-0.0428616253192331,0.75653889332695
S5_162295166,5,162295166,0.0340477084899974,0.26095041322314,2420,0.197419719767197,0.0812497646754862
S5_162523269,5,162523269,0.19390532759432,0.173140495867769,2420,-0.117808182511752,0.311271588045877
S5_162523281,5,162523281,0.266310241814222,0.173347107438017,2420,-0.100774985888918,0.393543112006669
S5_163943266,5,163943266,0.00273286286120211,0.174380165289256,2420,-0.285653325050731,0.0106654402132134
S5_166675806,5,166675806,0.908094015027182,0.326239669421488,2420,0.0118560949117068,0.934402433044953
S5_167631942,5,167631942,0.00511747251009085,0.196900826446281,2420,0.251860964954986,0.0177176359172893
S5_167774618,5,167774618,1.44251738772954e-06,0.138223140495868,2420,-0.500301084869648,2.13783152426105e-05
S5_167948506,5,167948506,0.338914291786822,0.162603305785124,2420,-0.0936220103041308,0.470777775509679
S5_169309847,5,169309847,0.38167025179057,0.107231404958678,2420,0.103589649737231,0.510545921226347
S5_171099522,5,171099522,0.0809129936753521,0.208677685950413,2420,0.160431608666215,0.158743587591643
S5_171099708,5,171099708,0.140274494462601,0.193801652892562,2420,0.134164161799134,0.244678627089719
S5_171558014,5,171558014,0.00301447541492542,0.101859504132231,2420,-0.351598435946698,0.0114996654717525
S5_174583061,5,174583061,0.983216290837913,0.122727272727273,2420,0.00250408093918963,0.987049492751511
S5_174744000,5,174744000,0.0335665535132515,0.329752066115702,2420,-0.224377010799685,0.0804036049270908
S5_174873345,5,174873345,0.584531129156623,0.374173553719008,2420,-0.0602197863206584,0.690443879623076
S5_176356092,5,176356092,0.106493758915175,0.259504132231405,2420,0.152061188281436,0.196222847375009
S5_176844776,5,176844776,0.0239094466610683,0.108057851239669,2420,-0.278277921712188,0.0617992673576272
S5_177183610,5,177183610,5.6091237043056e-05,0.110743801652893,2420,-0.490886626615421,0.000447949353044339
S5_177768562,5,177768562,0.0695676124092916,0.128925619834711,2420,-0.195365010532214,0.141330652429133
S5_178745983,5,178745983,1.89318677631141e-05,0.266528925619835,2420,0.406837717798425,0.000181393709730303
S5_178912346,5,178912346,0.974987849469848,0.0787190082644628,2420,-0.00360935111697813,0.981179760580306
S5_179642041,5,179642041,0.340242645197912,0.128512396694215,2420,0.107618864178136,0.472304480530794
S5_179660715,5,179660715,0.138538109226059,0.139462809917355,2420,0.162495193357927,0.242259845159004
S5_179922594,5,179922594,0.066969119340363,0.181611570247934,2420,-0.17380626563758,0.137543754577416
S5_179923101,5,179923101,0.0913553762383294,0.182851239669421,2420,-0.159886172371273,0.175388699954295
S5_180189155,5,180189155,0.0509760196506733,0.133677685950413,2420,-0.226508850830129,0.109614405511886
S5_180302078,5,180302078,0.37120386267418,0.172520661157025,2420,-0.0912666696358144,0.501950700772026
S5_181964400,5,181964400,0.904038145110149,0.196694214876033,2420,0.0136479899958601,0.932091380844298
S5_184371294,5,184371294,0.735154737700112,0.177892561983471,2420,0.0329385169612095,0.812020782660714
S5_185612028,5,185612028,0.0393089409079527,0.0948347107438016,2420,-0.236644635714072,0.0903754668196234
S5_185659742,5,185659742,0.483380981470525,0.154338842975207,2420,0.0698114435405017,0.605696363643115
S5_186306420,5,186306420,0.856511214187727,0.154338842975207,2420,-0.0204019655444085,0.901130286632644
S5_187238296,5,187238296,0.893425373464473,0.0886363636363636,2420,-0.0162700425568403,0.926685932055066
S5_187240493,5,187240493,2.6788968863839e-06,0.287809917355372,2420,-0.403223961438044,3.65465403043101e-05
S5_187698419,5,187698419,1.32410825003409e-08,0.0634297520661157,2420,-0.761754946154269,4.59492888301128e-07
S5_187875195,5,187875195,0.698993963936242,0.290909090909091,2420,-0.0387510783560003,0.782493965816159
S5_188157823,5,188157823,5.3579812137817e-07,0.090702479338843,2420,-0.60188559348066,9.68196605297396e-06
S5_188213251,5,188213251,0.0302331801565744,0.220661157024793,2420,-0.188203679023403,0.0746766800030495
S5_189353511,5,189353511,0.837033863544708,0.215289256198347,2420,-0.021317879706487,0.886980328653343
S5_189363603,5,189363603,0.898614930967779,0.288429752066116,2420,0.0132953200909185,0.929290541061056
S5_190041360,5,190041360,0.000659938039717889,0.154132231404959,2420,0.325654543472993,0.00339555315593021
S5_192686533,5,192686533,0.00724828449927102,0.371900826446281,2420,-0.291331500298043,0.0233304157320286
S5_192792986,5,192792986,0.507407253245054,0.142561983471074,2420,-0.0652768616375994,0.622919512327062
S5_193315723,5,193315723,0.0240059027081185,0.130371900826446,2420,-0.262699256910608,0.0619701247853685
S5_194079700,5,194079700,0.0093755080898256,0.10702479338843,2420,-0.280769871314988,0.0287832290090026
S5_194827709,5,194827709,0.000184336640459612,0.215082644628099,2420,-0.34806505289319,0.00116482662376319
S5_195066772,5,195066772,0.440373895803938,0.0638429752066116,2420,-0.108867214562679,0.568554926598192
S5_195079729,5,195079729,0.00294184687303504,0.311157024793388,2420,-0.297815434945733,0.0113063517881571
S5_195080529,5,195080529,0.0362850710053543,0.187603305785124,2420,0.191241520455591,0.0852306114835003
S5_195296424,5,195296424,0.794660080779633,0.0640495867768595,2420,-0.0364024313512772,0.856171425944584
S5_196493942,5,196493942,0.0135651493599007,0.126446280991736,2420,-0.26986743189947,0.0385969719356291
S5_196495308,5,196495308,0.0069306675904815,0.264256198347107,2420,-0.287573878454879,0.0225978769696347
S5_196686417,5,196686417,0.0920110750506532,0.102479338842975,2420,0.20445712781553,0.176220833141894
S5_196688275,5,196688275,0.0637089728724973,0.224173553719008,2420,-0.161160621649259,0.132111716319157
S5_196688753,5,196688753,0.238431108229255,0.275413223140496,2420,0.101854397543548,0.361418751252586
S5_197833779,5,197833779,0.0347699074758776,0.127892561983471,2420,-0.220292990597017,0.0822342243401927
S5_198023231,5,198023231,2.67119063965548e-07,0.175619834710744,2420,-0.499065377785755,5.55823506837404e-06
S5_198353824,5,198353824,0.0396379030808441,0.0989669421487603,2420,-0.23598632869367,0.0908276755801322
S5_198357291,5,198357291,0.000301863785829853,0.239256198347107,2420,-0.331163124981828,0.00178689482416522
S5_198497394,5,198497394,0.00390800196215954,0.140082644628099,2420,-0.324133651773849,0.014299693123944
S5_198576650,5,198576650,0.000434980122366212,0.327892561983471,2420,-0.416672246956068,0.00242834431456476
S5_199103162,5,199103162,0.892147662918937,0.145867768595041,2420,0.0139439077456558,0.92585601290328
S5_203416587,5,203416587,4.98321497940635e-05,0.229545454545455,2420,-0.499775778375636,0.000412265978215947
S5_203425942,5,203425942,0.000137795158777697,0.37004132231405,2420,-0.463250783546926,0.000904006455675335
S5_204040867,5,204040867,0.710102713298427,0.314876033057851,2420,-0.0385854909296484,0.790830616226813
S5_204040909,5,204040909,0.842749329693037,0.300826446280992,2420,-0.0205320015006123,0.890745828203005
S5_204409553,5,204409553,0.000314518092134471,0.190909090909091,2420,-0.355144992629675,0.00184125192919216
S5_204693690,5,204693690,0.897199037448533,0.084297520661157,2420,-0.0168678439182202,0.92853205821093
S5_205869673,5,205869673,0.184863450536047,0.33202479338843,2420,-0.152604765320007,0.299857250475793
S5_205950398,5,205950398,0.00483232229767177,0.227272727272727,2420,-0.321194645857275,0.0169295645122514
S5_206240787,5,206240787,0.0667602798416182,0.362396694214876,2420,-0.19317616906676,0.137251673127478
S5_206652970,5,206652970,4.46808317542164e-21,0.0113636363636364,2420,-2.67497022877701,2.30106283534214e-18
S5_206654542,5,206654542,3.62702335037457e-09,0.084297520661157,2420,-0.727958891526242,1.4368592503407e-07
S5_207186816,5,207186816,0.0408365567791508,0.0989669421487603,2420,0.251996480599118,0.0932150152179307
S5_207333354,5,207333354,0.485671728311299,0.279752066115702,2420,0.0647815328811419,0.607139469336175
S5_208492316,5,208492316,0.135141383300608,0.127892561983471,2420,-0.162409320045455,0.237907849867982
S5_209484843,5,209484843,0.889793004244924,0.0328512396694215,2420,-0.0240515183326693,0.925664079218884
S5_209506777,5,209506777,0.880888449107891,0.0814049586776859,2420,0.0185143672866275,0.919265554793443
S5_209558738,5,209558738,0.500947320083155,0.0774793388429752,2420,0.0857338714992011,0.617935017587604
S5_209751223,5,209751223,3.17076024140193e-06,0.144214876033058,2420,-0.534237395216024,4.1917466467744e-05
S5_210099034,5,210099034,0.00169449995672809,0.128719008264463,2420,-0.338855229380599,0.00732086359257451
S5_210871718,5,210871718,0.0187978523773081,0.183057851239669,2420,-0.234852340006057,0.0505529711452412
S5_211204931,5,211204931,0.235437014310683,0.178305785123967,2420,-0.110192498496787,0.35793376345388
S5_211205797,5,211205797,0.215130453831831,0.0464876033057851,2420,-0.192722221429989,0.335225971931597
S5_211242216,5,211242216,0.698277426102237,0.176859504132231,2420,-0.0360579529331631,0.782493965816159
S5_211285153,5,211285153,0.324707830577012,0.271074380165289,2420,-0.0834981831071957,0.456274304903577
S5_211334892,5,211334892,0.270324971341921,0.151652892561983,2420,0.108718351592401,0.398332933450899
S5_211698429,5,211698429,0.760858422909906,0.178719008264463,2420,0.027811930807971,0.830613858608589
S5_211843513,5,211843513,8.89203413696944e-12,0.0840909090909091,2420,-0.847892343985166,7.63232930089877e-10
S5_211962336,5,211962336,0.00245245214809001,0.184710743801653,2420,0.283144529824995,0.00980980859236004
S5_212055655,5,212055655,0.797950901404779,0.15495867768595,2420,-0.0267304319379207,0.85760603520656
S5_212070678,5,212070678,0.812070105606713,0.129338842975207,2420,0.0255457232221374,0.868030650313561
S5_212136026,5,212136026,7.7392629667739e-08,0.116322314049587,2420,-0.613036594972797,1.94425386726271e-06
S5_212255952,5,212255952,0.179372911693016,0.14896694214876,2420,0.160501084328274,0.293960380340186
S5_212478679,5,212478679,0.0182798694894085,0.124380165289256,2420,-0.250794303124493,0.0494829581447851
S5_213003414,5,213003414,0.00574281044900159,0.0987603305785124,2420,0.329696682041259,0.0195540322726335
S5_213100773,5,213100773,0.000850097610547323,0.0710743801652893,2420,-0.430905649844462,0.00419423479247578
S5_213137320,5,213137320,4.04666576474107e-10,0.208057851239669,2420,-0.638223230607878,2.52610044708079e-08
S5_213160675,5,213160675,1.50433973533488e-14,0.125206611570248,2420,-0.859108239494972,3.44326650532206e-12
S5_213166480,5,213166480,0.00168036200316907,0.0816115702479339,2420,-0.395934432103175,0.00730283908550271
S5_213380060,5,213380060,0.280700825565932,0.15702479338843,2420,-0.106407444542057,0.409231210662292
S5_213565655,5,213565655,1.01836289472573e-06,0.0754132231404959,2420,-0.650805547371405,1.63892778369922e-05
S5_213571586,5,213571586,0.00125750628444393,0.221074380165289,2420,0.318042053981827,0.00572394916923364
S5_213596888,5,213596888,0.00691309685823975,0.132438016528926,2420,-0.282523320554333,0.0225978769696347
S5_213601432,5,213601432,0.164299520782964,0.130165289256198,2420,-0.146079410511945,0.277651364079496
S5_214150762,5,214150762,0.0584991745161424,0.304752066115702,2420,-0.174496263941251,0.123408780187115
S5_214254801,5,214254801,0.244399428353493,0.149793388429752,2420,-0.111481170441891,0.367335750760448
S5_214295509,5,214295509,1.09987060271633e-05,0.389876033057851,2420,-0.51479730205881,0.000111612484807667
S5_215367055,5,215367055,0.00129945702289637,0.296694214876033,2420,-0.298821391532982,0.00586711761104043
S5_215367218,5,215367218,0.413835290132385,0.194628099173554,2420,-0.0744211667334866,0.543686669434128
S5_216252803,5,216252803,0.71992433173511,0.196074380165289,2420,-0.0330267226191268,0.799915924150123
S5_216397829,5,216397829,0.738292726739374,0.161776859504132,2420,-0.0334999935655844,0.813205153637197
S5_216639488,5,216639488,0.0325552527597513,0.256611570247934,2420,-0.181123428953583,0.078805899747459
S5_216679342,5,216679342,0.0299538523492635,0.125413223140496,2420,-0.250578966240369,0.0741645863455321
S5_216685919,5,216685919,0.148554334389618,0.434297520661157,2420,0.194446824415991,0.255924751669519
S5_216902344,5,216902344,0.957379996564519,0.31797520661157,2420,0.00518621587167445,0.969617892292482
S5_217277409,5,217277409,0.0241473499133384,0.171694214876033,2420,-0.240299418994283,0.0621767764462938
S5_218069890,5,218069890,2.10982823389941e-13,0.0960743801652893,2420,-0.839374093711015,3.10446154416628e-11
S5_218071486,5,218071486,2.10982823389941e-13,0.0960743801652893,2420,-0.839374093711015,3.10446154416628e-11
S5_219302032,5,219302032,0.841809143587892,0.428719008264463,2420,-0.0257817733534011,0.890208847942022
S5_219699961,5,219699961,0.00254774970463318,0.0890495867768595,2420,-0.350624662194193,0.0100736360682233
S5_220362315,5,220362315,6.56125925436729e-06,0.0650826446280992,2420,-0.595876813193271,7.47166009116203e-05
S5_220616742,5,220616742,0.0279552975908376,0.312396694214876,2420,-0.19957664479432,0.0700582883663328
S5_220625279,5,220625279,0.0906097711303682,0.0545454545454545,2420,-0.240869267005706,0.174444979933232
S5_220826505,5,220826505,0.601481524390177,0.10702479338843,2420,-0.0578037829848626,0.705610444330162
S5_220992100,5,220992100,0.049435097371995,0.0739669421487603,2420,0.251315109279503,0.107196105880326
S5_221195461,5,221195461,0.763837633546263,0.0979338842975207,2420,0.0354270258506659,0.832102340087415
S5_221698085,5,221698085,0.191856139184988,0.124586776859504,2420,-0.149343960268865,0.308768474000841
S5_221957658,5,221957658,0.00328076780503411,0.071900826446281,2420,-0.379746003476257,0.0123415187612432
S5_222467069,5,222467069,0.0297084822533805,0.31900826446281,2420,-0.217918884213844,0.0736455757424355
S5_222581144,5,222581144,0.000116372439524153,0.360330578512397,2420,0.393060590302071,0.000807162375150693
S5_222820716,5,222820716,0.730430247066691,0.158264462809917,2420,-0.0343409945200079,0.80810220674403
S5_223260186,5,223260186,0.352838000242543,0.314256198347107,2420,-0.0913371485828236,0.484429911967204
S5_223260805,5,223260805,0.134339149523266,0.415289256198347,2420,0.188067265267648,0.237136802071917
S5_223366133,5,223366133,0.0922071235962307,0.143595041322314,2420,-0.171531554733221,0.176252887901165
S5_223426991,5,223426991,0.000568552250414942,0.167355371900826,2420,-0.348232863657145,0.0029934214135695
S5_223430784,5,223430784,0.502392178438394,0.306198347107438,2420,-0.0578638993859784,0.618976009320031
S5_223430984,5,223430984,0.125559900203127,0.205165289256198,2420,-0.134513832525201,0.225898161064141
S5_223436095,5,223436095,3.1212073404782e-09,0.0871900826446281,2420,-0.710483905659544,1.28593742427702e-07
S5_223645549,5,223645549,0.143296051562723,0.324380165289256,2420,-0.154484375852519,0.24805871110858
S5_223756239,5,223756239,5.82685704158362e-08,0.192355371900826,2420,-0.545013396686755,1.51940829185598e-06
S5_223875842,5,223875842,8.56351046975e-07,0.191115702479339,2420,-0.453146458673473,1.42264770707137e-05
S5_223901174,5,223901174,1.62492682669362e-07,0.0675619834710744,2420,-0.695777910734265,3.67840578350425e-06
S5_223904377,5,223904377,0.00719857731480098,0.142561983471074,2420,-0.303973846088923,0.023279543592606
S5_223909423,5,223909423,0.000119332363291694,0.0679752066115702,2420,-0.503665905595085,0.000822641054274851
S5_224226095,5,224226095,0.105237986931771,0.166942148760331,2420,0.165807703497492,0.194430720250627
S5_224229262,5,224229262,2.74067277751908e-09,0.0756198347107438,2420,-0.747753843790846,1.24861500921002e-07
S5_224633761,5,224633761,0.0410255439833182,0.0636363636363636,2420,-0.273995130082,0.0933701288777041
S5_225053113,5,225053113,0.549438654700705,0.207644628099174,2420,-0.0577648835895275,0.661123614885194
S5_226029760,5,226029760,0.513392436530152,0.440289256198347,2420,0.0884370763360494,0.626162474394383
S6_7500192,6,7500192,0.00440565152723911,0.296280991735537,2420,0.358057375817907,0.0157563231703343
S6_9172373,6,9172373,0.0045294720014567,0.180578512396694,2420,-0.317155038249894,0.0160874350396566
S6_10091180,6,10091180,0.575580419885735,0.146074380165289,2420,-0.0551725236528853,0.683004415302197
S6_10091291,6,10091291,0.575580419885735,0.146074380165289,2420,-0.0551725236528853,0.683004415302197
S6_10170336,6,10170336,0.298648738121524,0.21198347107438,2420,0.0983017765940986,0.428722230334732
S6_10178401,6,10178401,0.251226784458998,0.0985537190082645,2420,-0.130837382743238,0.374476972493152
S6_10427934,6,10427934,0.000163034754307463,0.0386363636363636,2420,-0.603400805736428,0.00105282631308268
S6_12017089,6,12017089,0.169367525372118,0.106818181818182,2420,0.150711433184554,0.282443238473371
S6_14800910,6,14800910,9.17968461817211e-05,0.0805785123966942,2420,-0.544088892903147,0.000672959085887351
S6_25976852,6,25976852,0.00113806844757391,0.216322314049587,2420,-0.361828504125072,0.00531937233372771
S6_30546465,6,30546465,7.49008068984635e-07,0.303719008264463,2420,-0.667658174222765,1.28579718509029e-05
S6_37966438,6,37966438,1.13659111933074e-09,0.229338842975207,2420,0.666554548264543,5.85344426455331e-08
S6_51081241,6,51081241,0.0514137329623326,0.0727272727272727,2420,-0.255150099173051,0.110200461833274
S6_53667694,6,53667694,0.236031733730931,0.285330578512397,2420,0.122454116102176,0.358573282806577
S6_64419294,6,64419294,1.13566602364634e-09,0.343801652892562,2420,0.606821894806728,5.85344426455331e-08
S6_67037943,6,67037943,0.00819690131197567,0.0489669421487603,2420,-0.396090710118415,0.025740269363826
S6_67043112,6,67043112,0.00117966638900255,0.339462809917355,2420,0.328777762966126,0.0054486833214019
S6_68175871,6,68175871,0.00824955169041656,0.152272727272727,2420,0.277651342171211,0.0258661742500124
S6_71847299,6,71847299,0.00262988096630031,0.392355371900826,2420,0.350290057347536,0.0103784574532158
S6_78216005,6,78216005,0.000105112072990404,0.340495867768595,2420,0.395203753493774,0.000751228746923496
S6_80620806,6,80620806,0.345626534772618,0.302066115702479,2420,0.117120110176984,0.477846081631942
S6_82541405,6,82541405,0.432684239748792,0.403925619834711,2420,-0.0955661583641927,0.561319494452461
S6_84930110,6,84930110,0.58507624220069,0.180165289256198,2420,-0.0569734373892459,0.690691724317147
S6_92919825,6,92919825,2.32713231109043e-08,0.0824380165289256,2420,-0.679771432061841,7.3752193243789e-07
S6_94929182,6,94929182,0.0328536790094181,0.190082644628099,2420,0.22424693052605,0.079248921263936
S6_95582532,6,95582532,0.159814320812883,0.29896694214876,2420,-0.141775100951349,0.270960906069579
S6_96074538,6,96074538,2.28788073122485e-06,0.0859504132231405,2420,-0.561357324232361,3.20614578661442e-05
S6_96712764,6,96712764,2.22361853508666e-08,0.188223140495868,2420,0.582511296544226,7.15727215981018e-07
S6_98298987,6,98298987,0.611496824545209,0.208264462809917,2420,0.0552657168987878,0.714106269026718
S6_98395946,6,98395946,0.400676470000867,0.384917355371901,2420,0.0894921912270661,0.530155416316674
S6_98408157,6,98408157,0.437755166462688,0.109917355371901,2420,-0.0859248020694281,0.566798015658792
S6_98417550,6,98417550,0.545760488121062,0.046900826446281,2420,-0.0907577825139043,0.658621327199407
S6_100808400,6,100808400,0.00100546077470704,0.0409090909090909,2420,0.534882353918491,0.00485070069296603
S6_102701095,6,102701095,0.172848559227047,0.396694214876033,2420,0.162271668887797,0.286458593731067
S6_102701334,6,102701334,0.180837922727874,0.269421487603306,2420,-0.113010707109623,0.29495338148806
S6_102804778,6,102804778,0.00883387711403676,0.216528925619835,2420,-0.221877799850859,0.0274063055043912
S6_104866390,6,104866390,0.566666602813568,0.105371900826446,2420,-0.0611051338542126,0.676714899591855
S6_105780483,6,105780483,0.417555121108289,0.0820247933884297,2420,-0.0995892825666118,0.546135586973381
S6_105829977,6,105829977,0.719087183299906,0.172727272727273,2420,-0.0334810586864904,0.799416944197413
S6_123007536,6,123007536,0.70991363735946,0.328719008264463,2420,0.0368084958998338,0.790830616226813
S6_123298007,6,123298007,0.582171581559532,0.369214876033058,2420,-0.0640862622198597,0.688841733493759
S6_123492422,6,123492422,0.0027838925489075,0.391528925619835,2420,-0.356527047768282,0.0108097241935971
S6_124083395,6,124083395,0.00432430501163151,0.391942148760331,2420,-0.340730304293913,0.0155735460209107
S6_124872356,6,124872356,0.134473369329299,0.201446280991736,2420,0.133552226161711,0.237170497275989
S6_127695370,6,127695370,0.00660722583906626,0.267768595041322,2420,-0.294141172733163,0.0219176895788672
S6_128029740,6,128029740,5.28410557972861e-06,0.385123966942149,2420,-0.53495310930515,6.36564765745084e-05
S6_128681003,6,128681003,1.62180199444341e-05,0.393801652892562,2420,-0.507966085649514,0.000160620774449684
S6_129038174,6,129038174,0.0067806950787411,0.227685950413223,2420,-0.261752214173953,0.0224569644086924
S6_129595629,6,129595629,0.049296622037622,0.186363636363636,2420,0.331095352147258,0.107008473548474
S6_131992891,6,131992891,0.0236296922868595,0.235950413223141,2420,-0.196093581885123,0.0613062545477715
S6_132737943,6,132737943,2.98551694167845e-07,0.343801652892562,2420,-0.611295178096384,6.02957343123294e-06
S6_133175017,6,133175017,9.00887836722349e-06,0.116942148760331,2420,-0.474481953430299,9.32577358617105e-05
S6_134125062,6,134125062,0.118183827097989,0.257644628099174,2420,-0.155093362725466,0.213747746990218
S6_135417855,6,135417855,0.000228128344466826,0.0747933884297521,2420,-0.468167256062344,0.0014112444132182
S6_138176820,6,138176820,0.000447139793101485,0.111363636363636,2420,-0.379056915496236,0.0024694583747696
S6_140908265,6,140908265,0.01844050385576,0.398347107438017,2420,-0.280311210963134,0.0498522807649155
S6_144100101,6,144100101,0.914883961031395,0.178305785123967,2420,-0.010997013420905,0.938653686384777
S6_144106181,6,144106181,0.514891588305245,0.186570247933884,2420,0.066216542754546,0.626507189550386
S6_144217241,6,144217241,0.914959515660501,0.246280991735537,2420,-0.00978254927497346,0.938653686384777
S6_146437625,6,146437625,0.432706484073062,0.165702479338843,2420,-0.0842927640308631,0.561319494452461
S6_146489271,6,146489271,0.377629819306421,0.198347107438017,2420,-0.089375724965862,0.506786597896565
S6_148015145,6,148015145,0.0912424110155037,0.35702479338843,2420,-0.165147848181164,0.175335230123076
S6_149306116,6,149306116,0.0523737278169944,0.307231404958678,2420,-0.26169238761878,0.111802983733687
S6_149716126,6,149716126,0.0228623456507557,0.0948347107438016,2420,-0.259024513172363,0.0597670457367472
S6_152466118,6,152466118,0.319475960725629,0.295867768595041,2420,-0.117314752180391,0.450042090982304
S6_152993174,6,152993174,0.145755282042086,0.312396694214876,2420,-0.190294309500075,0.252104014279343
S6_153077139,6,153077139,0.0389458392921253,0.255165289256198,2420,0.207311260000694,0.0899027076562837
S6_154271835,6,154271835,0.0352182608778269,0.261570247933884,2420,-0.214397626867736,0.0831991025324809
S6_155722319,6,155722319,0.496730870573231,0.0646694214876033,2420,0.0914397269516485,0.614943544679341
S6_156209684,6,156209684,0.0436296426579015,0.0506198347107438,2420,0.289458352252268,0.0982262993172428
S6_156449605,6,156449605,0.0637471097190494,0.141735537190083,2420,-0.182452079839891,0.132111716319157
S6_157086241,6,157086241,0.358486829057884,0.32995867768595,2420,0.0958248804816435,0.490530496114754
S6_157086536,6,157086536,0.00450835526290069,0.323140495867769,2420,0.292578243702394,0.0160432884578382
S6_157897148,6,157897148,0.00305123830960441,0.146074380165289,2420,0.292133286398368,0.0116183935633736
S6_157903398,6,157903398,0.88158461227464,0.0964876033057851,2420,0.0172102477904161,0.919526228499118
S6_159085805,6,159085805,0.409161668093312,0.269214876033058,2420,0.0897988145224247,0.53892137869068
S6_159685403,6,159685403,0.202205113383876,0.10599173553719,2420,-0.15075207178765,0.319922168321138
S6_159819701,6,159819701,0.0225801855737453,0.0828512396694215,2420,-0.2806466920985,0.0592550092763251
S6_159909388,6,159909388,0.126817110092038,0.288842975206612,2420,0.174904192916529,0.227608034801029
S6_160972138,6,160972138,0.173848739374662,0.381818181818182,2420,-0.158639315169921,0.287884568417849
S6_161844021,6,161844021,0.568029903818776,0.244214876033058,2420,0.058093390420936,0.677557383825523
S6_161930736,6,161930736,0.889512869063515,0.16797520661157,2420,-0.0149584933769233,0.925664079218884
S6_162413998,6,162413998,0.0187829185045368,0.165082644628099,2420,0.240128548443423,0.0505529711452412
S6_165082843,6,165082843,0.0459584189284625,0.270247933884298,2420,0.202758485506791,0.102129819841028
S6_165516068,6,165516068,0.0473769704292913,0.148140495867769,2420,0.27570284889498,0.104047504354307
S6_166226097,6,166226097,0.0390128748812026,0.0880165289256198,2420,-0.237525107021185,0.0899027076562837
S6_166231942,6,166231942,0.484166586945874,0.203719008264463,2420,-0.0806776980930408,0.606311956904864
S6_166923929,6,166923929,0.514546614342634,0.378305785123967,2420,0.0760728529673997,0.626457461906517
S6_167093376,6,167093376,0.336066711250066,0.341942148760331,2420,-0.0991714039606109,0.46776853052374
S6_167992991,6,167992991,0.135083534997697,0.0553719008264463,2420,-0.210476977824428,0.237907849867982
S6_169940741,6,169940741,0.000287144942380428,0.111776859504132,2420,0.40075395815316,0.0017245439688154
S6_170389932,6,170389932,0.209064068815083,0.0942148760330579,2420,0.145900554093799,0.327507210463172
S6_170593838,6,170593838,0.365668851070179,0.13801652892562,2420,0.0909907018389617,0.496885114251034
S6_170637539,6,170637539,0.0173809110633432,0.0737603305785124,2420,0.310805510831173,0.0475493715677118
S6_171072688,6,171072688,0.901251477778292,0.171280991735537,2420,0.0111415103227586,0.931082268918396
S6_171076874,6,171076874,0.552479886602096,0.133471074380165,2420,0.0595213457058605,0.663233430303215
S6_171107203,6,171107203,0.918070177917719,0.0489669421487603,2420,0.0181335120481521,0.940907744532588
S6_171107240,6,171107240,0.551383562997742,0.0508264462809917,2420,-0.102062799586378,0.662634088227844
S6_171170326,6,171170326,0.676709063056123,0.0983471074380165,2420,-0.0474356447003998,0.769327080516343
S6_171210584,6,171210584,0.610251592830822,0.059504132231405,2420,0.0705365057353617,0.713056313801188
S6_171246978,6,171246978,0.184142297345239,0.0584710743801653,2420,0.185002632111903,0.299158621870026
S6_171331272,6,171331272,0.276833371529108,0.0855371900826446,2420,0.14473162578264,0.405274539491919
S6_171494788,6,171494788,0.345158519524777,0.12603305785124,2420,-0.115831000654595,0.477840423535646
S6_171825055,6,171825055,0.456444757553408,0.0830578512396694,2420,0.0922231187609839,0.581494248954867
S6_171825719,6,171825719,0.133927725949995,0.280578512396694,2420,0.157255453089391,0.236613306566886
S6_172111295,6,172111295,0.593789467290958,0.132851239669422,2420,0.0557847908688132,0.698975030068214
S6_172528568,6,172528568,0.164544759438411,0.101446280991736,2420,0.157140617191729,0.277837872494366
S6_172699949,6,172699949,0.174753873886611,0.103305785123967,2420,0.152750040861164,0.288918924724253
S6_173144508,6,173144508,0.0229648675869686,0.33099173553719,2420,0.228944711387243,0.0599589698721867
S6_173220894,6,173220894,0.827397649415908,0.273140495867769,2420,-0.0197205514948848,0.879937613730909
S6_173395982,6,173395982,0.423634339563675,0.213223140495868,2420,0.0730039418698141,0.551746771877922
S6_173844654,6,173844654,0.289031051430276,0.337809917355372,2420,-0.102232374630518,0.418120762602787
S6_173850038,6,173850038,0.0191681558665155,0.0913223140495868,2420,0.279171651030282,0.0514145847461224
S6_174063060,6,174063060,0.0656462973671159,0.213842975206612,2420,-0.172263261181143,0.135774470458091
S6_174251053,6,174251053,0.00236945546082401,0.286570247933884,2420,0.418944554026382,0.00960842175058556
S6_174425232,6,174425232,0.000786570627875221,0.347107438016529,2420,0.391844565214399,0.0039287257505524
S6_174460388,6,174460388,0.470183177657337,0.395454545454545,2420,-0.0873150524068365,0.592402046467348
S6_174463143,6,174463143,0.470183177657337,0.395454545454545,2420,-0.0873150524068365,0.592402046467348
S6_174474123,6,174474123,0.741617090986678,0.345454545454545,2420,-0.033770418325048,0.814355654281746
S6_174546993,6,174546993,0.835830627943846,0.396487603305785,2420,-0.024646243572704,0.88616113925081
S6_174553511,6,174553511,0.641026126311526,0.0991735537190083,2420,0.0550238262853355,0.738955691215301
S6_174554225,6,174554225,0.789988788643418,0.100413223140496,2420,-0.031246159669621,0.852801311912403
S6_174948850,6,174948850,0.0390160294391833,0.195867768595041,2420,-0.208172281433747,0.0899027076562837
S6_175017858,6,175017858,1.43059838054068e-05,0.198140495867769,2420,-0.436116314788336,0.000143059838054068
S6_175155013,6,175155013,0.0516138175076373,0.261157024793388,2420,0.185873587110933,0.110409620005953
S6_175614573,6,175614573,7.73345880837032e-06,0.0543388429752066,2420,-0.626219480038287,8.5192113076165e-05
S6_176650245,6,176650245,0.310106987786455,0.133264462809917,2420,0.122765277553725,0.440048529928349
S6_177006450,6,177006450,0.105456177661983,0.329752066115702,2420,-0.174960258041267,0.194484982975546
S6_177006463,6,177006463,0.105456177661983,0.329752066115702,2420,-0.174960258041267,0.194484982975546
S6_177541212,6,177541212,0.00199247150216403,0.090495867768595,2420,-0.366471910626373,0.00830868683088645
S6_178280648,6,178280648,1.53924306909671e-08,0.0919421487603306,2420,-0.673318180008707,5.19809954481839e-07
S6_178499689,6,178499689,0.0367695201242107,0.322520661157025,2420,0.258169588521469,0.0860437969655973
S6_179563522,6,179563522,1.75725563533335e-07,0.143801652892562,2420,-0.543751288270641,3.93472457476816e-06
S6_179646907,6,179646907,1.12486221832541e-05,0.138636363636364,2420,-0.467551811818197,0.000113589027928938
S6_179653649,6,179653649,0.00385415065231727,0.112396694214876,2420,-0.338974156390961,0.0141524961564591
S6_179990687,6,179990687,1.90306072213994e-10,0.213223140495868,2420,1.27301421245727,1.26461454438977e-08
S6_179997361,6,179997361,2.94025326330834e-08,0.20599173553719,2420,1.00666523485825,8.7781474237901e-07
S6_180646401,6,180646401,8.74589453419961e-10,0.136570247933884,2420,-0.657282397902719,5.00459520568089e-08
S7_844671,7,844671,0.290280443434201,0.123140495867769,2420,-0.12197779315251,0.419633483139968
S7_1056516,7,1056516,0.467588919482417,0.33801652892562,2420,0.0711288629764795,0.591368449710372
S7_1399948,7,1399948,4.38241134493519e-05,0.0702479338842975,2420,-0.542145712763414,0.000369990466006823
S7_1623486,7,1623486,0.000107286787166375,0.166115702479339,2420,-0.364759860107398,0.000762106143319766
S7_1882039,7,1882039,0.018090785829792,0.234917355371901,2420,-0.205035784782666,0.0490355510649626
S7_2222059,7,2222059,0.0110008889359422,0.0318181818181818,2420,-0.441098085048182,0.0327957036295817
S7_3606609,7,3606609,0.0472487651170973,0.0840909090909091,2420,0.250316071193254,0.104047504354307
S7_3781862,7,3781862,0.0969408918845045,0.0857438016528926,2420,0.198384149039384,0.182873843664908
S7_4034926,7,4034926,0.649192197478824,0.177479338842975,2420,-0.0427155255191849,0.745864989852971
S7_4131827,7,4131827,0.017105675222485,0.227892561983471,2420,-0.23002705629014,0.0468586315935095
S7_4132053,7,4132053,0.122944009581978,0.150413223140496,2420,0.156475360646354,0.221578879911526
S7_4185867,7,4185867,0.202677392754905,0.187809917355372,2420,-0.125701398375128,0.320180543769251
S7_4185885,7,4185885,0.741609558820151,0.231818181818182,2420,0.0299568704851652,0.814355654281746
S7_4185900,7,4185900,0.503519339604427,0.32396694214876,2420,0.0633546924937036,0.619993926829121
S7_4224614,7,4224614,0.224973821588166,0.232851239669421,2420,-0.123291147246846,0.347932486840557
S7_4704421,7,4704421,0.00277626984306063,0.177479338842975,2420,-0.280777282598024,0.0108097241935971
S7_4993741,7,4993741,0.906632943260309,0.222520661157025,2420,-0.00996480960984059,0.933365248933651
S7_5294149,7,5294149,0.787169900977623,0.421074380165289,2420,-0.0345165730013264,0.851015316663835
S7_5576737,7,5576737,0.033122980780701,0.0578512396694215,2420,0.298817624749063,0.0796188336152207
S7_6008227,7,6008227,0.449824375901183,0.151239669421488,2420,-0.0729602255847794,0.575551685935675
S7_7731242,7,7731242,0.0024370109018652,0.138636363636364,2420,-0.364999247708141,0.00980516105047328
S7_7742880,7,7742880,0.0820028800298181,0.16198347107438,2420,-0.18043125577816,0.159967739452107
S7_8226814,7,8226814,0.0101663176561973,0.306611570247934,2420,-0.295906371710373,0.0307076457064024
S7_8236858,7,8236858,0.00497757998204138,0.0803719008264463,2420,-0.360486507583701,0.0173499403773354
S7_8359766,7,8359766,0.00896253525524772,0.188429752066116,2420,-0.364436645652461,0.0277490156983662
S7_9076132,7,9076132,0.287161478531599,0.0708677685950413,2420,0.139005767861931,0.415708113685941
S7_9373969,7,9373969,0.152907732679043,0.315495867768595,2420,-0.185965911446317,0.261619542623612
S7_9378165,7,9378165,0.16874933403137,0.317148760330579,2420,-0.180048734793047,0.282278104226819
S7_10079492,7,10079492,0.00170583229341542,0.0464876033057851,2420,-0.473624020291354,0.00732086359257451
S7_10810550,7,10810550,0.273577959233604,0.22995867768595,2420,-0.138464652335188,0.401689662167659
S7_11059965,7,11059965,0.166211554574583,0.11095041322314,2420,-0.154313053247407,0.279735132699053
S7_12026797,7,12026797,0.625719857432475,0.162603305785124,2420,-0.0461922464592277,0.724554753406913
S7_13501881,7,13501881,9.45562022680953e-05,0.296074380165289,2420,-0.398504049519858,0.000690729704511618
S7_13581391,7,13581391,0.0052061049203603,0.347727272727273,2420,-0.330600916138735,0.0179340738059235
S7_13945703,7,13945703,0.915671641667798,0.30599173553719,2420,-0.0110921603968279,0.938916665921187
S7_13961624,7,13961624,0.025452256647048,0.337603305785124,2420,-0.266959764117303,0.0647304304850849
S7_13961812,7,13961812,0.579099284199353,0.207851239669421,2420,-0.0682237232995533,0.685994551725512
S7_13961898,7,13961898,0.0281656674583404,0.341115702479339,2420,-0.262544347729374,0.0703288181384015
S7_14207155,7,14207155,0.00682115318175356,0.192561983471074,2420,-0.239070024866933,0.0224725961093924
S7_15392216,7,15392216,0.00120661453723448,0.171694214876033,2420,0.316519273535505,0.00554974644974273
S7_18011608,7,18011608,0.3855417035889,0.36095041322314,2420,0.101205950523308,0.514437842351656
S7_22883047,7,22883047,0.354367457464453,0.143181818181818,2420,0.0930010035941109,0.486016619425282
S7_27927295,7,27927295,0.00357341404748037,0.290909090909091,2420,0.413323162535562,0.013263482770828
S7_28946638,7,28946638,8.52383310123798e-06,0.0946280991735537,2420,-0.529650686439965,9.06848573001219e-05
S7_31369870,7,31369870,0.0346733263267339,0.383264462809917,2420,-0.251939147394353,0.0822342243401927
S7_34053809,7,34053809,0.48718521495762,0.154752066115702,2420,-0.0663074303569715,0.607139469336175
S7_34422171,7,34422171,0.00632469120735536,0.152479338842975,2420,-0.339821606020678,0.0211851445319545
S7_41473602,7,41473602,0.0817994071471289,0.103099173553719,2420,0.19541482880382,0.159929867171518
S7_42251847,7,42251847,0.000499021883846022,0.0756198347107438,2420,-0.437542220133167,0.00270522389663896
S7_44311585,7,44311585,2.52495637490524e-08,0.182644628099174,2420,-0.574191635031752,7.64913254750705e-07
S7_45606995,7,45606995,0.330690407523011,0.0518595041322314,2420,0.166922055124616,0.462470791741677
S7_47593869,7,47593869,0.0467245775119197,0.391322314049587,2420,-0.250337026692762,0.10307640325236
S7_52721525,7,52721525,0.253240783590939,0.0495867768595041,2420,0.197692460080958,0.377206084018318
S7_91010583,7,91010583,0.223432532883977,0.164669421487603,2420,-0.132376481351827,0.346328832009776
S7_95720534,7,95720534,0.00043774993727501,0.36095041322314,2420,-0.390280502139717,0.00243720235347708
S7_96947428,7,96947428,0.040380793683843,0.346900826446281,2420,-0.217559392992882,0.0924271499874629
S7_101685008,7,101685008,0.00170523132710611,0.0857438016528926,2420,0.396030358128385,0.00732086359257451
S7_103794469,7,103794469,7.10028627887308e-06,0.17396694214876,2420,-0.478741028233827,7.98179915759902e-05
S7_107046839,7,107046839,0.135586220281831,0.241322314049587,2420,-0.145234694259699,0.238099957393344
S7_109732796,7,109732796,8.23043747478704e-05,0.0816115702479339,2420,0.492197820223026,0.000614300768045699
S7_110287645,7,110287645,0.248096715399074,0.220661157024793,2420,0.100934724626271,0.3707057400215
S7_112726284,7,112726284,0.928861991912976,0.11301652892562,2420,-0.00979372814029489,0.947724469212843
S7_114101603,7,114101603,2.37838182906597e-12,0.059297520661157,2420,-0.965420058809798,2.32594346158186e-10
S7_114102321,7,114102321,1.55399195498616e-06,0.290702479338843,2420,-0.459298570235518,2.28658816233678e-05
S7_114288977,7,114288977,3.74821840139039e-08,0.0871900826446281,2420,0.679793166421234,1.08751125448792e-06
S7_115394464,7,115394464,5.6909675272839e-06,0.108677685950413,2420,0.520232745617207,6.6990817749742e-05
S7_115531617,7,115531617,1.8856107858785e-06,0.087603305785124,2420,0.590070833694242,2.67886773717911e-05
S7_116276698,7,116276698,6.25485322319215e-07,0.0882231404958678,2420,0.61618405168268,1.11077565860136e-05
S7_116653725,7,116653725,2.26092239544771e-05,0.325619834710744,2420,0.438824247190951,0.000212671239023849
S7_116780969,7,116780969,8.42537223971774e-06,0.0892561983471074,2420,0.548843512746046,9.06848573001219e-05
S7_117519628,7,117519628,0.177683329499065,0.138842975206612,2420,0.155448469109217,0.292822127014459
S7_122387013,7,122387013,0.0729924746459119,0.128305785123967,2420,-0.186531318706059,0.146840329854081
S7_122393459,7,122393459,0.625156969368609,0.122727272727273,2420,0.0516383349992537,0.724554753406913
S7_124279387,7,124279387,0.127371614712993,0.243595041322314,2420,0.149644663832646,0.227963098443759
S7_125176636,7,125176636,0.796162067160219,0.246074380165289,2420,0.0245831327312942,0.857341274621041
S7_126118922,7,126118922,0.234172700990016,0.267355371900826,2420,0.103246366237045,0.35631281516005
S7_126935343,7,126935343,0.00840245139052939,0.291528925619835,2420,0.24858389074285,0.0261861571323609
S7_127045257,7,127045257,0.491727607559299,0.393801652892562,2420,0.0852159174425537,0.61021618769407
S7_128986731,7,128986731,0.906569478780049,0.284710743801653,2420,0.0109405422996645,0.933365248933651
S7_129214069,7,129214069,0.655460660991607,0.278719008264463,2420,0.0415794142174661,0.751390629739961
S7_129807336,7,129807336,8.59905893599572e-06,0.243181818181818,2420,-0.481623348796035,9.08413405546215e-05
S7_130131479,7,130131479,0.960982759479091,0.204752066115702,2420,0.00437892268722351,0.970880080690008
S7_130175589,7,130175589,0.00216828348739714,0.158471074380165,2420,0.282762175477743,0.00891549697412796
S7_130547743,7,130547743,0.498978112883701,0.308057851239669,2420,-0.0749434022814057,0.616613624799294
S7_131668413,7,131668413,0.00220249050114146,0.357231404958678,2420,-0.37013096651981,0.00903810843097892
S7_132461307,7,132461307,0.510285163848794,0.104545454545455,2420,0.0732827044533195,0.625193673670884
S7_133186810,7,133186810,0.0286971543539544,0.316115702479339,2420,-0.224800936425083,0.0714826335781694
S7_133186871,7,133186871,0.00727707720811836,0.365909090909091,2420,-0.323078112620976,0.0233712787222208
S7_133464110,7,133464110,0.00117266708855855,0.279132231404959,2420,-0.334177378863046,0.00544075270817707
S7_133465902,7,133465902,0.00104665874842141,0.280165289256198,2420,-0.337329357404769,0.00497948503867923
S7_135301936,7,135301936,0.226021323888529,0.118801652892562,2420,-0.127689024500512,0.348766986674434
S7_136214505,7,136214505,0.469102724210392,0.299586776859504,2420,-0.06937047891725,0.592127213157726
S7_136452694,7,136452694,3.34066593827689e-07,0.0861570247933884,2420,-0.627385692794434,6.55406841223848e-06
S7_136531397,7,136531397,0.00172770029225644,0.112396694214876,2420,-0.340157811804687,0.007380764642272
S7_137510639,7,137510639,0.945786916901492,0.233471074380165,2420,0.00654757336116063,0.961184533210199
S7_139440325,7,139440325,0.364259845281976,0.267355371900826,2420,-0.0908542931511249,0.495636785427666
S7_139491179,7,139491179,0.00194946581686358,0.0989669421487603,2420,-0.357903150503404,0.00816239752589224
S7_139496582,7,139496582,0.0144814389846599,0.13801652892562,2420,-0.253896500466695,0.0407214597330681
S7_139527440,7,139527440,0.0129395232611195,0.0648760330578512,2420,-0.32752054268208,0.0372282373155114
S7_140578194,7,140578194,0.973645503779456,0.0714876033057851,2420,0.0045488153821367,0.980307789729071
S7_141747386,7,141747386,0.178765205090571,0.0760330578512397,2420,0.176274754656916,0.293431332658627
S7_141756965,7,141756965,0.178765205090571,0.0760330578512397,2420,0.176274754656916,0.293431332658627
S7_143069328,7,143069328,0.490590976640042,0.125206611570248,2420,-0.0728458012797404,0.609744863051425
S7_143098054,7,143098054,0.413756440494813,0.323760330578512,2420,0.0952457496620696,0.543686669434128
S7_144667243,7,144667243,0.000828791081164264,0.124380165289256,2420,-0.350761255999686,0.00410410968076535
S7_144877105,7,144877105,0.00682905105071828,0.203099173553719,2420,-0.254749941087823,0.0224725961093924
S7_145115606,7,145115606,0.970860582851835,0.238429752066116,2420,0.00376691199647894,0.979143801326017
S7_146989468,7,146989468,0.0310481814428698,0.206611570247934,2420,0.206206649010682,0.0759313449464494
S7_146990357,7,146990357,0.746463644101736,0.183471074380165,2420,0.0336950303447736,0.818804636235132
S7_147788972,7,147788972,0.00685813733958591,0.096900826446281,2420,-0.305071704947764,0.0225239178152783
S7_148846698,7,148846698,5.09384223480528e-05,0.321487603305785,2420,-0.445266495107376,0.000419732600147955
S7_149164143,7,149164143,0.158871690248423,0.0471074380165289,2420,0.211661721171126,0.270029440521247
S7_150341368,7,150341368,0.280098822214942,0.115702479338843,2420,-0.11345204711732,0.408656248794397
S7_150739423,7,150739423,0.446776464445232,0.065702479338843,2420,-0.101419429891223,0.572007157711112
S7_150896426,7,150896426,0.000166180849885156,0.118801652892562,2420,-0.402142223303471,0.00106978922113569
S7_151122054,7,151122054,0.203694507056611,0.0597107438016529,2420,-0.188192401008706,0.32154075443419
S7_151323488,7,151323488,0.00450925437722733,0.23099173553719,2420,-0.284264934253798,0.0160432884578382
S7_152980877,7,152980877,0.183861303979304,0.32004132231405,2420,0.117635310109335,0.299024620067233
S7_153473280,7,153473280,0.129800768785123,0.178512396694215,2420,-0.145555640262501,0.230707147279857
S7_153571933,7,153571933,0.000396116563139392,0.267355371900826,2420,0.431989999511188,0.00224793421506101
S7_153812639,7,153812639,2.97479867856824e-07,0.0927685950413223,2420,-0.575375621228289,6.02957343123294e-06
S7_161191018,7,161191018,0.625421964388145,0.341115702479339,2420,0.05139915952509,0.724554753406913
S7_161352998,7,161352998,0.0306522247257412,0.183264462809917,2420,0.314440905434708,0.0753503376312971
S7_163227439,7,163227439,2.94890817611268e-11,0.0911157024793388,2420,-0.768648777492388,2.33644263184313e-09
S7_164101621,7,164101621,0.379061772005355,0.334710743801653,2420,-0.0823160091392481,0.508377116100932
S7_165193358,7,165193358,0.0526558959145071,0.370867768595041,2420,-0.205954763688169,0.11217284962139
S7_166294479,7,166294479,2.9208878116442e-09,0.240702479338843,2420,-0.582947383432696,1.24861500921002e-07
S7_166649983,7,166649983,0.000114183629832358,0.149793388429752,2420,-0.388266762430874,0.000798977212518356
S7_167438352,7,167438352,0.518580295459451,0.0659090909090909,2420,0.0851196545430923,0.630623027536286
S7_170910247,7,170910247,0.530867649596911,0.142768595041322,2420,-0.0658086439868839,0.644803866845304
S7_171137187,7,171137187,0.0810742998742221,0.375206611570248,2420,-0.20018549724756,0.15890871335956
S7_171218528,7,171218528,0.0897923793801504,0.410537190082645,2420,-0.215119743441676,0.173195038879316
S7_171494406,7,171494406,0.129757044247313,0.335537190082645,2420,0.144429240090062,0.230707147279857
S7_173083438,7,173083438,0.0355473352085357,0.276446280991736,2420,-0.213443694266545,0.0837843369903703
S7_173291589,7,173291589,0.402434975027298,0.374380165289256,2420,-0.0913624778847861,0.531761416649284
S7_174125838,7,174125838,0.331014918508395,0.0702479338842975,2420,-0.127670422557841,0.462470791741677
S7_174487321,7,174487321,0.226768472065121,0.102685950413223,2420,-0.134468254263538,0.349135315735538
S7_174487353,7,174487353,0.226768472065121,0.102685950413223,2420,-0.134468254263538,0.349135315735538
S7_174487367,7,174487367,0.226768472065121,0.102685950413223,2420,-0.134468254263538,0.349135315735538
S7_174506595,7,174506595,0.0757595675504652,0.11095041322314,2420,0.209421641200919,0.150206649811317
S7_174659681,7,174659681,0.0242066867523921,0.261776859504132,2420,-0.260476449501311,0.0621767764462938
S7_174986575,7,174986575,0.0514625457687425,0.364669421487603,2420,0.196110592431694,0.110200461833274
S7_174986674,7,174986674,0.948826890171387,0.125413223140496,2420,0.00775551967217325,0.962827762376994
S7_174986857,7,174986857,0.921634651346009,0.0694214876033058,2420,0.01315466300845,0.942684896610119
S7_175273833,7,175273833,0.703399194195031,0.439462809917355,2420,0.0531835912610177,0.786071478775358
S7_175482129,7,175482129,0.000413011017086342,0.134504132231405,2420,0.374261230166425,0.00232625507019958
S7_176074888,7,176074888,0.0714144293061194,0.121694214876033,2420,-0.205503945955726,0.144512499381735
S7_176076452,7,176076452,0.679140838859957,0.366528925619835,2420,0.0449201767965519,0.77038263714998
S7_176208045,7,176208045,0.00161534190835796,0.254338842975207,2420,0.314401158547412,0.00705000917630804
S7_176582006,7,176582006,0.398278156527557,0.10599173553719,2420,0.092003842408289,0.528779202903823
S7_176908652,7,176908652,0.0148611635949875,0.233264462809917,2420,-0.229024863948382,0.0416516966063596
S7_177297045,7,177297045,0.055462839428233,0.225619834710744,2420,-0.177493844777445,0.117544700845844
S7_177589777,7,177589777,0.847725227125951,0.361570247933884,2420,0.0198229844759794,0.893712368413234
S7_177592139,7,177592139,4.36418546543981e-05,0.170454545454545,2420,-0.382882161018557,0.000369967985959095
S7_178057883,7,178057883,0.0341481424158394,0.153305785123967,2420,-0.201336525505781,0.0813238998573747
S7_178474803,7,178474803,0.506840161667757,0.398347107438017,2420,0.0793923735489557,0.622594354821455
S7_178518524,7,178518524,0.00731919731490221,0.15599173553719,2420,-0.273172841541253,0.023376041036742
S7_178518565,7,178518565,0.00731919731490221,0.15599173553719,2420,-0.273172841541253,0.023376041036742
S7_178518778,7,178518778,0.681052681332262,0.120247933884298,2420,-0.0440762707368521,0.771709858935347
S7_178522030,7,178522030,0.275491723965655,0.340289256198347,2420,0.114214042195727,0.404211503824252
S7_178606174,7,178606174,0.0242062903974272,0.155371900826446,2420,0.221962449503224,0.0621767764462938
S7_179111058,7,179111058,0.0472874368756047,0.150619834710744,2420,0.198008086034832,0.104047504354307
S7_179111826,7,179111826,0.482843473656675,0.292561983471074,2420,0.0652818689015362,0.60539108687325
S7_179765379,7,179765379,4.44318257463482e-09,0.427685950413223,2420,0.747597520479417,1.69499187106439e-07
S7_180311878,7,180311878,2.36401803694314e-05,0.398760330578512,2420,0.469103480408137,0.000220356432402845
S7_182932513,7,182932513,0.352975387312026,0.34297520661157,2420,-0.0937560050683146,0.484429911967204
S7_183230255,7,183230255,0.123127875896075,0.283677685950413,2420,-0.132828290026566,0.221716280022652
S7_183251802,7,183251802,0.00161975437115282,0.353719008264463,2420,-0.334317300263535,0.00705432136273746
S7_183325818,7,183325818,0.0593115692993143,0.0735537190082645,2420,0.24580957289939,0.124802689230426
S7_183536615,7,183536615,0.178073235633976,0.284710743801653,2420,0.12496823654709,0.293091442312162
S7_183788586,7,183788586,0.0347477484586197,0.204545454545455,2420,0.192364049654302,0.0822342243401927
S7_184554841,7,184554841,0.646041114790877,0.224173553719008,2420,-0.0425520304731037,0.743488657245367
S8_612496,8,612496,0.0778561267464464,0.10702479338843,2420,-0.208199842105913,0.153330421699503
S8_1194988,8,1194988,0.576435848079799,0.130578512396694,2420,0.06499247766385,0.683232363086528
S8_1829299,8,1829299,8.07265576062092e-05,0.28099173553719,2420,-0.38556183545802,0.000604715304250149
S8_2420621,8,2420621,0.223339851996744,0.132851239669422,2420,0.14122209283957,0.346328832009776
S8_2623912,8,2623912,0.19771605784967,0.164876033057851,2420,0.133918793362426,0.314270894421543
S8_3642557,8,3642557,7.85789346602258e-07,0.0683884297520661,2420,-0.637435430930992,1.32682463442676e-05
S8_3642603,8,3642603,0.166984536358828,0.230578512396694,2420,-0.170651376715114,0.280577605953658
S8_3973029,8,3973029,0.057948042808081,0.128512396694215,2420,0.195850595754024,0.122433813522715
S8_5223551,8,5223551,0.000130347467295839,0.311363636363636,2420,-0.397288182283233,0.000868723165316014
S8_7117363,8,7117363,0.512084889531071,0.285537190082645,2420,0.0594727980538892,0.625648836798107
S8_7117426,8,7117426,0.659381928036788,0.283884297520661,2420,0.0399523671123063,0.755045454005438
S8_7259227,8,7259227,0.170684510037143,0.295454545454545,2420,-0.126069316147465,0.283785383919705
S8_7346951,8,7346951,0.00952852114244406,0.150206611570248,2420,-0.26409889593657,0.0291660528282834
S8_9215338,8,9215338,0.0929278872260048,0.157644628099174,2420,0.163551009018207,0.177415614166423
S8_9278330,8,9278330,0.0142484676152928,0.202479338842975,2420,0.264700308743983,0.040208004503429
S8_10397644,8,10397644,0.00368900951160891,0.117148760330579,2420,-0.322930271501008,0.0136433744953579
S8_10712954,8,10712954,0.00137275102424453,0.185537190082645,2420,-0.294551440525922,0.00611399208090059
S8_11691508,8,11691508,0.164848817954715,0.265082644628099,2420,0.131711755778383,0.278123312847431
S8_12721256,8,12721256,0.72262366260152,0.177892561983471,2420,0.0323676854089712,0.800909347666956
S8_13999416,8,13999416,8.90934745798059e-05,0.0502066115702479,2420,-0.56869247396294,0.000657815181791077
S8_14203871,8,14203871,0.00010288122188637,0.0615702479338843,2420,-0.539843965035018,0.000746251116499727
S8_14486971,8,14486971,0.688113650100406,0.117561983471074,2420,-0.0439059395015846,0.775189899975265
S8_17315368,8,17315368,0.458893575023539,0.173140495867769,2420,-0.0702950414349885,0.582940737824175
S8_18826784,8,18826784,0.652054733129235,0.0803719008264463,2420,-0.0604291095693412,0.748736204150627
S8_18836435,8,18836435,0.22591721356422,0.12603305785124,2420,-0.140232644257125,0.348766986674434
S8_20695697,8,20695697,0.667536605266244,0.0741735537190083,2420,-0.0602664228624832,0.762687413670806
S8_22984536,8,22984536,0.458736512807425,0.405371900826446,2420,0.0900334626135759,0.582940737824175
S8_23263047,8,23263047,6.04669332293747e-08,0.158471074380165,2420,-0.542835329421138,1.5570235306564e-06
S8_23439188,8,23439188,0.00649373956589238,0.0983471074380165,2420,0.339213881031512,0.0216808808845029
S8_23439421,8,23439421,0.00649373956589238,0.0983471074380165,2420,0.339213881031512,0.0216808808845029
S8_23440142,8,23440142,0.537881909285239,0.192561983471074,2420,0.0570767215349122,0.650638128671517
S8_24594223,8,24594223,0.546911311789701,0.147107438016529,2420,-0.0685230124180123,0.659266886848845
S8_25772299,8,25772299,0.169657628827898,0.19896694214876,2420,-0.128646485194935,0.282534127231584
S8_25776901,8,25776901,0.329984822734787,0.233884297520661,2420,-0.0819062465834577,0.461799412251128
S8_25779871,8,25779871,0.0950307270281417,0.238429752066116,2420,-0.140215218695459,0.180260863423547
S8_26031524,8,26031524,0.0046469393070765,0.14400826446281,2420,-0.302156780443738,0.0164017347663323
S8_27837421,8,27837421,0.286063315001744,0.178925619834711,2420,-0.104329356296731,0.414701216680924
S8_28410514,8,28410514,0.00327650392763861,0.280785123966942,2420,0.278426650774122,0.0123415187612432
S8_28933320,8,28933320,0.576373234501253,0.0768595041322314,2420,-0.0709466928578308,0.683232363086528
S8_29366651,8,29366651,0.408505672669308,0.0640495867768595,2420,0.111544503042083,0.538401590338308
S8_29367161,8,29367161,0.514305125481099,0.0772727272727273,2420,-0.0826897478108748,0.626457461906517
S8_30416206,8,30416206,0.00144535838852456,0.0944214876033058,2420,-0.380529100282132,0.00640309307604427
S8_34786661,8,34786661,0.00903134094320095,0.191528925619835,2420,-0.256151489901015,0.0278511412320269
S8_37491523,8,37491523,0.358611129683893,0.179752066115702,2420,-0.0927317414605398,0.490530496114754
S8_39607936,8,39607936,0.446198743115817,0.0888429752066116,2420,-0.0920181736019288,0.571622767922005
S8_41779834,8,41779834,0.000112779741264058,0.307851239669421,2420,-0.441603349823026,0.0007929224129828
S8_53180719,8,53180719,0.00792963660725532,0.266942148760331,2420,-0.272039000714557,0.0250153926660735
S8_65091959,8,65091959,0.115765346314132,0.450826446280992,2420,0.240083229709398,0.210296837219675
S8_67365157,8,67365157,0.325603835694883,0.090702479338843,2420,-0.118385579108207,0.457221473436578
S8_67366292,8,67366292,0.11106479062009,0.138636363636364,2420,-0.170092611528929,0.203371972157676
S8_68605842,8,68605842,0.547521886554685,0.137603305785124,2420,-0.0680082077131772,0.659587769767632
S8_72283105,8,72283105,0.444635564259051,0.171900826446281,2420,-0.0703943894750978,0.570551231573979
S8_73298586,8,73298586,0.834935090165213,0.0785123966942149,2420,-0.0263418215074438,0.886123794817279
S8_73725823,8,73725823,0.00705632506336972,0.0911157024793388,2420,-0.320437134946189,0.0229274915308227
S8_74479931,8,74479931,0.0744089905992647,0.272520661157025,2420,0.166206927600911,0.1486736378608
S8_75118540,8,75118540,0.241982957360879,0.156818181818182,2420,-0.119092284819089,0.365190397189312
S8_75124138,8,75124138,0.959788643654023,0.295247933884298,2420,0.0047941575174093,0.970149463163537
S8_75124250,8,75124250,0.279340022848922,0.120867768595041,2420,-0.115865481398572,0.408274508360247
S8_78074116,8,78074116,0.0577365494836664,0.322933884297521,2420,0.194256258768291,0.122112209380239
S8_78074363,8,78074363,0.00241106578267101,0.320867768595041,2420,0.309236881818492,0.00973448059670235
S8_78087508,8,78087508,0.170444714764408,0.36198347107438,2420,0.147173084313522,0.283615599688756
S8_80222882,8,80222882,0.0951187650307598,0.147107438016529,2420,-0.180216747808188,0.180261873011376
S8_80579757,8,80579757,0.128900911126382,0.389256198347107,2420,0.166593439827807,0.229503782990793
S8_80748080,8,80748080,9.1529747317419e-07,0.124173553719008,2420,-0.554202640428841,1.48465574388884e-05
S8_81892711,8,81892711,0.0340255201232706,0.292355371900826,2420,0.221825286942249,0.0812497646754862
S8_82048199,8,82048199,0.109597965779616,0.158884297520661,2420,0.178470766675389,0.201043463496001
S8_82048896,8,82048896,0.109597965779616,0.158884297520661,2420,0.178470766675389,0.201043463496001
S8_82162950,8,82162950,0.0721628552544715,0.202272727272727,2420,-0.200132176255522,0.145870218053127
S8_86486748,8,86486748,0.00480623657475758,0.293388429752066,2420,-0.31467633089602,0.0168956439317417
S8_89302137,8,89302137,0.171110584633282,0.11900826446281,2420,0.16719911427586,0.284035297618502
S8_90891762,8,90891762,0.11709831047453,0.126859504132231,2420,0.19236270487832,0.212031019158888
S8_91070032,8,91070032,0.22575604924156,0.125413223140496,2420,0.149137996632987,0.348766986674434
S8_92211180,8,92211180,0.180447702584207,0.124380165289256,2420,0.160510326277574,0.294584575271756
S8_92211196,8,92211196,0.180447702584207,0.124380165289256,2420,0.160510326277574,0.294584575271756
S8_92273238,8,92273238,0.807302639710245,0.163223140495868,2420,-0.0272911496945198,0.864367691165854
S8_92845779,8,92845779,0.319260347673459,0.281404958677686,2420,-0.106544900290288,0.450042090982304
S8_93206352,8,93206352,0.331138066902414,0.303099173553719,2420,0.102421849313401,0.462470791741677
S8_93206908,8,93206908,0.224633387206905,0.385743801652893,2420,-0.140268401976812,0.347928404245281
S8_93207205,8,93207205,0.935984801256617,0.343181818181818,2420,-0.00948239845513399,0.954046853334306
S8_95241528,8,95241528,0.0410647265840776,0.341942148760331,2420,0.194763008707639,0.0933701288777041
S8_97314946,8,97314946,5.56817157032343e-06,0.120247933884298,2420,-0.51791184822217,6.59220312348636e-05
S8_97365190,8,97365190,0.000137074835620172,0.11198347107438,2420,-0.446793074867188,0.000902153870215829
S8_97459232,8,97459232,0.000161219218088208,0.150413223140496,2420,-0.409449457187137,0.00104437606686072
S8_103243140,8,103243140,4.28159157727706e-05,0.25495867768595,2420,-0.413548351071455,0.000364466059883915
S8_104269101,8,104269101,5.33248665028173e-06,0.312603305785124,2420,-0.416299123701236,6.38658284859323e-05
S8_105803797,8,105803797,0.825421904816652,0.122727272727273,2420,-0.0271838802365778,0.87874373329318
S8_105985640,8,105985640,8.16166547595093e-08,0.0353305785123967,2420,-0.899291337857107,1.98675639152771e-06
S8_106614488,8,106614488,0.0248449932237411,0.108057851239669,2420,-0.255651194391703,0.0633424332189438
S8_106910226,8,106910226,0.00269692625623659,0.258057851239669,2420,-0.305452836221406,0.0105822249292331
S8_106912903,8,106912903,0.0004178233744706,0.258264462809917,2420,-0.359365889086831,0.00233890258535173
S8_108472915,8,108472915,0.0325523974679272,0.275619834710744,2420,0.232450249069188,0.078805899747459
S8_109133633,8,109133633,0.00450059035543624,0.294628099173554,2420,0.291587309247689,0.0160432884578382
S8_109392545,8,109392545,0.165732966886108,0.158471074380165,2420,0.148738523542846,0.279157736537517
S8_109392879,8,109392879,0.053054861491673,0.380165289256198,2420,-0.234349443860083,0.112906006893436
S8_111322877,8,111322877,0.825253380608857,0.319834710743802,2420,0.0282486197162939,0.87874373329318
S8_112613045,8,112613045,0.208028706870166,0.358471074380165,2420,-0.14551267221384,0.326381672621891
S8_113061666,8,113061666,0.562627699509686,0.0834710743801653,2420,-0.0754225625372271,0.674236801041276
S8_113222492,8,113222492,1.3853852956641e-06,0.380785123966942,2420,-0.579107832983254,2.06803891961452e-05
S8_115324388,8,115324388,0.0235624949521812,0.119628099173554,2420,0.26051478745913,0.0612090032805716
S8_119861994,8,119861994,0.000537649779021237,0.258471074380165,2420,-0.353680732557592,0.00288426704370768
S8_119990281,8,119990281,0.000314621688871671,0.259090909090909,2420,-0.367867021642695,0.00184125192919216
S8_120893120,8,120893120,2.10402986522117e-05,0.433057851239669,2420,-0.585533040631958,0.000199409507553563
S8_121951790,8,121951790,0.102598117776639,0.270661157024793,2420,-0.155837370831108,0.190751013194834
S8_123526088,8,123526088,7.80249965057322e-07,0.0694214876033058,2420,-0.622702282020683,1.32682463442676e-05
S8_124908154,8,124908154,0.513087987241275,0.158264462809917,2420,0.0674952601454635,0.626161880164116
S8_126178224,8,126178224,0.185235910073607,0.090702479338843,2420,0.160187148752627,0.300224999804588
S8_126980958,8,126980958,0.891064014121868,0.340702479338843,2420,-0.015201773145975,0.925664079218884
S8_126981184,8,126981184,0.00728367035906106,0.160743801652893,2420,-0.267914221633333,0.0233712787222208
S8_129126249,8,129126249,1.56732860116163e-10,0.108057851239669,2420,-0.7207801728633,1.07623230613099e-08
S8_129126331,8,129126331,1.56732860116163e-10,0.108057851239669,2420,-0.7207801728633,1.07623230613099e-08
S8_131343001,8,131343001,0.26378519798958,0.259090909090909,2420,0.0960649756449641,0.390371772886878
S8_132992799,8,132992799,0.0818306191184428,0.111570247933884,2420,0.198128785446158,0.159929867171518
S8_136802438,8,136802438,0.348417298127831,0.259917355371901,2420,-0.0913685093712218,0.480093400764771
S8_136809284,8,136809284,0.20895229225976,0.135123966942149,2420,-0.136512595081456,0.327507210463172
S8_136906155,8,136906155,0.138652600700226,0.287603305785124,2420,-0.14221106145348,0.242259845159004
S8_137591652,8,137591652,2.43156585201491e-05,0.0285123966942149,2420,-0.775496636426794,0.00022563178626805
S8_138038762,8,138038762,0.409572226569224,0.107644628099174,2420,-0.100757052280628,0.539117435611886
S8_138671667,8,138671667,2.2108217823042e-10,0.160743801652893,2420,-0.642914424625857,1.42321652235833e-08
S8_139640865,8,139640865,2.8148107382092e-05,0.139876033057851,2420,-0.470246468648909,0.000254532931491459
S8_139641067,8,139641067,5.76711364159404e-06,0.0190082644628099,2420,-1.00800721825379,6.71200796705295e-05
S8_139641078,8,139641078,5.76711364159404e-06,0.0190082644628099,2420,-1.00800721825379,6.71200796705295e-05
S8_139735441,8,139735441,3.7151509324448e-08,0.0204545454545455,2420,-1.18269268326524,1.08751125448792e-06
S8_140024615,8,140024615,0.151173661314624,0.187603305785124,2420,0.132148654152303,0.259082980289623
S8_140716187,8,140716187,0.000351525617216906,0.219834710743802,2420,-0.363645139397107,0.00203410890861468
S8_140718850,8,140718850,0.595792986062146,0.155165289256198,2420,-0.0525109673295674,0.700932924778995
S8_141669288,8,141669288,5.49164779074523e-08,0.161570247933884,2420,-0.546690438260555,1.450358262684e-06
S8_142038195,8,142038195,0.684283540540458,0.28202479338843,2420,-0.0388277829660524,0.773244154423118
S8_142169768,8,142169768,0.414984686003059,0.139256198347107,2420,-0.0876937529897504,0.544502199468982
S8_142173684,8,142173684,0.968310904982508,0.294421487603306,2420,-0.00431174986744054,0.977325068233203
S8_143840137,8,143840137,0.0860565175417099,0.19896694214876,2420,-0.167396193927544,0.166474172179337
S8_143932091,8,143932091,0.490704002339423,0.242768595041322,2420,0.0661769204668872,0.609744863051425
S8_144503660,8,144503660,0.00417510031855136,0.305785123966942,2420,-0.272660733139986,0.0151420891834785
S8_145104273,8,145104273,0.194404390477923,0.338842975206612,2420,-0.132884840870531,0.311409832336331
S8_145619184,8,145619184,0.18004774797208,0.289669421487603,2420,-0.121874831605737,0.294584575271756
S8_145638724,8,145638724,0.000120527931595347,0.361363636363636,2420,-0.400204193829268,0.000822641054274851
S8_145638857,8,145638857,0.0040620709190329,0.311363636363636,2420,-0.295914493994132,0.0148366420092336
S8_145638907,8,145638907,0.919761156793468,0.133884297520661,2420,-0.0104924804384154,0.941703768883968
S8_145639197,8,145639197,0.000724065721873814,0.309710743801653,2420,-0.305091682776407,0.00368290219027175
S8_145706344,8,145706344,0.0982475718049469,0.195454545454545,2420,0.144911773075449,0.184494072851587
S8_146913681,8,146913681,0.324565757419933,0.339256198347107,2420,-0.0982302957610557,0.456274304903577
S8_146915872,8,146915872,0.782308266358054,0.402479338842975,2420,-0.0323625763601285,0.848633506423165
S8_147061014,8,147061014,0.207344963731948,0.217355371900826,2420,0.120874353766311,0.325556879030345
S8_147237160,8,147237160,0.269002638126573,0.150413223140496,2420,0.110161460887156,0.396952317006261
S8_147237232,8,147237232,0.269002638126573,0.150413223140496,2420,0.110161460887156,0.396952317006261
S8_148123116,8,148123116,0.0443684443503952,0.220247933884298,2420,-0.171358197494015,0.0993058047826322
S8_148123368,8,148123368,0.0431849479567566,0.220661157024793,2420,-0.172249623104634,0.0973315019594295
S8_148209478,8,148209478,0.699306500518228,0.325619834710744,2420,-0.0462007836117095,0.782493965816159
S8_148213738,8,148213738,0.654510359865806,0.324793388429752,2420,-0.0538804836647842,0.750719009645635
S8_149334177,8,149334177,0.770045977920295,0.237603305785124,2420,0.0267303852001533,0.837536808086488
S8_151332101,8,151332101,0.00133309972664642,0.22396694214876,2420,0.314662696921232,0.00595701830128337
S8_151559281,8,151559281,0.293223253593697,0.377479338842975,2420,-0.118012137864127,0.422997130534324
S8_152518255,8,152518255,0.147924041531042,0.125206611570248,2420,0.15182170687126,0.255212332959754
S8_152930973,8,152930973,0.051130099890136,0.0935950413223141,2420,0.235212323231281,0.109831080055975
S8_152931377,8,152931377,0.0272990535619826,0.310743801652893,2420,-0.199126823855494,0.0687482277966799
S8_153849223,8,153849223,0.133364167672783,0.119628099173554,2420,-0.167845639731581,0.236022496053207
S8_153951065,8,153951065,0.172075548541492,0.236363636363636,2420,0.173689187956029,0.28540710949716
S8_154256530,8,154256530,0.797600983972158,0.108264462809917,2420,0.0300016896716642,0.85760603520656
S8_155257598,8,155257598,0.246104991602398,0.168595041322314,2420,0.110653788138393,0.368818521319582
S8_157011747,8,157011747,0.165266148038488,0.16301652892562,2420,0.14575993736949,0.278599234827566
S8_157706115,8,157706115,0.0278946550994697,0.164049586776859,2420,0.207041847350382,0.0699914610291202
S8_157816200,8,157816200,0.0150913168059919,0.16198347107438,2420,0.230803964249787,0.0421819709909679
S8_157883748,8,157883748,0.0394608968858553,0.163842975206612,2420,0.194832164444492,0.0905227701390446
S8_158639830,8,158639830,0.159182925202292,0.173760330578512,2420,0.125026247010766,0.270335388224831
S8_158696822,8,158696822,0.423720093743142,0.198553719008264,2420,0.0696968743378505,0.551746771877922
S8_158756134,8,158756134,0.441980645814542,0.210743801652893,2420,0.074235312961946,0.569050081486223
S8_159986949,8,159986949,0.943188328076095,0.132851239669422,2420,-0.00796151538611412,0.959964405057686
S8_162352976,8,162352976,0.194110174207175,0.106818181818182,2420,0.159601422011789,0.311271588045877
S8_162637212,8,162637212,0.0365496963362592,0.103925619834711,2420,0.249764876849781,0.0856568537573311
S8_162822724,8,162822724,0.0138237401109173,0.258264462809917,2420,0.228774689232836,0.0392784891427444
S8_162896145,8,162896145,0.128488160646639,0.302066115702479,2420,-0.16192941869096,0.229165031110022
S8_163012266,8,163012266,0.315482077962742,0.261570247933884,2420,0.0855104090309737,0.446048785589052
S8_163056389,8,163056389,0.122244247878718,0.187396694214876,2420,-0.136724889198177,0.22070390063993
S8_163496457,8,163496457,0.0239097165456451,0.122727272727273,2420,-0.253130020626287,0.0617992673576272
S8_165213412,8,165213412,0.104074937001374,0.0948347107438016,2420,-0.184944320612146,0.192819822395115
S8_165221478,8,165221478,0.599379580208248,0.23202479338843,2420,0.0510677225431095,0.703545262238741
S8_165287774,8,165287774,0.176837289509337,0.103305785123967,2420,-0.149090998438112,0.291894884927272
S8_165591470,8,165591470,5.47273662700568e-05,0.256404958677686,2420,0.473619834800672,0.000440384275454364
S8_165713145,8,165713145,0.0231372599876233,0.126652892561983,2420,0.255309323034027,0.060332601993043
S8_166042246,8,166042246,0.00832170529517516,0.0925619834710744,2420,0.306136386228928,0.0260113810477697
S8_166202785,8,166202785,0.0133610614691815,0.0956611570247934,2420,0.283277775084983,0.0381215881253656
S8_167202272,8,167202272,0.00103327997964398,0.363429752066116,2420,-0.389399220209782,0.00495013199550371
S8_167202317,8,167202317,0.00103327997964398,0.363429752066116,2420,-0.389399220209782,0.00495013199550371
S8_168540873,8,168540873,0.0019040694031297,0.364876033057851,2420,-0.358410313525724,0.00802123306839915
S8_170687375,8,170687375,0.187153575847635,0.272314049586777,2420,0.111725195924521,0.302144487653705
S8_170842557,8,170842557,0.20615486110732,0.0516528925619835,2420,0.188505902094079,0.324430109916791
S8_171453875,8,171453875,1.24061953352371e-08,0.040702479338843,2420,-0.901620308065404,4.48364252466464e-07
S8_175564833,8,175564833,0.500914417953522,0.205578512396694,2420,0.0591993976226917,0.617935017587604
S8_175848932,8,175848932,0.187781811698789,0.304132231404959,2420,-0.135303946423448,0.302921325058344
S8_176114327,8,176114327,0.130696620750842,0.309710743801653,2420,0.15023150880404,0.231917921934387
S8_176230266,8,176230266,0.0156795784714697,0.0667355371900826,2420,-0.315943780825762,0.0436432281244175
S8_176769987,8,176769987,0.492381737310124,0.143801652892562,2420,0.0691615669443735,0.610660071558613
S8_176786513,8,176786513,0.179648155723289,0.140082644628099,2420,0.136343555209862,0.294177425111268
S8_177101160,8,177101160,1.68388373963642e-05,0.217148760330579,2420,0.91325054547508,0.000165180976364335
S8_177304312,8,177304312,0.0176987603383058,0.106198347107438,2420,0.264435897594808,0.0482213367097534
S8_177304499,8,177304499,1.88154955560556e-05,0.271074380165289,2420,0.464807130832668,0.000181121125446142
S8_177315603,8,177315603,7.64287606348128e-09,0.200413223140496,2420,-0.569810732563042,2.81148655192347e-07
S8_177689434,8,177689434,0.597559266556051,0.109504132231405,2420,0.0611853131460691,0.702208835770374
S8_178010589,8,178010589,0.00439703318042536,0.147520661157025,2420,-0.386715865532949,0.015752849307263
S8_178074080,8,178074080,0.455001608602274,0.297933884297521,2420,-0.0821683567116906,0.580373568867298
S8_178286494,8,178286494,0.338635610971992,0.129338842975207,2420,-0.101745721586241,0.470708069232324
S8_178483072,8,178483072,0.0681398215076631,0.381404958677686,2420,-0.197281972398798,0.139808797117317
S8_178554472,8,178554472,0.142759167985875,0.139256198347107,2420,-0.167467409276298,0.247809278503956
S8_178663730,8,178663730,0.375665556212902,0.138223140495868,2420,-0.102573412822323,0.505137758354164
S8_178664475,8,178664475,0.22963714912221,0.138636363636364,2420,-0.138841494955216,0.351027214538375
S8_178915043,8,178915043,0.0193169052806483,0.428719008264463,2420,-0.304729716667339,0.0517461962004362
S8_178961641,8,178961641,0.195047524961757,0.210537190082645,2420,-0.145058533924328,0.311867128941347
S8_179029297,8,179029297,0.271825174852983,0.136157024793388,2420,-0.127541868748608,0.399685838827369
S8_179267039,8,179267039,0.305045052627474,0.324586776859504,2420,-0.127853485239257,0.435175075077975
S8_179438577,8,179438577,0.643877525909697,0.207438016528926,2420,-0.0428815656871109,0.741827574593946
S8_179439574,8,179439574,0.630134747875283,0.20702479338843,2420,-0.0446965233727212,0.728438597431585
S8_179548317,8,179548317,0.0467346410862643,0.416735537190083,2420,0.243082200181334,0.10307640325236
S8_179612437,8,179612437,0.971538800927368,0.185123966942149,2420,-0.0035704193229833,0.979143801326017
S8_179619835,8,179619835,0.214167268702226,0.259297520661157,2420,0.120951688125587,0.333977724092797
S8_179957322,8,179957322,0.116492246604177,0.197727272727273,2420,-0.167569473491056,0.211244742961801
S8_179993351,8,179993351,0.0125506293273377,0.264876033057851,2420,-0.237445345209267,0.0364658623615172
S8_180046179,8,180046179,0.346549264450295,0.287603305785124,2420,-0.0972116637884426,0.478159065483997
S8_180189011,8,180189011,0.0487006719985194,0.40103305785124,2420,-0.227707898713845,0.106050089129968
S8_180782117,8,180782117,0.992645074910615,0.147727272727273,2420,-0.00107932719660653,0.995544719725349
S8_180784833,8,180784833,0.737886384187694,0.143595041322314,2420,0.03908980936842,0.813205153637197
S8_181111566,8,181111566,0.0449490973922059,0.0727272727272727,2420,-0.25752067433686,0.100211191155784
S8_181124334,8,181124334,0.935508547906208,0.192148760330579,2420,0.00815365094950948,0.954033469646925
S8_181296649,8,181296649,0.314465312792082,0.174793388429752,2420,-0.104867414816027,0.445222367252019
S8_181689217,8,181689217,0.352786335150284,0.343801652892562,2420,-0.0918256876589396,0.484429911967204
S8_181689247,8,181689247,0.352786335150284,0.343801652892562,2420,-0.0918256876589396,0.484429911967204
S9_4993690,9,4993690,0.620691821774104,0.150619834710744,2420,0.0676242361083155,0.721435295406023
S9_4995279,9,4995279,0.659073733572895,0.195867768595041,2420,0.0772082937376695,0.755045454005438
S9_8971249,9,8971249,0.493330990987327,0.175413223140496,2420,0.0696842584721082,0.611469218672619
S9_9954525,9,9954525,0.00719145202776785,0.118595041322314,2420,0.3182015123746,0.023279543592606
S9_10304284,9,10304284,0.224906256011132,0.141942148760331,2420,0.118967196397051,0.347932486840557
S9_12406880,9,12406880,0.00799040899934552,0.327272727272727,2420,0.268017234575012,0.0251301412803844
S9_13656461,9,13656461,0.0498591865047603,0.288223140495868,2420,0.181754715564239,0.107888575840133
S9_13943778,9,13943778,0.0103876379601255,0.35599173553719,2420,-0.292731689717471,0.0312844067220153
S9_13973036,9,13973036,0.117131698933405,0.335330578512397,2420,0.181353712137479,0.212031019158888
S9_17661474,9,17661474,0.000122690510289905,0.127479338842975,2420,0.413085764005928,0.000831389642096064
S9_18541531,9,18541531,0.0123313039810057,0.163223140495868,2420,0.299198135158662,0.0359299663378667
S9_18659976,9,18659976,0.000329435479512334,0.137809917355372,2420,-0.351459618752415,0.00191705392032601
S9_19431348,9,19431348,0.60319996544024,0.162396694214876,2420,0.0485940191827581,0.707223636201989
S9_19992784,9,19992784,0.16762430546017,0.345661157024793,2420,-0.142153102477948,0.281193867465758
S9_20057612,9,20057612,0.400962203214261,0.405165289256198,2420,-0.0982303056989622,0.530155416316674
S9_20566593,9,20566593,0.0205701281232598,0.172933884297521,2420,-0.206911599997667,0.0545359896189383
S9_20712634,9,20712634,0.94927339096489,0.118595041322314,2420,-0.00634360482398222,0.962827762376994
S9_22312637,9,22312637,0.78855867907799,0.0419421487603306,2420,-0.0429702025995056,0.851825316675752
S9_22460773,9,22460773,0.195382380386019,0.238842975206612,2420,0.109943972370615,0.311867128941347
S9_22683033,9,22683033,0.799749399634391,0.133264462809917,2420,0.0284523003241617,0.858511601483504
S9_22835170,9,22835170,0.439003224492588,0.151239669421488,2420,0.0787036310730258,0.567700340523999
S9_23908973,9,23908973,0.293152620002902,0.108677685950413,2420,0.111705327135766,0.422997130534324
S9_24533589,9,24533589,0.258294241193325,0.340702479338843,2420,-0.117388660482106,0.383347360848883
S9_25419062,9,25419062,0.156804839060678,0.319214876033058,2420,-0.138013404464232,0.26762052068351
S9_25652799,9,25652799,0.0114121876497674,0.363636363636364,2420,-0.295544761198926,0.0337774519518977
S9_26412649,9,26412649,0.572469185281659,0.261570247933884,2420,-0.0560261880623898,0.681274709231783
S9_27837811,9,27837811,0.00049726788533229,0.0570247933884298,2420,-0.479768780257984,0.00270522389663896
S9_28606394,9,28606394,0.384006865781707,0.188429752066116,2420,0.078603373626251,0.513338185276
S9_29045740,9,29045740,0.862654883875931,0.405371900826446,2420,0.0192171843879123,0.902982246333546
S9_30376560,9,30376560,0.112343416057697,0.129752066115702,2420,0.175207985503349,0.205166167623099
S9_30380175,9,30380175,0.0908068825966057,0.0902892561983471,2420,0.22231021616625,0.174661230764713
S9_30508507,9,30508507,0.163601568337998,0.12995867768595,2420,0.156088630051485,0.276698875842591
S9_30509819,9,30509819,0.0741540359065643,0.0851239669421488,2420,0.236609283226471,0.148308071813129
S9_30603556,9,30603556,0.0393858081337405,0.126859504132231,2420,0.231432499508472,0.0904512427597608
S9_30606494,9,30606494,0.0227692638371555,0.090495867768595,2420,0.298377458539008,0.0595993437160614
S9_33192523,9,33192523,0.0033784420522292,0.0863636363636364,2420,0.392847179492463,0.0126308359847407
S9_34238597,9,34238597,0.00160099324486755,0.299586776859504,2420,-0.294500998011188,0.00700222098604493
S9_34634719,9,34634719,1.25126625028673e-12,0.299586776859504,2420,0.790619737278462,1.51624027975921e-10
S9_40569788,9,40569788,0.245742899755949,0.367768595041322,2420,0.119632143589854,0.368818521319582
S9_42906699,9,42906699,0.367294590681402,0.202685950413223,2420,0.151139495957864,0.498436664561059
S9_44261434,9,44261434,0.00307966288457359,0.181198347107438,2420,0.281428332415459,0.0116834356210342
S9_45193959,9,45193959,0.0522219809611441,0.258057851239669,2420,0.228152541891802,0.111594689605764
S9_45273886,9,45273886,0.260321859343551,0.053099173553719,2420,0.166214344310973,0.385800741185406
S9_45350516,9,45350516,0.862094915301718,0.0923553719008264,2420,0.0199763124488186,0.902854868084158
S9_49342596,9,49342596,0.858449458942429,0.407231404958678,2420,0.0217717055632534,0.901525169791311
S9_51560322,9,51560322,0.564601881381941,0.331198347107438,2420,-0.0608889768002427,0.676209230027208
S9_52535302,9,52535302,0.00502934967637235,0.416735537190083,2420,0.345582863827417,0.0174418524130085
S9_52817392,9,52817392,0.281293554482058,0.365702479338843,2420,-0.127408875190554,0.409805319825347
S9_68785274,9,68785274,0.00137416423954222,0.0913223140495868,2420,0.422778200258946,0.00611399208090059
S9_69024153,9,69024153,0.0329759998249483,0.164876033057851,2420,-0.214577923014758,0.079450946946659
S9_70377286,9,70377286,0.0408607566707725,0.15599173553719,2420,-0.209312668829511,0.0932150152179307
S9_70877809,9,70877809,0.146043464389673,0.155785123966942,2420,-0.14826107791211,0.25239055087477
S9_70878145,9,70878145,0.0991918571138278,0.157231404958678,2420,-0.167621558951893,0.18592832179662
S9_73101689,9,73101689,1.63735654382566e-05,0.161570247933884,2420,0.453196635159372,0.00016138538183162
S9_82307557,9,82307557,0.386160540021216,0.320454545454545,2420,0.089003381590544,0.514880720028288
S9_82881269,9,82881269,0.00241471824510432,0.430578512396694,2420,0.38850884388637,0.00973448059670235
S9_82881561,9,82881561,8.81479943610988e-07,0.45495867768595,2420,0.773714087169878,1.44114974907828e-05
S9_89588752,9,89588752,0.693160265725125,0.231404958677686,2420,-0.0364901449036097,0.779001717072427
S9_92794731,9,92794731,7.94563683353982e-07,0.123347107438017,2420,0.549519284847847,1.33073267293431e-05
S9_93159100,9,93159100,4.95338380396659e-06,0.0886363636363636,2420,0.599157855861463,6.07379204533999e-05
S9_93918483,9,93918483,0.00788306543762127,0.0933884297520661,2420,-0.301746269172554,0.0249066177937114
S9_93980807,9,93980807,0.00225476265153428,0.387809917355372,2420,0.366225231726048,0.00921589496460441
S9_96320344,9,96320344,6.59004732553155e-07,0.040702479338843,2420,-0.777091133770995,1.16029893082009e-05
S9_96749966,9,96749966,0.0200468233139692,0.0834710743801653,2420,0.290339904712567,0.0533545943498406
S9_98196670,9,98196670,6.7106437765692e-05,0.211363636363636,2420,-0.435901517244616,0.000523633567414112
S9_98686714,9,98686714,0.00031051373064707,0.150206611570248,2420,-0.37082757093512,0.0018275951003799
S9_99580960,9,99580960,0.000529789873103752,0.149793388429752,2420,-0.356027352349287,0.00284952255507501
S9_100102144,9,100102144,0.00285321294592424,0.150413223140496,2420,-0.306220756622437,0.0109862031188859
S9_100102169,9,100102169,0.00285321294592424,0.150413223140496,2420,-0.306220756622437,0.0109862031188859
S9_101047446,9,101047446,0.509623163876938,0.266528925619835,2420,-0.0795134690878854,0.62489506999196
S9_101550215,9,101550215,0.0760104590390113,0.348760330578512,2420,-0.212489609107422,0.150387177107188
S9_106076196,9,106076196,0.546935490109066,0.177685950413223,2420,0.059421367071792,0.659266886848845
S9_108321858,9,108321858,0.0504468864935999,0.23202479338843,2420,-0.17178743859921,0.108589954207749
S9_108578090,9,108578090,0.0731919343349272,0.0617768595041322,2420,-0.244094735611569,0.147097936321903
S9_108578128,9,108578128,0.00710492289193714,0.031404958677686,2420,-0.475000466499878,0.023049041192741
S9_111891095,9,111891095,7.80848555349094e-06,0.130578512396694,2420,-0.460806764435205,8.55610651074007e-05
S9_115675404,9,115675404,0.120436083899424,0.090495867768595,2420,-0.187889024754497,0.217630116520012
S9_116220024,9,116220024,0.675545281540937,0.202892561983471,2420,-0.0761788005935387,0.768775474927485
S9_117454544,9,117454544,3.1946806968135e-06,0.318181818181818,2420,0.472865752533863,4.1917466467744e-05
S9_122125436,9,122125436,0.0347052814884292,0.0613636363636364,2420,-0.299524835015845,0.0822342243401927
S9_124773786,9,124773786,0.858213123636543,0.0582644628099174,2420,0.0254590978544655,0.901525169791311
S9_126372054,9,126372054,2.484017289068e-12,0.415495867768595,2420,0.885312786872475,2.32594346158186e-10
S9_126372093,9,126372093,4.68121816029806e-07,0.419834710743802,2420,0.658037941861494,8.68766613532793e-06
S9_126374267,9,126374267,4.68121816029806e-07,0.419834710743802,2420,0.658037941861494,8.68766613532793e-06
S9_127527339,9,127527339,0.000805172218542955,0.215495867768595,2420,0.374214567030833,0.00399675848240599
S9_127789201,9,127789201,0.104085263351149,0.216528925619835,2420,0.178005753966886,0.192819822395115
S9_128523910,9,128523910,5.21438877109489e-11,0.0452479338842975,2420,-0.976307426617012,3.97838550683536e-09
S9_129481422,9,129481422,0.000733102726508492,0.156404958677686,2420,0.419032408624673,0.00371910885239191
S9_129572300,9,129572300,0.787395725029743,0.235537190082645,2420,-0.0314672690256543,0.851015316663835
S9_129572647,9,129572647,0.0310593224554391,0.191942148760331,2420,0.235695998023147,0.0759313449464494
S9_129874362,9,129874362,0.0124027129639796,0.187603305785124,2420,0.27273240478317,0.0360869896974546
S9_131724992,9,131724992,0.606350004245558,0.169628099173554,2420,-0.0528002077475662,0.709943352793885
S9_133208756,9,133208756,0.00579901435251015,0.245247933884298,2420,-0.329324839320691,0.019680345249046
S9_133319015,9,133319015,7.40006118772965e-10,0.106404958677686,2420,-0.681380416300755,4.35546458477802e-08
S9_134231118,9,134231118,0.00117946969249796,0.031404958677686,2420,-0.658131431068867,0.0054486833214019
S9_136741591,9,136741591,0.00345255175320914,0.179132231404959,2420,-0.273267916494447,0.0128845228471211
S9_136741910,9,136741910,0.0324592948059209,0.33202479338843,2420,-0.22261778247605,0.078805899747459
S9_138760923,9,138760923,0.868144440656285,0.0942148760330579,2420,0.0185308210152755,0.907805861803019
S9_139489281,9,139489281,2.45917447873558e-05,0.367768595041322,2420,-0.50252091908726,0.000227170377856291
S9_139489431,9,139489431,1.9472687293914e-06,0.366942148760331,2420,-0.566134205697836,2.74751615242896e-05
S9_139874801,9,139874801,2.87787316524291e-06,0.365909090909091,2420,-0.551109503915598,3.87478347738588e-05
S9_139876736,9,139876736,3.28237471163677e-06,0.366528925619835,2420,-0.547931463719692,4.2755050428934e-05
S9_140350405,9,140350405,0.958422831926731,0.0993801652892562,2420,-0.00578453132757772,0.970149463163537
S9_142328045,9,142328045,0.621964412605253,0.29400826446281,2420,-0.0526346724434745,0.721829121108068
S9_142703131,9,142703131,0.00978187894112197,0.149173553719008,2420,-0.248460583795179,0.0297646537942559
S9_142999534,9,142999534,0.540101380263095,0.319628099173554,2420,-0.0731392071252799,0.65293946205515
S9_143235225,9,143235225,0.0848049747364102,0.218181818181818,2420,-0.160887936407448,0.164809667883967
S9_143822305,9,143822305,0.276076466980061,0.367148760330579,2420,0.108673694510458,0.404781154433399
S9_144225494,9,144225494,0.0132373818277697,0.354338842975207,2420,-0.288184897308895,0.0378543927043283
S9_144690039,9,144690039,3.21200289916761e-05,0.0361570247933884,2420,-0.692826641770864,0.000283979655462888
S9_144834531,9,144834531,2.7142498140453e-06,0.133884297520661,2420,-0.471125431578358,3.67852277429824e-05
S9_144838478,9,144838478,0.000130730185071827,0.124380165289256,2420,-0.395215373631643,0.000868723165316014
S9_144842802,9,144842802,3.21787714334559e-09,0.180785123966942,2420,-0.524019319646627,1.29976998339057e-07
S9_145277076,9,145277076,8.94117722822824e-05,0.310743801652893,2420,-0.419344871177145,0.000657815181791077
S9_145300797,9,145300797,6.07944875896057e-05,0.305578512396694,2420,-0.411813997362174,0.000483539167701111
S9_145300931,9,145300931,7.49061764873415e-05,0.306198347107438,2420,-0.402614683456363,0.000567304130749718
S9_145628125,9,145628125,6.56490522572975e-06,0.359090909090909,2420,-0.532342347573206,7.47166009116203e-05
S9_145782578,9,145782578,0.000343774351422461,0.26797520661157,2420,-0.40985269772051,0.00199485961670499
S9_145818801,9,145818801,0.000414434762506431,0.102272727272727,2420,-0.396405695253804,0.00232625507019958
S9_145936254,9,145936254,0.0077668861155857,0.065702479338843,2420,-0.352688138220955,0.0245772433150638
S9_146460911,9,146460911,2.96065500815668e-09,0.0460743801652893,2420,-0.994716044441205,1.24861500921002e-07
S9_146582623,9,146582623,0.00273366622940616,0.0809917355371901,2420,-0.369086894154648,0.0106654402132134
S9_146910765,9,146910765,0.33293296500532,0.257231404958678,2420,0.0827555541209222,0.464347940359485
S9_146916548,9,146916548,0.160913788468835,0.253305785123967,2420,0.119429543764596,0.272600661386349
S9_147969421,9,147969421,0.0199793926504443,0.252685950413223,2420,-0.199360860952595,0.0533128871242426
S9_149520966,9,149520966,0.75086331193079,0.389876033057851,2420,-0.0353970905476331,0.822754480094377
S9_149709836,9,149709836,0.0128701612319747,0.0487603305785124,2420,-0.391410850842121,0.0371282420216557
S9_150739616,9,150739616,1.60623577583444e-06,0.0570247933884298,2420,-0.665228573028486,2.33017302691474e-05
S9_151108069,9,151108069,0.369275320805446,0.240082644628099,2420,0.0839526766097265,0.500136200433411
S9_151588111,9,151588111,0.000369055042317637,0.35495867768595,2420,0.414291373683113,0.00211769745731012
S9_151732067,9,151732067,0.0294133469191413,0.351652892561983,2420,0.247192920802206,0.0730018007872664
S9_152064276,9,152064276,0.00722489512745897,0.356404958677686,2420,0.31246481479667,0.0232915241980681
S9_152100502,9,152100502,0.0289004084405477,0.358264462809917,2420,0.254954710999755,0.0718946258772079
S9_152231751,9,152231751,0.100395521620165,0.358471074380165,2420,0.192715992370097,0.18767220919922
S9_153224074,9,153224074,0.00328308363163168,0.300413223140496,2420,-0.38492772843756,0.0123415187612432
S9_153224303,9,153224303,0.0140106997792847,0.129132231404959,2420,-0.248100043309222,0.0397001946978355
S9_153295416,9,153295416,0.000239210575096658,0.0597107438016529,2420,-0.498550592815391,0.00147096652148989
S9_153529263,9,153529263,0.326901833881742,0.108057851239669,2420,0.105606435082038,0.45871561969486
S9_153545049,9,153545049,0.00519792798620503,0.0413223140495868,2420,-0.498756314360861,0.0179340738059235
S9_153995457,9,153995457,1.15573055916251e-06,0.325,2420,0.500779709813855,1.83213082318751e-05
S9_154334776,9,154334776,0.755808936614728,0.139256198347107,2420,-0.0324567106577121,0.82685417388547
S9_154848234,9,154848234,0.00987667802571451,0.186363636363636,2420,0.338645104878339,0.0300087857418464
S9_155492839,9,155492839,1.7580940974058e-05,0.346074380165289,2420,0.437896029028195,0.000170833671729055
S9_155493451,9,155493451,5.40718511708488e-05,0.345661157024793,2420,0.41097484305277,0.000436815738870387
S9_155615428,9,155615428,0.56716642808975,0.258471074380165,2420,-0.0490959858999815,0.676919375356248
S9_155890855,9,155890855,0.75826285556166,0.423140495867769,2420,0.0390835029865571,0.828935557149663
S9_155919344,9,155919344,0.00139053621380679,0.100206611570248,2420,-0.366296988594968,0.00617350129405599
S10_134011,10,134011,0.0618850347479927,0.0832644628099174,2420,0.226886742453502,0.12929327746538
S10_576837,10,576837,0.0849017479085166,0.236570247933884,2420,-0.147864145951274,0.164842224968468
S10_579988,10,579988,0.0180797639921058,0.202685950413223,2420,-0.220320874859411,0.0490355510649626
S10_1978209,10,1978209,0.255679957064972,0.227892561983471,2420,0.107082402156209,0.380289322421546
S10_1988995,10,1988995,0.415947901065029,0.30599173553719,2420,0.0791626075124725,0.545418635387625
S10_3535567,10,3535567,0.0382664712967687,0.200826446280992,2420,-0.191986858230493,0.0887713185488102
S10_4226386,10,4226386,0.379486510426082,0.15495867768595,2420,0.0922677506399481,0.50861562230171
S10_4445207,10,4445207,0.177180554461243,0.187809917355372,2420,0.126443137024154,0.292227335620624
S10_4606827,10,4606827,0.893847061647289,0.167561983471074,2420,-0.0128229877234673,0.926685932055066
S10_9206258,10,9206258,0.303058315714399,0.155578512396694,2420,-0.10208187050236,0.43294045102057
S10_11678939,10,11678939,0.9225118575216,0.202272727272727,2420,0.010259109025327,0.943113859302479
S10_11726830,10,11726830,0.0726388022958892,0.272727272727273,2420,0.189451931152092,0.146271683997587
S10_13556481,10,13556481,0.136182481973202,0.22396694214876,2420,-0.133862202976957,0.238550946313602
S10_14895246,10,14895246,0.020437629449447,0.353305785123967,2420,0.278186912257979,0.0543245376333689
S10_18758942,10,18758942,0.0369022574064533,0.351239669421488,2420,0.254340849591699,0.0861889458699477
S10_22620592,10,22620592,0.368308484872534,0.284710743801653,2420,0.0943600331497976,0.499483527871902
S10_26017555,10,26017555,0.558307755559488,0.198553719008264,2420,0.0546166662485916,0.669522560836726
S10_28131693,10,28131693,0.000640424116195068,0.257851239669421,2420,0.332360112285329,0.00331475798834633
S10_31496633,10,31496633,0.282971763037676,0.15702479338843,2420,0.102528419669326,0.411667960351421
S10_34329818,10,34329818,0.00994112875160108,0.0628099173553719,2420,0.328521022522764,0.0301601255203214
S10_37516811,10,37516811,0.389886357265881,0.0642561983471074,2420,0.125063267066977,0.518506065828092
S10_40701952,10,40701952,0.00172896995432032,0.308057851239669,2420,0.331990311669273,0.007380764642272
S10_56393777,10,56393777,0.0553943354105196,0.290909090909091,2420,0.140202704032419,0.117520423219022
S10_57753560,10,57753560,0.0975819519870486,0.306404958677686,2420,0.177303242239134,0.183746637196819
S10_61534784,10,61534784,0.000172882103211022,0.285330578512397,2420,0.407544448870709,0.0011025917418412
S10_67411912,10,67411912,0.442544940403937,0.0785123966942149,2420,0.100157734223345,0.569065279171105
S10_77741095,10,77741095,0.00170034372678094,0.348553719008264,2420,-0.333480293843024,0.00732086359257451
S10_78957561,10,78957561,0.256158379521307,0.100826446280992,2420,0.134252153455975,0.380588655866711
S10_78959506,10,78959506,0.261449098828269,0.100619834710744,2420,0.133016122262518,0.387192770371124
S10_78959606,10,78959606,0.0702976309797595,0.161570247933884,2420,0.18108724061662,0.142532598246363
S10_78960438,10,78960438,0.910937910911155,0.104545454545455,2420,0.0130941830737328,0.935627544750705
S10_78966389,10,78966389,0.202358536564293,0.0995867768595041,2420,0.15143089546622,0.319922168321138
S10_80715492,10,80715492,0.00581359550667715,0.105371900826446,2420,-0.319804335185921,0.0196973795127548
S10_81354226,10,81354226,0.631439349085133,0.112396694214876,2420,-0.0537063036128274,0.729537329845975
S10_82019011,10,82019011,0.148585438347934,0.36797520661157,2420,0.156596368809289,0.255924751669519
S10_82716736,10,82716736,0.0304053849138031,0.26797520661157,2420,0.259721935463858,0.0748328469802082
S10_83314593,10,83314593,0.405199659247571,0.0252066115702479,2420,-0.160699235461976,0.534893448575274
S10_85196318,10,85196318,0.0242051307809816,0.138429752066116,2420,0.221879531150719,0.0621767764462938
S10_85755281,10,85755281,0.417304216556717,0.125826446280992,2420,0.0873355961739009,0.546135586973381
S10_86710839,10,86710839,0.126952248537079,0.227892561983471,2420,0.147742818193535,0.227608034801029
S10_88793097,10,88793097,0.749424750203978,0.162396694214876,2420,0.0303845989769229,0.821615213102818
S10_90419375,10,90419375,0.451197308612906,0.343801652892562,2420,0.0778246711797124,0.57695000356461
S10_97106903,10,97106903,0.80303073050196,0.136157024793388,2420,0.0258345817772323,0.860688504075982
S10_102234728,10,102234728,0.00151380310453671,0.402066115702479,2420,0.386538656334153,0.0066633213575761
S10_109673528,10,109673528,0.319055179359836,0.405165289256198,2420,0.122874582951852,0.450042090982304
S10_110777178,10,110777178,0.00760088249670345,0.401239669421488,2420,0.326578501802658,0.0241260677091049
S10_110777396,10,110777396,0.738291594971232,0.403719008264463,2420,0.041291309062558,0.813205153637197
S10_111491694,10,111491694,0.477871739974121,0.326446280991736,2420,-0.0779931075132367,0.600986437330091
S10_112583610,10,112583610,0.128056531175529,0.359297520661157,2420,-0.162917225046726,0.228791373999644
S10_114996351,10,114996351,0.103630656544447,0.202685950413223,2420,0.14291570486732,0.192369921618532
S10_116328788,10,116328788,0.0962515063251553,0.196280991735537,2420,0.145779854169731,0.182073556501212
S10_116631409,10,116631409,0.487738281701395,0.216942148760331,2420,-0.0684365219414644,0.607459693216172
S10_124062077,10,124062077,0.152397422962746,0.247314049586777,2420,-0.136810877237167,0.260963168165633
S10_126767342,10,126767342,0.472540348064321,0.169834710743802,2420,0.0678027998644239,0.595008017733803
S10_128804415,10,128804415,0.605988344330531,0.244628099173554,2420,-0.0440773510370036,0.709943352793885
S10_129766099,10,129766099,0.0762797799167594,0.372933884297521,2420,0.210244811133066,0.150658050458796
S10_131791443,10,131791443,0.0659031292794794,0.151652892561983,2420,0.18452079770536,0.136032511338404
S10_132069282,10,132069282,2.7101229644714e-05,0.0888429752066116,2420,-0.517504654864908,0.000248126813636049
S10_134595037,10,134595037,0.334773138051926,0.0502066115702479,2420,0.147511584088249,0.466598555065607
S10_134798579,10,134798579,0.0148847082076285,0.0497933884297521,2420,0.370567044296408,0.0416610039506993
S10_135868847,10,135868847,0.681940020206208,0.199380165289256,2420,0.0427215367529357,0.77229051216316
S10_136340251,10,136340251,0.0122869675162575,0.347520661157025,2420,0.314475331926758,0.0358514916196748
S10_136476190,10,136476190,0.571694237878197,0.157438016528926,2420,-0.0535185257235185,0.681139462133653
S10_136482943,10,136482943,0.608914883031117,0.155371900826446,2420,-0.0486507276961134,0.71230247532317
S10_136957021,10,136957021,0.0069259557215678,0.304132231404959,2420,-0.302534651938629,0.0225978769696347
S10_137422024,10,137422024,0.682460888940936,0.374793388429752,2420,0.0505035809978267,0.772430032607382
S10_137623845,10,137623845,0.184521044044617,0.285743801652893,2420,-0.124997496915029,0.299537707432554
S10_138915965,10,138915965,0.00307815722708378,0.0588842975206612,2420,-0.42154879364702,0.0116834356210342
S10_138916149,10,138916149,0.0735724354907894,0.0576446280991736,2420,-0.256790053958142,0.147650376313758
S10_139942865,10,139942865,0.0216231883613421,0.0516528925619835,2420,0.345978097100968,0.0570342740388793
S10_139943338,10,139943338,2.58584910190909e-06,0.275826446280992,2420,0.720418881857483,3.55123276662182e-05
S10_140320829,10,140320829,6.5776661292557e-05,0.271280991735537,2420,0.628738446125624,0.000517175275811707
S10_140929929,10,140929929,0.745356334366171,0.180578512396694,2420,0.0297338581837323,0.818025598718334
S10_141762354,10,141762354,0.200967759225155,0.230165289256198,2420,0.113918064441634,0.318211824753127
S10_142018900,10,142018900,0.724458745470897,0.114256198347107,2420,-0.0405351089632404,0.802357535306477
S10_143185867,10,143185867,0.61533153202736,0.0458677685950413,2420,-0.077548591929812,0.717364434621596
S10_143185873,10,143185873,0.61533153202736,0.0458677685950413,2420,-0.077548591929812,0.717364434621596
S10_144224453,10,144224453,0.234197840644033,0.235123966942149,2420,-0.111366908083625,0.35631281516005
S10_145112713,10,145112713,8.30721005396689e-06,0.203719008264463,2420,-0.407688440312754,9.00676458482726e-05
S10_145588552,10,145588552,2.37210361833778e-08,0.371900826446281,2420,-0.655046870241165,7.403838566327e-07
S10_145607925,10,145607925,2.97000657530539e-09,0.329545454545455,2420,-0.723038166200581,1.24861500921002e-07
S10_145871698,10,145871698,2.71168285872832e-07,0.176446280991736,2420,-0.454888180801362,5.58606668898034e-06
S10_145875510,10,145875510,0.0010372084243266,0.369421487603306,2420,-0.380661176038586,0.00495742309538933
S10_146904768,10,146904768,0.310170128862118,0.171074380165289,2420,-0.122627119083234,0.440048529928349
S10_146916853,10,146916853,1.39796665294578e-05,0.386157024793388,2420,-0.506787244330212,0.000140478600247235
S10_146928552,10,146928552,0.982800182504669,0.121074380165289,2420,0.00260611159461632,0.987049492751511
S10_147173783,10,147173783,0.000293634733455635,0.390495867768595,2420,-0.427344605701421,0.00175329724903945
S10_147282479,10,147282479,0.0331917355201363,0.167148760330579,2420,0.306570651774166,0.0796911132534741
S10_147282490,10,147282490,0.784182466645173,0.337190082644628,2420,-0.0317336009567271,0.849324858721901
S10_147352179,10,147352179,0.000745283265878028,0.0923553719008264,2420,-0.394561516141962,0.00376294982281553
S10_148272189,10,148272189,0.687156404510856,0.38099173553719,2420,-0.04863194201954,0.775189899975265
S10_148510710,10,148510710,0.722120739945999,0.379338842975207,2420,-0.0425885570076616,0.800909347666956
S10_148511076,10,148511076,0.778271147052979,0.37603305785124,2420,-0.0334937785047487,0.846036180965243
S10_149259041,10,149259041,0.593694827455838,0.191942148760331,2420,0.0562821116217265,0.698975030068214
S10_149298931,10,149298931,0.687388801829281,0.401446280991736,2420,0.0487826364248463,0.775189899975265
S10_149394364,10,149394364,0.0117335621890679,0.23099173553719,2420,-0.235396429850908,0.0345301972992569
S10_149474479,10,149474479,1.99379633431713e-07,0.177685950413223,2420,0.637909603577242,4.36938345605668e-06
S10_149508570,10,149508570,0.0628677501904924,0.0723140495867769,2420,-0.259374353397959,0.13082477525488
S10_149647241,10,149647241,0.318949404334594,0.208677685950413,2420,0.108911206868214,0.450042090982304
S10_149717807,10,149717807,0.505344612690942,0.20103305785124,2420,0.0744700527375244,0.621869714542019
S10_149851103,10,149851103,0.182735686952776,0.307851239669421,2420,-0.143819045452631,0.297812907533796
S10_149865723,10,149865723,0.900910085671493,0.379545454545455,2420,-0.0148050814646012,0.931082268918396
S10_150351135,10,150351135,0.255403084626513,0.0564049586776859,2420,-0.158102890220405,0.380151990123278
S10_150646162,10,150646162,8.80938891059269e-06,0.351859504132231,2420,0.459732324158495,9.25884752848007e-05
S10_150711963,10,150711963,0.44109720394929,0.0863636363636364,2420,-0.0870489261749157,0.568554926598192
S10_150733250,10,150733250,0.0586671760636978,0.266735537190083,2420,-0.160480067448617,0.123572988436828
S10_151045975,10,151045975,0.149995647967863,0.199173553719008,2420,0.127782551247407,0.258137873695737
S10_151157757,10,151157757,0.103655637376976,0.134297520661157,2420,-0.170641688383725,0.192369921618532
