SNP,Chr,Pos,P.value,MAF,nobs,Effect,H&B.P.Value
S1_1007742,1,1007742,0.164501768319766,0.453512396694215,2420,-0.207392575306699,0.86496854326013
S1_1020677,1,1020677,0.451901967257483,0.262190082644628,2420,-0.066136453617645,0.952570023568802
S1_2018002,1,2018002,0.135777184917802,0.134504132231405,2420,-0.14358605777754,0.827517754232756
S1_2275970,1,2275970,0.964304502079785,0.221074380165289,2420,-0.00351109976358543,0.998088440896724
S1_2800964,1,2800964,0.0961006536104702,0.108884297520661,2420,-0.169290333036614,0.773309947021753
S1_2811950,1,2811950,0.0750389494797997,0.137396694214876,2420,-0.160969086493481,0.690224833753548
S1_2888631,1,2888631,0.00178501220035868,0.0981404958677686,2420,-0.30768487832209,0.111964636752226
S1_3023078,1,3023078,0.340688981711971,0.113429752066116,2420,-0.0922827820458849,0.926521963957154
S1_3027593,1,3027593,0.787990003717818,0.362809917355372,2420,-0.0329532352119486,0.985867127116323
S1_3113549,1,3113549,0.96872058780955,0.154752066115702,2420,-0.00352749130509267,0.999495612337326
S1_3165324,1,3165324,0.175410781088032,0.185330578512397,2420,0.115937752250176,0.86496854326013
S1_3224170,1,3224170,0.150025865321289,0.233884297520661,2420,0.127341628775838,0.852641732699591
S1_3370337,1,3370337,0.562330609329567,0.0892561983471074,2420,-0.0614747471839365,0.970343676176615
S1_3371362,1,3371362,0.215989292758691,0.403305785123967,2420,0.142625220136665,0.903410667454781
S1_4082864,1,4082864,0.888544220846955,0.361363636363636,2420,0.0144565602216176,0.995527366127917
S1_4083443,1,4083443,0.488200494169019,0.143181818181818,2420,-0.0612447791312292,0.960107860657709
S1_4091412,1,4091412,0.0717330171199221,0.315909090909091,2420,0.198302706697177,0.690152211062022
S1_4860666,1,4860666,0.305516058854378,0.389462809917355,2420,0.110968748077539,0.926521963957154
S1_5050985,1,5050985,0.761771124043779,0.113223140495868,2420,0.0320084630843098,0.985867127116323
S1_5051275,1,5051275,0.425065424213748,0.391528925619835,2420,0.0871419190231677,0.948993942747381
S1_5840281,1,5840281,0.959853706532448,0.0628099173553719,2420,0.00646795254513677,0.996622296097199
S1_6247673,1,6247673,0.789541389639134,0.233057851239669,2420,0.0283205190827971,0.985867127116323
S1_6726074,1,6726074,0.744332362250878,0.181611570247934,2420,0.0342394910838095,0.985867127116323
S1_7019860,1,7019860,0.0981098681673424,0.342148760330579,2420,-0.181993142985789,0.779500061570354
S1_8308877,1,8308877,0.0145203244360624,0.326446280991736,2420,-0.237730717819147,0.474791560925216
S1_8424731,1,8424731,0.842509992332048,0.272520661157025,2420,-0.0163325551856417,0.991188226272997
S1_8614659,1,8614659,0.0528337437213116,0.343388429752066,2420,-0.203548738551831,0.671836494233962
S1_8614992,1,8614992,0.156796068661921,0.305371900826446,2420,-0.130480860960859,0.856763664306518
S1_9818592,1,9818592,0.0252429905931122,0.177892561983471,2420,-0.25840822980382,0.573465838887321
S1_10680837,1,10680837,0.111333549423188,0.313223140495868,2420,0.152175833837305,0.779500061570354
S1_10913935,1,10913935,0.414205934619598,0.316735537190083,2420,0.0930057312013446,0.943131785009253
S1_12066883,1,12066883,0.516917431307974,0.206818181818182,2420,-0.0548481482397278,0.963040516220249
S1_13721542,1,13721542,0.799058780652869,0.335950413223141,2420,-0.0237648683979046,0.985867127116323
S1_17043397,1,17043397,0.945761529214957,0.294421487603306,2420,0.00700140929990312,0.996319602245413
S1_17084072,1,17084072,0.960516118527516,0.259090909090909,2420,-0.0045992308039331,0.996696480601472
S1_17880318,1,17880318,0.135211234733722,0.274173553719008,2420,0.226662039751432,0.826513779084472
S1_19199917,1,19199917,0.990486430710195,0.393595041322314,2420,0.00133085384561582,0.999495612337326
S1_19533759,1,19533759,0.457099066686863,0.177479338842975,2420,0.0642493004094149,0.952570023568802
S1_19817258,1,19817258,0.681219518070791,0.267148760330578,2420,-0.0396758925024301,0.985867127116323
S1_19954785,1,19954785,0.652924409031607,0.106198347107438,2420,-0.0493553454484896,0.985867127116323
S1_21625862,1,21625862,0.806527478521411,0.197520661157025,2420,-0.025224697474556,0.985867127116323
S1_22816035,1,22816035,0.388441413120774,0.264876033057851,2420,-0.0881756177482202,0.938467565144909
S1_22826147,1,22826147,0.405871129440846,0.320867768595041,2420,-0.0761137836582293,0.940232650316441
S1_24749523,1,24749523,0.0450924348840832,0.0795454545454545,2420,0.243429327256706,0.641213904442645
S1_24898795,1,24898795,0.113229800768147,0.273347107438017,2420,0.126175418132192,0.779500061570354
S1_25897362,1,25897362,0.490816813273871,0.236570247933884,2420,0.0529316610195565,0.960192436224286
S1_25904060,1,25904060,0.862851844335211,0.221487603305785,2420,0.0133696202816225,0.995527366127917
S1_25937934,1,25937934,0.732125745904256,0.335330578512397,2420,-0.0316288565306877,0.985867127116323
S1_26652199,1,26652199,0.813251823987611,0.084297520661157,2420,0.0284874667285493,0.985867127116323
S1_27721183,1,27721183,0.249019756345482,0.127479338842975,2420,0.114438348529163,0.919786646507622
S1_27978807,1,27978807,0.678702075705444,0.190082644628099,2420,0.0333995196754842,0.985867127116323
S1_28862889,1,28862889,0.113893389194422,0.145867768595041,2420,0.142172794033073,0.779500061570354
S1_28901698,1,28901698,0.746685396191527,0.138223140495868,2420,-0.0354232798565022,0.985867127116323
S1_28901862,1,28901862,0.979704724938845,0.237190082644628,2420,-0.00216422800761507,0.999495612337326
S1_29134257,1,29134257,0.647750571223926,0.173347107438017,2420,0.0451994469908072,0.985867127116323
S1_29231650,1,29231650,0.942245962194078,0.0816115702479339,2420,-0.00877409661786999,0.996319602245413
S1_29231833,1,29231833,0.89475142485946,0.0863636363636364,2420,0.0157931670585612,0.995527366127917
S1_29238866,1,29238866,0.867303476871416,0.0882231404958678,2420,0.0199572257760252,0.995527366127917
S1_31207798,1,31207798,0.891902777340479,0.171280991735537,2420,0.0139059995312323,0.995527366127917
S1_36920546,1,36920546,0.994570677472881,0.234917355371901,2420,0.000547056189844852,0.999495612337326
S1_38158762,1,38158762,0.393665356873145,0.237603305785124,2420,-0.0705867706350318,0.938467565144909
S1_38176608,1,38176608,0.710700312678138,0.302066115702479,2420,-0.0335092364506693,0.985867127116323
S1_39740428,1,39740428,0.475538055744304,0.12995867768595,2420,-0.0740030720038192,0.952570023568802
S1_39838119,1,39838119,0.469404237384402,0.259297520661157,2420,-0.0590026879180243,0.952570023568802
S1_42912973,1,42912973,0.920000057631419,0.299173553719008,2420,0.0101534675748667,0.996319602245413
S1_42953805,1,42953805,0.904633050295342,0.199173553719008,2420,-0.0100271435690331,0.995527366127917
S1_42966940,1,42966940,0.866559164800794,0.237809917355372,2420,0.0156866945332581,0.995527366127917
S1_42979644,1,42979644,0.887505863848748,0.303099173553719,2420,-0.0145463144562541,0.995527366127917
S1_44793022,1,44793022,0.345860765545218,0.0754132231404959,2420,0.120966073702434,0.926796325695789
S1_45597675,1,45597675,0.851516834009341,0.18698347107438,2420,-0.0158819641549712,0.994462101246914
S1_49461817,1,49461817,0.669309309393765,0.210537190082645,2420,-0.0419126826260197,0.985867127116323
S1_49469580,1,49469580,0.613878611301654,0.242768595041322,2420,-0.0539432003864135,0.970343676176615
S1_49580955,1,49580955,0.549276946338218,0.241942148760331,2420,-0.0641938783961677,0.970343676176615
S1_49594425,1,49594425,0.549276946338218,0.241942148760331,2420,-0.0641938783961677,0.970343676176615
S1_49649087,1,49649087,0.769526789168879,0.242148760330578,2420,-0.0315222843838114,0.985867127116323
S1_49651854,1,49651854,0.909130083531159,0.24297520661157,2420,-0.012220297925353,0.995527366127917
S1_49651956,1,49651956,0.909130083531159,0.24297520661157,2420,-0.012220297925353,0.995527366127917
S1_50588263,1,50588263,0.522694742192882,0.202066115702479,2420,-0.0619820812880221,0.963040516220249
S1_50607304,1,50607304,0.713867341995388,0.211157024793388,2420,-0.0366183992559002,0.985867127116323
S1_51051541,1,51051541,0.144914920648341,0.175413223140496,2420,-0.129632976881425,0.848620023165276
S1_52103257,1,52103257,0.989535676599899,0.276652892561983,2420,-0.00119167361853556,0.999495612337326
S1_53696912,1,53696912,0.644563908008104,0.232851239669421,2420,-0.0413070215255402,0.985867127116323
S1_54271779,1,54271779,0.786352064362865,0.10599173553719,2420,0.0298553540603592,0.985867127116323
S1_54626740,1,54626740,0.920776254833498,0.0431818181818182,2420,0.0172843159743081,0.996319602245413
S1_54626750,1,54626750,0.920776254833498,0.0431818181818182,2420,0.0172843159743081,0.996319602245413
S1_54817368,1,54817368,0.532098705115084,0.264462809917355,2420,0.117674068778797,0.965747429548081
S1_55004474,1,55004474,0.574081702444657,0.341735537190083,2420,0.0665603225888276,0.970343676176615
S1_55146349,1,55146349,0.611797448166392,0.336363636363636,2420,0.0623769230825246,0.970343676176615
S1_55541386,1,55541386,0.060776690445459,0.122314049586777,2420,0.199281931195088,0.690152211062022
S1_61260951,1,61260951,0.52815287565514,0.0809917355371901,2420,-0.0783774150572327,0.965306390886908
S1_61754639,1,61754639,0.203343298618707,0.148140495867769,2420,-0.114759011831765,0.895564557975181
S1_61799908,1,61799908,0.150438561135819,0.203925619834711,2420,0.115769200556485,0.852641732699591
S1_63022674,1,63022674,0.164766295834244,0.285950413223141,2420,0.147103578645272,0.86496854326013
S1_63293951,1,63293951,0.20289441737535,0.376652892561983,2420,0.146556554145377,0.895564557975181
S1_64145901,1,64145901,0.678275785854216,0.0588842975206612,2420,0.0551895982910793,0.985867127116323
S1_65380919,1,65380919,0.438623449060966,0.075,2420,0.115541678700311,0.952570023568802
S1_67232203,1,67232203,0.952261384084606,0.27603305785124,2420,0.00546632785128054,0.996319602245413
S1_67655530,1,67655530,0.736400784568719,0.33801652892562,2420,0.0393462404226739,0.985867127116323
S1_67930774,1,67930774,0.268473359795721,0.341115702479339,2420,0.129846126826806,0.926521963957154
S1_67930852,1,67930852,0.578177291899326,0.178305785123967,2420,-0.0703445804800822,0.970343676176615
S1_68588019,1,68588019,0.450896952265431,0.167768595041322,2420,-0.0674677966974002,0.952570023568802
S1_69884958,1,69884958,0.86455910347584,0.220661157024793,2420,-0.0153459164285437,0.995527366127917
S1_70237562,1,70237562,0.585633500395133,0.280165289256198,2420,0.0465031022391713,0.970343676176615
S1_70237837,1,70237837,0.701305322036447,0.270247933884298,2420,0.0362091498365089,0.985867127116323
S1_70787556,1,70787556,0.569069439976491,0.344834710743802,2420,0.0656060515968875,0.970343676176615
S1_71083982,1,71083982,0.0192340364636636,0.173553719008264,2420,0.209109120704994,0.535433988042527
S1_72143952,1,72143952,0.213241023328931,0.204338842975207,2420,-0.126145295097842,0.903051749901211
S1_72143965,1,72143965,0.0951703331194419,0.183057851239669,2420,-0.176994195428875,0.76882700480804
S1_74028862,1,74028862,0.175587600243366,0.154132231404959,2420,0.132533437310315,0.86496854326013
S1_76061725,1,76061725,0.531074931975538,0.118388429752066,2420,0.0678352686861103,0.965590785410069
S1_79764069,1,79764069,0.228179189434306,0.350206611570248,2420,0.121476053199331,0.903410667454781
S1_79974668,1,79974668,0.440118980220633,0.181611570247934,2420,0.0731754612125997,0.952570023568802
S1_81902385,1,81902385,0.421820489643755,0.132231404958678,2420,-0.0811041471093006,0.948319589149996
S1_82376170,1,82376170,0.770184814790129,0.200413223140496,2420,0.0296371866260472,0.985867127116323
S1_82824904,1,82824904,0.109884590186819,0.184710743801653,2420,0.1522242196788,0.779500061570354
S1_83001157,1,83001157,0.521069419160225,0.10702479338843,2420,0.0726417649096618,0.963040516220249
S1_84350697,1,84350697,0.0478439778963153,0.428719008264463,2420,0.237664578118824,0.650260231646119
S1_85241654,1,85241654,0.925488527079329,0.223760330578512,2420,0.00724610492673605,0.996319602245413
S1_85242735,1,85242735,0.125424297411791,0.131611570247934,2420,0.163045703533641,0.803804627582095
S1_90306830,1,90306830,0.183380786945194,0.407644628099174,2420,0.147980965553757,0.86496854326013
S1_98537890,1,98537890,0.853276204031577,0.170247933884298,2420,0.019712842763937,0.995327848417354
S1_99764648,1,99764648,0.263784048399444,0.103719008264463,2420,0.119583689977901,0.926521963957154
S1_104266693,1,104266693,0.227157345451935,0.269834710743802,2420,0.110141304271821,0.903410667454781
S1_112531942,1,112531942,0.45710768963871,0.36198347107438,2420,-0.0843875627166426,0.952570023568802
S1_154626318,1,154626318,0.0411502478228305,0.344834710743802,2420,0.202789617121425,0.641213904442645
S1_160143536,1,160143536,0.293991379215217,0.138842975206612,2420,0.10820785669361,0.926521963957154
S1_168376973,1,168376973,0.214803571578443,0.147933884297521,2420,0.135911776439286,0.903051749901211
S1_171255509,1,171255509,0.440259687938899,0.274586776859504,2420,0.0679430103906213,0.952570023568802
S1_174893075,1,174893075,0.825923568736257,0.182644628099174,2420,0.0219146956133045,0.985867127116323
S1_175592912,1,175592912,0.780764394801429,0.157438016528926,2420,-0.0403125112811722,0.985867127116323
S1_177307583,1,177307583,0.668716378016666,0.125413223140496,2420,0.0536004641560908,0.985867127116323
S1_177307602,1,177307602,0.668716378016666,0.125413223140496,2420,0.0536004641560908,0.985867127116323
S1_177392527,1,177392527,0.245566307176314,0.068801652892562,2420,-0.130870436912105,0.916424986926099
S1_177392973,1,177392973,0.205391733151925,0.34400826446281,2420,0.144283204615988,0.895564557975181
S1_184392265,1,184392265,0.899019682534243,0.238429752066116,2420,0.0145350595956302,0.995527366127917
S1_186695297,1,186695297,0.523127348374009,0.0481404958677686,2420,-0.0913565787139419,0.963040516220249
S1_188811188,1,188811188,0.752294918196624,0.227892561983471,2420,0.038885432922882,0.985867127116323
S1_188811510,1,188811510,0.817676848323885,0.0832644628099174,2420,0.0290110447322718,0.985867127116323
S1_192214923,1,192214923,0.372102649454712,0.233264462809917,2420,0.0896447049859432,0.927300239750326
S1_193302766,1,193302766,0.188799235536724,0.305165289256198,2420,-0.141910280608045,0.872032343510429
S1_193403593,1,193403593,0.335425583824923,0.191322314049587,2420,0.0288034296353876,0.926521963957154
S1_194747821,1,194747821,0.971085308770874,0.181611570247934,2420,0.00366837619191074,0.999495612337326
S1_194883376,1,194883376,4.4547084435524e-05,0.363842975206612,2420,-0.42272052061924,0.00491134214296086
S1_194883734,1,194883734,0.445022945507339,0.213429752066116,2420,-0.0800876029818198,0.952570023568802
S1_195755225,1,195755225,0.531059479061536,0.352892561983471,2420,0.0821124297751794,0.965590785410069
S1_195765736,1,195765736,0.356939254569404,0.35702479338843,2420,0.121042764325352,0.926796325695789
S1_197658534,1,197658534,0.499678337229198,0.189669421487603,2420,-0.0686397740710163,0.963040516220249
S1_199031309,1,199031309,0.219055228999926,0.11095041322314,2420,-0.14694807100264,0.903410667454781
S1_203690794,1,203690794,0.199448606533408,0.413223140495868,2420,0.179323807234709,0.893182890127868
S1_205867610,1,205867610,0.44640769724612,0.257644628099174,2420,0.0638913423348697,0.952570023568802
S1_206556648,1,206556648,0.750831220802753,0.396900826446281,2420,0.034414750064002,0.985867127116323
S1_210194624,1,210194624,4.474811957306e-06,0.0524793388429752,2420,-0.739096902262623,0.000614540842136691
S1_213603082,1,213603082,0.036720874074185,0.152685950413223,2420,0.222816102028531,0.638343824659506
S1_216085070,1,216085070,0.748035891793398,0.418595041322314,2420,0.0386877887729042,0.985867127116323
S1_216441690,1,216441690,0.178499598700294,0.102479338842975,2420,0.154526110126426,0.86496854326013
S1_217340021,1,217340021,0.10640893467375,0.107438016528926,2420,0.188543873627992,0.779500061570354
S1_218784296,1,218784296,0.39976661556655,0.295247933884298,2420,0.080293967132036,0.938467565144909
S1_220931854,1,220931854,0.95798355829443,0.102892561983471,2420,0.0058615428281712,0.996568802044206
S1_221188116,1,221188116,0.943741766701699,0.0572314049586777,2420,-0.00916311875090514,0.996319602245413
S1_222074998,1,222074998,0.880777606050337,0.155578512396694,2420,0.0169817821258391,0.995527366127917
S1_222145931,1,222145931,0.667798352629675,0.149586776859504,2420,0.0490612742454744,0.985867127116323
S1_224504536,1,224504536,0.39483152455045,0.0706611570247934,2420,0.100886581470988,0.938467565144909
S1_224955996,1,224955996,0.84445829705127,0.173760330578512,2420,-0.0193959970661126,0.992913294478092
S1_225214186,1,225214186,0.802800027289937,0.23099173553719,2420,-0.021388295098518,0.985867127116323
S1_226580848,1,226580848,0.857956886608775,0.172314049586777,2420,0.0153966069350417,0.995527366127917
S1_227214041,1,227214041,0.342865220929591,0.0551652892561983,2420,-0.148134715758204,0.926521963957154
S1_227836197,1,227836197,0.469359412489808,0.172314049586777,2420,-0.0614246655440382,0.952570023568802
S1_228067077,1,228067077,0.266127334646008,0.269214876033058,2420,-0.0893834143026879,0.926521963957154
S1_228777111,1,228777111,0.811003804652026,0.37603305785124,2420,0.0240409734059313,0.985867127116323
S1_229362381,1,229362381,0.553702863038399,0.349793388429752,2420,-0.0612043147844474,0.970343676176615
S1_229614348,1,229614348,0.319719445677189,0.460743801652893,2420,0.14808880841656,0.926521963957154
S1_229624647,1,229624647,0.696837159901507,0.336363636363636,2420,0.0348812119878517,0.985867127116323
S1_231144006,1,231144006,0.3846881717907,0.17004132231405,2420,-0.117151279785901,0.937819685075553
S1_231670600,1,231670600,0.657252121412972,0.246074380165289,2420,0.0506773521740342,0.985867127116323
S1_234071369,1,234071369,0.619769320659429,0.220661157024793,2420,0.0396179209559762,0.975343621511401
S1_237980181,1,237980181,0.95289074820906,0.46198347107438,2420,0.0089009412483847,0.996319602245413
S1_239778934,1,239778934,0.322263177767538,0.152892561983471,2420,-0.108326766367981,0.926521963957154
S1_239779108,1,239779108,0.322263177767538,0.152892561983471,2420,-0.108326766367981,0.926521963957154
S1_239974458,1,239974458,0.250023220140867,0.419214876033058,2420,-0.128596300113713,0.919786646507622
S1_240319705,1,240319705,0.35250454896466,0.239462809917355,2420,-0.0723645712385519,0.926796325695789
S1_245927550,1,245927550,0.518224591255963,0.171694214876033,2420,0.0604347775960434,0.963040516220249
S1_246327000,1,246327000,0.00415598425964158,0.0993801652892562,2420,0.313328087451566,0.203841132734801
S1_246528913,1,246528913,0.796465089911195,0.351239669421488,2420,0.0249126415856722,0.985867127116323
S1_246930727,1,246930727,0.722357928267695,0.0254132231404959,2420,0.0635187574834788,0.985867127116323
S1_250252471,1,250252471,0.190263281756254,0.0774793388429752,2420,-0.165429761877419,0.874855752216877
S1_250258514,1,250258514,0.158537255694538,0.0855371900826446,2420,-0.165474901507551,0.863471940970102
S1_250313669,1,250313669,0.0687986870331649,0.159504132231405,2420,-0.160563606710639,0.690152211062022
S1_251426821,1,251426821,0.178918062879295,0.188429752066116,2420,-0.115438586237644,0.86496854326013
S1_252128005,1,252128005,0.0660206993761926,0.302685950413223,2420,-0.149679945001054,0.690152211062022
S1_252189312,1,252189312,0.648552595152752,0.458677685950413,2420,-0.0678821420505074,0.985867127116323
S1_254268145,1,254268145,0.672036768018065,0.106611570247934,2420,-0.0457956919419615,0.985867127116323
S1_254730123,1,254730123,0.0509088435899454,0.102479338842975,2420,0.197845605474839,0.657429787976974
S1_254731990,1,254731990,0.125643247612347,0.107438016528926,2420,-0.170789823606441,0.803804627582095
S1_254732450,1,254732450,0.378389626939702,0.139049586776859,2420,-0.0872985705875919,0.93383512296741
S1_254738006,1,254738006,0.333299258272652,0.141735537190083,2420,-0.0948016263111526,0.926521963957154
S1_254980069,1,254980069,0.576511978098763,0.286157024793388,2420,-0.0457500437589431,0.970343676176615
S1_255339302,1,255339302,0.160421717407837,0.458264462809917,2420,-0.210457993919363,0.86496854326013
S1_255352181,1,255352181,0.971481761284738,0.379132231404959,2420,-0.00380132190201721,0.999495612337326
S1_257312468,1,257312468,0.169864489270866,0.171280991735537,2420,-0.128411331175272,0.86496854326013
S1_258510992,1,258510992,0.996480015260063,0.0466942148760331,2420,-0.000587420460263388,0.999495612337326
S1_259134135,1,259134135,0.241259815000229,0.233264462809917,2420,-0.128224848106186,0.913292129638446
S1_259401874,1,259401874,0.680007379334285,0.156611570247934,2420,-0.0401182859651499,0.985867127116323
S1_260544980,1,260544980,0.303592873476786,0.428099173553719,2420,-0.123750451562614,0.926521963957154
S1_261456944,1,261456944,0.481706619412917,0.104338842975207,2420,0.0737424764964771,0.955988088622938
S1_261563363,1,261563363,0.179713189837396,0.0413223140495868,2420,0.229446906874628,0.86496854326013
S1_261565696,1,261565696,0.553656619010953,0.269214876033058,2420,-0.0618359122067318,0.970343676176615
S1_262832685,1,262832685,0.784561147819406,0.327685950413223,2420,-0.0241272555057321,0.985867127116323
S1_262984673,1,262984673,0.730431483876305,0.33202479338843,2420,-0.0308796177778277,0.985867127116323
S1_263089262,1,263089262,0.836788448011316,0.265495867768595,2420,-0.0220373480070748,0.988060610459665
S1_263089768,1,263089768,0.525820490703868,0.151652892561983,2420,-0.0716991171134396,0.964550499421165
S1_263869417,1,263869417,0.756493975553795,0.298760330578512,2420,-0.0278185807302691,0.985867127116323
S1_264032977,1,264032977,0.163830913570855,0.452685950413223,2420,-0.194122715994581,0.86496854326013
S1_264033204,1,264033204,0.961860487104721,0.353305785123967,2420,0.00471771154656153,0.996696480601472
S1_268833938,1,268833938,0.455223771149256,0.202685950413223,2420,0.101496813876736,0.952570023568802
S1_269114894,1,269114894,0.687014577237639,0.417355371900826,2420,-0.0461554079923872,0.985867127116323
S1_273735827,1,273735827,0.213668545517922,0.297933884297521,2420,0.123475165719185,0.903051749901211
S1_274475634,1,274475634,0.947617602504641,0.12396694214876,2420,0.00669185470397338,0.996319602245413
S1_275604002,1,275604002,0.134517930637611,0.262396694214876,2420,0.137152565196487,0.826513779084472
S1_275722303,1,275722303,0.340556375517658,0.222933884297521,2420,0.0920832946171117,0.926521963957154
S1_275837252,1,275837252,0.142532551150091,0.196900826446281,2420,0.167099612431514,0.848620023165276
S1_275887092,1,275887092,0.0570412970973312,0.301446280991736,2420,0.178905982760682,0.690152211062022
S1_277707178,1,277707178,0.607913222930383,0.263636363636364,2420,0.085799486172732,0.970343676176615
S1_278757478,1,278757478,0.566230777701433,0.10103305785124,2420,0.0599896374049536,0.970343676176615
S1_278982963,1,278982963,0.182338472092552,0.233884297520661,2420,0.124104890250635,0.86496854326013
S1_281052067,1,281052067,0.21473077183865,0.0892561983471074,2420,0.135951713618823,0.903051749901211
S1_281681637,1,281681637,0.539577490356131,0.293388429752066,2420,-0.056800079309653,0.968456724507647
S1_281860320,1,281860320,0.329733625171731,0.338842975206612,2420,0.103157714694305,0.926521963957154
S1_281860733,1,281860733,0.072570683222653,0.174793388429752,2420,-0.154063343120271,0.690152211062022
S1_281904515,1,281904515,0.984339125338999,0.437190082644628,2420,0.00271148424997136,0.999495612337326
S1_282025244,1,282025244,0.727661946023977,0.179338842975207,2420,0.0318720426592165,0.985867127116323
S1_282332826,1,282332826,0.572174774183963,0.207851239669421,2420,0.0473261749249616,0.970343676176615
S1_282429723,1,282429723,0.280022500705875,0.0966942148760331,2420,-0.123360655559992,0.926521963957154
S1_282430143,1,282430143,0.103954859052065,0.130165289256198,2420,-0.159638062910247,0.779500061570354
S1_282641564,1,282641564,0.793565667784251,0.159504132231405,2420,-0.0233279459817624,0.985867127116323
S1_282866022,1,282866022,0.187881265353856,0.269421487603306,2420,-0.154141169908939,0.871701366281403
S1_282961510,1,282961510,0.840015088963157,0.256198347107438,2420,0.0178813070111516,0.990515788931943
S1_283696325,1,283696325,0.0887455080964603,0.130785123966942,2420,0.211888888409391,0.742364881982197
S1_284567398,1,284567398,0.758267716641464,0.138429752066116,2420,-0.0349222298836196,0.985867127116323
S1_284775241,1,284775241,0.682815053362868,0.212396694214876,2420,0.0377069817573954,0.985867127116323
S1_284776735,1,284776735,0.35448779238768,0.10702479338843,2420,-0.121476051524098,0.926796325695789
S1_284862230,1,284862230,0.997761164801612,0.320867768595041,2420,-0.00034703905060951,0.999495612337326
S1_284896531,1,284896531,0.412120666977277,0.346487603305785,2420,0.0967246554887993,0.943131785009253
S1_285109719,1,285109719,0.224506013596229,0.294421487603306,2420,0.118767727288343,0.903410667454781
S1_285256763,1,285256763,0.896462223343026,0.257231404958678,2420,0.0141044005154072,0.995527366127917
S1_287013302,1,287013302,0.678045174332328,0.178305785123967,2420,0.0374477844177079,0.985867127116323
S1_287112427,1,287112427,0.939871364173375,0.426652892561983,2420,0.0117512364677168,0.996319602245413
S1_287158098,1,287158098,0.382376905535146,0.121694214876033,2420,-0.0926204982038428,0.935526582225893
S1_287767988,1,287767988,0.00275795506647635,0.193181818181818,2420,-0.228451775389017,0.145676600947212
S1_287896811,1,287896811,0.259415288762033,0.361363636363636,2420,0.147813136142645,0.926521963957154
S1_287897109,1,287897109,0.159123621192522,0.234504132231405,2420,0.124364212593434,0.863471940970102
S1_287955406,1,287955406,0.165576843834298,0.113429752066116,2420,-0.151905032651229,0.86496854326013
S1_287995733,1,287995733,0.0371761760068983,0.264669421487603,2420,0.229588567278029,0.638343824659506
S1_288426011,1,288426011,0.0313273276240149,0.210537190082645,2420,-0.196130554324441,0.6108316992221
S1_288426392,1,288426392,0.225679266702982,0.138429752066116,2420,0.0485486227679588,0.903410667454781
S1_289282560,1,289282560,0.872070188846571,0.0739669421487603,2420,-0.0202059644911401,0.995527366127917
S1_289484026,1,289484026,0.460473537502575,0.210123966942149,2420,-0.0630684479579031,0.952570023568802
S1_289558741,1,289558741,0.602837890465374,0.169834710743802,2420,-0.0514846175724131,0.970343676176615
S1_289561097,1,289561097,0.122326597461918,0.0378099173553719,2420,-0.300267006009591,0.800176103176712
S1_290780255,1,290780255,0.509976613965773,0.369421487603306,2420,-0.0861002310391541,0.963040516220249
S1_291863254,1,291863254,0.000205160393849054,0.38202479338843,2420,-0.345398622922814,0.0169052164531621
S1_291904261,1,291904261,0.776117754519161,0.185123966942149,2420,0.0247152579729857,0.985867127116323
S1_291936844,1,291936844,0.181290615712847,0.0824380165289256,2420,-0.178395317400032,0.86496854326013
S1_292131439,1,292131439,0.480643614834228,0.228305785123967,2420,-0.0705076567351171,0.955330579594964
S1_292188211,1,292188211,0.679540767526955,0.237190082644628,2420,0.0332840395560368,0.985867127116323
S1_292189290,1,292189290,0.324388057847538,0.362396694214876,2420,-0.120260521163686,0.926521963957154
S1_292559475,1,292559475,0.325494613085714,0.0834710743801653,2420,0.116116054589753,0.926521963957154
S1_292607286,1,292607286,0.878583683557978,0.0785123966942149,2420,-0.0181959433362948,0.995527366127917
S1_293322158,1,293322158,0.517861805438448,0.115289256198347,2420,-0.0633193412877944,0.963040516220249
S1_293666348,1,293666348,0.499984980129561,0.268388429752066,2420,-0.0611863341459582,0.963040516220249
S1_295606882,1,295606882,0.924774692061313,0.330578512396694,2420,-0.00901069371406038,0.996319602245413
S1_295655169,1,295655169,0.713296416054961,0.330165289256198,2420,-0.0368514904396875,0.985867127116323
S1_295655425,1,295655425,0.512690183840464,0.189876033057851,2420,-0.0598419038813915,0.963040516220249
S1_295841168,1,295841168,0.669629264903424,0.379132231404959,2420,0.0495528921577488,0.985867127116323
S1_295842024,1,295842024,0.305343785837862,0.159297520661157,2420,-0.0903187927256539,0.926521963957154
S1_295847759,1,295847759,0.527343036720803,0.158264462809917,2420,-0.0580738201226438,0.965306390886908
S1_296263882,1,296263882,0.871773408700145,0.23904958677686,2420,0.0129432791632951,0.995527366127917
S1_297129406,1,297129406,0.562815099873127,0.185537190082645,2420,0.0485523712085296,0.970343676176615
S1_297155444,1,297155444,0.275334204313903,0.157438016528926,2420,-0.102443045846854,0.926521963957154
S1_297299124,1,297299124,0.789575870038054,0.129338842975207,2420,0.0259653883724411,0.985867127116323
S1_297835206,1,297835206,0.0614832275129016,0.0152892561983471,2420,0.419970184562501,0.690152211062022
S1_298732606,1,298732606,0.145197223003011,0.197520661157025,2420,0.140073653573012,0.848620023165276
S1_299366946,1,299366946,0.358668378269439,0.0402892561983471,2420,0.138648685626478,0.926796325695789
S1_300685135,1,300685135,0.530267976505595,0.301446280991736,2420,0.0532068179182374,0.965590785410069
S1_300695527,1,300695527,0.541591976159282,0.273347107438017,2420,0.0601758059759732,0.968471762923715
S1_300813218,1,300813218,0.672375253643674,0.279338842975207,2420,0.0393208472935669,0.985867127116323
S1_301040186,1,301040186,0.284535866015129,0.157851239669421,2420,0.0942938050487925,0.926521963957154
S1_301110783,1,301110783,0.876596447112202,0.124586776859504,2420,0.0173012143520737,0.995527366127917
S1_301963810,1,301963810,0.947824552959749,0.0822314049586777,2420,0.00733725301290633,0.996319602245413
S1_301963849,1,301963849,0.0828477810617576,0.12603305785124,2420,0.168227897672764,0.732155916673852
S1_302074583,1,302074583,0.94376032649384,0.41198347107438,2420,-0.00842231253693626,0.996319602245413
S1_302268166,1,302268166,0.939696759041175,0.194628099173554,2420,-0.00653029958937168,0.996319602245413
S1_302268806,1,302268806,0.491846564939459,0.188223140495868,2420,-0.0591278292101265,0.960794478781307
S1_302390178,1,302390178,0.33673494029961,0.225413223140496,2420,0.0747862900891505,0.926521963957154
S1_302444783,1,302444783,0.108184459780431,0.0954545454545455,2420,-0.182665288551249,0.779500061570354
S1_302949773,1,302949773,0.0894263504711519,0.271694214876033,2420,0.164598318874539,0.742815653107149
S1_302964739,1,302964739,0.722530445133111,0.216115702479339,2420,0.0284388919054948,0.985867127116323
S1_302969587,1,302969587,0.237123740977802,0.0572314049586777,2420,-0.151972557722502,0.910253557433231
S1_303116466,1,303116466,0.342286728842278,0.179338842975207,2420,-0.081568495977109,0.926521963957154
S1_303133452,1,303133452,0.489726503346573,0.0768595041322314,2420,-0.0789218778922134,0.960107860657709
S1_303135603,1,303135603,0.214721573182079,0.186363636363636,2420,-0.104409692744099,0.903051749901211
S1_303597643,1,303597643,0.997858704276294,0.113223140495868,2420,0.000268084453182382,0.999495612337326
S1_303600537,1,303600537,0.761820176657749,0.120867768595041,2420,-0.0325665151765975,0.985867127116323
S1_303814543,1,303814543,0.584447145889454,0.131818181818182,2420,-0.0525178134560349,0.970343676176615
S1_303825999,1,303825999,0.204734936447078,0.366528925619835,2420,-0.136390252257002,0.895564557975181
S1_303832934,1,303832934,0.193673465856613,0.36797520661157,2420,-0.139448470501065,0.880722604116165
S1_303847256,1,303847256,0.136369801522061,0.0785123966942149,2420,0.176433861437815,0.828677849957065
S1_304921234,1,304921234,0.51654459215507,0.236363636363636,2420,0.0669167647133122,0.963040516220249
S1_304923212,1,304923212,0.299310176038531,0.158057851239669,2420,0.0951615024044941,0.926521963957154
S1_305086630,1,305086630,0.0609120290376895,0.17004132231405,2420,0.165593719632597,0.690152211062022
S1_305453976,1,305453976,0.336621272836322,0.21797520661157,2420,0.0750632746653821,0.926521963957154
S1_305526698,1,305526698,0.936031517502023,0.169214876033058,2420,-0.00681975257921863,0.996319602245413
S1_306125534,1,306125534,0.348562659012718,0.339669421487603,2420,0.0867315052298068,0.926796325695789
S1_306272682,1,306272682,0.70089915946652,0.137190082644628,2420,-0.0355555792638427,0.985867127116323
S1_306412211,1,306412211,0.324669903331758,0.0944214876033058,2420,0.102700867798248,0.926521963957154
S1_307484303,1,307484303,0.914148872341052,0.185330578512397,2420,-0.00868629806912224,0.996319602245413
S2_1031301,2,1031301,0.563254025709266,0.243595041322314,2420,0.0571846356944263,0.970343676176615
S2_1186838,2,1186838,0.968289126591063,0.296694214876033,2420,-0.00322548328995254,0.999495612337326
S2_1703653,2,1703653,0.807212593381111,0.265289256198347,2420,-0.0200248856285157,0.985867127116323
S2_1817244,2,1817244,0.609574144624493,0.0603305785123967,2420,0.0642447501151224,0.970343676176615
S2_1817603,2,1817603,0.774399398381124,0.254132231404959,2420,-0.0294992446046649,0.985867127116323
S2_1817934,2,1817934,0.522611288363873,0.282644628099174,2420,0.0544638075996033,0.963040516220249
S2_1836809,2,1836809,0.332990891650249,0.258471074380165,2420,0.0959612277880524,0.926521963957154
S2_2386652,2,2386652,0.554506772463885,0.235123966942149,2420,0.0485754810962078,0.970343676176615
S2_2532588,2,2532588,0.577374851175276,0.284297520661157,2420,-0.0840960434437648,0.970343676176615
S2_2627244,2,2627244,0.401519578591485,0.0935950413223141,2420,-0.0907830249593218,0.938467565144909
S2_2627262,2,2627262,0.401519578591485,0.0935950413223141,2420,-0.0907830249593218,0.938467565144909
S2_2627324,2,2627324,0.401519578591485,0.0935950413223141,2420,-0.0907830249593218,0.938467565144909
S2_2631480,2,2631480,0.515607188200577,0.0867768595041322,2420,-0.0740641856178001,0.963040516220249
S2_2926780,2,2926780,0.570641090852594,0.0442148760330578,2420,-0.0828618642706402,0.970343676176615
S2_3382610,2,3382610,0.715160218048849,0.373347107438017,2420,0.0393827243713645,0.985867127116323
S2_4269020,2,4269020,0.746416109922945,0.0185950413223141,2420,0.0674975685143124,0.985867127116323
S2_4413966,2,4413966,0.43524077393264,0.0964876033057851,2420,0.0869934284650782,0.952570023568802
S2_4542405,2,4542405,0.340614141520892,0.0423553719008264,2420,0.138106490087807,0.926521963957154
S2_4588881,2,4588881,0.0595282628225212,0.134090909090909,2420,0.178229130176746,0.690152211062022
S2_4589048,2,4589048,0.0831421763542006,0.141528925619835,2420,0.161566553534115,0.732155916673852
S2_5456337,2,5456337,0.584681684847939,0.0795454545454545,2420,-0.0624464592504097,0.970343676176615
S2_6240783,2,6240783,0.808062178739365,0.346694214876033,2420,0.0229846192124796,0.985867127116323
S2_6242936,2,6242936,0.814907344129308,0.12995867768595,2420,0.0253971305900222,0.985867127116323
S2_6256948,2,6256948,0.315619417260328,0.168595041322314,2420,0.0935410914307511,0.926521963957154
S2_6265132,2,6265132,0.241260332605563,0.378925619834711,2420,0.127374291850856,0.913292129638446
S2_7036759,2,7036759,0.8630986010242,0.100413223140496,2420,0.0187568915424521,0.995527366127917
S2_7378367,2,7378367,0.0662447865067405,0.0964876033057851,2420,-0.19277738331246,0.690152211062022
S2_7378516,2,7378516,0.0447999172892367,0.263636363636364,2420,0.179176704529311,0.641213904442645
S2_7563816,2,7563816,0.00763351396392083,0.289669421487603,2420,0.223302692976546,0.29120442158661
S2_7873874,2,7873874,0.26509145531288,0.120247933884298,2420,0.117561208939549,0.926521963957154
S2_8726771,2,8726771,0.0857871374493249,0.120867768595041,2420,0.178689348794506,0.736339596440039
S2_9227661,2,9227661,0.011330705735375,0.0853305785123967,2420,0.299603420472152,0.402435410601249
S2_9327647,2,9327647,0.0724511501394554,0.228305785123967,2420,0.157376825268614,0.690152211062022
S2_9358059,2,9358059,0.244804883511791,0.289669421487603,2420,0.0967382310836626,0.915241488265497
S2_9442286,2,9442286,0.0155679185797473,0.288842975206612,2420,0.231195141083788,0.489181436482546
S2_10412192,2,10412192,0.228946662783682,0.270867768595041,2420,0.101749532468432,0.903410667454781
S2_10418334,2,10418334,0.0724516167284514,0.172727272727273,2420,0.153388740422301,0.690152211062022
S2_10607019,2,10607019,0.0144000339996972,0.0880165289256198,2420,0.290361312115763,0.474791560925216
S2_10607249,2,10607249,0.0220241532124789,0.0892561983471074,2420,0.270090295148819,0.573465838887321
S2_10777567,2,10777567,0.0654820938685192,0.228925619834711,2420,0.160993494871462,0.690152211062022
S2_11877524,2,11877524,0.0482590186340884,0.0863636363636364,2420,0.236026351797705,0.650260231646119
S2_12181925,2,12181925,0.0597249077985355,0.412603305785124,2420,0.214589417579191,0.690152211062022
S2_12448967,2,12448967,0.230081687611796,0.412190082644628,2420,0.139256829368492,0.903410667454781
S2_12512623,2,12512623,0.748259485008319,0.0919421487603306,2420,-0.0361274998442838,0.985867127116323
S2_12539331,2,12539331,0.124778645631723,0.0458677685950413,2420,-0.222819516830256,0.803804627582095
S2_12857644,2,12857644,0.382385137006894,0.0365702479338843,2420,0.144825174908107,0.935526582225893
S2_13163519,2,13163519,0.0974083339334727,0.0590909090909091,2420,-0.256121508867608,0.777756464740131
S2_13838433,2,13838433,0.332399893721211,0.145661157024793,2420,0.119343465626429,0.926521963957154
S2_14262838,2,14262838,0.236570527949976,0.28099173553719,2420,0.159896275338383,0.910253557433231
S2_14263620,2,14263620,0.0421079361728532,0.282851239669421,2420,0.271656664952843,0.641213904442645
S2_14334805,2,14334805,0.222322072233765,0.0929752066115702,2420,0.135957901803309,0.903410667454781
S2_15000603,2,15000603,0.025025283571214,0.285950413223141,2420,0.229388429345988,0.573465838887321
S2_15153785,2,15153785,0.14516001176354,0.25599173553719,2420,0.126439283762124,0.848620023165276
S2_15463005,2,15463005,0.778374986642773,0.144421487603306,2420,0.0363935159407447,0.985867127116323
S2_16203011,2,16203011,0.283178001475529,0.348760330578512,2420,0.11960588990371,0.926521963957154
S2_16521276,2,16521276,0.569613555633707,0.314462809917355,2420,0.0677972140168777,0.970343676176615
S2_16864137,2,16864137,0.473104128548877,0.0985537190082645,2420,-0.0831081927453852,0.952570023568802
S2_16915464,2,16915464,0.372064874231355,0.0803719008264463,2420,-0.105619564336791,0.927300239750326
S2_16970778,2,16970778,0.306509972807006,0.0971074380165289,2420,-0.110726109737683,0.926521963957154
S2_16989115,2,16989115,0.57391021599274,0.317355371900826,2420,-0.0665382972111956,0.970343676176615
S2_16989298,2,16989298,0.986731420309934,0.258057851239669,2420,0.00166197694653647,0.999495612337326
S2_18901095,2,18901095,0.219293825149529,0.227479338842975,2420,0.131263898379984,0.903410667454781
S2_19041249,2,19041249,0.361433578167793,0.119214876033058,2420,0.0980977126965286,0.927300239750326
S2_19420024,2,19420024,0.176845481942507,0.262809917355372,2420,0.114883741475353,0.86496854326013
S2_19420945,2,19420945,0.445148292200997,0.0929752066115702,2420,-0.0868707449914297,0.952570023568802
S2_20573368,2,20573368,0.0598283846068193,0.360537190082645,2420,0.189845691003597,0.690152211062022
S2_21862521,2,21862521,0.280882131972928,0.0566115702479339,2420,0.152200131736862,0.926521963957154
S2_21863424,2,21863424,0.571024888054579,0.0535123966942149,2420,0.0816070088133642,0.970343676176615
S2_23121387,2,23121387,0.241623403229589,0.30103305785124,2420,0.147137939556842,0.913292129638446
S2_23345860,2,23345860,0.00101428064450663,0.30103305785124,2420,-0.215641515162391,0.0720489009546091
S2_24208693,2,24208693,0.683944152678484,0.184710743801653,2420,0.0560334057828413,0.985867127116323
S2_24394755,2,24394755,0.332860030671616,0.104338842975207,2420,0.130734685673218,0.926521963957154
S2_24396833,2,24396833,0.301850800944101,0.214876033057851,2420,0.136861830686428,0.926521963957154
S2_24840757,2,24840757,0.836820673054099,0.129545454545455,2420,-0.0214418586310785,0.988060610459665
S2_24985120,2,24985120,0.5660065384519,0.297107438016529,2420,-0.090507493212499,0.970343676176615
S2_25700144,2,25700144,0.210701504858334,0.327272727272727,2420,0.154414349543117,0.902418283626863
S2_28997989,2,28997989,0.0156728033047806,0.199173553719008,2420,0.233002236914473,0.489181436482546
S2_31910227,2,31910227,0.691507368968314,0.23904958677686,2420,-0.0455624878291587,0.985867127116323
S2_33151923,2,33151923,0.462420441480183,0.208057851239669,2420,0.0723771755421296,0.952570023568802
S2_34908344,2,34908344,0.118950835713791,0.0894628099173554,2420,-0.181613673466487,0.79236916338937
S2_36016162,2,36016162,0.959610185495556,0.0830578512396694,2420,0.00623651535765646,0.996622296097199
S2_38098248,2,38098248,0.577567745585162,0.187396694214876,2420,0.0545949183310483,0.970343676176615
S2_39673401,2,39673401,0.992601296765549,0.18595041322314,2420,0.00128295031902326,0.999495612337326
S2_41252709,2,41252709,0.684349139857962,0.0568181818181818,2420,-0.0584133678717791,0.985867127116323
S2_41252814,2,41252814,0.700184154104847,0.0634297520661157,2420,-0.0534721338498372,0.985867127116323
S2_41698654,2,41698654,0.425226056296317,0.216322314049587,2420,-0.0685209083315215,0.948993942747381
S2_41789172,2,41789172,0.29327961434085,0.0760330578512397,2420,0.134576384724824,0.926521963957154
S2_42149885,2,42149885,0.820096106160633,0.339669421487603,2420,-0.0249880900728385,0.985867127116323
S2_44236866,2,44236866,0.0884761812856674,0.112396694214876,2420,0.187563330317147,0.742364881982197
S2_44764987,2,44764987,0.96975726928065,0.236776859504132,2420,0.00294430096744236,0.999495612337326
S2_44995641,2,44995641,0.0848492823646779,0.105165289256198,2420,0.202602594286105,0.736339596440039
S2_46237998,2,46237998,0.744446317562343,0.239462809917355,2420,-0.0317597537091103,0.985867127116323
S2_48798382,2,48798382,0.909658778093494,0.0888429752066116,2420,-0.0134238554963559,0.995527366127917
S2_48798392,2,48798392,0.909658778093494,0.0888429752066116,2420,-0.0134238554963559,0.995527366127917
S2_48924032,2,48924032,0.0605043696027239,0.120867768595041,2420,-0.194509365921704,0.690152211062022
S2_60778442,2,60778442,0.323284588847406,0.269834710743802,2420,-0.0991708583887885,0.926521963957154
S2_62113765,2,62113765,0.436339283284378,0.350206611570248,2420,0.0946514243934189,0.952570023568802
S2_67297640,2,67297640,0.492986056954373,0.395661157024793,2420,0.0832282271821896,0.960794478781307
S2_72016500,2,72016500,0.90998933515479,0.131818181818182,2420,-0.0116860863593899,0.995527366127917
S2_73631324,2,73631324,0.331324103406112,0.17995867768595,2420,0.0860974452086225,0.926521963957154
S2_74218926,2,74218926,0.559021453199314,0.068595041322314,2420,0.0804932923614672,0.970343676176615
S2_82880191,2,82880191,0.462178434844793,0.433264462809917,2420,0.0952840067565148,0.952570023568802
S2_88775207,2,88775207,0.950125860030374,0.167148760330579,2420,-0.00610824060893833,0.996319602245413
S2_93026118,2,93026118,0.826449294458869,0.208884297520661,2420,-0.0292055578507302,0.985867127116323
S2_104739030,2,104739030,0.346455533409648,0.211570247933884,2420,-0.110831150560841,0.926796325695789
S2_114366475,2,114366475,0.0200574747247339,0.0328512396694215,2420,-0.380352115116239,0.550911972439359
S2_115955959,2,115955959,0.504952509424242,0.176652892561983,2420,-0.0591546885535479,0.963040516220249
S2_117129501,2,117129501,0.544408088271236,0.434504132231405,2420,0.0811257284066187,0.968544002889876
S2_117153121,2,117153121,0.352281142547896,0.363223140495868,2420,0.106411280461771,0.926796325695789
S2_117944462,2,117944462,0.389259670115164,0.0745867768595041,2420,0.107777374400584,0.938467565144909
S2_124790414,2,124790414,0.854536804528112,0.337396694214876,2420,0.0203889181011618,0.995527366127917
S2_132258688,2,132258688,0.563816955978884,0.437396694214876,2420,0.0811626129478782,0.970343676176615
S2_132258727,2,132258727,0.398688637106204,0.439669421487603,2420,0.120788175309826,0.938467565144909
S2_132660876,2,132660876,0.814923050892915,0.387603305785124,2420,0.0281188410510822,0.985867127116323
S2_136136229,2,136136229,0.470811212214911,0.302066115702479,2420,0.0857574981495759,0.952570023568802
S2_138368017,2,138368017,0.725190704532058,0.27603305785124,2420,0.0345518198428181,0.985867127116323
S2_140636955,2,140636955,0.476780019987367,0.26900826446281,2420,-0.130261467622631,0.952570023568802
S2_140637074,2,140637074,0.00036167004522348,0.235537190082645,2420,-0.242337509662847,0.0275940849318655
S2_144238392,2,144238392,0.207572153711094,0.100619834710744,2420,0.165553394068922,0.897085777120472
S2_144711138,2,144711138,0.175042649734849,0.224380165289256,2420,0.143120112130617,0.86496854326013
S2_148340343,2,148340343,0.392551428585009,0.220454545454545,2420,-0.080259901247075,0.938467565144909
S2_149286050,2,149286050,0.237173466945973,0.270661157024793,2420,0.102749749643863,0.910253557433231
S2_149286155,2,149286155,0.949357092178204,0.155578512396694,2420,-0.00607887245425331,0.996319602245413
S2_150333739,2,150333739,0.932120482762721,0.223347107438017,2420,0.00795745821912419,0.996319602245413
S2_150333856,2,150333856,0.899470756039341,0.223140495867769,2420,-0.0118188987878227,0.995527366127917
S2_150358319,2,150358319,0.37897386543726,0.148553719008264,2420,0.10364769250566,0.93383512296741
S2_150740548,2,150740548,0.00636349157619559,0.349173553719008,2420,-0.239028121341666,0.270994129021319
S2_151392770,2,151392770,0.571389517881055,0.230165289256198,2420,-0.0603723927033002,0.970343676176615
S2_151627004,2,151627004,0.700022564849955,0.23801652892562,2420,-0.0404112230853571,0.985867127116323
S2_151666689,2,151666689,0.666325836776723,0.239256198347107,2420,-0.045572837728173,0.985867127116323
S2_154372022,2,154372022,0.207723260041973,0.18595041322314,2420,0.123025258578707,0.897085777120472
S2_155999724,2,155999724,0.115883873165029,0.169214876033058,2420,0.171401044252775,0.787857355511416
S2_157711561,2,157711561,0.763256327320421,0.0787190082644628,2420,-0.0398479459896635,0.985867127116323
S2_158507139,2,158507139,0.906811439517901,0.119628099173554,2420,-0.012897234042498,0.995527366127917
S2_161226600,2,161226600,0.402935991719959,0.35,2420,0.0972325029700301,0.938467565144909
S2_161539433,2,161539433,0.61359635024321,0.134917355371901,2420,0.068050680368259,0.970343676176615
S2_162066636,2,162066636,0.939781078967395,0.106818181818182,2420,0.00823719403847178,0.996319602245413
S2_162271385,2,162271385,0.743053535027512,0.0962809917355372,2420,0.0351856411337792,0.985867127116323
S2_162875198,2,162875198,0.808374781173102,0.100206611570248,2420,0.0258207160851356,0.985867127116323
S2_162911496,2,162911496,0.510757322327535,0.302066115702479,2420,0.0680039560699583,0.963040516220249
S2_167022852,2,167022852,0.043235756930927,0.443595041322314,2420,0.284735336601557,0.641213904442645
S2_169534289,2,169534289,0.907869376191439,0.0989669421487603,2420,-0.0122377522613988,0.995527366127917
S2_173429896,2,173429896,0.304514611378138,0.120454545454545,2420,-0.118098521688808,0.926521963957154
S2_173444037,2,173444037,0.337529678187202,0.106198347107438,2420,0.100552221987101,0.926521963957154
S2_175277302,2,175277302,0.683058180944297,0.0853305785123967,2420,0.0446782896338647,0.985867127116323
S2_178994407,2,178994407,0.306915978511072,0.40495867768595,2420,0.117709337898987,0.926521963957154
S2_179127811,2,179127811,0.701735752564549,0.196900826446281,2420,0.0406854330975079,0.985867127116323
S2_181424418,2,181424418,0.765531068670913,0.0729338842975207,2420,-0.0381074991246635,0.985867127116323
S2_181739483,2,181739483,0.903609780676707,0.350619834710744,2420,0.0184130082723186,0.995527366127917
S2_181739622,2,181739622,0.903609780676707,0.350619834710744,2420,0.0184130082723186,0.995527366127917
S2_184952096,2,184952096,0.793431788891201,0.112396694214876,2420,0.0261846103648793,0.985867127116323
S2_187290798,2,187290798,0.300561286082811,0.319628099173554,2420,-0.124550095925372,0.926521963957154
S2_187653788,2,187653788,0.998856089059586,0.166115702479339,2420,-0.000194466757307055,0.999826794685494
S2_188429757,2,188429757,0.251041087939259,0.359297520661157,2420,-0.116339543333027,0.919786646507622
S2_189040174,2,189040174,0.700681899135318,0.378512396694215,2420,-0.0404631322994078,0.985867127116323
S2_189040821,2,189040821,0.559712995820189,0.306198347107438,2420,0.0579945128266104,0.970343676176615
S2_189167046,2,189167046,0.596579067650471,0.0752066115702479,2420,0.0623806839091969,0.970343676176615
S2_189169925,2,189169925,0.198123395277066,0.33099173553719,2420,-0.130605517112826,0.893072635165769
S2_189195850,2,189195850,0.631269372031373,0.329132231404959,2420,-0.0489108031714522,0.983618128350512
S2_189818418,2,189818418,0.678712459333805,0.223347107438017,2420,-0.0359113549510255,0.985867127116323
S2_189823400,2,189823400,0.237364964989801,0.31198347107438,2420,-0.114200916591244,0.910253557433231
S2_189882931,2,189882931,0.456356553925534,0.323347107438017,2420,-0.0664070956648288,0.952570023568802
S2_190430367,2,190430367,0.322668189721586,0.16301652892562,2420,0.0923088419684746,0.926521963957154
S2_190713004,2,190713004,0.504173117509722,0.147107438016529,2420,0.0676468749199728,0.963040516220249
S2_191468717,2,191468717,0.987848204483494,0.243801652892562,2420,0.00135120046610382,0.999495612337326
S2_192530227,2,192530227,0.660253051181783,0.104752066115702,2420,0.0426834611817668,0.985867127116323
S2_192850486,2,192850486,0.285371337625932,0.269214876033058,2420,-0.104299869605654,0.926521963957154
S2_192974313,2,192974313,0.27940184342752,0.0787190082644628,2420,-0.137260144013695,0.926521963957154
S2_193261776,2,193261776,0.180138991284053,0.0814049586776859,2420,-0.166508600204921,0.86496854326013
S2_193792543,2,193792543,0.252282115682931,0.0962809917355372,2420,-0.132501698806266,0.919825058950155
S2_193792893,2,193792893,0.228214278834157,0.231198347107438,2420,-0.101737393961599,0.903410667454781
S2_193989230,2,193989230,0.734519761841712,0.0568181818181818,2420,0.0455614952740149,0.985867127116323
S2_193991522,2,193991522,0.290873876137954,0.129132231404959,2420,-0.11930902766079,0.926521963957154
S2_194547427,2,194547427,0.273777587694119,0.283057851239669,2420,-0.0929764672098656,0.926521963957154
S2_194547942,2,194547942,0.795298306383107,0.119214876033058,2420,0.0245710145886449,0.985867127116323
S2_195406855,2,195406855,0.734690773096628,0.284297520661157,2420,-0.032754950767071,0.985867127116323
S2_195408641,2,195408641,0.334255304903273,0.104545454545455,2420,-0.100179454871764,0.926521963957154
S2_196878904,2,196878904,0.716137323184278,0.279132231404959,2420,-0.052178494287773,0.985867127116323
S2_197247863,2,197247863,0.925251052583577,0.197520661157025,2420,-0.00863504667526627,0.996319602245413
S2_197758561,2,197758561,0.344960710787095,0.195867768595041,2420,-0.0841277988366755,0.926796325695789
S2_197761141,2,197761141,0.959000542766356,0.235123966942149,2420,-0.00487843176665592,0.996622296097199
S2_197962563,2,197962563,0.654597183140188,0.144214876033058,2420,-0.0528913595920244,0.985867127116323
S2_198556024,2,198556024,0.486514246114949,0.192768595041322,2420,-0.0669721409186934,0.960027657657505
S2_199239268,2,199239268,0.827594379628311,0.314669421487603,2420,-0.0213766675987017,0.985867127116323
S2_199610100,2,199610100,0.414527010315538,0.160123966942149,2420,-0.0741740776101381,0.943131785009253
S2_199704028,2,199704028,0.439966877503845,0.423140495867769,2420,-0.0956003165193806,0.952570023568802
S2_199704388,2,199704388,0.897869039582891,0.330165289256198,2420,0.0151999684355246,0.995527366127917
S2_200229025,2,200229025,0.918926048382925,0.0574380165289256,2420,-0.0142054433244851,0.996319602245413
S2_200233111,2,200233111,0.118913708555724,0.156818181818182,2420,-0.14230416772449,0.79236916338937
S2_200234031,2,200234031,0.479663475866457,0.0754132231404959,2420,-0.0883115297195474,0.955330579594964
S2_201010696,2,201010696,0.702194999191763,0.0770661157024793,2420,0.054232742788713,0.985867127116323
S2_201011054,2,201011054,0.877820955364115,0.0609504132231405,2420,-0.0198371516922577,0.995527366127917
S2_201094706,2,201094706,0.0278480637386794,0.346280991735537,2420,-0.212604137756273,0.597573034392495
S2_201094903,2,201094903,0.0704812440370959,0.347520661157025,2420,-0.174400160668029,0.690152211062022
S2_201513815,2,201513815,0.729173273946361,0.127066115702479,2420,-0.0345673993658409,0.985867127116323
S2_202173051,2,202173051,0.355689001691955,0.125206611570248,2420,-0.0934151426393726,0.926796325695789
S2_202955424,2,202955424,0.232852375388895,0.0989669421487603,2420,-0.132231103612597,0.90504885528514
S2_204383795,2,204383795,0.124727897449141,0.0485537190082645,2420,-0.218082980020242,0.803804627582095
S2_205022921,2,205022921,0.029365536171111,0.300619834710744,2420,-0.17401475526384,0.6108316992221
S2_205022931,2,205022931,0.0360370659326978,0.319628099173554,2420,-0.177989871266391,0.638343824659506
S2_205202588,2,205202588,0.94221247507675,0.178925619834711,2420,-0.0057693189414465,0.996319602245413
S2_205275866,2,205275866,0.816701366779704,0.0803719008264463,2420,-0.0256969147285844,0.985867127116323
S2_205276152,2,205276152,0.613419615975734,0.152685950413223,2420,-0.0437089952679059,0.970343676176615
S2_205556555,2,205556555,0.954242026810777,0.0502066115702479,2420,0.00846419438884993,0.996319602245413
S2_205777757,2,205777757,0.180586362359822,0.0952479338842975,2420,-0.156710470882274,0.86496854326013
S2_206300482,2,206300482,0.822067673041007,0.32603305785124,2420,-0.0207458309486697,0.985867127116323
S2_208410219,2,208410219,0.091355146458989,0.425413223140496,2420,-0.215085580239588,0.751324774437237
S2_208820696,2,208820696,0.145736017704263,0.0787190082644628,2420,-0.161751935745087,0.848620023165276
S2_208945675,2,208945675,0.599703291382584,0.153719008264463,2420,-0.0487510686240284,0.970343676176615
S2_208958619,2,208958619,0.613783263158819,0.152892561983471,2420,-0.0470103241071342,0.970343676176615
S2_209289593,2,209289593,0.350798346469197,0.122727272727273,2420,-0.0878906541061326,0.926796325695789
S2_209561904,2,209561904,0.187246726076774,0.343801652892562,2420,-0.157962247126591,0.870718410198992
S2_209877341,2,209877341,0.399997778897923,0.0733471074380165,2420,-0.0980798182189062,0.938467565144909
S2_210221330,2,210221330,0.861386959744397,0.264256198347107,2420,0.0205357518694882,0.995527366127917
S2_210745995,2,210745995,0.112421511213857,0.339669421487603,2420,-0.144390899790096,0.779500061570354
S2_211713899,2,211713899,0.230451128162259,0.12396694214876,2420,-0.148223589590572,0.903410667454781
S2_212609997,2,212609997,0.000951607875850802,0.0890495867768595,2420,-1.02701689719788,0.0700111508661661
S2_212614021,2,212614021,2.33145718376044e-08,0.331818181818182,2420,0.841088887271404,8.69692713487059e-06
S2_212883158,2,212883158,0.252754102777121,0.36198347107438,2420,-0.136091121053937,0.919917759224152
S2_213741185,2,213741185,0.925567266890737,0.30702479338843,2420,-0.00916691557102922,0.996319602245413
S2_214011697,2,214011697,0.735152977631857,0.336157024793388,2420,-0.0315628043636025,0.985867127116323
S2_214128791,2,214128791,0.651542657886782,0.196694214876033,2420,-0.0473108959265005,0.985867127116323
S2_214213682,2,214213682,5.82890656940478e-05,0.0894628099173554,2420,-0.757703999030556,0.00600377376648692
S2_214779597,2,214779597,0.975841578298621,0.062396694214876,2420,0.00378675180300547,0.999495612337326
S2_215426572,2,215426572,0.808075475620584,0.229132231404959,2420,0.0211405713797888,0.985867127116323
S2_215945846,2,215945846,0.807851219184483,0.156198347107438,2420,0.0269181074416167,0.985867127116323
S2_216030260,2,216030260,0.0638598065607595,0.0398760330578512,2420,-0.2877302226551,0.690152211062022
S2_216743479,2,216743479,0.747197509276115,0.144214876033058,2420,0.0390433712648246,0.985867127116323
S2_216746125,2,216746125,0.710231648187448,0.314462809917355,2420,0.0325208691494936,0.985867127116323
S2_216746460,2,216746460,0.903554576083056,0.393801652892562,2420,0.0144205322172866,0.995527366127917
S2_217264737,2,217264737,0.958350872257074,0.335743801652893,2420,0.00597538450517732,0.996568802044206
S2_218076984,2,218076984,0.758559836078276,0.0993801652892562,2420,0.0351979217544596,0.985867127116323
S2_218077581,2,218077581,0.278776367320772,0.147933884297521,2420,0.104035483621544,0.926521963957154
S2_218077607,2,218077607,0.278776367320772,0.147933884297521,2420,0.104035483621544,0.926521963957154
S2_219318723,2,219318723,0.340218478006254,0.344214876033058,2420,0.113820307783101,0.926521963957154
S2_219337032,2,219337032,0.563288487387813,0.0621900826446281,2420,0.0768530853409999,0.970343676176615
S2_219587333,2,219587333,0.677947647108636,0.384710743801653,2420,0.0507181371633578,0.985867127116323
S2_219942280,2,219942280,0.929578199106984,0.0613636363636364,2420,0.0120564890913073,0.996319602245413
S2_220581154,2,220581154,0.477129048392481,0.175,2420,0.0650920403701889,0.952570023568802
S2_220815115,2,220815115,0.716662195284357,0.131611570247934,2420,0.0401176620140689,0.985867127116323
S2_220863128,2,220863128,6.32931682474929e-05,0.0566115702479339,2420,-0.510857436374224,0.00620875840903978
S2_220944251,2,220944251,0.830856216737826,0.328719008264463,2420,0.0248023970004851,0.986492107481223
S2_221273186,2,221273186,0.191192295690564,0.212809917355372,2420,-0.113131646308233,0.874855752216877
S2_221287133,2,221287133,0.898135482514982,0.292768595041322,2420,0.0125926744192384,0.995527366127917
S2_221293612,2,221293612,0.881074394478773,0.185123966942149,2420,-0.0202750876625828,0.995527366127917
S2_221735220,2,221735220,0.785517325469191,0.356818181818182,2420,-0.0279108804642192,0.985867127116323
S2_221757449,2,221757449,0.147099153940887,0.351446280991736,2420,-0.149262998727806,0.849664681124676
S2_221828300,2,221828300,0.333034598849952,0.258677685950413,2420,-0.096422240256743,0.926521963957154
S2_222214859,2,222214859,0.365567798980639,0.33801652892562,2420,-0.0956465954621422,0.927300239750326
S2_222281423,2,222281423,0.150782868198756,0.0787190082644628,2420,-0.178460738654252,0.852641732699591
S2_222315237,2,222315237,0.951265356852613,0.126859504132231,2420,-0.00595660010489496,0.996319602245413
S2_222352200,2,222352200,0.847891889439603,0.359917355371901,2420,-0.0223310834164749,0.994113427572898
S2_222357904,2,222357904,0.583602797743359,0.102892561983471,2420,-0.0676139630093644,0.970343676176615
S2_222453733,2,222453733,0.935317546176139,0.151239669421488,2420,-0.00776399623788393,0.996319602245413
S2_223422873,2,223422873,0.698944346617638,0.335743801652893,2420,-0.0386458423003546,0.985867127116323
S2_223803009,2,223803009,0.927069233513783,0.284917355371901,2420,-0.00903819405294826,0.996319602245413
S2_223853736,2,223853736,0.38603390262789,0.275619834710744,2420,0.0807039098614553,0.938467565144909
S2_225504421,2,225504421,0.828480810435156,0.149586776859504,2420,-0.0222201339650212,0.985867127116323
S2_225583999,2,225583999,0.125149862104604,0.10495867768595,2420,0.159727027797828,0.803804627582095
S2_225584015,2,225584015,0.108338727675272,0.0694214876033058,2420,0.208212679966309,0.779500061570354
S2_225986204,2,225986204,0.488372886084988,0.0840909090909091,2420,-0.0819354273284745,0.960107860657709
S2_226671459,2,226671459,0.27937164859927,0.17995867768595,2420,-0.108934897968652,0.926521963957154
S2_227288798,2,227288798,0.918243008016588,0.107438016528926,2420,0.0106234048526233,0.996319602245413
S2_229264398,2,229264398,0.757579332135211,0.178719008264463,2420,-0.0265663492115777,0.985867127116323
S2_229349944,2,229349944,0.782004923058565,0.312809917355372,2420,0.021650736643636,0.985867127116323
S2_229831056,2,229831056,0.632934080189609,0.0768595041322314,2420,-0.0547698524024582,0.983618128350512
S2_229851299,2,229851299,0.603498790125897,0.342355371900826,2420,-0.0559545208740246,0.970343676176615
S2_230526838,2,230526838,0.741438452678756,0.0993801652892562,2420,-0.0351215554392468,0.985867127116323
S2_231108120,2,231108120,0.398448283119733,0.221280991735537,2420,-0.0654345410067663,0.938467565144909
S2_231258079,2,231258079,0.407348623203188,0.308677685950413,2420,0.0759941753782982,0.940737851792116
S2_231435378,2,231435378,0.69718943661679,0.125413223140496,2420,-0.0369992267921901,0.985867127116323
S2_231538085,2,231538085,0.574346592252026,0.366735537190083,2420,-0.0559870558520288,0.970343676176615
S2_231794636,2,231794636,0.067933641557858,0.15,2420,-0.203349275420607,0.690152211062022
S2_232799291,2,232799291,0.651576018736758,0.119214876033058,2420,-0.0510783867208033,0.985867127116323
S2_234480138,2,234480138,0.425526335030072,0.103099173553719,2420,-0.0890000946694869,0.948993942747381
S2_234490837,2,234490837,0.652228915854047,0.272314049586777,2420,-0.0387938917637598,0.985867127116323
S2_234510183,2,234510183,0.49368496834661,0.272933884297521,2420,-0.0585033038151153,0.960794478781307
S2_234525669,2,234525669,0.205967490640008,0.128099173553719,2420,-0.126501827537069,0.895564557975181
S2_234528459,2,234528459,0.590675493984421,0.107231404958678,2420,-0.0559319854044986,0.970343676176615
S2_235755898,2,235755898,0.459603537441457,0.170867768595041,2420,-0.064263993686879,0.952570023568802
S2_235943712,2,235943712,0.398982630720433,0.131611570247934,2420,0.0763212222119733,0.938467565144909
S2_237260678,2,237260678,0.728676715529403,0.345454545454545,2420,0.0376632689339544,0.985867127116323
S2_238592722,2,238592722,0.457682677821097,0.114256198347107,2420,-0.0748418726466156,0.952570023568802
S2_238830975,2,238830975,0.447364446652512,0.312603305785124,2420,0.0883889571497889,0.952570023568802
S2_240227739,2,240227739,0.572773909014653,0.123347107438017,2420,0.0558994547932485,0.970343676176615
S2_240249668,2,240249668,0.340941613165344,0.302066115702479,2420,-0.0887268507152044,0.926521963957154
S3_1313242,3,1313242,0.356663146602436,0.246280991735537,2420,0.0795798255880698,0.926796325695789
S3_1400719,3,1400719,0.770358486667399,0.105785123966942,2420,0.0310250124698968,0.985867127116323
S3_1464877,3,1464877,0.394389135557367,0.0607438016528926,2420,-0.107743131928274,0.938467565144909
S3_1662561,3,1662561,0.651957400573781,0.142355371900826,2420,0.0418080419802749,0.985867127116323
S3_2028219,3,2028219,0.477078040750505,0.375413223140496,2420,-0.0763110022915043,0.952570023568802
S3_2239671,3,2239671,0.121293141722666,0.176859504132231,2420,-0.175032208168574,0.800176103176712
S3_2757687,3,2757687,0.767347546263844,0.0599173553719008,2420,0.0354964223203496,0.985867127116323
S3_2763048,3,2763048,0.755652521344363,0.254545454545455,2420,0.0269325340582327,0.985867127116323
S3_2856966,3,2856966,0.102716118591155,0.377066115702479,2420,-0.176687028033257,0.779500061570354
S3_3362245,3,3362245,0.65627504731489,0.171280991735537,2420,-0.0413267102383656,0.985867127116323
S3_3362837,3,3362837,0.361212851495238,0.191322314049587,2420,-0.136909979071163,0.927300239750326
S3_3364555,3,3364555,0.00267426191808883,0.286157024793388,2420,-0.413545033804553,0.145037867638232
S3_3578856,3,3578856,0.787393890788069,0.403719008264463,2420,-0.0291391007187372,0.985867127116323
S3_3613106,3,3613106,0.707268944543654,0.235123966942149,2420,0.039723821419102,0.985867127116323
S3_3912752,3,3912752,0.117486568973387,0.0888429752066116,2420,-0.171737893848274,0.79236916338937
S3_4260356,3,4260356,0.454854100871874,0.231611570247934,2420,0.0791671269715266,0.952570023568802
S3_4778638,3,4778638,0.799848567239654,0.143595041322314,2420,-0.022550315825228,0.985867127116323
S3_5615248,3,5615248,0.305605966044435,0.438223140495868,2420,0.13546951033004,0.926521963957154
S3_5838013,3,5838013,0.609643735911075,0.236570247933884,2420,0.0504477018537557,0.970343676176615
S3_6251167,3,6251167,0.889381978791053,0.216115702479339,2420,-0.0115802672838186,0.995527366127917
S3_6257096,3,6257096,0.0676018899317083,0.344421487603306,2420,0.167007360779849,0.690152211062022
S3_6470722,3,6470722,0.369344241618012,0.15599173553719,2420,-0.0787288544390634,0.927300239750326
S3_6471653,3,6471653,0.359201306506074,0.275619834710744,2420,-0.0777435880646635,0.926796325695789
S3_7328976,3,7328976,0.145678956251555,0.0952479338842975,2420,-0.154612446863439,0.848620023165276
S3_8566472,3,8566472,0.879943900206364,0.219214876033058,2420,-0.0178351047022147,0.995527366127917
S3_8769130,3,8769130,0.359232460159941,0.320661157024793,2420,-0.0962952663799115,0.926796325695789
S3_8968031,3,8968031,0.743338511947171,0.144421487603306,2420,0.0306888215464767,0.985867127116323
S3_9234089,3,9234089,0.827934358794357,0.140082644628099,2420,0.0252722497149591,0.985867127116323
S3_10265327,3,10265327,0.285223550744348,0.122314049586777,2420,-0.110271866774411,0.926521963957154
S3_10673156,3,10673156,0.397074161531338,0.317561983471074,2420,-0.0949495004183518,0.938467565144909
S3_11535801,3,11535801,0.112489524235491,0.202066115702479,2420,-0.148634810154505,0.779500061570354
S3_11540829,3,11540829,0.393182620831063,0.203719008264463,2420,-0.0815520159251832,0.938467565144909
S3_11619271,3,11619271,0.412831267380935,0.256818181818182,2420,-0.0675339928562266,0.943131785009253
S3_12144719,3,12144719,0.697373743419383,0.107644628099174,2420,-0.0402599102204135,0.985867127116323
S3_12145701,3,12145701,0.029927075505524,0.160330578512397,2420,-0.227104012562933,0.6108316992221
S3_12145749,3,12145749,0.873064498718037,0.355785123966942,2420,-0.0147888341861631,0.995527366127917
S3_13177399,3,13177399,0.517802965767975,0.0588842975206612,2420,-0.109320941908379,0.963040516220249
S3_13434231,3,13434231,0.167864135177282,0.195867768595041,2420,0.110991280380858,0.86496854326013
S3_13692521,3,13692521,0.00229356649366265,0.104752066115702,2420,-0.272501464518119,0.134992770769859
S3_13723427,3,13723427,0.471156530103793,0.153305785123967,2420,-0.0749614716908695,0.952570023568802
S3_14323479,3,14323479,0.348789955444576,0.111776859504132,2420,-0.113362024469751,0.926796325695789
S3_14333218,3,14333218,0.774569898582855,0.117148760330579,2420,0.0310804797959463,0.985867127116323
S3_14801890,3,14801890,0.881481693869227,0.296900826446281,2420,-0.0150325243805582,0.995527366127917
S3_15210888,3,15210888,0.0600375936717376,0.342355371900826,2420,0.191759289015067,0.690152211062022
S3_17630503,3,17630503,0.377182159220103,0.169628099173554,2420,0.090009250307105,0.932767404553916
S3_18198302,3,18198302,0.660441324639452,0.199793388429752,2420,0.03716884196038,0.985867127116323
S3_19025992,3,19025992,0.313395991063561,0.0991735537190083,2420,0.111486621061587,0.926521963957154
S3_19293143,3,19293143,0.1070233498815,0.075,2420,0.205745325308328,0.779500061570354
S3_19832283,3,19832283,0.159749926249287,0.0136363636363636,2420,-0.352155969007114,0.863739758723178
S3_26051996,3,26051996,0.968275108617769,0.0435950413223141,2420,0.00586194409567042,0.999495612337326
S3_32651258,3,32651258,0.933731792307261,0.201446280991736,2420,0.01167421632681,0.996319602245413
S3_35993809,3,35993809,0.393292762035996,0.18595041322314,2420,0.0750263876255417,0.938467565144909
S3_44362768,3,44362768,0.134402692514452,0.0580578512396694,2420,-0.20235472466571,0.826513779084472
S3_54376491,3,54376491,0.22693020080201,0.135537190082645,2420,-0.120905802269078,0.903410667454781
S3_54376775,3,54376775,0.866486300965948,0.187396694214876,2420,0.0144284452026398,0.995527366127917
S3_55537184,3,55537184,0.669692068100842,0.186157024793388,2420,0.0376437467141102,0.985867127116323
S3_56529376,3,56529376,0.472312950932873,0.240909090909091,2420,0.0653210506595769,0.952570023568802
S3_56999533,3,56999533,0.0840520244372022,0.245867768595041,2420,0.163775952550111,0.733674450595918
S3_56999784,3,56999784,0.838296708457954,0.0698347107438017,2420,0.0266928148235479,0.989055681227598
S3_67441338,3,67441338,0.266969841877447,0.219214876033058,2420,-0.11230470755288,0.926521963957154
S3_67863836,3,67863836,0.74190329285281,0.132851239669422,2420,-0.0322247801515658,0.985867127116323
S3_98255576,3,98255576,0.00644597685536148,0.235330578512397,2420,0.271078644258751,0.270994129021319
S3_102477733,3,102477733,0.12645847346501,0.327272727272727,2420,0.15689750084556,0.804026096721979
S3_109881648,3,109881648,0.939481730534239,0.114669421487603,2420,-0.00759628290366265,0.996319602245413
S3_122985736,3,122985736,0.444732634790631,0.043801652892562,2420,-0.115655253631829,0.952570023568802
S3_125219740,3,125219740,0.296484950371983,0.0840909090909091,2420,-0.128875942399517,0.926521963957154
S3_125220748,3,125220748,0.719666579929746,0.0830578512396694,2420,-0.0446486814312834,0.985867127116323
S3_130552961,3,130552961,0.139035352381544,0.0902892561983471,2420,-0.164809788395559,0.837464403233861
S3_130552982,3,130552982,0.170461104040726,0.0832644628099174,2420,-0.161526896782405,0.86496854326013
S3_130938670,3,130938670,0.358565098532576,0.0652892561983471,2420,-0.114157966953769,0.926796325695789
S3_134035633,3,134035633,0.176869717203397,0.0911157024793388,2420,0.24414297669307,0.86496854326013
S3_134442990,3,134442990,0.0337822240222775,0.233677685950413,2420,0.194780042970308,0.632648922599014
S3_135487037,3,135487037,0.332890405936062,0.11797520661157,2420,0.141353843774851,0.926521963957154
S3_137533609,3,137533609,6.22217975210292e-07,0.104752066115702,2420,-0.443948138525519,9.85976176102462e-05
S3_139336936,3,139336936,0.105784962631365,0.217768595041322,2420,0.151822104139939,0.779500061570354
S3_143115991,3,143115991,0.633324755297697,0.278099173553719,2420,-0.0409522592011626,0.983618128350512
S3_143118496,3,143118496,0.46270924721012,0.205165289256198,2420,0.0666534806352104,0.952570023568802
S3_143318686,3,143318686,0.350559722021703,0.127066115702479,2420,0.116616376288931,0.926796325695789
S3_149117323,3,149117323,0.117242805762172,0.300413223140496,2420,0.15965376641941,0.79236916338937
S3_150637571,3,150637571,0.78160395108251,0.178099173553719,2420,0.0280562127242376,0.985867127116323
S3_150915949,3,150915949,0.0560256433013153,0.262603305785124,2420,0.190021357803801,0.690152211062022
S3_152233321,3,152233321,0.602392812460769,0.164256198347107,2420,0.0505789069898697,0.970343676176615
S3_152992674,3,152992674,0.364114479267068,0.323347107438017,2420,0.106374897576529,0.927300239750326
S3_153463524,3,153463524,0.912079564095803,0.187190082644628,2420,0.0110430101028669,0.996319602245413
S3_155399439,3,155399439,0.956922787254561,0.0867768595041322,2420,-0.00615467967486438,0.996568802044206
S3_156001676,3,156001676,0.647954781729794,0.207231404958678,2420,0.0408237071090696,0.985867127116323
S3_156073129,3,156073129,0.340586234111277,0.21900826446281,2420,0.0952357914526658,0.926521963957154
S3_156226908,3,156226908,2.23643846320359e-10,0.340702479338843,2420,0.4146703245097,2.3035316170997e-07
S3_156227261,3,156227261,0.09227435336535,0.121280991735537,2420,0.26533284507434,0.751324774437237
S3_156228206,3,156228206,0.524256724472611,0.277685950413223,2420,-0.033540954474347,0.963397727398375
S3_156270994,3,156270994,1.60869567456898e-09,0.315495867768595,2420,-0.475702893070401,1.10463769653737e-06
S3_156277883,3,156277883,2.50492527457549e-23,0.392768595041322,2420,0.153434771597858,5.16014606562552e-20
S3_156277910,3,156277910,1,0.392768595041322,2420,0.153434771597858,1
S3_156763112,3,156763112,0.0188914581891357,0.165289256198347,2420,0.230331052131334,0.535433988042527
S3_156830645,3,156830645,0.364404423322297,0.239256198347107,2420,0.0963498665945508,0.927300239750326
S3_157123498,3,157123498,0.0118996668038908,0.252685950413223,2420,0.241960740340005,0.415479891796865
S3_158076754,3,158076754,0.546088539506136,0.0601239669421488,2420,0.0845583801285983,0.970343676176615
S3_158250388,3,158250388,0.813336981537398,0.371280991735537,2420,-0.0285194463085645,0.985867127116323
S3_159093153,3,159093153,0.588366940571327,0.0818181818181818,2420,0.0628091388700511,0.970343676176615
S3_159200750,3,159200750,0.668982035818181,0.0747933884297521,2420,0.0491675325566234,0.985867127116323
S3_159280382,3,159280382,0.846210511589274,0.156611570247934,2420,-0.0181787837487661,0.993822121939872
S3_159658716,3,159658716,0.904535473092059,0.150619834710744,2420,0.0108289396343508,0.995527366127917
S3_159820975,3,159820975,0.472153886122415,0.232851239669421,2420,-0.0587111889821017,0.952570023568802
S3_160747686,3,160747686,0.468135166739794,0.237809917355372,2420,-0.0555197005783441,0.952570023568802
S3_161085854,3,161085854,0.00408636918932903,0.216528925619835,2420,-0.26046029951965,0.203841132734801
S3_161093843,3,161093843,0.142929332128002,0.355578512396694,2420,-0.145378256824017,0.848620023165276
S3_162004498,3,162004498,0.673431967468172,0.0832644628099174,2420,0.0440077408006658,0.985867127116323
S3_162591165,3,162591165,0.310773974727108,0.303719008264463,2420,-0.0842585882107016,0.926521963957154
S3_162820425,3,162820425,0.505513615926764,0.409504132231405,2420,-0.0808576276401709,0.963040516220249
S3_163752888,3,163752888,0.704663028712575,0.31095041322314,2420,-0.0419849691290892,0.985867127116323
S3_163926792,3,163926792,0.424445355941949,0.352066115702479,2420,0.0861619679252499,0.948993942747381
S3_164144412,3,164144412,0.752994162691762,0.269214876033058,2420,-0.0260407302019132,0.985867127116323
S3_169098185,3,169098185,0.84716099326525,0.147933884297521,2420,0.0165891842777626,0.993822121939872
S3_169116636,3,169116636,0.803009003598479,0.153305785123967,2420,0.023273761112506,0.985867127116323
S3_169283751,3,169283751,0.179041676359306,0.110743801652893,2420,-0.118724833689413,0.86496854326013
S3_170391129,3,170391129,0.188637076113283,0.466735537190083,2420,-0.221116905905092,0.872032343510429
S3_171047975,3,171047975,0.983382077772361,0.0857438016528926,2420,0.00243720199927111,0.999495612337326
S3_171049180,3,171049180,0.9816879511601,0.256404958677686,2420,0.0018395694939386,0.999495612337326
S3_171118467,3,171118467,0.945345327135967,0.28698347107438,2420,0.00658981757055699,0.996319602245413
S3_171380890,3,171380890,0.52393598915283,0.378925619834711,2420,0.0657783808291583,0.963397727398375
S3_171487117,3,171487117,0.425371753285678,0.323140495867769,2420,-0.0694912940333836,0.948993942747381
S3_171698307,3,171698307,0.756268837841583,0.33698347107438,2420,0.0304538419096616,0.985867127116323
S3_172631601,3,172631601,0.154553518432707,0.0946280991735537,2420,0.176128891452009,0.852641732699591
S3_173080450,3,173080450,0.880287544283256,0.188429752066116,2420,-0.0149711811469615,0.995527366127917
S3_173668335,3,173668335,0.54387024381114,0.338223140495868,2420,0.0543562498728534,0.968544002889876
S3_174251218,3,174251218,0.530349661638354,0.107851239669421,2420,-0.0638935949086061,0.965590785410069
S3_175410413,3,175410413,0.596976170323445,0.0524793388429752,2420,-0.0796467893495105,0.970343676176615
S3_175410430,3,175410430,0.539830278061738,0.202272727272727,2420,-0.0858624731579312,0.968456724507647
S3_175412822,3,175412822,0.61470800845169,0.178305785123967,2420,0.0587929037974959,0.970343676176615
S3_176077311,3,176077311,0.841045299745063,0.153305785123967,2420,0.022987765787235,0.990596522284065
S3_177563221,3,177563221,0.411974836088918,0.00847107438016529,2420,-0.0497818115471915,0.943131785009253
S3_177690776,3,177690776,0.274425441387871,0.161570247933884,2420,0.114516464976276,0.926521963957154
S3_177693438,3,177693438,0.62228972152875,0.169421487603306,2420,-0.0404649669363124,0.977816038405206
S3_178168134,3,178168134,0.953497824437468,0.130785123966942,2420,-0.00641191816646369,0.996319602245413
S3_178168227,3,178168227,0.953497824437468,0.130785123966942,2420,-0.00641191816646369,0.996319602245413
S3_178405366,3,178405366,0.905318851014689,0.275619834710744,2420,0.0104317209155056,0.995527366127917
S3_179993119,3,179993119,0.0627320698205753,0.191735537190083,2420,0.182498580964875,0.690152211062022
S3_180300684,3,180300684,0.420402780536847,0.187809917355372,2420,0.0782334645546143,0.948319589149996
S3_180462077,3,180462077,0.315313840056063,0.412190082644628,2420,0.117386262258037,0.926521963957154
S3_181084639,3,181084639,0.378942769162304,0.417561983471074,2420,0.101703299547239,0.93383512296741
S3_181089329,3,181089329,0.404171575504626,0.418595041322314,2420,0.096015061967023,0.938467565144909
S3_181403147,3,181403147,0.577412609919037,0.144834710743802,2420,0.0615856554160246,0.970343676176615
S3_181403809,3,181403809,0.0224688357159684,0.105165289256198,2420,0.275527589733372,0.573465838887321
S3_183585883,3,183585883,0.327531918505803,0.25599173553719,2420,-0.0899091349337766,0.926521963957154
S3_184112463,3,184112463,0.1067291447735,0.0756198347107438,2420,-0.196949845255403,0.779500061570354
S3_184696223,3,184696223,0.12511437426052,0.221487603305785,2420,-0.13849427490706,0.803804627582095
S3_185047472,3,185047472,0.259526131123102,0.291735537190083,2420,0.0996375864069137,0.926521963957154
S3_185689615,3,185689615,0.353286971862988,0.214876033057851,2420,0.0792473759821632,0.926796325695789
S3_187195001,3,187195001,0.0264056727256879,0.356818181818182,2420,-0.242261348051841,0.584899847472226
S3_188497071,3,188497071,0.0680990576740601,0.368181818181818,2420,0.191762925675619,0.690152211062022
S3_188500699,3,188500699,0.00144585891506532,0.156198347107438,2420,0.278049546542803,0.096079656936599
S3_188500730,3,188500730,0.00485910769704222,0.155371900826446,2420,0.246743503215086,0.222678555894242
S3_188667827,3,188667827,0.0634681939245403,0.203305785123967,2420,-0.15210792045815,0.690152211062022
S3_189196859,3,189196859,0.0448721506499523,0.159090909090909,2420,0.189337523414821,0.641213904442645
S3_192519364,3,192519364,0.066914658816342,0.318181818181818,2420,0.165817190600137,0.690152211062022
S3_195626545,3,195626545,0.345622728348285,0.381198347107438,2420,0.0926205186801781,0.926796325695789
S3_196393427,3,196393427,0.50221389616791,0.412603305785124,2420,0.0754351509688149,0.963040516220249
S3_199144100,3,199144100,0.87837572659174,0.0609504132231405,2420,0.0186187501309689,0.995527366127917
S3_200022599,3,200022599,0.935113287087302,0.219214876033058,2420,-0.00699289884644827,0.996319602245413
S3_201034518,3,201034518,0.0244876748246158,0.244214876033058,2420,-0.24553418114192,0.573465838887321
S3_201140023,3,201140023,0.0855594758036812,0.235330578512397,2420,0.135339864615787,0.736339596440039
S3_202899898,3,202899898,0.0442701415125094,0.368801652892562,2420,0.218415666045075,0.641213904442645
S3_204443484,3,204443484,0.0451732007441164,0.267768595041322,2420,0.155409635040257,0.641213904442645
S3_206340812,3,206340812,0.632112374790981,0.174173553719008,2420,0.0424053866344423,0.983618128350512
S3_207306147,3,207306147,0.127704915282673,0.0721074380165289,2420,-0.183792169022624,0.809452693791712
S3_208260996,3,208260996,0.79467939586137,0.17995867768595,2420,-0.0241027526822108,0.985867127116323
S3_209594607,3,209594607,0.992494305482786,0.205785123966942,2420,-0.000882656385272185,0.999495612337326
S3_209609982,3,209609982,0.510936941832961,0.189669421487603,2420,0.057400344821076,0.963040516220249
S3_209610170,3,209610170,0.755481424040029,0.179132231404959,2420,0.026962053871614,0.985867127116323
S3_209669953,3,209669953,0.625315180169004,0.177066115702479,2420,0.0424748454141195,0.980449336009492
S3_209803612,3,209803612,0.113422328321026,0.13202479338843,2420,-0.140663939771812,0.779500061570354
S3_210833153,3,210833153,0.204815109601005,0.271487603305785,2420,0.108133115949585,0.895564557975181
S3_210859046,3,210859046,0.696717658026174,0.0721074380165289,2420,-0.0449292501291296,0.985867127116323
S3_212068020,3,212068020,0.0917331999673404,0.378305785123967,2420,0.163761986750956,0.751324774437237
S3_213324844,3,213324844,0.0272110529408095,0.367561983471074,2420,0.228577451732008,0.596327330404973
S3_213618693,3,213618693,0.341105059106795,0.145661157024793,2420,-0.081697190730182,0.926521963957154
S3_214045535,3,214045535,0.0253327142421098,0.270661157024793,2420,0.171358314830428,0.573465838887321
S3_214188340,3,214188340,0.865546475444991,0.0425619834710744,2420,0.0270389301207672,0.995527366127917
S3_214605122,3,214605122,0.0463389345847832,0.344214876033058,2420,0.171447868162289,0.644998539550267
S3_214725503,3,214725503,0.221942361912094,0.0464876033057851,2420,-0.167164029833287,0.903410667454781
S3_215863528,3,215863528,0.203507523019767,0.103305785123967,2420,-0.126938337400205,0.895564557975181
S3_215949122,3,215949122,0.128256618809008,0.101446280991736,2420,-0.153076406544031,0.81045593480539
S3_217122021,3,217122021,0.165317730487076,0.279338842975207,2420,0.112594474295094,0.86496854326013
S3_217124964,3,217124964,0.0218151895205828,0.296694214876033,2420,0.189934524553195,0.573465838887321
S3_218883017,3,218883017,0.789789115975746,0.0599173553719008,2420,-0.0327428367315576,0.985867127116323
S3_219791737,3,219791737,0.0485874461668981,0.300826446280992,2420,0.154404927179257,0.650260231646119
S3_220553933,3,220553933,0.00702213334327696,0.215702479338843,2420,0.223429744217725,0.278184513214434
S3_221113183,3,221113183,0.0371850771646314,0.177272727272727,2420,0.194700754905142,0.638343824659506
S3_221172195,3,221172195,0.0235673942965802,0.177479338842975,2420,0.211293618741024,0.573465838887321
S3_221485615,3,221485615,0.281829417502813,0.303925619834711,2420,0.0897766465670031,0.926521963957154
S3_221603754,3,221603754,0.697329307504955,0.104752066115702,2420,0.0384298599952757,0.985867127116323
S3_221603868,3,221603868,0.697329307504955,0.104752066115702,2420,0.0384298599952757,0.985867127116323
S3_221892178,3,221892178,0.992298250808769,0.200413223140496,2420,-0.000979753373570702,0.999495612337326
S3_222666213,3,222666213,0.44324454575945,0.128512396694215,2420,0.0735971002550713,0.952570023568802
S3_222666340,3,222666340,0.527036792019094,0.165082644628099,2420,0.0577384102898293,0.965306390886908
S3_222668770,3,222668770,0.829783098377101,0.205785123966942,2420,0.0210093278043928,0.985867127116323
S3_222761948,3,222761948,0.475995513855439,0.117561983471074,2420,0.0766508555738881,0.952570023568802
S3_222882360,3,222882360,0.660384483698093,0.0857438016528926,2420,0.0518451623966172,0.985867127116323
S3_223081473,3,223081473,0.697499023248173,0.285123966942149,2420,0.0331665880584069,0.985867127116323
S3_223081534,3,223081534,0.533530448837587,0.302479338842975,2420,0.0631459854144509,0.965885693595324
S3_223158468,3,223158468,0.981771412666517,0.28202479338843,2420,0.00192784992648853,0.999495612337326
S3_223221766,3,223221766,0.927290813041514,0.115909090909091,2420,0.00990551198123057,0.996319602245413
S4_1582526,4,1582526,0.720664898421783,0.114462809917355,2420,0.0384050269332761,0.985867127116323
S4_3684946,4,3684946,0.819515522701988,0.354545454545455,2420,-0.0211240626621247,0.985867127116323
S4_4117851,4,4117851,0.664517026687317,0.260537190082645,2420,-0.0371063747241749,0.985867127116323
S4_4421555,4,4421555,0.217563197579172,0.111363636363636,2420,-0.126791252873261,0.903410667454781
S4_4429338,4,4429338,0.074375626629014,0.122314049586777,2420,0.190231101781563,0.690152211062022
S4_4868446,4,4868446,0.0277408779813995,0.0898760330578512,2420,-0.244326974350244,0.597573034392495
S4_5032583,4,5032583,0.716841861408184,0.0512396694214876,2420,0.0496955415577389,0.985867127116323
S4_5038043,4,5038043,0.341770588683309,0.210537190082645,2420,-0.0729573345375769,0.926521963957154
S4_5391059,4,5391059,0.732269678944697,0.243181818181818,2420,-0.0260012720436293,0.985867127116323
S4_6215946,4,6215946,0.0401776434481144,0.349380165289256,2420,0.219895060220836,0.641213904442645
S4_6216277,4,6216277,0.288831615991086,0.100826446280992,2420,0.111548346211933,0.926521963957154
S4_6256393,4,6256393,0.475206272935374,0.130578512396694,2420,-0.0674329853219575,0.952570023568802
S4_6374168,4,6374168,0.251202376608886,0.11095041322314,2420,0.126241269067606,0.919786646507622
S4_6382493,4,6382493,0.108124142185917,0.150413223140496,2420,0.147985675565891,0.779500061570354
S4_6388262,4,6388262,0.63801063898371,0.355371900826446,2420,0.0414608573511828,0.985867127116323
S4_6397331,4,6397331,0.760360726345026,0.212396694214876,2420,0.0287604556580163,0.985867127116323
S4_7632233,4,7632233,0.935021900608868,0.0894628099173554,2420,0.0089898900991443,0.996319602245413
S4_7634160,4,7634160,0.858441045326844,0.321694214876033,2420,-0.0168983250492829,0.995527366127917
S4_7635295,4,7635295,0.799302822020821,0.326239669421488,2420,-0.022046330889026,0.985867127116323
S4_7967173,4,7967173,0.644618901403871,0.244628099173554,2420,0.0398239072796684,0.985867127116323
S4_8027896,4,8027896,0.707762086408535,0.139462809917355,2420,0.0423554047352752,0.985867127116323
S4_8316239,4,8316239,0.287292994304821,0.15495867768595,2420,0.0983922599804714,0.926521963957154
S4_8454252,4,8454252,0.438467340152892,0.281818181818182,2420,-0.0597062140500384,0.952570023568802
S4_10696101,4,10696101,0.466387390863903,0.306611570247934,2420,-0.0625198460222123,0.952570023568802
S4_10786694,4,10786694,0.61435568079988,0.190909090909091,2420,0.042596703021303,0.970343676176615
S4_10904652,4,10904652,0.878555660436694,0.136157024793388,2420,-0.0145770531582912,0.995527366127917
S4_11760644,4,11760644,0.459871328491031,0.127892561983471,2420,0.0840445013978126,0.952570023568802
S4_12766998,4,12766998,0.193467723171773,0.0795454545454545,2420,0.210719863993461,0.880722604116165
S4_13315712,4,13315712,0.0167935009887977,0.349380165289256,2420,-0.19984696801663,0.516337493088406
S4_15666621,4,15666621,0.507954809528702,0.103512396694215,2420,-0.0733262793055758,0.963040516220249
S4_15673073,4,15673073,0.522616259439527,0.102272727272727,2420,-0.0709108616497218,0.963040516220249
S4_15975070,4,15975070,0.0463397008997279,0.0142561983471074,2420,0.466007858657647,0.644998539550267
S4_16064424,4,16064424,0.325650143443767,0.136570247933884,2420,-0.107497968001724,0.926521963957154
S4_16194115,4,16194115,0.415630358941754,0.139669421487603,2420,-0.0866461541478429,0.943131785009253
S4_16268360,4,16268360,0.775838502197457,0.179752066115702,2420,0.0247483319508319,0.985867127116323
S4_16652461,4,16652461,0.246772792429436,0.304545454545455,2420,-0.143617444251504,0.918059235654633
S4_16940584,4,16940584,0.112916107429986,0.0694214876033058,2420,0.218723910328634,0.779500061570354
S4_16944639,4,16944639,0.987197109253324,0.351652892561983,2420,-0.00186820923505593,0.999495612337326
S4_17273302,4,17273302,0.712680818369075,0.0948347107438016,2420,-0.0502002553209309,0.985867127116323
S4_18076248,4,18076248,0.595243622427126,0.352685950413223,2420,-0.0526526625806696,0.970343676176615
S4_18845218,4,18845218,0.922376007805562,0.31900826446281,2420,0.0130035825008008,0.996319602245413
S4_19113113,4,19113113,0.278284714111955,0.285123966942149,2420,-0.107054141701781,0.926521963957154
S4_19534877,4,19534877,0.765385307415347,0.419421487603306,2420,0.0349580761380821,0.985867127116323
S4_19535516,4,19535516,0.224699199706123,0.303925619834711,2420,-0.110922171559764,0.903410667454781
S4_19535656,4,19535656,0.726118506559299,0.0557851239669422,2420,0.0490847403619483,0.985867127116323
S4_19556309,4,19556309,0.710181427708963,0.343595041322314,2420,-0.0424787186444746,0.985867127116323
S4_19684514,4,19684514,0.686098790999268,0.341115702479339,2420,0.0452555411893059,0.985867127116323
S4_20268200,4,20268200,0.231115253276053,0.319421487603306,2420,-0.122274178542909,0.903410667454781
S4_20270571,4,20270571,0.948432562329211,0.0681818181818182,2420,-0.00713767751750538,0.996319602245413
S4_20274946,4,20274946,0.452558833575227,0.296694214876033,2420,-0.0712539482912575,0.952570023568802
S4_20497213,4,20497213,0.86679642355221,0.151239669421488,2420,-0.0166633359872321,0.995527366127917
S4_20598297,4,20598297,0.809927190134555,0.102892561983471,2420,-0.0298003437512762,0.985867127116323
S4_21107980,4,21107980,0.870912783593119,0.105785123966942,2420,-0.0166840599131319,0.995527366127917
S4_21650368,4,21650368,0.554918048346372,0.315702479338843,2420,0.06210565443007,0.970343676176615
S4_21903148,4,21903148,0.156022659876363,0.228512396694215,2420,-0.216415778412397,0.855298224348876
S4_21908896,4,21908896,0.668914067962017,0.345661157024793,2420,-0.0521204012912904,0.985867127116323
S4_23290605,4,23290605,0.998040036202854,0.121900826446281,2420,-0.000271453225792584,0.999495612337326
S4_23361153,4,23361153,0.56752542016098,0.16900826446281,2420,0.0661804061360556,0.970343676176615
S4_23371382,4,23371382,0.240942157626735,0.124173553719008,2420,-0.130157223650798,0.913292129638446
S4_23915319,4,23915319,0.404543299926543,0.15,2420,0.0814049525909013,0.938467565144909
S4_23915745,4,23915745,0.633621969087927,0.0822314049586777,2420,0.0590963927011217,0.983618128350512
S4_24237240,4,24237240,0.373634009731046,0.0838842975206612,2420,-0.11395210657497,0.928144996047672
S4_24592534,4,24592534,0.953025851841269,0.374380165289256,2420,0.00588052580928888,0.996319602245413
S4_26899943,4,26899943,0.421231397453324,0.169834710743802,2420,0.0787917354894319,0.948319589149996
S4_26905846,4,26905846,0.979136214452843,0.339669421487603,2420,0.00238942511941787,0.999495612337326
S4_27987442,4,27987442,0.33798550431897,0.303305785123967,2420,-0.100481666192593,0.926521963957154
S4_28628470,4,28628470,0.73243014688677,0.137190082644628,2420,0.0317187304732442,0.985867127116323
S4_28770521,4,28770521,0.348558519728038,0.26301652892562,2420,-0.111337153964996,0.926796325695789
S4_28810964,4,28810964,0.499765279256555,0.387396694214876,2420,0.0729572290356941,0.963040516220249
S4_28837786,4,28837786,0.833512943277775,0.213429752066116,2420,0.021944652832758,0.987219582471707
S4_30916257,4,30916257,0.934462337880668,0.0747933884297521,2420,-0.00969881662761907,0.996319602245413
S4_31060579,4,31060579,0.870098998795058,0.0700413223140496,2420,-0.0198448024595308,0.995527366127917
S4_32789730,4,32789730,0.181871564010489,0.366528925619835,2420,0.127663267246817,0.86496854326013
S4_33024458,4,33024458,0.177868847804031,0.304132231404959,2420,0.126173949438282,0.86496854326013
S4_33668810,4,33668810,0.174926605807818,0.30495867768595,2420,-0.124365800272756,0.86496854326013
S4_33993933,4,33993933,0.540841636131173,0.191115702479339,2420,-0.0533334839579993,0.968456724507647
S4_34193017,4,34193017,0.258019021886263,0.193181818181818,2420,-0.0982970986234193,0.926521963957154
S4_34194561,4,34194561,0.230876461292587,0.192561983471074,2420,-0.104110451131589,0.903410667454781
S4_35081018,4,35081018,0.600279972071567,0.110123966942149,2420,0.0533718116131183,0.970343676176615
S4_35081158,4,35081158,0.600279972071567,0.110123966942149,2420,0.0533718116131183,0.970343676176615
S4_35662011,4,35662011,0.29020423456719,0.306198347107438,2420,-0.10574458486974,0.926521963957154
S4_36249700,4,36249700,0.883946516044423,0.32004132231405,2420,-0.0172848916280373,0.995527366127917
S4_37547893,4,37547893,0.629034923317102,0.294214876033058,2420,0.0664872132492746,0.983165358143574
S4_37548473,4,37548473,0.371731266687767,0.232438016528926,2420,-0.0939552630503613,0.927300239750326
S4_38327201,4,38327201,0.866728641499579,0.12603305785124,2420,0.0157082540543172,0.995527366127917
S4_38330727,4,38330727,0.341360733922326,0.366115702479339,2420,-0.111397031915487,0.926521963957154
S4_38760190,4,38760190,0.39861754607697,0.370247933884297,2420,-0.10044521934492,0.938467565144909
S4_42420846,4,42420846,0.606533468175007,0.360123966942149,2420,0.0480798030180267,0.970343676176615
S4_43857521,4,43857521,0.996540022522286,0.258471074380165,2420,0.000478011010500268,0.999495612337326
S4_59942187,4,59942187,0.730541326483823,0.0425619834710744,2420,0.0506551874243257,0.985867127116323
S4_65069576,4,65069576,0.505560900219012,0.330578512396694,2420,0.0655911211989633,0.963040516220249
S4_68476055,4,68476055,0.874199977477838,0.373760330578512,2420,-0.0180856647925225,0.995527366127917
S4_68509682,4,68509682,0.715575394962181,0.373760330578512,2420,-0.0415874253695279,0.985867127116323
S4_68989860,4,68989860,0.541113441703059,0.308057851239669,2420,-0.0626731564644842,0.968456724507647
S4_73620368,4,73620368,0.600163223224369,0.335330578512397,2420,-0.0515398604194957,0.970343676176615
S4_73992822,4,73992822,0.50055471145321,0.359297520661157,2420,-0.074208841469499,0.963040516220249
S4_78663165,4,78663165,0.467404542512024,0.119214876033058,2420,-0.0792718638916199,0.952570023568802
S4_81325355,4,81325355,0.062401758227898,0.0706611570247934,2420,-0.224209831559449,0.690152211062022
S4_81555504,4,81555504,0.925833365101325,0.0650826446280992,2420,0.0113696937907832,0.996319602245413
S4_83555330,4,83555330,0.870887780860931,0.137603305785124,2420,0.0156156279312114,0.995527366127917
S4_86783804,4,86783804,0.861670872276452,0.353305785123967,2420,0.0188474991627459,0.995527366127917
S4_123692246,4,123692246,0.975898599504615,0.0729338842975207,2420,0.00347266079073449,0.999495612337326
S4_127783045,4,127783045,0.464413176245036,0.293595041322314,2420,0.0703448792825156,0.952570023568802
S4_129510370,4,129510370,0.854432898468026,0.105578512396694,2420,-0.0201626891899025,0.995527366127917
S4_130234780,4,130234780,0.544189396062279,0.0783057851239669,2420,0.0688814914380487,0.968544002889876
S4_130979624,4,130979624,0.374412357415535,0.0516528925619835,2420,0.125055713540092,0.92814615677016
S4_131389825,4,131389825,0.680321132793432,0.309917355371901,2420,-0.0429660793108155,0.985867127116323
S4_132644449,4,132644449,0.744679465972961,0.0836776859504132,2420,-0.0380973814356054,0.985867127116323
S4_132796082,4,132796082,0.779917895727944,0.0772727272727273,2420,0.0323758703483605,0.985867127116323
S4_133572067,4,133572067,0.859248360101747,0.218801652892562,2420,0.018661558902977,0.995527366127917
S4_134019236,4,134019236,0.803249022952189,0.303512396694215,2420,-0.0222620922604335,0.985867127116323
S4_138959026,4,138959026,0.587895597622888,0.353305785123967,2420,-0.0570195563187781,0.970343676176615
S4_147394691,4,147394691,0.0624497354207379,0.130165289256198,2420,-0.173601653319665,0.690152211062022
S4_151119203,4,151119203,0.132973584905843,0.364669421487603,2420,-0.166652930397674,0.826513779084472
S4_151260095,4,151260095,0.91345303859995,0.165082644628099,2420,0.00958392888581727,0.996319602245413
S4_153136183,4,153136183,0.598411328859304,0.284504132231405,2420,-0.0491580431855141,0.970343676176615
S4_153603804,4,153603804,0.0133280037952923,0.302066115702479,2420,-0.256798848781443,0.450093242922987
S4_154508054,4,154508054,0.593727575992003,0.274793388429752,2420,-0.0541558641936035,0.970343676176615
S4_157787690,4,157787690,0.191533953519326,0.33801652892562,2420,-0.129000845089536,0.874855752216877
S4_158893534,4,158893534,0.997432951121129,0.175206611570248,2420,0.000314326384113883,0.999495612337326
S4_159136751,4,159136751,0.666115133969148,0.194628099173554,2420,-0.0392256482780908,0.985867127116323
S4_159826794,4,159826794,0.997259016642015,0.318181818181818,2420,-0.000399384525394453,0.999495612337326
S4_162868828,4,162868828,0.178405324816001,0.034504132231405,2420,-0.212301939963254,0.86496854326013
S4_163363238,4,163363238,0.26170741293021,0.0497933884297521,2420,0.156297669905356,0.926521963957154
S4_166721935,4,166721935,0.659307210625041,0.108677685950413,2420,0.0530349219026505,0.985867127116323
S4_168922442,4,168922442,0.43214995191232,0.0607438016528926,2420,-0.105706666799989,0.952570023568802
S4_168972787,4,168972787,0.433941231709488,0.34504132231405,2420,0.102952119718339,0.952570023568802
S4_169358752,4,169358752,0.228864265478604,0.31900826446281,2420,-0.123694637848189,0.903410667454781
S4_170716007,4,170716007,0.64748964980581,0.0551652892561983,2420,-0.0641146211994226,0.985867127116323
S4_171079944,4,171079944,0.0831672254862531,0.294214876033058,2420,0.241238482509516,0.732155916673852
S4_171087001,4,171087001,0.81878655521953,0.0867768595041322,2420,-0.0290890978745324,0.985867127116323
S4_172278923,4,172278923,0.401082999846887,0.189256198347107,2420,-0.129907474724746,0.938467565144909
S4_172480572,4,172480572,0.175915117300274,0.144628099173554,2420,0.124826797579729,0.86496854326013
S4_173206081,4,173206081,0.3665003545415,0.0995867768595041,2420,0.131247763591006,0.927300239750326
S4_173647564,4,173647564,4.52987867554642e-05,0.216528925619835,2420,-0.293652116199051,0.00491134214296086
S4_173812038,4,173812038,0.00674249990217405,0.184710743801653,2420,0.52946127823941,0.277790995969571
S4_174235497,4,174235497,0.209581964767511,0.174380165289256,2420,0.209500752335657,0.902418283626863
S4_174661607,4,174661607,0.775367033285485,0.235537190082645,2420,0.0435018568333589,0.985867127116323
S4_174894581,4,174894581,0.299720339695894,0.0838842975206612,2420,0.155419515390804,0.926521963957154
S4_175587769,4,175587769,0.644904436881331,0.221280991735537,2420,0.0445805759385678,0.985867127116323
S4_175791704,4,175791704,9.715987381713e-07,0.420661157024793,2420,-0.47542227816045,0.00014296381433092
S4_176115520,4,176115520,0.51707025832049,0.244421487603306,2420,0.075240708969659,0.963040516220249
S4_176599341,4,176599341,0.822354882747152,0.164876033057851,2420,-0.0311741020059344,0.985867127116323
S4_176927461,4,176927461,0.436234215594376,0.0557851239669422,2420,0.102512818343158,0.952570023568802
S4_177233411,4,177233411,0.883327212363791,0.138842975206612,2420,0.0166601667322652,0.995527366127917
S4_177342963,4,177342963,0.183663494737888,0.212809917355372,2420,0.135068530207008,0.86496854326013
S4_177343094,4,177343094,0.15365015429187,0.295661157024793,2420,0.186091036395283,0.852641732699591
S4_177902767,4,177902767,0.279736450972873,0.108884297520661,2420,-0.117752329069191,0.926521963957154
S4_178069434,4,178069434,0.00761452336084618,0.225826446280992,2420,0.695116503415875,0.29120442158661
S4_178384209,4,178384209,0.265790939480846,0.239876033057851,2420,0.102379010392582,0.926521963957154
S4_178453956,4,178453956,0.957548645412875,0.0539256198347107,2420,-0.00720284477981181,0.996568802044206
S4_179370281,4,179370281,0.398448318081398,0.265082644628099,2420,-0.0776048846508672,0.938467565144909
S4_179674671,4,179674671,0.312328336716328,0.0493801652892562,2420,-0.137234942174118,0.926521963957154
S4_179674809,4,179674809,0.994941663394529,0.288636363636364,2420,-0.00051419257081875,0.999495612337326
S4_180001616,4,180001616,0.548797081663973,0.30599173553719,2420,0.0532533996665165,0.970343676176615
S4_180637167,4,180637167,0.74603643465731,0.178925619834711,2420,0.0290498784915769,0.985867127116323
S4_180797642,4,180797642,0.610403059664667,0.0706611570247934,2420,0.0645619656454102,0.970343676176615
S4_181091704,4,181091704,0.826953039438717,0.302479338842975,2420,0.0201605556226809,0.985867127116323
S4_181557315,4,181557315,0.355489872385219,0.11797520661157,2420,0.101499365996688,0.926796325695789
S4_182099943,4,182099943,0.18154479317363,0.0778925619834711,2420,0.181489874523123,0.86496854326013
S4_182462132,4,182462132,0.416166609646642,0.14896694214876,2420,0.0802723813935984,0.943131785009253
S4_183484419,4,183484419,0.736992632590976,0.171900826446281,2420,-0.0281357550757662,0.985867127116323
S4_183484517,4,183484517,0.857982727674776,0.192355371900826,2420,0.0145954662299488,0.995527366127917
S4_183587157,4,183587157,0.45669698849843,0.112190082644628,2420,-0.0829483895116709,0.952570023568802
S4_183806901,4,183806901,0.924155877467128,0.404545454545455,2420,0.0104420486144363,0.996319602245413
S4_184739545,4,184739545,0.780503366507859,0.241115702479339,2420,0.0242950679331955,0.985867127116323
S4_185719827,4,185719827,0.824033354857225,0.0820247933884297,2420,-0.0251815578593266,0.985867127116323
S4_186630216,4,186630216,0.758295950009623,0.403925619834711,2420,0.0345504380479724,0.985867127116323
S4_187126058,4,187126058,0.581302738783828,0.268595041322314,2420,-0.0520038072772024,0.970343676176615
S4_188075715,4,188075715,0.940209174440902,0.146280991735537,2420,-0.00691097393227835,0.996319602245413
S4_191133446,4,191133446,0.890004474416884,0.0559917355371901,2420,0.0174170664723761,0.995527366127917
S4_191603783,4,191603783,0.129575193608604,0.13801652892562,2420,0.148869140160627,0.811725840240638
S4_192740039,4,192740039,0.780007262952886,0.0952479338842975,2420,-0.0295706766500246,0.985867127116323
S4_196697423,4,196697423,0.469718529662529,0.0574380165289256,2420,0.10206769667866,0.952570023568802
S4_201649912,4,201649912,0.325228688861314,0.266528925619835,2420,-0.101388099327323,0.926521963957154
S4_202964997,4,202964997,0.337176260547245,0.0363636363636364,2420,-0.189303821289457,0.926521963957154
S4_211134934,4,211134934,0.288202343277691,0.0353305785123967,2420,0.163872925202725,0.926521963957154
S4_223755225,4,223755225,0.726892989277715,0.237396694214876,2420,0.0287188843041122,0.985867127116323
S4_228315634,4,228315634,0.885303858923935,0.180785123966942,2420,0.0135475456054621,0.995527366127917
S4_237052759,4,237052759,0.9060517774924,0.172314049586777,2420,0.0110352399548788,0.995527366127917
S4_238909618,4,238909618,0.399387908831079,0.0497933884297521,2420,-0.131322705485772,0.938467565144909
S4_239877963,4,239877963,0.33280423062294,0.357438016528926,2420,0.088263288256428,0.926521963957154
S4_241516810,4,241516810,0.601410704572277,0.131198347107438,2420,0.0515303243209928,0.970343676176615
S4_241704963,4,241704963,0.534050390779162,0.192355371900826,2420,0.0514980152782698,0.965885693595324
S4_241832875,4,241832875,0.791454691069004,0.30103305785124,2420,-0.0242868646833756,0.985867127116323
S5_392571,5,392571,0.264094948503294,0.175,2420,0.135488778970995,0.926521963957154
S5_846139,5,846139,0.685195571994914,0.203305785123967,2420,-0.0596084415560654,0.985867127116323
S5_846889,5,846889,0.246895542015858,0.176446280991736,2420,0.140547356180832,0.918059235654633
S5_959677,5,959677,0.213853569632006,0.164669421487603,2420,0.120896677541822,0.903051749901211
S5_960877,5,960877,0.259928054489228,0.141322314049587,2420,0.123881027538459,0.926521963957154
S5_973097,5,973097,0.0472372500109314,0.273760330578512,2420,0.151556791421342,0.650260231646119
S5_1064405,5,1064405,0.0490812201032276,0.272727272727273,2420,0.150559697590609,0.650991106854216
S5_1121641,5,1121641,0.104719654058248,0.36404958677686,2420,0.160103665288887,0.779500061570354
S5_1223077,5,1223077,0.254953323937622,0.268595041322314,2420,0.107277235365558,0.924654660759686
S5_1227922,5,1227922,0.0684772964237422,0.140702479338843,2420,0.200727016793593,0.690152211062022
S5_1403230,5,1403230,0.320270101159702,0.227685950413223,2420,0.08377693914818,0.926521963957154
S5_1986447,5,1986447,0.746138883661519,0.422314049586777,2420,0.0390672670623644,0.985867127116323
S5_1993743,5,1993743,0.437703180127709,0.193801652892562,2420,-0.122130626728449,0.952570023568802
S5_2037046,5,2037046,0.154800003897887,0.394214876033058,2420,0.156908216698184,0.852641732699591
S5_2037272,5,2037272,0.133780924499647,0.22995867768595,2420,0.151654137103776,0.826513779084472
S5_2161838,5,2161838,0.81549784137776,0.166942148760331,2420,-0.0215206021572669,0.985867127116323
S5_2253809,5,2253809,0.480226974864563,0.175413223140496,2420,-0.0634135837510996,0.955330579594964
S5_2411621,5,2411621,0.836973672452483,0.0824380165289256,2420,0.0237187587731427,0.988060610459665
S5_2577845,5,2577845,0.719804200841602,0.307438016528926,2420,0.0329934754655028,0.985867127116323
S5_2791798,5,2791798,0.686753423514996,0.287603305785124,2420,-0.0315630747660691,0.985867127116323
S5_2791837,5,2791837,0.503874399577631,0.313842975206612,2420,-0.056549831423041,0.963040516220249
S5_2858836,5,2858836,0.632529231643909,0.365909090909091,2420,0.0448348813715143,0.983618128350512
S5_2858950,5,2858950,0.391879130136657,0.330371900826446,2420,0.0744872614931467,0.938467565144909
S5_2859808,5,2859808,0.0997207633083004,0.395247933884298,2420,0.160622417050718,0.779500061570354
S5_3657340,5,3657340,0.273290846048048,0.22396694214876,2420,0.126370101287648,0.926521963957154
S5_4108173,5,4108173,0.0705473664182065,0.316735537190083,2420,-0.209722076522041,0.690152211062022
S5_4229956,5,4229956,0.744640612976764,0.262190082644628,2420,-0.0321264430436372,0.985867127116323
S5_4857380,5,4857380,0.0851377675537356,0.323760330578512,2420,-0.19195731017885,0.736339596440039
S5_4884511,5,4884511,0.313387667237777,0.114462809917355,2420,-0.100087416767778,0.926521963957154
S5_5059451,5,5059451,0.987480664896862,0.101652892561983,2420,-0.00170586296734143,0.999495612337326
S5_5557260,5,5557260,0.766613891441387,0.144214876033058,2420,0.0293119472878516,0.985867127116323
S5_5598442,5,5598442,0.289255685395583,0.148140495867769,2420,-0.102955840430894,0.926521963957154
S5_6368813,5,6368813,0.678522200585242,0.204752066115702,2420,0.0357536017020834,0.985867127116323
S5_6825026,5,6825026,0.980011826153675,0.32603305785124,2420,-0.0023124326934294,0.999495612337326
S5_7117510,5,7117510,0.413099534353922,0.143595041322314,2420,-0.0788552807840972,0.943131785009253
S5_7338807,5,7338807,0.820628436431672,0.110743801652893,2420,-0.0251931186631396,0.985867127116323
S5_7701005,5,7701005,0.399464420959101,0.0642561983471074,2420,-0.101955123407265,0.938467565144909
S5_8109491,5,8109491,0.706277500924711,0.275206611570248,2420,0.0317380328540082,0.985867127116323
S5_8249273,5,8249273,0.614478141888206,0.236363636363636,2420,0.0472023460204127,0.970343676176615
S5_8942275,5,8942275,0.146566996594567,0.0588842975206612,2420,-0.18612098271997,0.849664681124676
S5_8975313,5,8975313,0.456381787384247,0.169421487603306,2420,-0.0735024646118347,0.952570023568802
S5_9900858,5,9900858,0.179311573273983,0.312603305785124,2420,-0.13127951201966,0.86496854326013
S5_10519995,5,10519995,0.936358907856657,0.217148760330579,2420,-0.00750578404986868,0.996319602245413
S5_10772137,5,10772137,0.499647518200577,0.195661157024793,2420,-0.0617197902627993,0.963040516220249
S5_11998173,5,11998173,2.9021111697085e-08,0.0107438016528926,2420,-1.59300180327308,8.69692713487059e-06
S5_12127492,5,12127492,0.921114149551503,0.152892561983471,2420,-0.00973495689214587,0.996319602245413
S5_12815252,5,12815252,0.512081245152743,0.0435950413223141,2420,0.0985557018008762,0.963040516220249
S5_12971603,5,12971603,0.772315704933949,0.0902892561983471,2420,-0.0327296530898309,0.985867127116323
S5_13702177,5,13702177,0.102208278328746,0.246900826446281,2420,-0.150778062208389,0.779500061570354
S5_14248069,5,14248069,0.412101745656078,0.177066115702479,2420,-0.0724132753665288,0.943131785009253
S5_14562872,5,14562872,0.605834578449224,0.132851239669422,2420,-0.0483268264956251,0.970343676176615
S5_15433436,5,15433436,0.217465433233763,0.0752066115702479,2420,0.210919983810953,0.903410667454781
S5_15441260,5,15441260,0.453277178176706,0.118595041322314,2420,0.0970739695298448,0.952570023568802
S5_15844564,5,15844564,0.174756155604274,0.23698347107438,2420,-0.117841577762846,0.86496854326013
S5_15897858,5,15897858,0.00139748536980677,0.150206611570248,2420,-0.291795813876194,0.0959606620600649
S5_15902604,5,15902604,0.796790536422553,0.110330578512397,2420,0.0292909138296693,0.985867127116323
S5_19069144,5,19069144,0.850053296839272,0.347107438016529,2420,0.018667160974303,0.994462101246914
S5_19069731,5,19069731,0.302939650624694,0.447520661157025,2420,-0.152410290412831,0.926521963957154
S5_19212307,5,19212307,0.692478229862747,0.124380165289256,2420,0.0471527758522257,0.985867127116323
S5_19375485,5,19375485,0.835807957600758,0.215082644628099,2420,0.0222556922174419,0.988060610459665
S5_20386586,5,20386586,0.369646230838791,0.0828512396694215,2420,-0.112411099322685,0.927300239750326
S5_20614224,5,20614224,0.821581522385561,0.104338842975207,2420,0.0264356335806042,0.985867127116323
S5_20841749,5,20841749,0.460229306388243,0.397933884297521,2420,-0.0933524108352231,0.952570023568802
S5_21746992,5,21746992,0.964657323216203,0.108057851239669,2420,0.0052728644674005,0.998088440896724
S5_21801726,5,21801726,0.489766662110261,0.165495867768595,2420,-0.0744973241503146,0.960107860657709
S5_22426333,5,22426333,0.0423359139336107,0.0107438016528926,2420,-0.580539300820448,0.641213904442645
S5_24821792,5,24821792,0.14583081951481,0.312809917355372,2420,-0.157179425993888,0.848620023165276
S5_24840547,5,24840547,0.587414878893959,0.100413223140496,2420,-0.0683234545965092,0.970343676176615
S5_25947924,5,25947924,0.31404096385081,0.145867768595041,2420,-0.139196608522752,0.926521963957154
S5_27014949,5,27014949,0.403548311583639,0.182231404958678,2420,-0.0846339817659896,0.938467565144909
S5_28912179,5,28912179,0.560622140077195,0.087603305785124,2420,-0.0765960700319113,0.970343676176615
S5_30442792,5,30442792,0.492713974194887,0.353099173553719,2420,0.0911463820269773,0.960794478781307
S5_32090793,5,32090793,0.0421235800326898,0.267768595041322,2420,-0.201303837684804,0.641213904442645
S5_32090944,5,32090944,0.0421235800326898,0.267768595041322,2420,-0.201303837684804,0.641213904442645
S5_32349939,5,32349939,0.419809905214829,0.28099173553719,2420,-0.0925787441917123,0.948254829761565
S5_33073331,5,33073331,0.205866673199699,0.197520661157025,2420,-0.107726247814686,0.895564557975181
S5_33843588,5,33843588,0.0685877350333045,0.421074380165289,2420,-0.277553187563171,0.690152211062022
S5_34733643,5,34733643,0.893553157479766,0.102479338842975,2420,-0.0168058080869571,0.995527366127917
S5_35208258,5,35208258,0.171087428210913,0.364256198347107,2420,0.171677960660645,0.86496854326013
S5_35406000,5,35406000,0.250186657155807,0.30702479338843,2420,-0.12301100189319,0.919786646507622
S5_38654197,5,38654197,0.639229678786287,0.341528925619835,2420,-0.0621595993717392,0.985867127116323
S5_39117682,5,39117682,0.0707289496185338,0.226446280991736,2420,-0.147648562159226,0.690152211062022
S5_44150436,5,44150436,0.243414611711749,0.285330578512397,2420,0.16289659597237,0.914352179897802
S5_44151397,5,44151397,0.243414611711749,0.285330578512397,2420,0.16289659597237,0.914352179897802
S5_44367258,5,44367258,0.258645994078996,0.139462809917355,2420,-0.0750424033023664,0.926521963957154
S5_51564787,5,51564787,0.394768859192938,0.12004132231405,2420,0.108304717539625,0.938467565144909
S5_59732882,5,59732882,0.306807723048627,0.277892561983471,2420,-0.447736364033517,0.926521963957154
S5_59781924,5,59781924,0.0152021481171631,0.279545454545455,2420,0.230827025177534,0.489181436482546
S5_60413372,5,60413372,0.74860261976211,0.295454545454545,2420,0.0467402953064493,0.985867127116323
S5_61109380,5,61109380,0.367483702203892,0.0359504132231405,2420,-0.204169636789487,0.927300239750326
S5_62982504,5,62982504,0.510972155161517,0.386157024793388,2420,-0.0942998001792148,0.963040516220249
S5_64000675,5,64000675,0.552906719192305,0.235330578512397,2420,0.0797757018651737,0.970343676176615
S5_68824990,5,68824990,0.00267545581080233,0.164669421487603,2420,0.310006555104522,0.145037867638232
S5_69155559,5,69155559,0.689647887191019,0.339049586776859,2420,0.0507214077556455,0.985867127116323
S5_70403060,5,70403060,0.0577114009174718,0.118801652892562,2420,0.300562749265964,0.690152211062022
S5_70657343,5,70657343,0.50027449278421,0.342355371900826,2420,0.111459573974571,0.963040516220249
S5_71282599,5,71282599,0.262984772706188,0.117355371900826,2420,0.192158954419085,0.926521963957154
S5_72789465,5,72789465,0.935862512768666,0.121280991735537,2420,-0.0101625268885925,0.996319602245413
S5_75244556,5,75244556,0.0304012444745255,0.116115702479339,2420,0.315013383957506,0.6108316992221
S5_76181153,5,76181153,0.917155997873988,0.242355371900826,2420,0.0108787595324316,0.996319602245413
S5_76690334,5,76690334,0.226547046004584,0.100206611570248,2420,-0.170621774235684,0.903410667454781
S5_76714903,5,76714903,0.603755272784037,0.30702479338843,2420,-0.0675460293182368,0.970343676176615
S5_76809814,5,76809814,0.747495250238926,0.309917355371901,2420,-0.0420405044272911,0.985867127116323
S5_76955635,5,76955635,0.772981738971309,0.307438016528926,2420,-0.0380912774450053,0.985867127116323
S5_76956064,5,76956064,0.577449576776736,0.320454545454545,2420,0.0696346784383195,0.970343676176615
S5_78825105,5,78825105,0.000131657762776727,0.301239669421488,2420,-0.390738618159782,0.0120312787733958
S5_80470390,5,80470390,0.577643065470635,0.352892561983471,2420,-0.107031943243555,0.970343676176615
S5_83097599,5,83097599,0.449646586239954,0.312396694214876,2420,-0.0707228343562178,0.952570023568802
S5_83740384,5,83740384,0.370826176562238,0.0770661157024793,2420,0.142553842043696,0.927300239750326
S5_83797523,5,83797523,0.760982532491359,0.110123966942149,2420,-0.0405382096161588,0.985867127116323
S5_86821943,5,86821943,0.220922174022625,0.13202479338843,2420,-0.135347293256899,0.903410667454781
S5_88321071,5,88321071,0.300595812173443,0.357644628099174,2420,0.167971728205544,0.926521963957154
S5_88323212,5,88323212,0.0661103550690665,0.343388429752066,2420,0.281672373116749,0.690152211062022
S5_88891444,5,88891444,0.403521856660335,0.400206611570248,2420,-0.123675278094311,0.938467565144909
S5_90103757,5,90103757,0.166379192687429,0.365909090909091,2420,0.214371347310589,0.86496854326013
S5_91076876,5,91076876,0.0880323958928726,0.146280991735537,2420,0.18015871293241,0.742364881982197
S5_94466678,5,94466678,0.503836447287112,0.175413223140496,2420,-0.0659475673471945,0.963040516220249
S5_95340368,5,95340368,0.153698392935732,0.327892561983471,2420,-0.166561308387486,0.852641732699591
S5_113637702,5,113637702,0.381167895917086,0.0884297520661157,2420,0.114782384536682,0.935526582225893
S5_134357391,5,134357391,0.94837226182781,0.204338842975207,2420,0.0070875232819958,0.996319602245413
S5_137215938,5,137215938,0.613647497536422,0.120867768595041,2420,-0.0653960411422645,0.970343676176615
S5_137216759,5,137216759,0.399815597125687,0.0566115702479339,2420,-0.172990639157547,0.938467565144909
S5_142853398,5,142853398,0.833865084223675,0.232644628099174,2420,-0.0233303717932927,0.987219582471707
S5_145203522,5,145203522,0.603397899461908,0.0772727272727273,2420,-0.0741692317078844,0.970343676176615
S5_146713841,5,146713841,0.477209837050002,0.36301652892562,2420,-0.110751654154228,0.952570023568802
S5_146715057,5,146715057,0.610138005078613,0.364876033057851,2420,-0.0788520600420952,0.970343676176615
S5_147071985,5,147071985,0.000134329811547623,0.0483471074380165,2420,-0.520611056431882,0.0120312787733958
S5_147473771,5,147473771,0.956724106956513,0.134090909090909,2420,-0.0058783689374593,0.996568802044206
S5_147887551,5,147887551,6.64166858005026e-06,0.303512396694215,2420,0.524471052656422,0.000855114829681471
S5_153353332,5,153353332,0.586229245273987,0.320867768595041,2420,-0.0636467916384049,0.970343676176615
S5_153353657,5,153353657,0.342519642329415,0.381404958677686,2420,-0.113611846833123,0.926521963957154
S5_154883835,5,154883835,0.299703630416976,0.0993801652892562,2420,-0.133988575538979,0.926521963957154
S5_160754197,5,160754197,0.774791496067015,0.170454545454545,2420,-0.0293277918744934,0.985867127116323
S5_162295166,5,162295166,0.736659492225181,0.26095041322314,2420,-0.0330181542369701,0.985867127116323
S5_162523269,5,162523269,0.718703798757596,0.173140495867769,2420,0.0328018572432427,0.985867127116323
S5_162523281,5,162523281,0.585830536899682,0.173347107438017,2420,0.0496132303878767,0.970343676176615
S5_163943266,5,163943266,0.290640302955472,0.174380165289256,2420,-0.106539868331851,0.926521963957154
S5_166675806,5,166675806,0.675366029260474,0.326239669421488,2420,-0.0435609122569076,0.985867127116323
S5_167631942,5,167631942,0.590163733720099,0.196900826446281,2420,-0.0542851387038183,0.970343676176615
S5_167774618,5,167774618,0.512351543486363,0.138223140495868,2420,0.0737738899646274,0.963040516220249
S5_167948506,5,167948506,0.890900442875011,0.162603305785124,2420,-0.0137057203542099,0.995527366127917
S5_169309847,5,169309847,0.93860909494117,0.107231404958678,2420,-0.00950167125094481,0.996319602245413
S5_171099522,5,171099522,0.568684704864226,0.208677685950413,2420,-0.0524782924970566,0.970343676176615
S5_171099708,5,171099708,0.457619259248364,0.193801652892562,2420,-0.068810782722835,0.952570023568802
S5_171558014,5,171558014,0.724247948758184,0.101859504132231,2420,0.0407842949599058,0.985867127116323
S5_174583061,5,174583061,0.712786428914739,0.122727272727273,2420,-0.0475839464323542,0.985867127116323
S5_174744000,5,174744000,0.232658599950515,0.329752066115702,2420,-0.134899957326695,0.90504885528514
S5_174873345,5,174873345,0.943686463526136,0.374173553719008,2420,-0.00869057574459475,0.996319602245413
S5_176356092,5,176356092,0.373708138924969,0.259504132231405,2420,0.0861333579052541,0.928144996047672
S5_176844776,5,176844776,0.0603391268624461,0.108057851239669,2420,0.689554025706002,0.690152211062022
S5_177183610,5,177183610,0.000361538109260396,0.110743801652893,2420,-0.374682033506735,0.0275940849318655
S5_177768562,5,177768562,0.514448549549283,0.128925619834711,2420,0.0764709930612923,0.963040516220249
S5_178745983,5,178745983,0.560731301022032,0.266528925619835,2420,0.055726847046202,0.970343676176615
S5_178912346,5,178912346,0.980004266634143,0.0787190082644628,2420,-0.00265098224110716,0.999495612337326
S5_179642041,5,179642041,0.0713479105745409,0.128512396694215,2420,0.209756559990268,0.690152211062022
S5_179660715,5,179660715,0.6134222633284,0.139462809917355,2420,-0.0565668129430605,0.970343676176615
S5_179922594,5,179922594,0.230474887333517,0.181611570247934,2420,0.114890977083775,0.903410667454781
S5_179923101,5,179923101,0.136994881371161,0.182851239669421,2420,0.142130730100689,0.830027810660566
S5_180189155,5,180189155,0.957908600308631,0.133677685950413,2420,-0.00584665702794496,0.996568802044206
S5_180302078,5,180302078,0.884502393721361,0.172520661157025,2420,-0.0144006850703988,0.995527366127917
S5_181964400,5,181964400,0.241121426538389,0.196694214876033,2420,0.133821321387245,0.913292129638446
S5_184371294,5,184371294,0.242747921120834,0.177892561983471,2420,0.1053958977798,0.914352179897802
S5_185612028,5,185612028,0.225882757919239,0.0948347107438016,2420,0.139360216083318,0.903410667454781
S5_185659742,5,185659742,0.742824401159831,0.154338842975207,2420,-0.0318531773822315,0.985867127116323
S5_186306420,5,186306420,0.355773740627302,0.154338842975207,2420,0.108777851331325,0.926796325695789
S5_187238296,5,187238296,0.734772809939397,0.0886363636363636,2420,-0.0384742947234002,0.985867127116323
S5_187240493,5,187240493,0.328985059173877,0.287809917355372,2420,-0.0899948077946533,0.926521963957154
S5_187698419,5,187698419,0.439598979510418,0.0634297520661157,2420,-0.049268347494305,0.952570023568802
S5_187875195,5,187875195,0.291894691490319,0.290909090909091,2420,0.0977274956900942,0.926521963957154
S5_188157823,5,188157823,0.496712375710774,0.090702479338843,2420,0.0923476181840499,0.963040516220249
S5_188213251,5,188213251,0.780486858603335,0.220661157024793,2420,-0.0248557197979267,0.985867127116323
S5_189353511,5,189353511,0.666277686811404,0.215289256198347,2420,0.0530568012327421,0.985867127116323
S5_189363603,5,189363603,0.333750350524321,0.288429752066116,2420,0.118899027976454,0.926521963957154
S5_190041360,5,190041360,0.238045772851926,0.154132231404959,2420,0.124875203241629,0.910253557433231
S5_192686533,5,192686533,0.757753030624987,0.371900826446281,2420,-0.0356529714323983,0.985867127116323
S5_192792986,5,192792986,0.921704859689721,0.142561983471074,2420,-0.00897502795471894,0.996319602245413
S5_193315723,5,193315723,0.994648791618344,0.130371900826446,2420,-0.00082829118437644,0.999495612337326
S5_194079700,5,194079700,0.560266750411912,0.10702479338843,2420,-0.0569277239901993,0.970343676176615
S5_194827709,5,194827709,0.651014223778249,0.215082644628099,2420,0.0384911834860588,0.985867127116323
S5_195066772,5,195066772,0.997379097763582,0.0638429752066116,2420,-0.000557672115462537,0.999495612337326
S5_195079729,5,195079729,0.469768117496661,0.311157024793388,2420,0.0721933388371667,0.952570023568802
S5_195080529,5,195080529,0.296427040153405,0.187603305785124,2420,0.100624089711602,0.926521963957154
S5_195296424,5,195296424,0.821601064736504,0.0640495867768595,2420,0.0358715805821532,0.985867127116323
S5_196493942,5,196493942,0.876207395527026,0.126446280991736,2420,0.022353031507123,0.995527366127917
S5_196495308,5,196495308,3.69624616471984e-09,0.264256198347107,2420,-0.553170629821999,1.90356677483072e-06
S5_196686417,5,196686417,0.815637875419511,0.102479338842975,2420,0.0287673156626624,0.985867127116323
S5_196688275,5,196688275,0.41459964201032,0.224173553719008,2420,0.0783346062780765,0.943131785009253
S5_196688753,5,196688753,0.944223563781853,0.275413223140496,2420,-0.00561969895548486,0.996319602245413
S5_197833779,5,197833779,0.937557439051833,0.127892561983471,2420,0.00762197686918853,0.996319602245413
S5_198023231,5,198023231,0.608101595239308,0.175619834710744,2420,0.0512613720919717,0.970343676176615
S5_198353824,5,198353824,0.732725157370842,0.0989669421487603,2420,0.0356423893441757,0.985867127116323
S5_198357291,5,198357291,0.983476040519653,0.239256198347107,2420,-0.00206674147125341,0.999495612337326
S5_198497394,5,198497394,0.923835192678852,0.140082644628099,2420,0.0111211123924306,0.996319602245413
S5_198576650,5,198576650,0.327501169092747,0.327892561983471,2420,0.145008895036881,0.926521963957154
S5_199103162,5,199103162,0.965292233863657,0.145867768595041,2420,-0.00438653606832418,0.998243976786714
S5_203416587,5,203416587,0.437796972942902,0.229545454545455,2420,-0.0878391232806734,0.952570023568802
S5_203425942,5,203425942,0.311896655317285,0.37004132231405,2420,-0.126162595833648,0.926521963957154
S5_204040867,5,204040867,0.87199398830534,0.314876033057851,2420,0.0162080662938706,0.995527366127917
S5_204040909,5,204040909,0.52076199552119,0.300826446280992,2420,0.0646681429278146,0.963040516220249
S5_204409553,5,204409553,0.848559914641167,0.190909090909091,2420,0.0178289599465415,0.994300202114213
S5_204693690,5,204693690,0.811310330684252,0.084297520661157,2420,-0.0340634365733194,0.985867127116323
S5_205869673,5,205869673,0.961197660526491,0.33202479338843,2420,-0.00536069622518198,0.996696480601472
S5_205950398,5,205950398,0.317396528194025,0.227272727272727,2420,-0.10957143698846,0.926521963957154
S5_206240787,5,206240787,0.579859257846836,0.362396694214876,2420,0.0624362813356356,0.970343676176615
S5_206652970,5,206652970,0.0051789588660498,0.0113636363636364,2420,-0.74619442700553,0.231927288349187
S5_206654542,5,206654542,0.645872385038461,0.084297520661157,2420,-0.0574681414191787,0.985867127116323
S5_207186816,5,207186816,0.331811407794433,0.0989669421487603,2420,0.118286402995011,0.926521963957154
S5_207333354,5,207333354,0.252154377824949,0.279752066115702,2420,0.109764704468432,0.919825058950155
S5_208492316,5,208492316,0.772711750715269,0.127892561983471,2420,0.0298899032356985,0.985867127116323
S5_209484843,5,209484843,0.53834127340291,0.0328512396694215,2420,0.10134436034329,0.968456724507647
S5_209506777,5,209506777,0.0347102082423342,0.0814049586776859,2420,0.264771196533658,0.638343824659506
S5_209558738,5,209558738,0.0412157756947012,0.0774793388429752,2420,0.268181830560053,0.641213904442645
S5_209751223,5,209751223,0.323414145243916,0.144214876033058,2420,-0.113969891097213,0.926521963957154
S5_210099034,5,210099034,0.500069500153646,0.128719008264463,2420,-0.074310526771626,0.963040516220249
S5_210871718,5,210871718,0.865163317997344,0.183057851239669,2420,-0.0166600449256293,0.995527366127917
S5_211204931,5,211204931,0.804423721161016,0.178305785123967,2420,-0.0240249612064929,0.985867127116323
S5_211205797,5,211205797,0.15478234621946,0.0464876033057851,2420,0.234950967071285,0.852641732699591
S5_211242216,5,211242216,0.723869062592914,0.176859504132231,2420,-0.0341052266055897,0.985867127116323
S5_211285153,5,211285153,0.653224299693718,0.271074380165289,2420,0.0370291206139086,0.985867127116323
S5_211334892,5,211334892,0.276851277952643,0.151652892561983,2420,0.108498191443147,0.926521963957154
S5_211698429,5,211698429,0.880141284798306,0.178719008264463,2420,-0.0127038330438012,0.995527366127917
S5_211843513,5,211843513,0.0644351249762424,0.0840909090909091,2420,-0.265466656250339,0.690152211062022
S5_211962336,5,211962336,0.0438457211613103,0.184710743801653,2420,0.191834390498229,0.641213904442645
S5_212055655,5,212055655,0.296893543641637,0.15495867768595,2420,0.105409662254971,0.926521963957154
S5_212070678,5,212070678,0.231620781123352,0.129338842975207,2420,0.122410380017726,0.903671986958533
S5_212136026,5,212136026,0.724139012283357,0.116322314049587,2420,-0.0457894193115749,0.985867127116323
S5_212255952,5,212255952,0.223823765852309,0.14896694214876,2420,0.136299563698174,0.903410667454781
S5_212478679,5,212478679,0.531683720212623,0.124380165289256,2420,0.0651954549796585,0.965747429548081
S5_213003414,5,213003414,0.0504072484962336,0.0987603305785124,2420,0.235535271024304,0.657208429761021
S5_213100773,5,213100773,0.291371373775341,0.0710743801652893,2420,0.141192070270179,0.926521963957154
S5_213137320,5,213137320,0.172440677045941,0.208057851239669,2420,-0.145201161684923,0.86496854326013
S5_213160675,5,213160675,0.336209697384917,0.125206611570248,2420,-0.127333297102069,0.926521963957154
S5_213166480,5,213166480,0.720999651404312,0.0816115702479339,2420,-0.0465185449439787,0.985867127116323
S5_213380060,5,213380060,0.969503501473632,0.15702479338843,2420,-0.00364032614430698,0.999495612337326
S5_213565655,5,213565655,0.00478661913439982,0.0754132231404959,2420,-0.309933913948813,0.222678555894242
S5_213571586,5,213571586,0.979927288632189,0.221074380165289,2420,-0.00239755485469573,0.999495612337326
S5_213596888,5,213596888,0.383763447548399,0.132438016528926,2420,-0.085798498963598,0.937784937069634
S5_213601432,5,213601432,0.583448521107548,0.130165289256198,2420,-0.0540270808284191,0.970343676176615
S5_214150762,5,214150762,0.801951913733512,0.304752066115702,2420,-0.0231704566282929,0.985867127116323
S5_214254801,5,214254801,0.923493542936673,0.149793388429752,2420,-0.00863314099373724,0.996319602245413
S5_214295509,5,214295509,0.301299906024737,0.389876033057851,2420,-0.124955465174821,0.926521963957154
S5_215367055,5,215367055,0.0709292930290053,0.296694214876033,2420,-0.155882453014186,0.690152211062022
S5_215367218,5,215367218,0.319556573643724,0.194628099173554,2420,0.0824461103889575,0.926521963957154
S5_216252803,5,216252803,0.673122285728649,0.196074380165289,2420,0.0361965096510062,0.985867127116323
S5_216397829,5,216397829,0.685269299695164,0.161776859504132,2420,0.0387814432312155,0.985867127116323
S5_216639488,5,216639488,0.0803603621931512,0.256611570247934,2420,-0.135977430496041,0.719749330947354
S5_216679342,5,216679342,0.286809081761232,0.125413223140496,2420,-0.118318398551821,0.926521963957154
S5_216685919,5,216685919,0.824966628370038,0.434297520661157,2420,0.0269977285621508,0.985867127116323
S5_216902344,5,216902344,0.356665089645466,0.31797520661157,2420,-0.0829851108763933,0.926796325695789
S5_217277409,5,217277409,0.172653510718728,0.171694214876033,2420,-0.140169115108819,0.86496854326013
S5_218069890,5,218069890,0.0314474686099038,0.0960743801652893,2420,-0.233336899358349,0.6108316992221
S5_218071486,5,218071486,0.0314474686099038,0.0960743801652893,2420,-0.233336899358349,0.6108316992221
S5_219302032,5,219302032,0.697904332812714,0.428719008264463,2420,0.0466892673870234,0.985867127116323
S5_219699961,5,219699961,0.402084508662469,0.0890495867768595,2420,-0.0885180964124572,0.938467565144909
S5_220362315,5,220362315,0.138095213292569,0.0650826446280992,2420,-0.175349319301219,0.834240877955109
S5_220616742,5,220616742,0.300036241982057,0.312396694214876,2420,-0.0860599854889585,0.926521963957154
S5_220625279,5,220625279,0.801317100073367,0.0545454545454545,2420,-0.0328694268084035,0.985867127116323
S5_220826505,5,220826505,0.335452367345025,0.10702479338843,2420,-0.0965909666004308,0.926521963957154
S5_220992100,5,220992100,0.739267367448176,0.0739669421487603,2420,0.0384428769600333,0.985867127116323
S5_221195461,5,221195461,0.943773557190906,0.0979338842975207,2420,-0.00756566304653461,0.996319602245413
S5_221698085,5,221698085,0.987066057976047,0.124586776859504,2420,-0.00170217340479439,0.999495612337326
S5_221957658,5,221957658,0.11466218464958,0.071900826446281,2420,-0.184024337642043,0.782132782709054
S5_222467069,5,222467069,0.14303329957165,0.31900826446281,2420,-0.133023959768877,0.848620023165276
S5_222581144,5,222581144,0.272937857229261,0.360330578512397,2420,0.10166969882863,0.926521963957154
S5_222820716,5,222820716,0.213447808292543,0.158264462809917,2420,-0.111404760037374,0.903051749901211
S5_223260186,5,223260186,0.495048849300255,0.314256198347107,2420,-0.0603828017887622,0.96207606562125
S5_223260805,5,223260805,0.516740909257825,0.415289256198347,2420,-0.0756815131899202,0.963040516220249
S5_223366133,5,223366133,0.750267106180062,0.143595041322314,2420,0.0295017512541023,0.985867127116323
S5_223426991,5,223426991,0.191463352198787,0.167355371900826,2420,-0.120672682276762,0.874855752216877
S5_223430784,5,223430784,0.770462830438692,0.306198347107438,2420,0.022405219983284,0.985867127116323
S5_223430984,5,223430984,0.745413253997477,0.205165289256198,2420,-0.0252253512739316,0.985867127116323
S5_223436095,5,223436095,0.614185425022278,0.0871900826446281,2420,-0.0552319539767012,0.970343676176615
S5_223645549,5,223645549,0.297896102052662,0.324380165289256,2420,-0.0981075885744076,0.926521963957154
S5_223756239,5,223756239,0.123933251561459,0.192355371900826,2420,-0.143331007838583,0.803804627582095
S5_223875842,5,223875842,0.355165578156817,0.191115702479339,2420,-0.0776722566903061,0.926796325695789
S5_223901174,5,223901174,0.216907306876505,0.0675619834710744,2420,-0.158839712626346,0.903410667454781
S5_223904377,5,223904377,0.870314793340206,0.142561983471074,2420,0.0172157432154449,0.995527366127917
S5_223909423,5,223909423,0.90029139803653,0.0679752066115702,2420,-0.0157131845533485,0.995527366127917
S5_224226095,5,224226095,0.719099563852103,0.166942148760331,2420,0.0335765101892207,0.985867127116323
S5_224229262,5,224229262,0.180116058477183,0.0756198347107438,2420,-0.156948651251994,0.86496854326013
S5_224633761,5,224633761,0.450619819462342,0.0636363636363636,2420,-0.0928475689946424,0.952570023568802
S5_225053113,5,225053113,0.566660948788034,0.207644628099174,2420,-0.0501544920340393,0.970343676176615
S5_226029760,5,226029760,0.416626176873019,0.440289256198347,2420,-0.105445203024146,0.943131785009253
S6_7500192,6,7500192,0.504614963754157,0.296280991735537,2420,-0.078580046683669,0.963040516220249
S6_9172373,6,9172373,0.228224767030119,0.180578512396694,2420,-0.119875642951058,0.903410667454781
S6_10091180,6,10091180,0.347159193585397,0.146074380165289,2420,0.0867734291910693,0.926796325695789
S6_10091291,6,10091291,0.347159193585397,0.146074380165289,2420,0.0867734291910693,0.926796325695789
S6_10170336,6,10170336,0.202738300625692,0.21198347107438,2420,0.109172396082556,0.895564557975181
S6_10178401,6,10178401,0.381855714128515,0.0985537190082645,2420,0.0962444609467923,0.935526582225893
S6_10427934,6,10427934,0.100809811771993,0.0386363636363636,2420,-0.237470868759146,0.779500061570354
S6_12017089,6,12017089,0.406217018826035,0.106818181818182,2420,0.0821914867225644,0.940232650316441
S6_14800910,6,14800910,0.327972390001708,0.0805785123966942,2420,0.126709945075561,0.926521963957154
S6_25976852,6,25976852,0.260397356577762,0.216322314049587,2420,-0.111937884900868,0.926521963957154
S6_30546465,6,30546465,0.398988336680485,0.303719008264463,2420,-0.10743516967915,0.938467565144909
S6_37966438,6,37966438,0.0349982031398051,0.229338842975207,2420,0.143231790529862,0.638343824659506
S6_51081241,6,51081241,0.957839456092709,0.0727272727272727,2420,-0.00647693541544925,0.996568802044206
S6_53667694,6,53667694,0.270909540678874,0.285330578512397,2420,-0.123841003370103,0.926521963957154
S6_64419294,6,64419294,0.00246024994582665,0.343801652892562,2420,0.189158766882911,0.140780969122303
S6_67037943,6,67037943,0.893441017097822,0.0489669421487603,2420,0.0227826263696329,0.995527366127917
S6_67043112,6,67043112,0.453642424902141,0.339462809917355,2420,-0.0856723910351889,0.952570023568802
S6_68175871,6,68175871,0.0350394710517858,0.152272727272727,2420,-0.210804032741834,0.638343824659506
S6_71847299,6,71847299,0.005431451143024,0.392355371900826,2420,-0.341784396247249,0.238059347970839
S6_78216005,6,78216005,0.126267792384909,0.340495867768595,2420,-0.172472604677296,0.804026096721979
S6_80620806,6,80620806,0.963698679166967,0.302066115702479,2420,0.00552939250650297,0.998088440896724
S6_82541405,6,82541405,0.00486433738603928,0.403925619834711,2420,-0.360509490298227,0.222678555894242
S6_84930110,6,84930110,0.152105308392958,0.180165289256198,2420,-0.145395992375512,0.852641732699591
S6_92919825,6,92919825,0.0696667693371543,0.0824380165289256,2420,-0.203144082670917,0.690152211062022
S6_94929182,6,94929182,0.617276514415289,0.190082644628099,2420,-0.0493023282565161,0.973652082462094
S6_95582532,6,95582532,0.438791556561149,0.29896694214876,2420,-0.0720737227543964,0.952570023568802
S6_96074538,6,96074538,0.133566769713448,0.0859504132231405,2420,-0.169284673256087,0.826513779084472
S6_96712764,6,96712764,0.237939161611721,0.188223140495868,2420,0.131629070337397,0.910253557433231
S6_98298987,6,98298987,0.708073948943228,0.208264462809917,2420,-0.0371653653821795,0.985867127116323
S6_98395946,6,98395946,0.03095294204649,0.384917355371901,2420,-0.226424802917734,0.6108316992221
S6_98408157,6,98408157,0.598302677411122,0.109917355371901,2420,-0.0538130804585251,0.970343676176615
S6_98417550,6,98417550,0.332786423400697,0.046900826446281,2420,-0.137348911790895,0.926521963957154
S6_100808400,6,100808400,0.394395670949021,0.0409090909090909,2420,-0.140181224814967,0.938467565144909
S6_102701095,6,102701095,0.768007758971317,0.396694214876033,2420,-0.033184404166775,0.985867127116323
S6_102701334,6,102701334,0.07044555146822,0.269421487603306,2420,-0.138719645919593,0.690152211062022
S6_102804778,6,102804778,0.316726224607283,0.216528925619835,2420,-0.0783229593988892,0.926521963957154
S6_104866390,6,104866390,0.972654740191346,0.105371900826446,2420,0.00320464467628767,0.999495612337326
S6_105780483,6,105780483,0.111480257324856,0.0820247933884297,2420,-0.178819405856231,0.779500061570354
S6_105829977,6,105829977,0.465138652942975,0.172727272727273,2420,-0.0609342203418777,0.952570023568802
S6_123007536,6,123007536,0.654572331942489,0.328719008264463,2420,-0.0405492696376086,0.985867127116323
S6_123298007,6,123298007,0.119675280481129,0.369214876033058,2420,-0.169830535871711,0.792704430196548
S6_123492422,6,123492422,0.0379475556522215,0.391528925619835,2420,-0.227919450259719,0.640753808553904
S6_124083395,6,124083395,0.0316062674012545,0.391942148760331,2420,-0.23576017843493,0.6108316992221
S6_124872356,6,124872356,0.653354653410289,0.201446280991736,2420,-0.0363905587389581,0.985867127116323
S6_127695370,6,127695370,0.948295714529157,0.267768595041322,2420,-0.00634815733565119,0.996319602245413
S6_128029740,6,128029740,0.736206820653172,0.385123966942149,2420,-0.0370337893105557,0.985867127116323
S6_128681003,6,128681003,0.249635129114283,0.393801652892562,2420,-0.127397154915627,0.919786646507622
S6_129038174,6,129038174,0.3715839229368,0.227685950413223,2420,-0.0786260471413129,0.927300239750326
S6_129595629,6,129595629,0.638142664456843,0.186363636363636,2420,0.0699871273817507,0.985867127116323
S6_131992891,6,131992891,0.119196969230691,0.235950413223141,2420,-0.121956188444159,0.79236916338937
S6_132737943,6,132737943,0.281347219622486,0.343801652892562,2420,-0.11976031301316,0.926521963957154
S6_133175017,6,133175017,0.679245685269698,0.116942148760331,2420,-0.0410349098911524,0.985867127116323
S6_134125062,6,134125062,0.842467123534846,0.257644628099174,2420,-0.0181565327906412,0.991188226272997
S6_135417855,6,135417855,0.263842399262239,0.0747933884297521,2420,-0.131145923325249,0.926521963957154
S6_138176820,6,138176820,0.310698864001089,0.111363636363636,2420,-0.0996107012092011,0.926521963957154
S6_140908265,6,140908265,0.0230844797694718,0.398347107438017,2420,0.254802435520105,0.573465838887321
S6_144100101,6,144100101,0.10890877875314,0.178305785123967,2420,0.152151295673946,0.779500061570354
S6_144106181,6,144106181,0.0235832882491042,0.186570247933884,2420,0.211273569394848,0.573465838887321
S6_144217241,6,144217241,0.254749834174542,0.246280991735537,2420,-0.0935146239834239,0.924654660759686
S6_146437625,6,146437625,0.139683268678018,0.165702479338843,2420,0.149658682279579,0.838914091768854
S6_146489271,6,146489271,0.0774147708741541,0.198347107438017,2420,0.1678097760757,0.702530519827126
S6_148015145,6,148015145,0.975198507659568,0.35702479338843,2420,0.0027779804179886,0.999495612337326
S6_149306116,6,149306116,0.0510969290294247,0.307231404958678,2420,-0.251948295651573,0.657429787976974
S6_149716126,6,149716126,0.301503909083907,0.0948347107438016,2420,0.107358282599918,0.926521963957154
S6_152466118,6,152466118,0.0503460112446335,0.295867768595041,2420,-0.217770005376735,0.657208429761021
S6_152993174,6,152993174,0.0387355051092194,0.312396694214876,2420,-0.261395389020777,0.641213904442645
S6_153077139,6,153077139,0.147247714156073,0.255165289256198,2420,0.128873820334718,0.849664681124676
S6_154271835,6,154271835,0.0367645414785714,0.261570247933884,2420,-0.195736468844302,0.638343824659506
S6_155722319,6,155722319,0.0174966647090927,0.0646694214876033,2420,0.291492947411797,0.530046019128396
S6_156209684,6,156209684,0.787573330356098,0.0506198347107438,2420,0.0364026535937256,0.985867127116323
S6_156449605,6,156449605,0.0762780767608756,0.141735537190083,2420,0.159547085175873,0.698368169455128
S6_157086241,6,157086241,0.340742444257741,0.32995867768595,2420,0.0891342648542945,0.926521963957154
S6_157086536,6,157086536,0.465007971140316,0.323140495867769,2420,0.0677338915166956,0.952570023568802
S6_157897148,6,157897148,0.150724667346332,0.146074380165289,2420,0.127291737302983,0.852641732699591
S6_157903398,6,157903398,0.0770873422079617,0.0964876033057851,2420,0.188989705302717,0.702530519827126
S6_159085805,6,159085805,0.0838709462083447,0.269214876033058,2420,0.169029302864942,0.733674450595918
S6_159685403,6,159685403,0.727134183926694,0.10599173553719,2420,0.0372243200405933,0.985867127116323
S6_159819701,6,159819701,0.905737655801389,0.0828512396694215,2420,-0.0137808053332265,0.995527366127917
S6_159909388,6,159909388,0.111438916752578,0.288842975206612,2420,0.164226184992913,0.779500061570354
S6_160972138,6,160972138,0.0486116872201467,0.381818181818182,2420,-0.215755933333696,0.650260231646119
S6_161844021,6,161844021,0.544453376381785,0.244214876033058,2420,0.0558389431510307,0.968544002889876
S6_161930736,6,161930736,0.736858356003978,0.16797520661157,2420,0.0345677271863565,0.985867127116323
S6_162413998,6,162413998,0.372270533142485,0.165082644628099,2420,-0.0821318817146164,0.927300239750326
S6_165082843,6,165082843,0.63533198467052,0.270247933884298,2420,-0.0437761226005762,0.984788478872288
S6_165516068,6,165516068,0.461092475566725,0.148140495867769,2420,-0.0901230146198486,0.952570023568802
S6_166226097,6,166226097,0.69323273715512,0.0880165289256198,2420,0.04252824688065,0.985867127116323
S6_166231942,6,166231942,0.206968253247754,0.203719008264463,2420,-0.130225307807365,0.897085777120472
S6_166923929,6,166923929,0.183577802407071,0.378305785123967,2420,0.142778968093864,0.86496854326013
S6_167093376,6,167093376,0.893069987813166,0.341942148760331,2420,-0.0126636152232322,0.995527366127917
S6_167992991,6,167992991,0.176212256373229,0.0553719008264463,2420,-0.176526129337375,0.86496854326013
S6_169940741,6,169940741,0.0435106729165085,0.111776859504132,2420,0.199832850113538,0.641213904442645
S6_170389932,6,170389932,0.310454827616298,0.0942148760330579,2420,0.106269674260531,0.926521963957154
S6_170593838,6,170593838,0.0938355969880148,0.13801652892562,2420,0.1508518176026,0.761028857461852
S6_170637539,6,170637539,0.788909958676036,0.0737603305785124,2420,0.032051125983088,0.985867127116323
S6_171072688,6,171072688,0.722889157384939,0.171280991735537,2420,0.0283287523468232,0.985867127116323
S6_171076874,6,171076874,0.604518170649806,0.133471074380165,2420,0.0464161272526553,0.970343676176615
S6_171107203,6,171107203,0.0916311009313939,0.0489669421487603,2420,0.263603662515195,0.751324774437237
S6_171107240,6,171107240,0.0295963680330708,0.0508264462809917,2420,0.332188925814719,0.6108316992221
S6_171170326,6,171170326,0.529044133646271,0.0983471074380165,2420,0.064974767378132,0.965306390886908
S6_171210584,6,171210584,0.39575342541287,0.059504132231405,2420,-0.106170771082517,0.938467565144909
S6_171246978,6,171246978,0.852051266359614,0.0584710743801653,2420,0.0234031048056806,0.994462101246914
S6_171331272,6,171331272,0.0663660253093917,0.0855371900826446,2420,0.216019559128682,0.690152211062022
S6_171494788,6,171494788,0.29695917038771,0.12603305785124,2420,-0.112089380416734,0.926521963957154
S6_171825055,6,171825055,0.859635009311531,0.0830578512396694,2420,-0.0195550714811503,0.995527366127917
S6_171825719,6,171825719,0.701164191344907,0.280578512396694,2420,0.0357039416726934,0.985867127116323
S6_172111295,6,172111295,0.462630539023963,0.132851239669422,2420,0.0682050726730665,0.952570023568802
S6_172528568,6,172528568,0.829562261617475,0.101446280991736,2420,0.021669492271684,0.985867127116323
S6_172699949,6,172699949,0.761763685389598,0.103305785123967,2420,0.0304442566586118,0.985867127116323
S6_173144508,6,173144508,0.937177061307525,0.33099173553719,2420,0.00709542308675282,0.996319602245413
S6_173220894,6,173220894,0.0739914558558539,0.273140495867769,2420,-0.142482220241249,0.690152211062022
S6_173395982,6,173395982,0.603686625013585,0.213223140495868,2420,-0.0422836950351382,0.970343676176615
S6_173844654,6,173844654,0.781753762265468,0.337809917355372,2420,-0.0236491686501097,0.985867127116323
S6_173850038,6,173850038,0.33041564249182,0.0913223140495868,2420,0.106322491682221,0.926521963957154
S6_174063060,6,174063060,0.292662719518071,0.213842975206612,2420,0.0890054121846049,0.926521963957154
S6_174251053,6,174251053,0.540864533801843,0.286570247933884,2420,0.0763430556651201,0.968456724507647
S6_174425232,6,174425232,0.604392285941258,0.347107438016529,2420,0.0553222154370019,0.970343676176615
S6_174460388,6,174460388,0.819300510910498,0.395454545454545,2420,0.0249767250494415,0.985867127116323
S6_174463143,6,174463143,0.819300510910498,0.395454545454545,2420,0.0249767250494415,0.985867127116323
S6_174474123,6,174474123,0.826858638847417,0.345454545454545,2420,-0.0201972499688168,0.985867127116323
S6_174546993,6,174546993,0.870227907245375,0.396487603305785,2420,-0.0176545795952734,0.995527366127917
S6_174553511,6,174553511,0.979543206179862,0.0991735537190083,2420,-0.00279697972794679,0.999495612337326
S6_174554225,6,174554225,0.84641660398773,0.100413223140496,2420,0.0208510589163637,0.993822121939872
S6_174948850,6,174948850,0.952735350639479,0.195867768595041,2420,0.00544014363251222,0.996319602245413
S6_175017858,6,175017858,0.295156741043352,0.198140495867769,2420,-0.0961944117748033,0.926521963957154
S6_175155013,6,175155013,0.371686022249615,0.261157024793388,2420,-0.0775687400659706,0.927300239750326
S6_175614573,6,175614573,0.661940339412588,0.0543388429752066,2420,0.0569554382534534,0.985867127116323
S6_176650245,6,176650245,0.872670899595456,0.133264462809917,2420,0.0169651599799181,0.995527366127917
S6_177006450,6,177006450,0.832356056060716,0.329752066115702,2420,-0.0203249070640936,0.986731174787
S6_177006463,6,177006463,0.832356056060716,0.329752066115702,2420,-0.0203249070640936,0.986731174787
S6_177541212,6,177541212,0.618246560295068,0.090495867768595,2420,-0.0530630899497453,0.974436047595899
S6_178280648,6,178280648,0.625552256319707,0.0919421487603306,2420,-0.0531513004048634,0.980449336009492
S6_178499689,6,178499689,0.697892649052895,0.322520661157025,2420,0.0437652575079142,0.985867127116323
S6_179563522,6,179563522,0.995558295308461,0.143801652892562,2420,0.000533610998388667,0.999495612337326
S6_179646907,6,179646907,0.513939387728771,0.138636363636364,2420,0.0639749273255177,0.963040516220249
S6_179653649,6,179653649,0.822196414282319,0.112396694214876,2420,0.0238362810707144,0.985867127116323
S6_179990687,6,179990687,0.174040875742893,0.213223140495868,2420,0.248230594978168,0.86496854326013
S6_179997361,6,179997361,0.105059261995957,0.20599173553719,2420,0.271200010094844,0.779500061570354
S6_180646401,6,180646401,0.659057038150132,0.136570247933884,2420,-0.0435520915799827,0.985867127116323
S7_844671,7,844671,0.284155290598763,0.123140495867769,2420,-0.11545581191055,0.926521963957154
S7_1056516,7,1056516,0.798395703491804,0.33801652892562,2420,-0.0225887911900031,0.985867127116323
S7_1399948,7,1399948,0.172660368357512,0.0702479338842975,2420,-0.17054785467792,0.86496854326013
S7_1623486,7,1623486,0.36690494305634,0.166115702479339,2420,-0.0767809156753572,0.927300239750326
S7_1882039,7,1882039,0.554257692761162,0.234917355371901,2420,-0.0457968359188214,0.970343676176615
S7_2222059,7,2222059,0.28869502474761,0.0318181818181818,2420,0.169040763010116,0.926521963957154
S7_3606609,7,3606609,0.718103152661659,0.0840909090909091,2420,-0.0411449939744841,0.985867127116323
S7_3781862,7,3781862,0.144641853765941,0.0857438016528926,2420,-0.158178165626197,0.848620023165276
S7_4034926,7,4034926,0.224709737782667,0.177479338842975,2420,-0.101273765357448,0.903410667454781
S7_4131827,7,4131827,0.401967892856905,0.227892561983471,2420,-0.0743973414890888,0.938467565144909
S7_4132053,7,4132053,0.628573639294025,0.150413223140496,2420,-0.044328190025908,0.983165358143574
S7_4185867,7,4185867,0.860074586657041,0.187809917355372,2420,0.0155309613934378,0.995527366127917
S7_4185885,7,4185885,0.610926938390411,0.231818181818182,2420,0.0414810004081119,0.970343676176615
S7_4185900,7,4185900,0.989865231536083,0.32396694214876,2420,-0.00108421428646466,0.999495612337326
S7_4224614,7,4224614,0.0377381576772136,0.232851239669421,2420,-0.18909105934398,0.640753808553904
S7_4704421,7,4704421,0.5228296292505,0.177479338842975,2420,-0.0545899775367502,0.963040516220249
S7_4993741,7,4993741,0.5758255497565,0.222520661157025,2420,0.0429262664929979,0.970343676176615
S7_5294149,7,5294149,0.885287139923647,0.421074380165289,2420,-0.0177545497438132,0.995527366127917
S7_5576737,7,5576737,0.579407457480344,0.0578512396694215,2420,-0.073122800405244,0.970343676176615
S7_6008227,7,6008227,0.80398100647387,0.151239669421488,2420,-0.0217411144455468,0.985867127116323
S7_7731242,7,7731242,0.621087039957122,0.138636363636364,2420,0.0550742024301769,0.976671223138681
S7_7742880,7,7742880,0.905478179156695,0.16198347107438,2420,0.0113438421768706,0.995527366127917
S7_8226814,7,8226814,0.744337413310273,0.306611570247934,2420,-0.0344759890630257,0.985867127116323
S7_8236858,7,8236858,0.274946584733345,0.0803719008264463,2420,-0.126634339029238,0.926521963957154
S7_8359766,7,8359766,0.589685226229579,0.188429752066116,2420,-0.0689688763862364,0.970343676176615
S7_9076132,7,9076132,0.0741967368157809,0.0708677685950413,2420,0.217242564603623,0.690152211062022
S7_9373969,7,9373969,0.422140321966285,0.315495867768595,2420,-0.0939219522508665,0.948319589149996
S7_9378165,7,9378165,0.64027516796392,0.317148760330579,2420,-0.0550660924870385,0.985867127116323
S7_10079492,7,10079492,0.376437649068623,0.0464876033057851,2420,-0.127619917270195,0.932045140722792
S7_10810550,7,10810550,0.558398528267654,0.22995867768595,2420,-0.066162084311145,0.970343676176615
S7_11059965,7,11059965,0.607087095333588,0.11095041322314,2420,-0.0566865976336715,0.970343676176615
S7_12026797,7,12026797,0.680099175127676,0.162603305785124,2420,-0.0370877251310162,0.985867127116323
S7_13501881,7,13501881,0.476863465033176,0.296074380165289,2420,-0.0700147263409576,0.952570023568802
S7_13581391,7,13581391,0.458928756213861,0.347727272727273,2420,-0.0831850110127448,0.952570023568802
S7_13945703,7,13945703,0.593960023822376,0.30599173553719,2420,-0.0538052478761415,0.970343676176615
S7_13961624,7,13961624,0.497221005553269,0.337603305785124,2420,-0.0764097764957796,0.963040516220249
S7_13961812,7,13961812,0.366541375823988,0.207851239669421,2420,0.103222229533003,0.927300239750326
S7_13961898,7,13961898,0.810861590544165,0.341115702479339,2420,-0.0268649474543849,0.985867127116323
S7_14207155,7,14207155,0.0438638308773349,0.192561983471074,2420,-0.165978535933817,0.641213904442645
S7_15392216,7,15392216,0.869113630146613,0.171694214876033,2420,0.0154550545207996,0.995527366127917
S7_18011608,7,18011608,0.726248226360208,0.36095041322314,2420,-0.0391554195082335,0.985867127116323
S7_22883047,7,22883047,0.485693015210336,0.143181818181818,2420,-0.067976977406488,0.960027657657505
S7_27927295,7,27927295,0.324572194729474,0.290909090909091,2420,0.127574844544085,0.926521963957154
S7_28946638,7,28946638,0.315823288919511,0.0946280991735537,2420,-0.107098197985678,0.926521963957154
S7_31369870,7,31369870,0.168345442543753,0.383264462809917,2420,-0.153347267154459,0.86496854326013
S7_34053809,7,34053809,0.983556748051208,0.154752066115702,2420,0.0018630409680469,0.999495612337326
S7_34422171,7,34422171,0.0625452831214299,0.152479338842975,2420,0.309028891272987,0.690152211062022
S7_41473602,7,41473602,0.470668886104936,0.103099173553719,2420,-0.0869831111432404,0.952570023568802
S7_42251847,7,42251847,0.110728134253768,0.0756198347107438,2420,-0.19517841584566,0.779500061570354
S7_44311585,7,44311585,0.00014386582057429,0.182644628099174,2420,-0.330084247114109,0.0123484829326266
S7_45606995,7,45606995,0.983982888213918,0.0518595041322314,2420,-0.0034930754746938,0.999495612337326
S7_47593869,7,47593869,0.236717972681183,0.391322314049587,2420,-0.142812941632769,0.910253557433231
S7_52721525,7,52721525,0.686797400876634,0.0495867768595041,2420,0.069866293313936,0.985867127116323
S7_91010583,7,91010583,0.152076391106507,0.164669421487603,2420,-0.143085409490055,0.852641732699591
S7_95720534,7,95720534,0.0318853477528342,0.36095041322314,2420,-0.232278013188022,0.6108316992221
S7_96947428,7,96947428,0.832494554262042,0.346900826446281,2420,-0.0230287602054773,0.986731174787
S7_101685008,7,101685008,0.773265504898928,0.0857438016528926,2420,0.0338536831200855,0.985867127116323
S7_103794469,7,103794469,0.267655779103698,0.17396694214876,2420,0.140390920995287,0.926521963957154
S7_107046839,7,107046839,0.889294781190701,0.241322314049587,2420,0.0134565003976093,0.995527366127917
S7_109732796,7,109732796,0.353006548450932,0.0816115702479339,2420,0.11043387633292,0.926796325695789
S7_110287645,7,110287645,0.613541227036116,0.220661157024793,2420,-0.0425781631182645,0.970343676176615
S7_112726284,7,112726284,0.149684791882755,0.11301652892562,2420,0.168464884841484,0.852641732699591
S7_114101603,7,114101603,0.0123919261825829,0.059297520661157,2420,-0.272749743285891,0.425456132268679
S7_114102321,7,114102321,0.686585423352638,0.290702479338843,2420,0.0447467303380904,0.985867127116323
S7_114288977,7,114288977,0.685121944573452,0.0871900826446281,2420,0.0483556272631489,0.985867127116323
S7_115394464,7,115394464,0.775154512430046,0.108677685950413,2420,0.0314578969725687,0.985867127116323
S7_115531617,7,115531617,0.986402661052251,0.087603305785124,2420,-0.00204017760800923,0.999495612337326
S7_116276698,7,116276698,0.915351263672687,0.0882231404958678,2420,0.0127042917729341,0.996319602245413
S7_116653725,7,116653725,0.437862236951835,0.325619834710744,2420,-0.0753354054045303,0.952570023568802
S7_116780969,7,116780969,0.72269090370032,0.0892561983471074,2420,0.0423870833748765,0.985867127116323
S7_117519628,7,117519628,0.921011502986016,0.138842975206612,2420,0.0105505217877635,0.996319602245413
S7_122387013,7,122387013,0.352780595077053,0.128305785123967,2420,-0.0965682450824659,0.926796325695789
S7_122393459,7,122393459,0.803144792123667,0.122727272727273,2420,0.0262754863032626,0.985867127116323
S7_124279387,7,124279387,0.490307509423257,0.243595041322314,2420,0.0711687663593921,0.960107860657709
S7_125176636,7,125176636,0.533082506036129,0.246074380165289,2420,0.0645091682803809,0.965885693595324
S7_126118922,7,126118922,0.785740229628198,0.267355371900826,2420,-0.0267397004699887,0.985867127116323
S7_126935343,7,126935343,0.304863382656349,0.291528925619835,2420,-0.0958025687506563,0.926521963957154
S7_127045257,7,127045257,0.822393159330435,0.393801652892562,2420,0.0263415556552218,0.985867127116323
S7_128986731,7,128986731,0.515467888350062,0.284710743801653,2420,-0.0622824291913275,0.963040516220249
S7_129214069,7,129214069,0.978875719541779,0.278719008264463,2420,0.00251348154793618,0.999495612337326
S7_129807336,7,129807336,0.82253761203153,0.243181818181818,2420,-0.0256922014637553,0.985867127116323
S7_130131479,7,130131479,0.564648732575012,0.204752066115702,2420,0.0554960916654181,0.970343676176615
S7_130175589,7,130175589,0.746925581758161,0.158471074380165,2420,0.0322327734425869,0.985867127116323
S7_130547743,7,130547743,0.708922730017646,0.308057851239669,2420,0.0390168683479146,0.985867127116323
S7_131668413,7,131668413,0.639904205893834,0.357231404958678,2420,-0.0528678112987109,0.985867127116323
S7_132461307,7,132461307,0.431048572571135,0.104545454545455,2420,-0.0924017331759615,0.952570023568802
S7_133186810,7,133186810,0.181460863457566,0.316115702479339,2420,0.137334662914384,0.86496854326013
S7_133186871,7,133186871,0.521689514583384,0.365909090909091,2420,-0.0753706316324383,0.963040516220249
S7_133464110,7,133464110,0.0221106677183915,0.279132231404959,2420,-0.229970389033781,0.573465838887321
S7_133465902,7,133465902,0.0780604414978782,0.280165289256198,2420,-0.176873955111773,0.702644824767814
S7_135301936,7,135301936,0.920993286506763,0.118801652892562,2420,0.00996236799241501,0.996319602245413
S7_136214505,7,136214505,0.943911400418248,0.299586776859504,2420,-0.00642596271649154,0.996319602245413
S7_136452694,7,136452694,0.943613710182715,0.0861570247933884,2420,0.00876843915889935,0.996319602245413
S7_136531397,7,136531397,0.829094929490898,0.112396694214876,2420,-0.0240214830797072,0.985867127116323
S7_137510639,7,137510639,0.438171773656533,0.233471074380165,2420,-0.0739228429706316,0.952570023568802
S7_139440325,7,139440325,0.175275746693343,0.267355371900826,2420,-0.127911773298564,0.86496854326013
S7_139491179,7,139491179,0.515146254471711,0.0989669421487603,2420,0.0732504443427331,0.963040516220249
S7_139496582,7,139496582,0.459260953347198,0.13801652892562,2420,0.0729242331094611,0.952570023568802
S7_139527440,7,139527440,0.603461648261721,0.0648760330578512,2420,0.0702972570326494,0.970343676176615
S7_140578194,7,140578194,0.856490902509686,0.0714876033057851,2420,0.0233312232828098,0.995527366127917
S7_141747386,7,141747386,0.904392964413345,0.0760330578512397,2420,-0.0144054288249436,0.995527366127917
S7_141756965,7,141756965,0.904392964413345,0.0760330578512397,2420,-0.0144054288249436,0.995527366127917
S7_143069328,7,143069328,0.226683622323627,0.125206611570248,2420,-0.119476223370683,0.903410667454781
S7_143098054,7,143098054,0.10820258999004,0.323760330578512,2420,-0.173515858116957,0.779500061570354
S7_144667243,7,144667243,0.173830455625938,0.124380165289256,2420,0.136541432158737,0.86496854326013
S7_144877105,7,144877105,0.337879595676874,0.203099173553719,2420,-0.0854770819462942,0.926521963957154
S7_145115606,7,145115606,0.476776014558761,0.238429752066116,2420,-0.0700639443094815,0.952570023568802
S7_146989468,7,146989468,0.356701488781932,0.206611570247934,2420,0.0803832053871645,0.926796325695789
S7_146990357,7,146990357,0.325475438566887,0.183471074380165,2420,-0.0947734702949674,0.926521963957154
S7_147788972,7,147788972,0.81347620716086,0.096900826446281,2420,-0.025664050351665,0.985867127116323
S7_148846698,7,148846698,0.972307403545973,0.321487603305785,2420,-0.00362882905375272,0.999495612337326
S7_149164143,7,149164143,0.281827282652295,0.0471074380165289,2420,0.158061539148335,0.926521963957154
S7_150341368,7,150341368,0.484567433087743,0.115702479338843,2420,-0.0669821857556485,0.958894247993036
S7_150739423,7,150739423,0.421091253386844,0.065702479338843,2420,-0.103063099855461,0.948319589149996
S7_150896426,7,150896426,0.0876120154858071,0.118801652892562,2420,-0.172291578121857,0.742364881982197
S7_151122054,7,151122054,0.521940376046664,0.0597107438016529,2420,-0.0872390221248764,0.963040516220249
S7_151323488,7,151323488,0.360832314119221,0.23099173553719,2420,0.0839446078131516,0.927300239750326
S7_152980877,7,152980877,0.60386827139643,0.32004132231405,2420,0.0417438213618766,0.970343676176615
S7_153473280,7,153473280,0.570497826087876,0.178512396694215,2420,-0.0495893588879142,0.970343676176615
S7_153571933,7,153571933,0.392803550605047,0.267355371900826,2420,0.098102425004754,0.938467565144909
S7_153812639,7,153812639,0.584232654312173,0.0927685950413223,2420,-0.0580154621339801,0.970343676176615
S7_161191018,7,161191018,0.0401386767543944,0.341115702479339,2420,-0.232217575146137,0.641213904442645
S7_161352998,7,161352998,0.2892535523309,0.183264462809917,2420,0.139986059576245,0.926521963957154
S7_163227439,7,163227439,0.00834887294812483,0.0911157024793388,2420,-0.197588062127151,0.312703241329766
S7_164101621,7,164101621,0.872327889231191,0.334710743801653,2420,0.0140389225939543,0.995527366127917
S7_165193358,7,165193358,0.319237443591585,0.370867768595041,2420,0.101205185883941,0.926521963957154
S7_166294479,7,166294479,0.440143092109325,0.240702479338843,2420,-0.0767042832770528,0.952570023568802
S7_166649983,7,166649983,0.634127232665132,0.149793388429752,2420,0.0492540430743986,0.983661219345009
S7_167438352,7,167438352,0.398444957850938,0.0659090909090909,2420,0.100356973854048,0.938467565144909
S7_170910247,7,170910247,0.218278559630253,0.142768595041322,2420,-0.118890401324308,0.903410667454781
S7_171137187,7,171137187,0.381711601898022,0.375206611570248,2420,0.0953468318355704,0.935526582225893
S7_171218528,7,171218528,0.97264690566622,0.410537190082645,2420,-0.00411977444764489,0.999495612337326
S7_171494406,7,171494406,0.95655343074091,0.335537190082645,2420,-0.00466957023257919,0.996568802044206
S7_173083438,7,173083438,0.543970716077411,0.276446280991736,2420,0.0562340609400565,0.968544002889876
S7_173291589,7,173291589,0.930622703822376,0.374380165289256,2420,-0.00858114631625995,0.996319602245413
S7_174125838,7,174125838,0.692933750660103,0.0702479338842975,2420,0.0482671922367501,0.985867127116323
S7_174487321,7,174487321,0.561510253461238,0.102685950413223,2420,-0.0584068181768913,0.970343676176615
S7_174487353,7,174487353,0.561510253461238,0.102685950413223,2420,-0.0584068181768913,0.970343676176615
S7_174487367,7,174487367,0.561510253461238,0.102685950413223,2420,-0.0584068181768913,0.970343676176615
S7_174506595,7,174506595,0.994719757848944,0.11095041322314,2420,-0.000720622255670378,0.999495612337326
S7_174659681,7,174659681,0.384541766226618,0.261776859504132,2420,0.0925525778928886,0.937819685075553
S7_174986575,7,174986575,0.79783115204021,0.364669421487603,2420,0.0231558222577632,0.985867127116323
S7_174986674,7,174986674,0.551077034343053,0.125413223140496,2420,0.0633049781878867,0.970343676176615
S7_174986857,7,174986857,0.891326769305156,0.0694214876033058,2420,-0.0163340206131011,0.995527366127917
S7_175273833,7,175273833,0.630983306520963,0.439462809917355,2420,-0.0617058417051339,0.983618128350512
S7_175482129,7,175482129,0.937104380412732,0.134504132231405,2420,0.00762742000028993,0.996319602245413
S7_176074888,7,176074888,0.453459457707681,0.121694214876033,2420,0.0775767405937415,0.952570023568802
S7_176076452,7,176076452,0.681360327137491,0.366528925619835,2420,0.0398815142556828,0.985867127116323
S7_176208045,7,176208045,0.297568742829238,0.254338842975207,2420,0.0920641692572133,0.926521963957154
S7_176582006,7,176582006,0.450335847624984,0.10599173553719,2420,-0.0734933090584207,0.952570023568802
S7_176908652,7,176908652,0.736979768348116,0.233264462809917,2420,-0.0286815083638032,0.985867127116323
S7_177297045,7,177297045,0.358479194536356,0.225619834710744,2420,-0.0761236400219616,0.926796325695789
S7_177589777,7,177589777,0.482548237559305,0.361570247933884,2420,0.0670232611670372,0.956736640396696
S7_177592139,7,177592139,0.691945845734342,0.170454545454545,2420,-0.0337643706445334,0.985867127116323
S7_178057883,7,178057883,0.577660293388805,0.153305785123967,2420,-0.0474389309180197,0.970343676176615
S7_178474803,7,178474803,0.614350940429813,0.398347107438017,2420,-0.0558944797339791,0.970343676176615
S7_178518524,7,178518524,0.709971781154739,0.15599173553719,2420,-0.0340343633086775,0.985867127116323
S7_178518565,7,178518565,0.709971781154739,0.15599173553719,2420,-0.0340343633086775,0.985867127116323
S7_178518778,7,178518778,0.996882717082929,0.120247933884298,2420,0.000376468462121693,0.999495612337326
S7_178522030,7,178522030,0.480428686318424,0.340289256198347,2420,0.0657256984284231,0.955330579594964
S7_178606174,7,178606174,0.243679294545579,0.155371900826446,2420,0.101022809131067,0.914352179897802
S7_179111058,7,179111058,0.819918596828441,0.150619834710744,2420,0.0203215419778786,0.985867127116323
S7_179111826,7,179111826,0.583350863409935,0.292561983471074,2420,0.0451066781414227,0.970343676176615
S7_179765379,7,179765379,0.0732539726033757,0.427685950413223,2420,0.21542568335326,0.690152211062022
S7_180311878,7,180311878,0.517540804242916,0.398760330578512,2420,0.0653661348803212,0.963040516220249
S7_182932513,7,182932513,0.939171638669015,0.34297520661157,2420,-0.00697833131317793,0.996319602245413
S7_183230255,7,183230255,0.474717706865257,0.283677685950413,2420,-0.0549086670800989,0.952570023568802
S7_183251802,7,183251802,0.12963970943649,0.353719008264463,2420,-0.147068942686133,0.811725840240638
S7_183325818,7,183325818,0.938935947488665,0.0735537190082645,2420,-0.00900383940657434,0.996319602245413
S7_183536615,7,183536615,0.628927271288596,0.284710743801653,2420,0.0400418876832589,0.983165358143574
S7_183788586,7,183788586,0.159281231829436,0.204545454545455,2420,0.11686486813764,0.863471940970102
S7_184554841,7,184554841,0.105297031355078,0.224173553719008,2420,0.137062163034273,0.779500061570354
S8_612496,8,612496,0.370629812630023,0.10702479338843,2420,-0.0984342418248332,0.927300239750326
S8_1194988,8,1194988,0.565715726899251,0.130578512396694,2420,0.0609192885873711,0.970343676176615
S8_1829299,8,1829299,0.803091751642528,0.28099173553719,2420,-0.0220957264221227,0.985867127116323
S8_2420621,8,2420621,0.119040331204904,0.132851239669422,2420,0.166315076158469,0.79236916338937
S8_2623912,8,2623912,0.373961333359013,0.164876033057851,2420,0.0843296511802407,0.928144996047672
S8_3642557,8,3642557,0.0653902991824506,0.0683884297520661,2420,-0.21826556152044,0.690152211062022
S8_3642603,8,3642603,0.803001982860817,0.230578512396694,2420,0.0278504496491792,0.985867127116323
S8_3973029,8,3973029,0.69060203954613,0.128512396694215,2420,0.0364507897690913,0.985867127116323
S8_5223551,8,5223551,0.122357025485759,0.311363636363636,2420,-0.145353298274188,0.800176103176712
S8_7117363,8,7117363,0.538184189424469,0.285537190082645,2420,0.0512446094821826,0.968456724507647
S8_7117426,8,7117426,0.510667930865529,0.283884297520661,2420,0.0547153857116029,0.963040516220249
S8_7259227,8,7259227,0.45710727937822,0.295454545454545,2420,0.062855394571983,0.952570023568802
S8_7346951,8,7346951,0.461714657470852,0.150206611570248,2420,0.0687764872655805,0.952570023568802
S8_9215338,8,9215338,0.17195193528972,0.157644628099174,2420,0.121066517253269,0.86496854326013
S8_9278330,8,9278330,0.1992013558058,0.202479338842975,2420,-0.129942800507848,0.893182890127868
S8_10397644,8,10397644,0.823343016734823,0.117148760330579,2420,0.0229635978738685,0.985867127116323
S8_10712954,8,10712954,0.658162057400034,0.185537190082645,2420,-0.0373014955625877,0.985867127116323
S8_11691508,8,11691508,0.442087938819884,0.265082644628099,2420,-0.0659249578544063,0.952570023568802
S8_12721256,8,12721256,0.613314400500687,0.177892561983471,2420,-0.041249957016035,0.970343676176615
S8_13999416,8,13999416,0.66409081273611,0.0502066115702479,2420,0.0589948900527446,0.985867127116323
S8_14203871,8,14203871,0.463360552095399,0.0615702479338843,2420,-0.0970875291642415,0.952570023568802
S8_14486971,8,14486971,0.987655334580185,0.117561983471074,2420,0.00151552408419775,0.999495612337326
S8_17315368,8,17315368,0.283789797216207,0.173140495867769,2420,0.094879373746835,0.926521963957154
S8_18826784,8,18826784,0.889407128350118,0.0803719008264463,2420,-0.0175777014222263,0.995527366127917
S8_18836435,8,18836435,0.939439939052997,0.12603305785124,2420,0.0082525532651232,0.996319602245413
S8_20695697,8,20695697,0.640025009134836,0.0741735537190083,2420,-0.0634763619301282,0.985867127116323
S8_22984536,8,22984536,0.069435847505653,0.405371900826446,2420,0.232875117974345,0.690152211062022
S8_23263047,8,23263047,0.00179360825865217,0.158471074380165,2420,-0.251484689873914,0.111964636752226
S8_23439188,8,23439188,0.332017878640481,0.0983471074380165,2420,0.112630626075571,0.926521963957154
S8_23439421,8,23439421,0.332017878640481,0.0983471074380165,2420,0.112630626075571,0.926521963957154
S8_23440142,8,23440142,0.902266210478304,0.192561983471074,2420,-0.0107906725342843,0.995527366127917
S8_24594223,8,24594223,0.343172941019082,0.147107438016529,2420,-0.104181283449265,0.926521963957154
S8_25772299,8,25772299,0.454940148345172,0.19896694214876,2420,0.0704947342917421,0.952570023568802
S8_25776901,8,25776901,0.0454452573051583,0.233884297520661,2420,0.166070891321482,0.641213904442645
S8_25779871,8,25779871,0.187197827248126,0.238429752066116,2420,0.110643075205502,0.870718410198992
S8_26031524,8,26031524,0.511008097021728,0.14400826446281,2420,-0.0666231672199729,0.963040516220249
S8_27837421,8,27837421,0.877841914405293,0.178925619834711,2420,-0.0138226120170373,0.995527366127917
S8_28410514,8,28410514,0.0750535741557256,0.280785123966942,2420,0.15676005962564,0.690224833753548
S8_28933320,8,28933320,0.741174332633662,0.0768595041322314,2420,0.0437859512172736,0.985867127116323
S8_29366651,8,29366651,0.47179270678729,0.0640495867768595,2420,0.100085421496061,0.952570023568802
S8_29367161,8,29367161,0.533581566340066,0.0772727272727273,2420,0.0831701138783103,0.965885693595324
S8_30416206,8,30416206,0.682623783874921,0.0944214876033058,2420,0.0556978725527415,0.985867127116323
S8_34786661,8,34786661,0.592674850176526,0.191528925619835,2420,-0.0484067912150294,0.970343676176615
S8_37491523,8,37491523,0.680837866707575,0.179752066115702,2420,0.0393839550688142,0.985867127116323
S8_39607936,8,39607936,0.447803000872987,0.0888429752066116,2420,-0.108716051776241,0.952570023568802
S8_41779834,8,41779834,0.807450578255644,0.307851239669421,2420,-0.0259529393530897,0.985867127116323
S8_53180719,8,53180719,0.86850975491613,0.266942148760331,2420,0.0162568141052191,0.995527366127917
S8_65091959,8,65091959,0.0188927730256202,0.450826446280992,2420,0.337610116023257,0.535433988042527
S8_67365157,8,67365157,0.83646074115892,0.090702479338843,2420,0.025077751717248,0.988060610459665
S8_67366292,8,67366292,0.369858525744749,0.138636363636364,2420,0.0902519372677091,0.927300239750326
S8_68605842,8,68605842,0.560747331316808,0.137603305785124,2420,0.0607145235321696,0.970343676176615
S8_72283105,8,72283105,0.448011424914483,0.171900826446281,2420,-0.0768388976533174,0.952570023568802
S8_73298586,8,73298586,0.746381584175652,0.0785123966942149,2420,0.0399791845156301,0.985867127116323
S8_73725823,8,73725823,0.859181159237868,0.0911157024793388,2420,0.0208543148793723,0.995527366127917
S8_74479931,8,74479931,0.0396100181905369,0.272520661157025,2420,0.187662451575278,0.641213904442645
S8_75118540,8,75118540,0.238168285173064,0.156818181818182,2420,-0.127627454284294,0.910253557433231
S8_75124138,8,75124138,0.0731160090872706,0.295247933884298,2420,0.176094276496656,0.690152211062022
S8_75124250,8,75124250,0.223192123406063,0.120867768595041,2420,-0.154688039851749,0.903410667454781
S8_78074116,8,78074116,0.369617419263123,0.322933884297521,2420,0.0821975309855816,0.927300239750326
S8_78074363,8,78074363,0.199944772230179,0.320867768595041,2420,0.117395019778542,0.893462539683662
S8_78087508,8,78087508,0.277636209037457,0.36198347107438,2420,0.106283429718701,0.926521963957154
S8_80222882,8,80222882,0.369757861387094,0.147107438016529,2420,-0.101256682482159,0.927300239750326
S8_80579757,8,80579757,0.750263665362204,0.389256198347107,2420,0.0328640144143719,0.985867127116323
S8_80748080,8,80748080,0.596029297568278,0.124173553719008,2420,-0.0585954345064579,0.970343676176615
S8_81892711,8,81892711,0.119240019733352,0.292355371900826,2420,0.164676494922105,0.79236916338937
S8_82048199,8,82048199,0.446127676255393,0.158884297520661,2420,0.082046187614992,0.952570023568802
S8_82048896,8,82048896,0.446127676255393,0.158884297520661,2420,0.082046187614992,0.952570023568802
S8_82162950,8,82162950,0.244618798873815,0.202272727272727,2420,0.131524702396746,0.915241488265497
S8_86486748,8,86486748,0.692138811425002,0.293388429752066,2420,-0.0463413290960375,0.985867127116323
S8_89302137,8,89302137,0.380463794762219,0.11900826446281,2420,0.104682235512257,0.935526582225893
S8_90891762,8,90891762,0.154757074740474,0.126859504132231,2420,0.170937525264804,0.852641732699591
S8_91070032,8,91070032,0.344663574704744,0.125413223140496,2420,0.113384973399548,0.926796325695789
S8_92211180,8,92211180,0.103284425492992,0.124380165289256,2420,0.192213410567376,0.779500061570354
S8_92211196,8,92211196,0.103284425492992,0.124380165289256,2420,0.192213410567376,0.779500061570354
S8_92273238,8,92273238,0.793152605384907,0.163223140495868,2420,0.0282190496505166,0.985867127116323
S8_92845779,8,92845779,0.961458184605023,0.281404958677686,2420,0.00483719528358506,0.996696480601472
S8_93206352,8,93206352,0.0628607189539233,0.303099173553719,2420,0.191633521718245,0.690152211062022
S8_93206908,8,93206908,0.906658567574265,0.385743801652893,2420,0.0130041735851592,0.995527366127917
S8_93207205,8,93207205,0.77444624389708,0.343181818181818,2420,0.0320151472588464,0.985867127116323
S8_95241528,8,95241528,0.323471287251731,0.341942148760331,2420,0.086592876490613,0.926521963957154
S8_97314946,8,97314946,0.537024216327,0.120247933884298,2420,0.0717035846792271,0.968456724507647
S8_97365190,8,97365190,0.986291325993217,0.11198347107438,2420,-0.00199074321832882,0.999495612337326
S8_97459232,8,97459232,0.803218472684479,0.150413223140496,2420,0.028745928546499,0.985867127116323
S8_103243140,8,103243140,0.0492983556646882,0.25495867768595,2420,-0.197895930994946,0.650991106854216
S8_104269101,8,104269101,0.561186800768287,0.312603305785124,2420,-0.054133171080025,0.970343676176615
S8_105803797,8,105803797,0.783867371348823,0.122727272727273,2420,-0.0361359215706614,0.985867127116323
S8_105985640,8,105985640,0.129093934227086,0.0353305785123967,2420,-0.252823150170286,0.811725840240638
S8_106614488,8,106614488,0.417327793574258,0.108057851239669,2420,-0.0871449794376105,0.943683045842998
S8_106910226,8,106910226,0.90427235857697,0.258057851239669,2420,-0.0192106995390304,0.995527366127917
S8_106912903,8,106912903,0.917205985202643,0.258264462809917,2420,-0.0170077029057438,0.996319602245413
S8_108472915,8,108472915,0.668492136232882,0.275619834710744,2420,0.0486468128719366,0.985867127116323
S8_109133633,8,109133633,0.099331922146311,0.294628099173554,2420,0.156047008617008,0.779500061570354
S8_109392545,8,109392545,0.275536956846471,0.158471074380165,2420,0.109704474550313,0.926521963957154
S8_109392879,8,109392879,0.231036824225088,0.380165289256198,2420,0.157138119960564,0.903410667454781
S8_111322877,8,111322877,0.104614427168824,0.319834710743802,2420,0.215075795095004,0.779500061570354
S8_112613045,8,112613045,0.251378583487277,0.358471074380165,2420,0.129312783802675,0.919786646507622
S8_113061666,8,113061666,0.735513146039679,0.0834710743801653,2420,0.0487061841029117,0.985867127116323
S8_113222492,8,113222492,0.975226545767305,0.380785123966942,2420,0.0042294875341895,0.999495612337326
S8_115324388,8,115324388,0.0418757485148022,0.119628099173554,2420,0.250826834434775,0.641213904442645
S8_119861994,8,119861994,0.0387458475319635,0.258471074380165,2420,1.68932770839456,0.641213904442645
S8_119990281,8,119990281,4.84282593679105e-07,0.259090909090909,2420,-0.446991265403814,9.0692922088996e-05
S8_120893120,8,120893120,0.906412034725244,0.433057851239669,2420,-0.0169654620804067,0.995527366127917
S8_121951790,8,121951790,0.978834387102247,0.270661157024793,2420,0.00286942161943671,0.999495612337326
S8_123526088,8,123526088,0.0392573029382067,0.0694214876033058,2420,-0.279564727535757,0.641213904442645
S8_124908154,8,124908154,0.0588430818008012,0.158264462809917,2420,0.202780302908508,0.690152211062022
S8_126178224,8,126178224,0.0087391893750677,0.090702479338843,2420,0.307424865887114,0.318971570983174
S8_126980958,8,126980958,0.106246370343583,0.340702479338843,2420,0.196146343524504,0.779500061570354
S8_126981184,8,126981184,0.164598559277913,0.160743801652893,2420,0.150888462617075,0.86496854326013
S8_129126249,8,129126249,3.11936293921879e-07,0.108057851239669,2420,-0.47081618519866,6.42588765479071e-05
S8_129126331,8,129126331,1,0.108057851239669,2420,688,1
S8_131343001,8,131343001,0.177736713182962,0.259090909090909,2420,0.125573529269246,0.86496854326013
S8_132992799,8,132992799,0.0603861831604347,0.111570247933884,2420,0.220551308629638,0.690152211062022
S8_136802438,8,136802438,0.328973364218384,0.259917355371901,2420,0.0940494532422065,0.926521963957154
S8_136809284,8,136809284,0.800646421044522,0.135123966942149,2420,0.0289861099753921,0.985867127116323
S8_136906155,8,136906155,0.979938742442181,0.287603305785124,2420,-0.00236372524452122,0.999495612337326
S8_137591652,8,137591652,0.777701243938643,0.0285123966942149,2420,0.0502585766458026,0.985867127116323
S8_138038762,8,138038762,0.924306024137748,0.107644628099174,2420,-0.0114203401537907,0.996319602245413
S8_138671667,8,138671667,0.707096816449423,0.160743801652893,2420,-0.0444403262744117,0.985867127116323
S8_139640865,8,139640865,0.881508878426785,0.139876033057851,2420,-0.0174149520786102,0.995527366127917
S8_139641067,8,139641067,0.459157640730725,0.0190082644628099,2420,-0.165870887849437,0.952570023568802
S8_139641078,8,139641078,0.459157640730725,0.0190082644628099,2420,-0.165870887849437,0.952570023568802
S8_139735441,8,139735441,0.27172001519736,0.0204545454545455,2420,-0.235878795593464,0.926521963957154
S8_140024615,8,140024615,0.359471002053852,0.187603305785124,2420,0.0966862097071441,0.926796325695789
S8_140716187,8,140716187,0.649004066819013,0.219834710743802,2420,0.0442155110040119,0.985867127116323
S8_140718850,8,140718850,0.0729007352547765,0.155165289256198,2420,0.193605112261508,0.690152211062022
S8_141669288,8,141669288,0.535680848780193,0.161570247933884,2420,0.0712210005433178,0.967136326456789
S8_142038195,8,142038195,0.607302036831107,0.28202479338843,2420,-0.0479074565384963,0.970343676176615
S8_142169768,8,142169768,0.625613440635234,0.139256198347107,2420,-0.0640571241244174,0.980449336009492
S8_142173684,8,142173684,0.0735699018877801,0.294421487603306,2420,0.185789263165873,0.690152211062022
S8_143840137,8,143840137,2.31920588357745e-05,0.19896694214876,2420,-0.336550938399815,0.00281033183539386
S8_143932091,8,143932091,0.416590875893713,0.242768595041322,2420,0.110109345028491,0.943131785009253
S8_144503660,8,144503660,0.752914833537764,0.305785123966942,2420,-0.032042725491749,0.985867127116323
S8_145104273,8,145104273,0.262440087249652,0.338842975206612,2420,0.121520701530869,0.926521963957154
S8_145619184,8,145619184,0.476966909890682,0.289669421487603,2420,-0.0620873543197433,0.952570023568802
S8_145638724,8,145638724,0.688324211767825,0.361363636363636,2420,-0.0414501440359913,0.985867127116323
S8_145638857,8,145638857,0.84702067041363,0.311363636363636,2420,-0.0189116757207444,0.993822121939872
S8_145638907,8,145638907,0.441022389691372,0.133884297520661,2420,0.0745023190566485,0.952570023568802
S8_145639197,8,145639197,0.281044559378242,0.309710743801653,2420,-0.0929368107072435,0.926521963957154
S8_145706344,8,145706344,0.408384406171177,0.195454545454545,2420,0.0760558043076855,0.942073770114922
S8_146913681,8,146913681,0.353490593356552,0.339256198347107,2420,-0.0869814141287293,0.926796325695789
S8_146915872,8,146915872,0.452672708413915,0.402479338842975,2420,0.0815440361983519,0.952570023568802
S8_147061014,8,147061014,0.36224549991794,0.217355371900826,2420,-0.0901313816005711,0.927300239750326
S8_147237160,8,147237160,0.347469082244062,0.150413223140496,2420,-0.105949820824776,0.926796325695789
S8_147237232,8,147237232,0.347469082244062,0.150413223140496,2420,-0.105949820824776,0.926796325695789
S8_148123116,8,148123116,0.415997353454176,0.220247933884298,2420,-0.0722309075723331,0.943131785009253
S8_148123368,8,148123368,0.407217591034129,0.220661157024793,2420,-0.0735547320331023,0.940737851792116
S8_148209478,8,148209478,0.876075407608457,0.325619834710744,2420,-0.0183617179060889,0.995527366127917
S8_148213738,8,148213738,0.754761682189733,0.324793388429752,2420,-0.0371296653295872,0.985867127116323
S8_149334177,8,149334177,0.738603475299174,0.237603305785124,2420,-0.030107506010097,0.985867127116323
S8_151332101,8,151332101,0.683518876038684,0.22396694214876,2420,-0.0482043740230438,0.985867127116323
S8_151559281,8,151559281,0.638578586802217,0.377479338842975,2420,0.0514165000432172,0.985867127116323
S8_152518255,8,152518255,0.760664528926835,0.125206611570248,2420,-0.0318901053221623,0.985867127116323
S8_152930973,8,152930973,0.742207643930045,0.0935950413223141,2420,0.0381729271196747,0.985867127116323
S8_152931377,8,152931377,0.666689112396494,0.310743801652893,2420,-0.0370120766165201,0.985867127116323
S8_153849223,8,153849223,0.84069898608094,0.119628099173554,2420,0.0209298012336205,0.990596522284065
S8_153951065,8,153951065,0.895630926533128,0.236363636363636,2420,-0.0159624744896405,0.995527366127917
S8_154256530,8,154256530,0.528685299095284,0.108264462809917,2420,-0.0697559039332418,0.965306390886908
S8_155257598,8,155257598,0.466016535405602,0.168595041322314,2420,0.068133693575362,0.952570023568802
S8_157011747,8,157011747,0.979051532185882,0.16301652892562,2420,-0.00274400751123949,0.999495612337326
S8_157706115,8,157706115,0.211697442570554,0.164049586776859,2420,0.110247376607731,0.902891784048325
S8_157816200,8,157816200,0.186932578691884,0.16198347107438,2420,0.117338652348508,0.870718410198992
S8_157883748,8,157883748,0.276111155231835,0.163842975206612,2420,0.0961136464192691,0.926521963957154
S8_158639830,8,158639830,0.585948552832913,0.173760330578512,2420,0.0446077533368907,0.970343676176615
S8_158696822,8,158696822,0.81413015418776,0.198553719008264,2420,0.0187658078465773,0.985867127116323
S8_158756134,8,158756134,0.717747879672709,0.210743801652893,2420,-0.036120257779686,0.985867127116323
S8_159986949,8,159986949,0.687502246563069,0.132851239669422,2420,-0.0476427622838571,0.985867127116323
S8_162352976,8,162352976,0.525109938978375,0.106818181818182,2420,0.0833915461731181,0.964105592063683
S8_162637212,8,162637212,0.752002660911859,0.103925619834711,2420,0.0342074392446818,0.985867127116323
S8_162822724,8,162822724,0.916639945390229,0.258264462809917,2420,-0.00932620625340519,0.996319602245413
S8_162896145,8,162896145,0.563374391025151,0.302066115702479,2420,-0.0570152839980551,0.970343676176615
S8_163012266,8,163012266,0.885826350379575,0.261570247933884,2420,0.0116562089987724,0.995527366127917
S8_163056389,8,163056389,0.953065121168179,0.187396694214876,2420,-0.0051104140702023,0.996319602245413
S8_163496457,8,163496457,0.174093337452275,0.122727272727273,2420,-0.140056501463278,0.86496854326013
S8_165213412,8,165213412,0.286391247926125,0.0948347107438016,2420,-0.114099840850827,0.926521963957154
S8_165221478,8,165221478,0.780792940397505,0.23202479338843,2420,-0.0256811965615782,0.985867127116323
S8_165287774,8,165287774,0.240939107781987,0.103305785123967,2420,0.119407170237849,0.913292129638446
S8_165591470,8,165591470,0.521083901243834,0.256404958677686,2420,0.070888637282053,0.963040516220249
S8_165713145,8,165713145,0.99162807539028,0.126652892561983,2420,0.00109506580676566,0.999495612337326
S8_166042246,8,166042246,0.153329630979168,0.0925619834710744,2420,0.150941093131394,0.852641732699591
S8_166202785,8,166202785,0.176757580209433,0.0956611570247934,2420,0.14079149979105,0.86496854326013
S8_167202272,8,167202272,0.706667972682943,0.363429752066116,2420,-0.0404817913353668,0.985867127116323
S8_167202317,8,167202317,0.706667972682943,0.363429752066116,2420,-0.0404817913353668,0.985867127116323
S8_168540873,8,168540873,0.714758245035973,0.364876033057851,2420,-0.0381505320203246,0.985867127116323
S8_170687375,8,170687375,0.674470107201162,0.272314049586777,2420,0.0327743073760871,0.985867127116323
S8_170842557,8,170842557,0.507339886841207,0.0516528925619835,2420,-0.0907791597121701,0.963040516220249
S8_171453875,8,171453875,0.0028922863794643,0.040702479338843,2420,-0.450359583800505,0.148952748542411
S8_175564833,8,175564833,0.933550082671055,0.205578512396694,2420,0.006681104403782,0.996319602245413
S8_175848932,8,175848932,0.145365304969766,0.304132231404959,2420,-0.138870917816462,0.848620023165276
S8_176114327,8,176114327,0.781000035627,0.309710743801653,2420,-0.0261003575470795,0.985867127116323
S8_176230266,8,176230266,0.165491471684559,0.0667355371900826,2420,-0.16819021607904,0.86496854326013
S8_176769987,8,176769987,0.0483370763126147,0.143801652892562,2420,-0.176714085025608,0.650260231646119
S8_176786513,8,176786513,0.211097582295686,0.140082644628099,2420,-0.120325683789929,0.902418283626863
S8_177101160,8,177101160,0.164636795607703,0.217148760330579,2420,0.27999841825465,0.86496854326013
S8_177304312,8,177304312,0.298993223361178,0.106198347107438,2420,0.106672713529463,0.926521963957154
S8_177304499,8,177304499,0.737911255966381,0.271074380165289,2420,-0.0343399754566462,0.985867127116323
S8_177315603,8,177315603,0.0019460145914645,0.200413223140496,2420,-0.235998423113416,0.117905589953437
S8_177689434,8,177689434,0.436133203560781,0.109504132231405,2420,0.0851496138818675,0.952570023568802
S8_178010589,8,178010589,0.0688976324214433,0.147520661157025,2420,-0.22922975649135,0.690152211062022
S8_178074080,8,178074080,0.248721986031723,0.297933884297521,2420,-0.127529235669613,0.919786646507622
S8_178286494,8,178286494,0.0781095460542862,0.129338842975207,2420,0.204196420340651,0.702644824767814
S8_178483072,8,178483072,0.165568381326093,0.381404958677686,2420,-0.137502041946846,0.86496854326013
S8_178554472,8,178554472,0.230148003647767,0.139256198347107,2420,0.127178892523972,0.903410667454781
S8_178663730,8,178663730,0.938843296569317,0.138223140495868,2420,0.00811759271635992,0.996319602245413
S8_178664475,8,178664475,0.907930155334684,0.138636363636364,2420,-0.0122094031420374,0.995527366127917
S8_178915043,8,178915043,0.652458541648845,0.428719008264463,2420,-0.0534478249138601,0.985867127116323
S8_178961641,8,178961641,0.942367169391216,0.210537190082645,2420,0.0073427814728575,0.996319602245413
S8_179029297,8,179029297,0.496807611938777,0.136157024793388,2420,-0.0729968119835007,0.963040516220249
S8_179267039,8,179267039,0.535153427760055,0.324586776859504,2420,-0.0747273390929308,0.967031632619047
S8_179438577,8,179438577,0.410496523879036,0.207438016528926,2420,0.0685816873895533,0.943131785009253
S8_179439574,8,179439574,0.325032569940822,0.20702479338843,2420,0.0821235039041142,0.926521963957154
S8_179548317,8,179548317,0.798324010815196,0.416735537190083,2420,0.0287381653052989,0.985867127116323
S8_179612437,8,179612437,0.322598493940077,0.185123966942149,2420,0.0889171054683402,0.926521963957154
S8_179619835,8,179619835,0.148962385243077,0.259297520661157,2420,0.126676731255088,0.852641732699591
S8_179957322,8,179957322,0.428100777604153,0.197727272727273,2420,0.0756513664319414,0.952362421020037
S8_179993351,8,179993351,0.0323207064151499,0.264876033057851,2420,-0.188564082436471,0.6108316992221
S8_180046179,8,180046179,0.493509899583335,0.287603305785124,2420,-0.0666927860607416,0.960794478781307
S8_180189011,8,180189011,0.909897633816147,0.40103305785124,2420,-0.0121586269480076,0.995527366127917
S8_180782117,8,180782117,0.76267312245205,0.147727272727273,2420,0.0330139231153623,0.985867127116323
S8_180784833,8,180784833,0.489345570042864,0.143595041322314,2420,0.0750738044216348,0.960107860657709
S8_181111566,8,181111566,0.320040212055577,0.0727272727272727,2420,0.117809796361712,0.926521963957154
S8_181124334,8,181124334,0.0809150850826,0.192148760330579,2420,0.16153655690718,0.721580412424918
S8_181296649,8,181296649,0.647098145515783,0.174793388429752,2420,0.043793001768222,0.985867127116323
S8_181689217,8,181689217,0.825558841837812,0.343801652892562,2420,-0.0198698237995814,0.985867127116323
S8_181689247,8,181689247,0.825558841837812,0.343801652892562,2420,-0.0198698237995814,0.985867127116323
S9_4993690,9,4993690,0.466242967183666,0.150619834710744,2420,0.0893704161443338,0.952570023568802
S9_4995279,9,4995279,0.8944771268107,0.195867768595041,2420,0.0208354130260204,0.995527366127917
S9_8971249,9,8971249,0.404487625183319,0.175413223140496,2420,0.0766773407808046,0.938467565144909
S9_9954525,9,9954525,0.857190916434325,0.118595041322314,2420,0.0195394151637629,0.995527366127917
S9_10304284,9,10304284,0.657463526831138,0.141942148760331,2420,-0.038945408446537,0.985867127116323
S9_12406880,9,12406880,0.150313129211185,0.327272727272727,2420,0.134930705982754,0.852641732699591
S9_13656461,9,13656461,0.422881515802647,0.288223140495868,2420,0.0683843347997595,0.948949806703107
S9_13943778,9,13943778,0.94043807072693,0.35599173553719,2420,0.0080825416935113,0.996319602245413
S9_13973036,9,13973036,0.15151783301439,0.335330578512397,2420,0.153288316814724,0.852641732699591
S9_17661474,9,17661474,0.205081024180953,0.127479338842975,2420,0.126309247725658,0.895564557975181
S9_18541531,9,18541531,0.596710103133234,0.163223140495868,2420,0.0601338887590543,0.970343676176615
S9_18659976,9,18659976,0.729816331106131,0.137809917355372,2420,0.0312387702591366,0.985867127116323
S9_19431348,9,19431348,0.87271255334044,0.162396694214876,2420,0.0133717513270142,0.995527366127917
S9_19992784,9,19992784,0.518632661145518,0.345661157024793,2420,0.0627314600301361,0.963040516220249
S9_20057612,9,20057612,0.273953714924282,0.405165289256198,2420,0.117773339825874,0.926521963957154
S9_20566593,9,20566593,0.0890117115774771,0.172933884297521,2420,0.142207981775115,0.742364881982197
S9_20712634,9,20712634,0.792824590827494,0.118595041322314,2420,0.024399652546947,0.985867127116323
S9_22312637,9,22312637,0.0243548667945288,0.0419421487603306,2420,-0.37983850104068,0.573465838887321
S9_22460773,9,22460773,0.0686446844274774,0.238842975206612,2420,-0.141519689041132,0.690152211062022
S9_22683033,9,22683033,0.00701995276200998,0.133264462809917,2420,0.302705091009528,0.278184513214434
S9_22835170,9,22835170,0.888473918905589,0.151239669421488,2420,-0.0129726778431802,0.995527366127917
S9_23908973,9,23908973,0.457971884871817,0.108677685950413,2420,-0.0744006806319533,0.952570023568802
S9_24533589,9,24533589,0.681896521883046,0.340702479338843,2420,0.0405009804288738,0.985867127116323
S9_25419062,9,25419062,0.818183183008996,0.319214876033058,2420,-0.0239478532377007,0.985867127116323
S9_25652799,9,25652799,0.867898716091053,0.363636363636364,2420,-0.0228612260776799,0.995527366127917
S9_26412649,9,26412649,0.505740805681214,0.261570247933884,2420,0.0645967249975001,0.963040516220249
S9_27837811,9,27837811,0.818512315161799,0.0570247933884298,2420,-0.0313374623698195,0.985867127116323
S9_28606394,9,28606394,0.0354562750190801,0.188429752066116,2420,0.196300162985409,0.638343824659506
S9_29045740,9,29045740,0.540325526395456,0.405371900826446,2420,-0.0645299403977901,0.968456724507647
S9_30376560,9,30376560,0.0238760592465555,0.129752066115702,2420,0.364456542415667,0.573465838887321
S9_30380175,9,30380175,3.37744743101771e-08,0.0902892561983471,2420,-0.700881851412864,8.69692713487059e-06
S9_30508507,9,30508507,0.0441997536200204,0.12995867768595,2420,0.319089835230045,0.641213904442645
S9_30509819,9,30509819,0.829851261368789,0.0851239669421488,2420,0.073392518448145,0.985867127116323
S9_30603556,9,30603556,0.611044319215559,0.126859504132231,2420,0.0870477688300753,0.970343676176615
S9_30606494,9,30606494,0.17420886789726,0.090495867768595,2420,1.10786793957595,0.86496854326013
S9_33192523,9,33192523,0.197530502424658,0.0863636363636364,2420,-0.350103039648957,0.892352708321919
S9_34238597,9,34238597,0.562021848290914,0.299586776859504,2420,-0.0561923276378025,0.970343676176615
S9_34634719,9,34634719,3.32836840718138e-08,0.299586776859504,2420,0.398785579903972,8.69692713487059e-06
S9_40569788,9,40569788,0.0361063457384415,0.367768595041322,2420,0.224853892873625,0.638343824659506
S9_42906699,9,42906699,0.743886615446754,0.202685950413223,2420,-0.0488345688318645,0.985867127116323
S9_44261434,9,44261434,0.0533182955609553,0.181198347107438,2420,-0.219155030805467,0.673838581936
S9_45193959,9,45193959,0.0307508124086652,0.258057851239669,2420,-0.348168501678629,0.6108316992221
S9_45273886,9,45273886,5.51436513408979e-07,0.053099173553719,2420,0.334747754200292,9.46632681352081e-05
S9_45350516,9,45350516,0.471399485861334,0.0923553719008264,2420,0.0798294712746497,0.952570023568802
S9_49342596,9,49342596,0.019121991268098,0.407231404958678,2420,0.331043901885778,0.535433988042527
S9_51560322,9,51560322,0.112933086841114,0.331198347107438,2420,-0.190288166764731,0.779500061570354
S9_52535302,9,52535302,0.269970396211694,0.416735537190083,2420,-0.143713483791089,0.926521963957154
S9_52817392,9,52817392,0.543175991833829,0.365702479338843,2420,0.0881115958098917,0.968544002889876
S9_68785274,9,68785274,0.810938683079534,0.0913223140495868,2420,0.0642692354023211,0.985867127116323
S9_69024153,9,69024153,0.249539653645233,0.164876033057851,2420,0.127066491644143,0.919786646507622
S9_70377286,9,70377286,0.78111367205001,0.15599173553719,2420,0.0317672802340212,0.985867127116323
S9_70877809,9,70877809,0.528790479744564,0.155785123966942,2420,0.0711746515171967,0.965306390886908
S9_70878145,9,70878145,0.280454840678822,0.157231404958678,2420,0.120307492308029,0.926521963957154
S9_73101689,9,73101689,0.266339856463342,0.161570247933884,2420,0.114025491496648,0.926521963957154
S9_82307557,9,82307557,0.0862608408181,0.320454545454545,2420,-0.176802198182429,0.737333328154713
S9_82881269,9,82881269,0.113662878256154,0.430578512396694,2420,-0.200339430792724,0.779500061570354
S9_82881561,9,82881561,0.789486399442234,0.45495867768595,2420,-0.0432183873601844,0.985867127116323
S9_89588752,9,89588752,0.0214186784525707,0.231404958677686,2420,0.214435187757545,0.573465838887321
S9_92794731,9,92794731,0.113466847372633,0.123347107438017,2420,0.233504580419321,0.779500061570354
S9_93159100,9,93159100,0.567672918207159,0.0886363636363636,2420,0.148607629571416,0.970343676176615
S9_93918483,9,93918483,0.271606618646262,0.0933884297520661,2420,-0.11887088910342,0.926521963957154
S9_93980807,9,93980807,0.689232001567202,0.387809917355372,2420,0.0523341434544591,0.985867127116323
S9_96320344,9,96320344,0.675541023141953,0.040702479338843,2420,-0.064503479342747,0.985867127116323
S9_96749966,9,96749966,0.0887284777374176,0.0834710743801653,2420,0.275113222781584,0.742364881982197
S9_98196670,9,98196670,0.715254869700861,0.211363636363636,2420,-0.0364075012518299,0.985867127116323
S9_98686714,9,98686714,0.194462949992665,0.150206611570248,2420,-0.132158528321384,0.882364927279492
S9_99580960,9,99580960,0.186116357528049,0.149793388429752,2420,-0.135588476204987,0.870718410198992
S9_100102144,9,100102144,0.39884271127759,0.150413223140496,2420,-0.0869062798431628,0.938467565144909
S9_100102169,9,100102169,0.39884271127759,0.150413223140496,2420,-0.0869062798431628,0.938467565144909
S9_101047446,9,101047446,7.91473126326773e-08,0.266528925619835,2420,-1.0413911817725,1.8115940447035e-05
S9_101550215,9,101550215,0.12205328432373,0.348760330578512,2420,0.188466983033322,0.800176103176712
S9_106076196,9,106076196,0.772448102562245,0.177685950413223,2420,-0.0266253996136072,0.985867127116323
S9_108321858,9,108321858,0.592422525011247,0.23202479338843,2420,-0.0444673297868121,0.970343676176615
S9_108578090,9,108578090,0.809431274959728,0.0617768595041322,2420,-0.0310638031648693,0.985867127116323
S9_108578128,9,108578128,0.812575062097985,0.031404958677686,2420,0.0416411343231857,0.985867127116323
S9_111891095,9,111891095,0.945729719970144,0.130578512396694,2420,0.00687724184646754,0.996319602245413
S9_115675404,9,115675404,0.0971420377098178,0.090495867768595,2420,0.202832492367349,0.777756464740131
S9_116220024,9,116220024,0.5966045490429,0.202892561983471,2420,0.0866699183033006,0.970343676176615
S9_117454544,9,117454544,0.215955618180594,0.318181818181818,2420,-0.13834052409095,0.903410667454781
S9_122125436,9,122125436,0.230552892891265,0.0613636363636364,2420,0.178645244776504,0.903410667454781
S9_124773786,9,124773786,0.561072539550315,0.0582644628099174,2420,0.0775791051505763,0.970343676176615
S9_126372054,9,126372054,0.0920574585554084,0.415495867768595,2420,0.166994594333067,0.751324774437237
S9_126372093,9,126372093,0.46405107311652,0.419834710743802,2420,0.34194389035838,0.952570023568802
S9_126374267,9,126374267,0.46405107311652,0.419834710743802,2420,0.34194389035838,0.952570023568802
S9_127527339,9,127527339,0.262228892364159,0.215495867768595,2420,0.162601101946507,0.926521963957154
S9_127789201,9,127789201,0.329993382685209,0.216528925619835,2420,-0.142620494925438,0.926521963957154
S9_128523910,9,128523910,0.983277950545411,0.0452479338842975,2420,0.00318840841005397,0.999495612337326
S9_129481422,9,129481422,0.453897260034255,0.156404958677686,2420,-0.116369424120876,0.952570023568802
S9_129572300,9,129572300,0.948586559644506,0.235537190082645,2420,0.00700712432393402,0.996319602245413
S9_129572647,9,129572647,0.321813120223417,0.191942148760331,2420,-0.119990274722397,0.926521963957154
S9_129874362,9,129874362,0.411563056487201,0.187603305785124,2420,-0.0973472033456915,0.943131785009253
S9_131724992,9,131724992,0.851032555186348,0.169628099173554,2420,0.0183314494328215,0.994462101246914
S9_133208756,9,133208756,0.260995957029643,0.245247933884298,2420,0.122004650978795,0.926521963957154
S9_133319015,9,133319015,0.71663762567147,0.106404958677686,2420,0.0403744445865186,0.985867127116323
S9_134231118,9,134231118,0.415405740884525,0.031404958677686,2420,-0.147095113635103,0.943131785009253
S9_136741591,9,136741591,0.887000695375262,0.179132231404959,2420,0.0130167003413533,0.995527366127917
S9_136741910,9,136741910,0.649384693052177,0.33202479338843,2420,-0.0462083241287132,0.985867127116323
S9_138760923,9,138760923,0.204684915833742,0.0942148760330579,2420,-0.131174374998764,0.895564557975181
S9_139489281,9,139489281,0.26367629160152,0.367768595041322,2420,-0.133840688769624,0.926521963957154
S9_139489431,9,139489431,0.113897824530425,0.366942148760331,2420,-0.188981930972318,0.779500061570354
S9_139874801,9,139874801,0.113326425656681,0.365909090909091,2420,-0.186884831167845,0.779500061570354
S9_139876736,9,139876736,0.135207094324131,0.366528925619835,2420,-0.176124689426842,0.826513779084472
S9_140350405,9,140350405,0.658741655808399,0.0993801652892562,2420,0.0475218938594111,0.985867127116323
S9_142328045,9,142328045,0.815163857918727,0.29400826446281,2420,-0.0251413019626057,0.985867127116323
S9_142703131,9,142703131,0.21039303178053,0.149173553719008,2420,-0.122528229402889,0.902418283626863
S9_142999534,9,142999534,0.295125860377768,0.319628099173554,2420,-0.1296294917056,0.926521963957154
S9_143235225,9,143235225,0.909900628852844,0.218181818181818,2420,-0.0101426265100883,0.995527366127917
S9_143822305,9,143822305,0.868182739303431,0.367148760330579,2420,0.0150515167073877,0.995527366127917
S9_144225494,9,144225494,0.101827071649735,0.354338842975207,2420,-0.188827242429966,0.779500061570354
S9_144690039,9,144690039,0.436832860149154,0.0361570247933884,2420,-0.128588654585798,0.952570023568802
S9_144834531,9,144834531,0.199437286921393,0.133884297520661,2420,-0.119247504018588,0.893182890127868
S9_144838478,9,144838478,0.102519275347918,0.124380165289256,2420,-0.153480831592759,0.779500061570354
S9_144842802,9,144842802,0.220766001256507,0.180785123966942,2420,-0.100260114706728,0.903410667454781
S9_145277076,9,145277076,0.183910787353367,0.310743801652893,2420,-0.132834408865335,0.86496854326013
S9_145300797,9,145300797,0.490194228910139,0.305578512396694,2420,-0.0662399909024884,0.960107860657709
S9_145300931,9,145300931,0.788882222606466,0.306198347107438,2420,-0.0254446587518373,0.985867127116323
S9_145628125,9,145628125,0.682588749451058,0.359090909090909,2420,-0.0468360054406958,0.985867127116323
S9_145782578,9,145782578,0.331267872237808,0.26797520661157,2420,-0.100650262930969,0.926521963957154
S9_145818801,9,145818801,0.553622728211308,0.102272727272727,2420,-0.0608959180124344,0.970343676176615
S9_145936254,9,145936254,0.202025724275608,0.065702479338843,2420,-0.156945380961957,0.895564557975181
S9_146460911,9,146460911,0.82582599391789,0.0460743801652893,2420,-0.0349567821757972,0.985867127116323
S9_146582623,9,146582623,0.646067211254896,0.0809917355371901,2420,-0.0518962468137829,0.985867127116323
S9_146910765,9,146910765,0.704512981245344,0.257231404958678,2420,0.0300281515014262,0.985867127116323
S9_146916548,9,146916548,0.703013566038833,0.253305785123967,2420,0.0301308805476879,0.985867127116323
S9_147969421,9,147969421,0.619264688255254,0.252685950413223,2420,-0.0402625075608682,0.975294539606898
S9_149520966,9,149520966,0.861468140033156,0.389876033057851,2420,-0.0188975853816942,0.995527366127917
S9_149709836,9,149709836,0.588181373164841,0.0487603305785124,2420,-0.0783911081482671,0.970343676176615
S9_150739616,9,150739616,0.0257097014248253,0.0570247933884298,2420,-0.277914353228669,0.575673749295001
S9_151108069,9,151108069,0.427076753889291,0.240082644628099,2420,0.0698376701871553,0.951111473526422
S9_151588111,9,151588111,0.439020231889566,0.35495867768595,2420,0.0966310961947556,0.952570023568802
S9_151732067,9,151732067,0.806053590608938,0.351652892561983,2420,0.0291212461157784,0.985867127116323
S9_152064276,9,152064276,0.994245651502478,0.356404958677686,2420,0.000889283040805822,0.999495612337326
S9_152100502,9,152100502,0.684413006052352,0.358264462809917,2420,0.0499837512865042,0.985867127116323
S9_152231751,9,152231751,0.826590540028719,0.358471074380165,2420,-0.0270375997707788,0.985867127116323
S9_153224074,9,153224074,0.0322986673377532,0.300413223140496,2420,-0.266604209012509,0.6108316992221
S9_153224303,9,153224303,0.363717486810413,0.129132231404959,2420,0.111109343346413,0.927300239750326
S9_153295416,9,153295416,0.974873089704041,0.0597107438016529,2420,0.00780889973640342,0.999495612337326
S9_153529263,9,153529263,0.268348901550575,0.108057851239669,2420,0.135286684396675,0.926521963957154
S9_153545049,9,153545049,0.644931237710322,0.0413223140495868,2420,0.0781907228103194,0.985867127116323
S9_153995457,9,153995457,0.471711528884279,0.325,2420,-0.0717142224894474,0.952570023568802
S9_154334776,9,154334776,0.769201502450131,0.139256198347107,2420,-0.0291062481394135,0.985867127116323
S9_154848234,9,154848234,0.991641791536744,0.186363636363636,2420,-0.00133382896427747,0.999495612337326
S9_155492839,9,155492839,0.484566908031525,0.346074380165289,2420,-0.0696234111691751,0.958894247993036
S9_155493451,9,155493451,0.288776192405269,0.345661157024793,2420,-0.105634608197363,0.926521963957154
S9_155615428,9,155615428,0.480911558757271,0.258471074380165,2420,-0.0573650939092829,0.955330579594964
S9_155890855,9,155890855,0.954201008653436,0.423140495867769,2420,-0.00689697947689183,0.996319602245413
S9_155919344,9,155919344,0.804863367142955,0.100206611570248,2420,-0.0255760822872588,0.985867127116323
S10_134011,10,134011,0.486538288638075,0.0832644628099174,2420,0.0773446326204521,0.960027657657505
S10_576837,10,576837,0.636347559306472,0.236570247933884,2420,0.0365485332486912,0.985621031707769
S10_579988,10,579988,0.951094938036434,0.202685950413223,2420,0.005171866154285,0.996319602245413
S10_1978209,10,1978209,0.586574935003066,0.227892561983471,2420,0.0465723293805524,0.970343676176615
S10_1988995,10,1988995,0.650543187720571,0.30599173553719,2420,-0.0408888002998253,0.985867127116323
S10_3535567,10,3535567,0.608474254414694,0.200826446280992,2420,-0.0436653286855631,0.970343676176615
S10_4226386,10,4226386,0.258892048327045,0.15495867768595,2420,0.110170231395216,0.926521963957154
S10_4445207,10,4445207,0.156112685609309,0.187809917355372,2420,0.119769806734979,0.855298224348876
S10_4606827,10,4606827,0.337222680629696,0.167561983471074,2420,-0.0840115763559197,0.926521963957154
S10_9206258,10,9206258,0.133659501776173,0.155578512396694,2420,0.134335180195336,0.826513779084472
S10_11678939,10,11678939,0.358669896396017,0.202272727272727,2420,-0.0876843350976912,0.926796325695789
S10_11726830,10,11726830,0.596650588497538,0.272727272727273,2420,-0.0505153972113135,0.970343676176615
S10_13556481,10,13556481,0.0619547462429381,0.22396694214876,2420,0.153499326608113,0.690152211062022
S10_14895246,10,14895246,0.393271029826532,0.353305785123967,2420,0.0964531256314558,0.938467565144909
S10_18758942,10,18758942,0.517528516356688,0.351239669421488,2420,0.0748943430907048,0.963040516220249
S10_22620592,10,22620592,0.332732362389881,0.284710743801653,2420,-0.0928623036282943,0.926521963957154
S10_26017555,10,26017555,0.493922986907478,0.198553719008264,2420,-0.0585111146855013,0.960794478781307
S10_28131693,10,28131693,0.851945312524918,0.257851239669421,2420,-0.0165789165090757,0.994462101246914
S10_31496633,10,31496633,0.196427736682525,0.15702479338843,2420,-0.10988208795608,0.889321181463738
S10_34329818,10,34329818,0.238013598073983,0.0628099173553719,2420,0.135297082920033,0.910253557433231
S10_37516811,10,37516811,0.884000708493769,0.0642561983471074,2420,-0.019051333508088,0.995527366127917
S10_40701952,10,40701952,0.339420818723457,0.308057851239669,2420,0.0932833221435203,0.926521963957154
S10_56393777,10,56393777,0.306926431552256,0.290909090909091,2420,-0.0680874194013938,0.926521963957154
S10_57753560,10,57753560,0.32480474832624,0.306404958677686,2420,0.0967704682316821,0.926521963957154
S10_61534784,10,61534784,0.879318147519101,0.285330578512397,2420,-0.0152189611567906,0.995527366127917
S10_67411912,10,67411912,0.268068024261902,0.0785123966942149,2420,0.129999176775712,0.926521963957154
S10_77741095,10,77741095,0.404402143894725,0.348553719008264,2420,0.0812396704411071,0.938467565144909
S10_78957561,10,78957561,0.257438644118292,0.100826446280992,2420,-0.122266932343607,0.926521963957154
S10_78959506,10,78959506,0.263692944494144,0.100619834710744,2420,-0.120960394937782,0.926521963957154
S10_78959606,10,78959606,0.668036131211758,0.161570247933884,2420,0.0385137948392185,0.985867127116323
S10_78960438,10,78960438,0.256684674500701,0.104545454545455,2420,-0.120951213008425,0.926521963957154
S10_78966389,10,78966389,0.313423021132868,0.0995867768595041,2420,-0.109670766077969,0.926521963957154
S10_80715492,10,80715492,0.106841295678027,0.105371900826446,2420,-0.17243803596422,0.779500061570354
S10_81354226,10,81354226,0.0704629843631996,0.112396694214876,2420,-0.186047457862699,0.690152211062022
S10_82019011,10,82019011,0.321272794880695,0.36797520661157,2420,-0.101671947752322,0.926521963957154
S10_82716736,10,82716736,0.216571601381801,0.26797520661157,2420,0.136873219986285,0.903410667454781
S10_83314593,10,83314593,0.00882591240099075,0.0252066115702479,2420,0.462709429722878,0.318971570983174
S10_85196318,10,85196318,0.51766337337428,0.138429752066116,2420,-0.0568195744188387,0.963040516220249
S10_85755281,10,85755281,0.578309392383086,0.125826446280992,2420,-0.0544348812311171,0.970343676176615
S10_86710839,10,86710839,0.501071795461872,0.227892561983471,2420,-0.0594037956177544,0.963040516220249
S10_88793097,10,88793097,0.625869357695379,0.162396694214876,2420,-0.0413431132155324,0.980449336009492
S10_90419375,10,90419375,0.362495943292513,0.343801652892562,2420,-0.0865244045688769,0.927300239750326
S10_97106903,10,97106903,0.939933190238651,0.136157024793388,2420,0.00703883192102239,0.996319602245413
S10_102234728,10,102234728,0.887572261113056,0.402066115702479,2420,0.0163559210676567,0.995527366127917
S10_109673528,10,109673528,0.70179249203418,0.405165289256198,2420,-0.0445607570027278,0.985867127116323
S10_110777178,10,110777178,0.632975798946925,0.401239669421488,2420,0.0546599703595803,0.983618128350512
S10_110777396,10,110777396,0.764803413224937,0.403719008264463,2420,-0.0348184660006154,0.985867127116323
S10_111491694,10,111491694,0.631722617326303,0.326446280991736,2420,0.0488263858829328,0.983618128350512
S10_112583610,10,112583610,0.502705374107066,0.359297520661157,2420,-0.0653376020183032,0.963040516220249
S10_114996351,10,114996351,0.053751201719868,0.202685950413223,2420,0.153119756070197,0.675167533798341
S10_116328788,10,116328788,0.0191240389265884,0.196280991735537,2420,0.186141601583955,0.535433988042527
S10_116631409,10,116631409,0.749919378128559,0.216942148760331,2420,-0.028294454935093,0.985867127116323
S10_124062077,10,124062077,0.190119666006026,0.247314049586777,2420,-0.112744427582641,0.874855752216877
S10_126767342,10,126767342,0.599702080601189,0.169834710743802,2420,-0.0441146708325562,0.970343676176615
S10_128804415,10,128804415,0.0248138819559881,0.244628099173554,2420,-0.175115828394013,0.573465838887321
S10_129766099,10,129766099,0.824556262893991,0.372933884297521,2420,-0.0245263960970874,0.985867127116323
S10_131791443,10,131791443,0.605455682866743,0.151652892561983,2420,-0.0460254876385591,0.970343676176615
S10_132069282,10,132069282,0.85012417985525,0.0888429752066116,2420,-0.0219119969661676,0.994462101246914
S10_134595037,10,134595037,0.551443198078282,0.0502066115702479,2420,0.0856884199862122,0.970343676176615
S10_134798579,10,134798579,0.161514450776322,0.0497933884297521,2420,0.200253565062582,0.86496854326013
S10_135868847,10,135868847,0.91264618630823,0.199380165289256,2420,-0.0103586575427812,0.996319602245413
S10_136340251,10,136340251,0.653568226079406,0.347520661157025,2420,0.0538214619648443,0.985867127116323
S10_136476190,10,136476190,0.926378942337454,0.157438016528926,2420,0.00780724293908008,0.996319602245413
S10_136482943,10,136482943,0.81568041383034,0.155371900826446,2420,0.019726498109975,0.985867127116323
S10_136957021,10,136957021,0.640992698526742,0.304132231404959,2420,-0.048286224175115,0.985867127116323
S10_137422024,10,137422024,0.184373797771899,0.374793388429752,2420,0.150305189120331,0.865170896150598
S10_137623845,10,137623845,0.425665244222612,0.285743801652893,2420,-0.0678854481102746,0.948993942747381
S10_138915965,10,138915965,0.574538027362677,0.0588842975206612,2420,0.0782128216772122,0.970343676176615
S10_138916149,10,138916149,0.468791211028968,0.0576446280991736,2420,0.100274348081186,0.952570023568802
S10_139942865,10,139942865,0.0231785307301523,0.0516528925619835,2420,0.324957084606538,0.573465838887321
S10_139943338,10,139943338,0.594357255648619,0.275826446280992,2420,0.0756806605792235,0.970343676176615
S10_140320829,10,140320829,0.924980983065033,0.271280991735537,2420,-0.0135986668079795,0.996319602245413
S10_140929929,10,140929929,0.759191940934508,0.180578512396694,2420,-0.0257230557324135,0.985867127116323
S10_141762354,10,141762354,0.65261430489934,0.230165289256198,2420,0.0360396615108982,0.985867127116323
S10_142018900,10,142018900,0.364545420823669,0.114256198347107,2420,0.0918760021890677,0.927300239750326
S10_143185867,10,143185867,0.745283893925998,0.0458677685950413,2420,-0.0467546317455714,0.985867127116323
S10_143185873,10,143185873,0.745283893925998,0.0458677685950413,2420,-0.0467546317455714,0.985867127116323
S10_144224453,10,144224453,0.79548487358834,0.235123966942149,2420,0.0218994204174692,0.985867127116323
S10_145112713,10,145112713,0.657736563121127,0.203719008264463,2420,0.0428578509861097,0.985867127116323
S10_145588552,10,145588552,0.575923267071555,0.371900826446281,2420,0.0843506013117121,0.970343676176615
S10_145607925,10,145607925,0.0179915918727003,0.329545454545455,2420,-0.162624671651628,0.535433988042527
S10_145871698,10,145871698,0.787659209308998,0.176446280991736,2420,0.0216335190214352,0.985867127116323
S10_145875510,10,145875510,0.100019389381093,0.369421487603306,2420,0.2310611339052,0.779500061570354
S10_146904768,10,146904768,0.366313615606118,0.171074380165289,2420,0.0960896179387305,0.927300239750326
S10_146916853,10,146916853,0.899070987022443,0.386157024793388,2420,-0.0157876636811807,0.995527366127917
S10_146928552,10,146928552,0.849016531805292,0.121074380165289,2420,-0.0200656285775267,0.994300202114213
S10_147173783,10,147173783,0.305024259215269,0.390495867768595,2420,0.125523036385971,0.926521963957154
S10_147282479,10,147282479,0.487418691985107,0.167148760330579,2420,0.0881465580297345,0.960107860657709
S10_147282490,10,147282490,0.051381648477812,0.337190082644628,2420,0.283539852084459,0.657429787976974
S10_147352179,10,147352179,0.605913745152193,0.0923553719008264,2420,-0.0556783098660532,0.970343676176615
S10_148272189,10,148272189,0.90747177123883,0.38099173553719,2420,0.0130484178980055,0.995527366127917
S10_148510710,10,148510710,0.97860576387011,0.379338842975207,2420,-0.00298306540099702,0.999495612337326
S10_148511076,10,148511076,0.884566771540941,0.37603305785124,2420,-0.0159406385221246,0.995527366127917
S10_149259041,10,149259041,0.206066796349629,0.191942148760331,2420,0.118986452791091,0.895564557975181
S10_149298931,10,149298931,0.177610553912973,0.401446280991736,2420,-0.153092066968156,0.86496854326013
S10_149394364,10,149394364,0.892982794981269,0.23099173553719,2420,0.0111752946131674,0.995527366127917
S10_149474479,10,149474479,0.53896183296608,0.177685950413223,2420,0.0694776858214539,0.968456724507647
S10_149508570,10,149508570,0.665193201622204,0.0723140495867769,2420,-0.0529698115140036,0.985867127116323
S10_149647241,10,149647241,0.512611697140972,0.208677685950413,2420,0.0641115880603707,0.963040516220249
S10_149717807,10,149717807,0.729324768427765,0.20103305785124,2420,0.0345495131840607,0.985867127116323
S10_149851103,10,149851103,0.743916595927196,0.307851239669421,2420,0.0318680034710042,0.985867127116323
S10_149865723,10,149865723,0.665232689597532,0.379545454545455,2420,0.0475521062725761,0.985867127116323
S10_150351135,10,150351135,0.211148355683567,0.0564049586776859,2420,0.16719613798027,0.902418283626863
S10_150646162,10,150646162,0.565262025608489,0.351859504132231,2420,0.0570496406205052,0.970343676176615
S10_150711963,10,150711963,0.590464668530685,0.0863636363636364,2420,0.0537280824213155,0.970343676176615
S10_150733250,10,150733250,0.568263234810653,0.266735537190083,2420,-0.0443303338666112,0.970343676176615
S10_151045975,10,151045975,0.559747460128117,0.199173553719008,2420,-0.0466262160000781,0.970343676176615
S10_151157757,10,151157757,0.413473355670156,0.134297520661157,2420,0.0768237798680076,0.943131785009253
