SNP,Chromosome,Position,DF,t Value,std Error,effect
S1_1007742,1,1007742,2414,-3.25770015793855,0.156564270550842,0.00531937233372771
S1_1020677,1,1020677,2414,0.655258333986478,0.0950599677659348,0.625648836798107
S1_2018002,1,2018002,2414,0.74432297726076,0.10382396051392,0.581528006568852
S1_2275970,1,2275970,2414,0.25586978170699,0.0855480864123446,0.85760603520656
S1_2800964,1,2800964,2414,-0.747593396535056,0.111506945221151,0.580373568867298
S1_2811950,1,2811950,2414,-1.38118823163402,0.100039954396845,0.280960709507909
S1_2888631,1,2888631,2414,-6.71615237736404,0.116065744702984,1.91061570108126e-09
S1_3023078,1,3023078,2414,-1.10012502214306,0.106910296926473,0.399597807170541
S1_3027593,1,3027593,2414,-3.24108890380139,0.11660096813398,0.00554974644974273
S1_3113549,1,3113549,2414,-1.67345426853873,0.0995827809817441,0.179332999364971
S1_3165324,1,3165324,2414,2.59325897211799,0.0961303952834487,0.0292328734046442
S1_3224170,1,3224170,2414,-1.97225946116566,0.0942931727585775,0.106050089129968
S1_3370337,1,3370337,2414,1.67642621704514,0.117494283567535,0.17855406217176
S1_3371362,1,3371362,2414,-1.73263236080655,0.119231962988996,0.162322446887958
S1_4082864,1,4082864,2414,-0.00315524550403773,0.113594293061522,0.997482743212767
S1_4083443,1,4083443,2414,-1.09970271760033,0.0994336499295409,0.399597807170541
S1_4091412,1,4091412,2414,2.90319982252268,0.117729208383315,0.0137353809932027
S1_4860666,1,4860666,2414,2.80994036588394,0.11387608930708,0.0173812495076822
S1_5050985,1,5050985,2414,0.526537568106336,0.117082340518937,0.702987485714626
S1_5051275,1,5051275,2414,0.497908701565451,0.11583088147046,0.720469381043431
S1_5840281,1,5840281,2414,-1.18479267153211,0.135161555467552,0.358588860058851
S1_6247673,1,6247673,2414,0.729119392583672,0.11872939682542,0.590017635242012
S1_6726074,1,6726074,2414,0.829001750312796,0.115752087552244,0.537005042905332
S1_7019860,1,7019860,2414,-6.14214976213466,0.118981347128823,5.28491838014e-08
S1_8308877,1,8308877,2414,-2.57218864515311,0.106479862773792,0.0307076457064024
S1_8424731,1,8424731,2414,-0.422649993846076,0.0908421615875791,0.766758093040224
S1_8614659,1,8614659,2414,0.725970124461625,0.116297485805389,0.591368449710372
S1_8614992,1,8614992,2414,0.248072205029199,0.102659183794729,0.861385989956847
S1_9818592,1,9818592,2414,-2.00937367599273,0.125673268950264,0.0996678781361064
S1_10680837,1,10680837,2414,0.622745722362455,0.104672488748371,0.647632017882762
S1_10913935,1,10913935,2414,-0.249909562951883,0.123935882833422,0.860688504075982
S1_12066883,1,12066883,2414,-2.19790915081928,0.0926448813559054,0.0702107589160542
S1_13721542,1,13721542,2414,0.562145623336154,0.102323618624939,0.681996617761147
S1_17043397,1,17043397,2414,1.1694690486218,0.114036860714165,0.36544665583476
S1_17084072,1,17084072,2414,-1.40664073885019,0.10318570325393,0.270926764629785
S1_17880318,1,17880318,2414,0.280454263962191,0.162380214303541,0.84654813601754
S1_19199917,1,19199917,2414,2.39350187957915,0.119439772320414,0.046169150230635
S1_19533759,1,19533759,2414,-2.77526114790679,0.0959356893149081,0.0190832840913125
S1_19817258,1,19817258,2414,1.78178695896661,0.107872729980342,0.149022058609657
S1_19954785,1,19954785,2414,-3.92698946357222,0.119802935630698,0.000655246505390991
S1_21625862,1,21625862,2414,1.54456865730652,0.114624004402461,0.22111936699226
S1_22816035,1,22816035,2414,0.118490978481537,0.113563525177504,0.933325819340431
S1_22826147,1,22826147,2414,1.32191651954922,0.101044219825166,0.301133526098702
S1_24749523,1,24749523,2414,2.93445121540134,0.13224101645066,0.0126308359847407
S1_24898795,1,24898795,2414,2.50664388517285,0.0895374549928397,0.035804842220226
S1_25897362,1,25897362,2414,1.29009295263169,0.0863110591336291,0.313842675542604
S1_25904060,1,25904060,2414,0.724503310419951,0.0869093336928043,0.592127213157726
S1_25937934,1,25937934,2414,-0.768445553257217,0.103060155909096,0.569065279171105
S1_26652199,1,26652199,2414,-1.86974162369521,0.130462885283864,0.129044488561407
S1_27721183,1,27721183,2414,0.490355896988547,0.110013806545255,0.72369869761412
S1_27978807,1,27978807,2414,2.53176750322914,0.0908655960006843,0.0337774519518977
S1_28862889,1,28862889,2414,0.202595057783133,0.0990426986913641,0.888919133187356
S1_28901698,1,28901698,2414,0.8322953204264,0.118963931052986,0.534893448575274
S1_28901862,1,28901862,2414,-0.413185507133979,0.0943290762578936,0.77038263714998
S1_29134257,1,29134257,2414,-0.0581501742304314,0.108062990411061,0.966774445104427
S1_29231650,1,29231650,2414,-0.303747516657693,0.131492405061362,0.830706381731919
S1_29231833,1,29231833,2414,-0.726045563592805,0.129456538298141,0.591368449710372
S1_29238866,1,29238866,2414,-0.884947628889295,0.128854693791404,0.50529491952167
S1_31207798,1,31207798,2414,0.809111237265673,0.109621012648929,0.54637114063854
S1_36920546,1,36920546,2414,-1.20310359529363,0.0865250748083757,0.350558452730153
S1_38158762,1,38158762,2414,-0.192917892365878,0.087484207893849,0.893446682809037
S1_38176608,1,38176608,2414,-0.962958394492859,0.0969275865238133,0.467525080342291
S1_39740428,1,39740428,2414,1.43943985161769,0.11010800012201,0.258197433697186
S1_39838119,1,39838119,2414,0.844206071166908,0.0874236994576398,0.528779202903823
S1_42912973,1,42912973,2414,1.16521941266407,0.108602320693849,0.367335750760448
S1_42953805,1,42953805,2414,-1.67158904543879,0.0914238042575064,0.179865516269232
S1_42966940,1,42966940,2414,1.99028276947866,0.102110036802155,0.10307640325236
S1_42979644,1,42979644,2414,2.46277636799677,0.110858974155263,0.0393157435639436
S1_44793022,1,44793022,2414,-2.13254885921724,0.139845254170123,0.0795660406545429
S1_45597675,1,45597675,2414,1.84096894010135,0.0921936785429719,0.13584998697571
S1_49461817,1,49461817,2414,3.70568042225289,0.106843372374228,0.00134472939535109
S1_49469580,1,49469580,2414,1.41331302907501,0.116891435863043,0.268912934469712
S1_49580955,1,49580955,2414,1.29499200156318,0.117293925659016,0.311867128941347
S1_49594425,1,49594425,2414,1.29499200156318,0.117293925659016,0.311867128941347
S1_49649087,1,49649087,2414,1.29450999259867,0.117594235159072,0.311890906428895
S1_49651854,1,49651854,2414,1.43754273238273,0.117211349207726,0.258475021216135
S1_49651956,1,49651956,2414,1.43754273238273,0.117211349207726,0.258475021216135
S1_50588263,1,50588263,2414,3.29575469058023,0.105344674232698,0.00481683339905915
S1_50607304,1,50607304,2414,3.9722017897135,0.108686292252317,0.000561303987589375
S1_51051541,1,51051541,2414,1.97345411667696,0.0965040062039503,0.105962849695223
S1_52103257,1,52103257,2414,4.66938066545704,0.0976560767537579,4.1917466467744e-05
S1_53696912,1,53696912,2414,-1.7811269803908,0.0979384631984064,0.149022058609657
S1_54271779,1,54271779,2414,-1.32173638875929,0.119044718085844,0.301133526098702
S1_54626740,1,54626740,2414,-5.10723540311653,0.177459575126916,6.78560036689732e-06
S1_54626750,1,54626750,2414,-5.10723540311653,0.177459575126916,6.78560036689732e-06
S1_54817368,1,54817368,2414,-1.64063412805019,0.190826353633308,0.188296423173923
S1_55004474,1,55004474,2414,-0.466781307802465,0.127439292515216,0.738955691215301
S1_55146349,1,55146349,2414,0.365107204109958,0.132827492294102,0.795802559579824
S1_55541386,1,55541386,2414,2.7668041191111,0.114793562059156,0.0194733763567315
S1_61260951,1,61260951,2414,-2.5497530571218,0.132747897704113,0.0323665876806279
S1_61754639,1,61754639,2414,-2.13533139152956,0.0992818798374554,0.079248921263936
S1_61799908,1,61799908,2414,2.15740029188148,0.0899200374614651,0.0759313449464494
S1_63022674,1,63022674,2414,4.08338984580496,0.115043589811641,0.000382211313809249
S1_63293951,1,63293951,2414,0.26596334974004,0.124993906980349,0.852801311912403
S1_64145901,1,64145901,2414,0.194138923488347,0.143164811767604,0.89335309369402
S1_65380919,1,65380919,2414,1.72130528082761,0.166739012551113,0.165505219522401
S1_67232203,1,67232203,2414,0.749230053684564,0.0999908905956242,0.579831721524275
S1_67655530,1,67655530,2414,1.26296261358667,0.126998142027283,0.324830401500375
S1_67930774,1,67930774,2414,2.07883179467262,0.127366196491189,0.0876444811933556
S1_67930852,1,67930852,2414,1.2684092152029,0.142260954024245,0.322750394092571
S1_68588019,1,68588019,2414,-1.03982378707277,0.0982149421472906,0.428722230334732
S1_69884958,1,69884958,2414,2.55426958142591,0.0982646070853018,0.0320437388201344
S1_70237562,1,70237562,2414,2.48341054335865,0.0949794600906807,0.0375813981377507
S1_70237837,1,70237837,2414,-3.41632972239085,0.0996806453220581,0.00333119715285077
S1_70787556,1,70787556,2414,0.876189682979766,0.125588183423832,0.509999382645195
S1_71083982,1,71083982,2414,3.03057154128467,0.0977427082573565,0.00984817448675908
S1_72143952,1,72143952,2414,-2.99202680434811,0.111765255878012,0.0108397395134473
S1_72143965,1,72143965,2414,-2.70557728894055,0.11727737919743,0.0225239178152783
S1_74028862,1,74028862,2414,0.772607828082806,0.108768395030021,0.568412861639874
S1_76061725,1,76061725,2414,-4.01587069518635,0.114083046710048,0.000483586024846503
S1_79764069,1,79764069,2414,0.120744142663771,0.110340574773023,0.932091380844298
S1_79974668,1,79974668,2414,-0.786056122990887,0.101343579735633,0.560995095388345
S1_81902385,1,81902385,2414,-0.653096443711366,0.109282240890998,0.626235488615166
S1_82376170,1,82376170,2414,-3.55138548526183,0.112258309116854,0.00222243098906506
S1_82824904,1,82824904,2414,2.47413409110059,0.101860446842089,0.0382488662540761
S1_83001157,1,83001157,2414,-0.723165659287893,0.127169022485611,0.592402046467348
S1_84350697,1,84350697,2414,-0.815622865092152,0.129644861703414,0.544502199468982
S1_85241654,1,85241654,2414,0.97896066854355,0.0855341708817873,0.459222360392459
S1_85242735,1,85242735,2414,1.96023922752286,0.116097085367281,0.108145040120181
S1_90306830,1,90306830,2414,-0.418365290285778,0.120675637762655,0.768775474927485
S1_98537890,1,98537890,2414,-0.113294709651917,0.10175919023439,0.935230061823109
S1_99764648,1,99764648,2414,-0.197025677789721,0.111567260643123,0.891424359980191
S1_104266693,1,104266693,2414,0.94523208633612,0.0931489359483377,0.47743651608625
S1_112531942,1,112531942,2414,-2.25415767007526,0.10079303767321,0.0622760710759446
S1_154626318,1,154626318,2414,3.45249181909787,0.105323230145841,0.00298950358687651
S1_160143536,1,160143536,2414,1.02270562555396,0.100572781476285,0.436698422741097
S1_168376973,1,168376973,2414,-1.00616216130185,0.102636731535034,0.445222367252019
S1_171255509,1,171255509,2414,2.89580747595069,0.093342686313808,0.0140368382908197
S1_174893075,1,174893075,2414,2.65565063579201,0.10845163444621,0.0250967501339147
S1_175592912,1,175592912,2414,2.21611182293045,0.142902847936411,0.0676811777840792
S1_177307583,1,177307583,2414,-0.146908814945501,0.141410749338854,0.91983088918518
S1_177307602,1,177307602,2414,-0.146908814945501,0.141410749338854,0.91983088918518
S1_177392527,1,177392527,2414,-0.809496829549383,0.123718408957403,0.54637114063854
S1_177392973,1,177392973,2414,-0.0771544705732718,0.122282364980122,0.956144674971968
S1_184392265,1,184392265,2414,-4.18501326480848,0.0950220886496505,0.000264533954833127
S1_186695297,1,186695297,2414,-1.87005498412,0.150361136569093,0.129044488561407
S1_188811188,1,188811188,2414,-3.40221868474782,0.103931086249563,0.00347236714219417
S1_188811510,1,188811510,2414,1.64203845482212,0.136029749042973,0.188093662803539
S1_192214923,1,192214923,2414,0.130377547586232,0.084613303634243,0.928275593767399
S1_193302766,1,193302766,2414,-5.47812202321056,0.0870580196446166,1.30303775317083e-06
S1_193403593,1,193403593,2414,-7.07242687692508,0.0998555462077357,2.0454961517299e-10
S1_194747821,1,194747821,2414,-3.44947090811625,0.0941921625694509,0.00299472507745655
S1_194883376,1,194883376,2414,-2.56350264224791,0.103746283329343,0.0313428659782626
S1_194883734,1,194883734,2414,-1.28861216494022,0.093910226593249,0.314270894421543
S1_195755225,1,195755225,2414,-3.7137322606755,0.117245396386279,0.00130771093191064
S1_195765736,1,195765736,2414,-4.72701480937234,0.119168533291274,3.35374966077562e-05
S1_197658534,1,197658534,2414,0.562286379833303,0.0995271521147179,0.681996617761147
S1_199031309,1,199031309,2414,-7.0309304636141,0.108365466511468,2.38247976589306e-10
S1_203690794,1,203690794,2414,-2.44908574990583,0.123325341381058,0.0405591050024553
S1_205867610,1,205867610,2414,3.71611928329194,0.0854867802588053,0.00129944424901686
S1_206556648,1,206556648,2414,0.376375873245008,0.109527137589202,0.788379909826735
S1_210194624,1,210194624,2414,-11.4374727512482,0.157386850557498,1.58953999495677e-26
S1_213603082,1,213603082,2414,0.438006646573378,0.101536999362515,0.75653889332695
S1_216085070,1,216085070,2414,-1.64139813551581,0.122429111117682,0.188171036194923
S1_216441690,1,216441690,2414,-4.06417528400414,0.113255386694578,0.000412265978215947
S1_217340021,1,217340021,2414,-4.93257963953544,0.111173042988538,1.42836876651781e-05
S1_218784296,1,218784296,2414,3.5588458318122,0.0935298383674793,0.00217258142579971
S1_220931854,1,220931854,2414,-0.202265106682999,0.120954499228065,0.888919133187356
S1_221188116,1,221188116,2414,0.493390434399611,0.139251748073378,0.721829121108068
S1_222074998,1,222074998,2414,-2.30717012895154,0.119442179041719,0.0558037631181401
S1_222145931,1,222145931,2414,0.980144067903031,0.120163586465193,0.45871561969486
S1_224504536,1,224504536,2414,2.11626264633729,0.130541296449979,0.0817931022911258
S1_224955996,1,224955996,2414,0.729924778561063,0.107846335788968,0.589756701120575
S1_225214186,1,225214186,2414,0.811036015571701,0.0943245869350649,0.546135586973381
S1_226580848,1,226580848,2414,-3.36424741753732,0.0915611094859726,0.00390708377896649
S1_227214041,1,227214041,2414,-1.46535065467551,0.178284423656522,0.247809278503956
S1_227836197,1,227836197,2414,-3.8249044596791,0.0912812536393556,0.000885660507441847
S1_228067077,1,228067077,2414,-3.45202282309426,0.0866358472724804,0.00298950358687651
S1_228777111,1,228777111,2414,-0.239807710432349,0.105229267249962,0.866889595030482
S1_229362381,1,229362381,2414,3.62234991485265,0.107601807352411,0.00177397893943513
S1_229614348,1,229614348,2414,1.19192208503239,0.163533554666956,0.355986996851825
S1_229624647,1,229624647,2414,3.04502274880123,0.094723144212134,0.00955547364584904
S1_231144006,1,231144006,2414,2.52505225080432,0.141628848772095,0.0343776733985055
S1_231670600,1,231670600,2414,-0.889558450576815,0.125116808013815,0.503604201206021
S1_234071369,1,234071369,2414,0.331993274795176,0.0866995621929699,0.814231681509981
S1_237980181,1,237980181,2414,0.339406421325928,0.165679013722256,0.811548389523658
S1_239778934,1,239778934,2414,-2.64041720914348,0.11495651659194,0.0260113810477697
S1_239779108,1,239779108,2414,-2.64041720914348,0.11495651659194,0.0260113810477697
S1_239974458,1,239974458,2414,-0.570097060677043,0.119439809333174,0.677922301851662
S1_240319705,1,240319705,2414,-1.08807817857222,0.08471748160065,0.405274539491919
S1_245927550,1,245927550,2414,-2.86963262389506,0.0994892753993674,0.0150868828443094
S1_246327000,1,246327000,2414,0.891345636201483,0.117791736460505,0.502640815070428
S1_246528913,1,246528913,2414,-0.658130392788935,0.10547777461578,0.625193673670884
S1_246930727,1,246930727,2414,-2.43006811384416,0.195725602697176,0.0423400617737697
S1_250252471,1,250252471,2414,-1.05009480880022,0.138142066985558,0.423503186517284
S1_250258514,1,250258514,2414,1.20717359822693,0.125631744088562,0.349474980895005
S1_250313669,1,250313669,2414,0.888857175209336,0.0939740881787973,0.503782295952197
S1_251426821,1,251426821,2414,-0.563245564779625,0.0949585758027126,0.681893290921924
S1_252128005,1,252128005,2414,0.68921245748264,0.0895357658010505,0.609744863051425
S1_252189312,1,252189312,2414,1.68440183661724,0.160702333449073,0.176252887901165
S1_254268145,1,254268145,2414,0.813091806222231,0.118114643164536,0.545461800973041
S1_254730123,1,254730123,2414,1.78936211423044,0.110381205951252,0.147650376313758
S1_254731990,1,254731990,2414,1.66207197844645,0.12138668494859,0.182473676395962
S1_254732450,1,254732450,2414,1.99041834095195,0.108988214685881,0.10307640325236
S1_254738006,1,254738006,2414,0.916783483108611,0.108589972496234,0.490886098040342
S1_254980069,1,254980069,2414,0.618676211274233,0.0904053935339144,0.649473250233219
S1_255339302,1,255339302,2414,-1.699124037365,0.161137459570933,0.172647423501394
S1_255352181,1,255352181,2414,-2.85981647986255,0.115732214861059,0.0154509857780577
S1_257312468,1,257312468,2414,-1.07250793885972,0.1006673786554,0.412289525504083
S1_258510992,1,258510992,2414,-0.940495774602738,0.15118726874623,0.478539675763404
S1_259134135,1,259134135,2414,-0.0423919617003854,0.118299531914864,0.975662190526122
S1_259401874,1,259401874,2414,-1.65449234855776,0.104949514130647,0.184493145609722
S1_260544980,1,260544980,2414,-2.23482404160524,0.128254032784311,0.0648228559567604
S1_261456944,1,261456944,2414,-3.30000980758747,0.111560551923538,0.00476957821488008
S1_261563363,1,261563363,2414,-2.79803544556541,0.18643751337657,0.0179118005633506
S1_261565696,1,261565696,2414,0.574403796802032,0.113002529960939,0.676402260505073
S1_262832685,1,262832685,2414,2.99345272705072,0.0944302353995329,0.0108097241935971
S1_262984673,1,262984673,2414,3.60701197345435,0.0946150046185601,0.0018442531785225
S1_263089262,1,263089262,2414,-2.1392463278414,0.115007465199393,0.078805899747459
S1_263089768,1,263089768,2414,1.112418747655,0.120443869255423,0.393468745438481
S1_263869417,1,263869417,2414,3.96728212180509,0.0932305885573879,0.000567304130749718
S1_264032977,1,264032977,2414,-2.13637205569764,0.151698365395681,0.0791828139816022
S1_264033204,1,264033204,2414,3.45950202117672,0.104297820666905,0.0029382346494929
S1_268833938,1,268833938,2414,0.861372549211284,0.144483332696229,0.517819111816071
S1_269114894,1,269114894,2414,-0.111661127036107,0.128293668261933,0.935627544750705
S1_273735827,1,273735827,2414,-0.574643709813231,0.105786947607,0.676402260505073
S1_274475634,1,274475634,2414,-3.69617509340536,0.10618338786966,0.00138828942319626
S1_275604002,1,275604002,2414,0.790590556804006,0.0986746926509075,0.558255602618967
S1_275722303,1,275722303,2414,0.154667932487527,0.105542530473117,0.915771842839697
S1_275837252,1,275837252,2414,-0.233585470888104,0.122303598700123,0.870696124811323
S1_275887092,1,275887092,2414,-1.68727475929606,0.0963176475627307,0.175847514597225
S1_277707178,1,277707178,2414,0.661777724019825,0.179091775222354,0.623492737717755
S1_278757478,1,278757478,2414,1.17458171392145,0.112087708534897,0.363415996116109
S1_278982963,1,278982963,2414,1.97147229951491,0.100322059123877,0.106119176845666
S1_281052067,1,281052067,2414,1.81593640251011,0.115628358210166,0.141330652429133
S1_281681637,1,281681637,2414,3.06995788068312,0.0917976594185409,0.00891549697412796
S1_281860320,1,281860320,2414,-3.33515004747654,0.101784949103611,0.0042548610834756
S1_281860733,1,281860733,2414,-3.4219181005201,0.0903765236077585,0.00328852925086983
S1_281904515,1,281904515,2414,-0.885045419921166,0.141435029631718,0.50529491952167
S1_282025244,1,282025244,2414,-3.22417042137922,0.0934401156704653,0.00580899243588515
S1_282332826,1,282332826,2414,-2.07077755327496,0.0855736292026473,0.0890791369442418
S1_282429723,1,282429723,2414,-3.6550130294671,0.117705740318545,0.00159138347887935
S1_282430143,1,282430143,2414,-3.28973647673327,0.10190818599248,0.00489600144301755
S1_282641564,1,282641564,2414,-1.86089812502785,0.0910544578598025,0.13082477525488
S1_282866022,1,282866022,2414,-3.02980714012509,0.112243604342913,0.00985393968727744
S1_282961510,1,282961510,2414,-1.98405685381591,0.0848391658914347,0.104047504354307
S1_283696325,1,283696325,2414,-0.679273648646691,0.120643524405237,0.614943544679341
S1_284567398,1,284567398,2414,-1.49251882599256,0.105134386044479,0.238099957393344
S1_284775241,1,284775241,2414,-3.97731732569704,0.0871103735028596,0.000553561399667326
S1_284776735,1,284776735,2414,-3.84885331725253,0.115304642669334,0.000827756052980891
S1_284862230,1,284862230,2414,-4.11001685588887,0.123528886560106,0.000350916582296676
S1_284896531,1,284896531,2414,-2.75182631130731,0.111881497138667,0.0200973885319267
S1_285109719,1,285109719,2414,-0.917435513468717,0.0932695129152668,0.490744925844794
S1_285256763,1,285256763,2414,0.0700282470391312,0.104138128511782,0.960496085520223
S1_287013302,1,287013302,2414,3.29977265614544,0.0997298853973225,0.00476957821488008
S1_287112427,1,287112427,2414,-0.600311505811431,0.138098683608998,0.660205320892887
S1_287158098,1,287158098,2414,-1.5268984553622,0.104584402067874,0.227608034801029
S1_287767988,1,287767988,2414,-2.14184155385125,0.106185315467529,0.0786648185067727
S1_287896811,1,287896811,2414,-0.408015591550835,0.101625464898664,0.772554736376024
S1_287897109,1,287897109,2414,0.792116603368917,0.085590624921856,0.557449951292956
S1_287955406,1,287955406,2414,-2.00170229995275,0.108101424525692,0.10117002513714
S1_287995733,1,287995733,2414,1.19827388811132,0.0964937589416693,0.352640292694088
S1_288426011,1,288426011,2414,-3.51238082722937,0.087357931635856,0.0024910908118311
S1_288426392,1,288426392,2414,-5.59255668440217,0.109013263813733,7.64913254750705e-07
S1_289282560,1,289282560,2414,-1.16442132932706,0.125220452992336,0.367335750760448
S1_289484026,1,289484026,2414,-0.396833574889062,0.0918393161233143,0.7780131368129
S1_289558741,1,289558741,2414,-0.67969568147141,0.104161402837848,0.614943544679341
S1_289561097,1,289561097,2414,-4.57979983035227,0.182057275225625,6.0690997622301e-05
S1_290780255,1,290780255,2414,-1.32429206793703,0.107709924653579,0.300467568501563
S1_291863254,1,291863254,2414,-2.01136027194045,0.107628777638886,0.0993058047826322
S1_291904261,1,291904261,2414,-0.771451509751188,0.0880478904283915,0.568554926598192
S1_291936844,1,291936844,2414,-3.48665282895708,0.123547938540549,0.00270522389663896
S1_292131439,1,292131439,2414,-0.189744804661273,0.0995744235935056,0.89469408384478
S1_292188211,1,292188211,2414,-1.86050514478494,0.0841350608196937,0.13082477525488
S1_292189290,1,292189290,2414,-1.68537522521747,0.104838936748112,0.176220833141894
S1_292559475,1,292559475,2414,-1.06912571527156,0.123182921444906,0.413916160340139
S1_292607286,1,292607286,2414,-3.36136871666833,0.126142618335607,0.0039287257505524
S1_293322158,1,293322158,2414,-1.7628326883675,0.108067414915925,0.15357571168845
S1_293666348,1,293666348,2414,0.770304733540768,0.0935276597099382,0.568554926598192
S1_295606882,1,295606882,2414,-1.59532665503141,0.0988886387137402,0.203012830440891
S1_295655169,1,295655169,2414,-4.05630966922495,0.105177503214719,0.000422144452405233
S1_295655425,1,295655425,2414,-1.01024713926777,0.0933031254048434,0.443017882927841
S1_295841168,1,295841168,2414,-3.55149992246143,0.117018853719184,0.00222243098906506
S1_295842024,1,295842024,2414,-1.8184259527795,0.0937747430771641,0.140983391401748
S1_295847759,1,295847759,2414,-3.07786428411975,0.100017057886829,0.00872118658387183
S1_296263882,1,296263882,2414,-2.29199268722036,0.0840622592510604,0.0578582887477427
S1_297129406,1,297129406,2414,1.06986460804032,0.0872918290632434,0.413724729092155
S1_297155444,1,297155444,2414,-0.408676747284221,0.10420354003872,0.772430032607382
S1_297299124,1,297299124,2414,0.657725628954123,0.10151896883422,0.625193673670884
S1_297835206,1,297835206,2414,-0.941953037844721,0.243521626385829,0.478159065483997
S1_298732606,1,298732606,2414,-2.33160140390124,0.103828035092772,0.0529809525400959
S1_299366946,1,299366946,2414,-0.361639844600319,0.159247016300804,0.79825315393585
S1_300685135,1,300685135,2414,1.48075156489907,0.0914088360976377,0.242317605031895
S1_300695527,1,300695527,2414,-0.935563415103694,0.10649607372965,0.481389498026077
S1_300813218,1,300813218,2414,-1.66838680760235,0.104249156246865,0.18056931966128
S1_301040186,1,301040186,2414,-0.0245196037406378,0.0972370566578791,0.985222808466131
S1_301110783,1,301110783,2414,2.68859886871096,0.119049849444773,0.0232915241980681
S1_301963810,1,301963810,2414,1.34388963476489,0.125698776309382,0.293763824840656
S1_301963849,1,301963849,2414,0.201519206502103,0.105669907318292,0.889079485728811
S1_302074583,1,302074583,2414,-1.0803190006049,0.126771237075977,0.408656248794397
S1_302268166,1,302268166,2414,1.78419818531916,0.0938642559158875,0.148745236567656
S1_302268806,1,302268806,2414,1.26561069973178,0.0938567091992397,0.324079309530037
S1_302390178,1,302390178,2414,-0.903389241549067,0.0846352661706972,0.497563308072241
S1_302444783,1,302444783,2414,-1.51946485543699,0.119499906541553,0.229480584025575
S1_302949773,1,302949773,2414,0.26054904861347,0.107247919548051,0.856171425944584
S1_302964739,1,302964739,2414,2.54225939612123,0.0854294528841385,0.0329714028061759
S1_302969587,1,302969587,2414,1.17240183988861,0.137492077301769,0.364202329244066
S1_303116466,1,303116466,2414,1.0547036341764,0.0918794116533975,0.421341416378872
S1_303133452,1,303133452,2414,-4.62435981562979,0.125716630841662,4.96890378753156e-05
S1_303135603,1,303135603,2414,-0.664163296173116,0.0902924480854676,0.622594354821455
S1_303597643,1,303597643,2414,0.00477965622307225,0.109010374134846,0.996928522990354
S1_303600537,1,303600537,2414,-0.473966388963754,0.120085742589184,0.7337684855039
S1_303814543,1,303814543,2414,0.0941790062745734,0.104348459628226,0.944832479069929
S1_303825999,1,303825999,2414,-2.60336385894442,0.115391448014199,0.0285569260780155
S1_303832934,1,303832934,2414,-2.56986794362665,0.115501985672447,0.0308645043091602
S1_303847256,1,303847256,2414,1.58576213600592,0.126874191666464,0.205861912494536
S1_304921234,1,304921234,2414,-1.85603468662195,0.114575867802768,0.132011101353556
S1_304923212,1,304923212,2414,-0.175937167549117,0.10020343619253,0.902412224080947
S1_305086630,1,305086630,2414,0.0665147112768871,0.0945472682975691,0.961564289202662
S1_305453976,1,305453976,2414,0.0259875957885276,0.0856121241349217,0.985007286755964
S1_305526698,1,305526698,2414,-1.67472890238536,0.0947533871687849,0.179022105589645
S1_306125534,1,306125534,2414,2.09932433154384,0.0998062211009132,0.0844033518023978
S1_306272682,1,306272682,2414,0.706083082488678,0.103238745751879,0.603551855988444
S1_306412211,1,306412211,2414,-1.52624824346144,0.116651586954095,0.227637262014998
S1_307484303,1,307484303,2414,-1.50910968685395,0.0901190228373425,0.232949516069252
S2_1031301,2,1031301,2414,-1.90243803976863,0.110304870741222,0.121171202576369
S2_1186838,2,1186838,2414,2.58983895203185,0.0913567105992727,0.0294803168587989
S2_1703653,2,1703653,2414,1.17664901678738,0.091959822407134,0.362698800970512
S2_1817244,2,1817244,2414,-3.02226171595758,0.136994533156444,0.0100436930488255
S2_1817603,2,1817603,2414,-1.20713601685367,0.114247196521187,0.349474980895005
S2_1817934,2,1817934,2414,-2.31068677622307,0.0933351174508847,0.055358378219581
S2_1836809,2,1836809,2414,-2.58696778501967,0.109929092195244,0.0296824256253401
S2_2386652,2,2386652,2414,-2.04081134109535,0.0921446021960396,0.093875546940747
S2_2532588,2,2532588,2414,-5.38699741565784,0.157595310877853,1.9503272317896e-06
S2_2627244,2,2627244,2414,1.15908669987185,0.119160182802585,0.368818521319582
S2_2627262,2,2627262,2414,1.15908669987185,0.119160182802585,0.368818521319582
S2_2627324,2,2627324,2414,1.15908669987185,0.119160182802585,0.368818521319582
S2_2631480,2,2631480,2414,-1.73051504305718,0.122812701580321,0.162903730434216
S2_2926780,2,2926780,2414,1.42364835823019,0.157036375412956,0.26437701792915
S2_3382610,2,3382610,2414,1.81630847682156,0.117280848745703,0.141330652429133
S2_4269020,2,4269020,2414,-2.08096344533689,0.227207996336034,0.0872882853174266
S2_4413966,2,4413966,2414,-3.13647133868869,0.12282020463652,0.007380764642272
S2_4542405,2,4542405,2414,0.574534124530684,0.159820513492659,0.676402260505073
S2_4588881,2,4588881,2414,4.4508740074399,0.104184932178097,9.30516642761452e-05
S2_4589048,2,4589048,2414,3.71975615712201,0.102849646496556,0.00128489864916003
S2_5456337,2,5456337,2414,-1.58202320112579,0.125830953420503,0.207229940757314
S2_6240783,2,6240783,2414,1.81257475533266,0.104496932416011,0.14211282124198
S2_6242936,2,6242936,2414,2.61526670570531,0.119124405094392,0.0277490156983662
S2_6256948,2,6256948,2414,2.72004497897443,0.103603523199937,0.0218782029174305
S2_6265132,2,6265132,2414,2.85174401021914,0.118996046032725,0.0157370243170543
S2_7036759,2,7036759,2414,0.764224118678484,0.121041445662574,0.570551231573979
S2_7378367,2,7378367,2414,-1.38279958319172,0.117719368167662,0.280577605953658
S2_7378516,2,7378516,2414,4.46196870876091,0.0992237072996682,9.06848573001219e-05
S2_7563816,2,7563816,2414,3.99570663655739,0.0943781515707789,0.000520352846819209
S2_7873874,2,7873874,2414,3.03822361504802,0.114594608584813,0.00973448059670235
S2_8726771,2,8726771,2414,2.70800347906667,0.114185356151903,0.0224725961093924
S2_9227661,2,9227661,2414,5.26264208124585,0.129233101372677,3.5763867221118e-06
S2_9327647,2,9327647,2414,2.26252095746734,0.0969441065934305,0.0615506278455811
S2_9358059,2,9358059,2414,1.99380230863677,0.0927732779464125,0.102636332201039
S2_9442286,2,9442286,2414,1.66201209299493,0.105876215343492,0.182473676395962
S2_10412192,2,10412192,2414,-0.61999150937989,0.0939281491021343,0.649152919373339
S2_10418334,2,10418334,2414,2.41497774864493,0.0950371716217295,0.043893139170171
S2_10607019,2,10607019,2414,3.94951742667517,0.128899952471812,0.000604715304250149
S2_10607249,2,10607249,2414,2.86124628030759,0.128339385190708,0.0154087406582469
S2_10777567,2,10777567,2414,3.88531288440047,0.096447803466552,0.000751228746923496
S2_11877524,2,11877524,2414,-0.275065478157693,0.130003142321933,0.848803952902788
S2_12181925,2,12181925,2414,-1.29871153484426,0.124607678088863,0.311271588045877
S2_12448967,2,12448967,2414,-2.10504509398358,0.12564585152198,0.0835101620043095
S2_12512623,2,12512623,2414,-4.84160200009555,0.11838491657353,2.05906980589251e-05
S2_12539331,2,12539331,2414,-7.10699528944024,0.150979036231494,1.68763069999457e-10
S2_12857644,2,12857644,2414,-1.34568910586351,0.175176621690247,0.293431332658627
S2_13163519,2,13163519,2414,-6.07171695729981,0.168450438482673,7.18861890874125e-08
S2_13838433,2,13838433,2414,1.40142824548016,0.137016969227229,0.272885848117434
S2_14262838,2,14262838,2414,2.12327255070424,0.144998322077851,0.0809464966450728
S2_14263620,2,14263620,2414,1.71796379327863,0.143605061790414,0.166474172179337
S2_14334805,2,14334805,2414,0.843509293776598,0.121932292884068,0.528955033859083
S2_15000603,2,15000603,2414,0.544957060791542,0.112004381635871,0.691189453342674
S2_15153785,2,15153785,2414,1.06733452559475,0.0920313687016115,0.414701216680924
S2_15463005,2,15463005,2414,0.486767649189658,0.142027706598247,0.725012590335135
S2_16203011,2,16203011,2414,-1.79847277846459,0.118745085530958,0.145870218053127
S2_16521276,2,16521276,2414,-2.01731453697107,0.128560735289926,0.0984418680394345
S2_16864137,2,16864137,2414,-1.22306581830611,0.116869217874518,0.343992378634604
S2_16915464,2,16915464,2414,-0.695139165335822,0.129101513318466,0.607139469336175
S2_16970778,2,16970778,2414,-2.83856690231841,0.117666051057147,0.0161740008385966
S2_16989115,2,16989115,2414,-4.52329799921806,0.127255711361359,7.34575244528941e-05
S2_16989298,2,16989298,2414,-0.485313910296261,0.108483641888782,0.725797486231439
S2_18901095,2,18901095,2414,-0.35490292646147,0.117086921491211,0.800909347666956
S2_19041249,2,19041249,2414,-0.547048722211684,0.116775305621065,0.690443879623076
S2_19420024,2,19420024,2414,1.63699354338695,0.0926355501727589,0.189367709376525
S2_19420945,2,19420945,2414,1.35544681561614,0.119889763634554,0.289757987793848
S2_20573368,2,20573368,2414,-0.695569518122934,0.106813167417356,0.607139469336175
S2_21862521,2,21862521,2414,-4.99840597769671,0.140492071329218,1.1097570858158e-05
S2_21863424,2,21863424,2414,-4.11676941415384,0.143373641414052,0.000343730214420139
S2_23121387,2,23121387,2414,-4.86846404427068,0.108872084469414,1.8828675284143e-05
S2_23345860,2,23345860,2414,-7.59260998987932,0.0961358334527311,7.64143360414701e-12
S2_24208693,2,24208693,2414,-3.16109567922811,0.130133585252197,0.00697444132441765
S2_24394755,2,24394755,2414,-4.63798523376258,0.116610384239811,4.71256814915199e-05
S2_24396833,2,24396833,2414,-3.38059656540005,0.115256638800237,0.00371910885239191
S2_24840757,2,24840757,2414,-2.34389602613142,0.105540151556815,0.0514145847461224
S2_24985120,2,24985120,2414,-5.49764688289373,0.095440254585114,1.18409858030644e-06
S2_25700144,2,25700144,2414,1.84858831620413,0.116547517884761,0.13382648909573
S2_28997989,2,28997989,2414,-1.4744888603556,0.0863901220053728,0.244830496715853
S2_31910227,2,31910227,2414,-0.174444208542867,0.122968725614303,0.902854868084158
S2_33151923,2,33151923,2414,-0.748861133329008,0.103078060615351,0.579831721524275
S2_34908344,2,34908344,2414,-1.82152366606878,0.126733628666414,0.140577593434332
S2_36016162,2,36016162,2414,-0.183446403845361,0.121310080229057,0.899434920837564
S2_38098248,2,38098248,2414,-1.81874038259021,0.0942134320207451,0.140983391401748
S2_39673401,2,39673401,2414,-0.564931447393338,0.138419388039591,0.681274709231783
S2_41252709,2,41252709,2414,-2.97284680727508,0.144841698796353,0.0113881174285023
S2_41252814,2,41252814,2414,-5.70556757816407,0.13838596481041,4.59492888301128e-07
S2_41698654,2,41698654,2414,-4.56845280955482,0.0937843602509062,6.29037740688342e-05
S2_41789172,2,41789172,2414,-1.16415949199473,0.12619317491836,0.367335750760448
S2_42149885,2,42149885,2414,-3.85290191969917,0.10620236420613,0.000822641054274851
S2_44236866,2,44236866,2414,0.0906904341161022,0.10710312236349,0.947054983871611
S2_44764987,2,44764987,2414,-2.08184114515509,0.0864251037690069,0.0872882853174266
S2_44995641,2,44995641,2414,-1.37898757633563,0.116691949389994,0.28140996225667
S2_46237998,2,46237998,2414,-2.38871840003372,0.0935810545014496,0.0466484281420174
S2_48798382,2,48798382,2414,-0.401261304063434,0.11711272807681,0.775189899975265
S2_48798392,2,48798392,2414,-0.401261304063434,0.11711272807681,0.775189899975265
S2_48924032,2,48924032,2414,-4.26611085295325,0.106262774300902,0.000197012217095574
S2_60778442,2,60778442,2414,-3.93038304562523,0.108930894340594,0.000648457117899957
S2_62113765,2,62113765,2414,-0.533573849478507,0.117256958116187,0.698975030068214
S2_67297640,2,67297640,2414,-1.80506585031261,0.120537373950746,0.144197840309836
S2_72016500,2,72016500,2414,0.426941956671312,0.104150199243548,0.764460608420075
S2_73631324,2,73631324,2414,0.371615231067614,0.0947359536394543,0.790830616226813
S2_74218926,2,74218926,2414,-1.83643005331488,0.130899440369564,0.13685342749013
S2_82880191,2,82880191,2414,-2.14035130696049,0.136953925110659,0.078805899747459
S2_88775207,2,88775207,2414,-2.27958909238149,0.100767072191724,0.0595433376921334
S2_93026118,2,93026118,2414,-3.08586216385901,0.122434560823008,0.0085079819897748
S2_104739030,2,104739030,2414,-4.46078608775645,0.117183517845,9.06848573001219e-05
S2_114366475,2,114366475,2414,-4.17378830747857,0.176978425514063,0.000275423669621606
S2_115955959,2,115955959,2414,-0.423615607904119,0.0950702721449612,0.766379211457379
S2_117129501,2,117129501,2414,-2.97487661453488,0.137074752874965,0.0113524624616057
S2_117153121,2,117153121,2414,-1.67892311124785,0.11121539495535,0.177789716508376
S2_117944462,2,117944462,2414,-0.787612214225566,0.132288046169571,0.560165198169052
S2_124790414,2,124790414,2414,-0.413197846990967,0.119201243099255,0.77038263714998
S2_132258688,2,132258688,2414,-3.23025192292011,0.139684647075043,0.00572394916923364
S2_132258727,2,132258727,2414,-3.49580096479154,0.142074421680774,0.00263618070568958
S2_132660876,2,132660876,2414,-2.27189041566995,0.118991168292279,0.0603696150018472
S2_136136229,2,136136229,2414,-1.58636981300849,0.105659946126467,0.205792749820637
S2_138368017,2,138368017,2414,-2.45642113394517,0.0947503814009961,0.0399062975366448
S2_140636955,2,140636955,2414,-2.37639790073275,0.0928237132522576,0.0479125356274053
S2_140637074,2,140637074,2414,-3.02432465807872,0.0862653606185989,0.00999493381767839
S2_144238392,2,144238392,2414,-1.30484125078747,0.11156201144811,0.308873409854302
S2_144711138,2,144711138,2414,-1.92537620543815,0.087711789855176,0.115316804866569
S2_148340343,2,148340343,2414,-1.6047210687646,0.0934727473594184,0.199904624528169
S2_149286050,2,149286050,2414,1.98154949292865,0.0936623066865388,0.104409037345647
S2_149286155,2,149286155,2414,1.41273301738095,0.0977907207312914,0.268922649157409
S2_150333739,2,150333739,2414,-3.70508020166687,0.0857317061295912,0.00134472939535109
S2_150333856,2,150333856,2414,-3.84561128519043,0.0857442202165871,0.000833210658702927
S2_150358319,2,150358319,2414,2.07107294838501,0.10237235941475,0.0890791369442418
S2_150740548,2,150740548,2414,-3.06195093477749,0.114858098218934,0.00910510870633899
S2_151392770,2,151392770,2414,-3.54148153870912,0.0969631036576442,0.00229442697566045
S2_151627004,2,151627004,2414,-4.00373939107923,0.096761805682958,0.00050695602046778
S2_151666689,2,151666689,2414,-4.11487911129692,0.096604711068509,0.000345089374483188
S2_154372022,2,154372022,2414,-1.81589053014414,0.0870329660387711,0.141330652429133
S2_155999724,2,155999724,2414,0.270638850804228,0.0937772053674853,0.851015316663835
S2_157711561,2,157711561,2414,-3.25560077054715,0.125311106602475,0.00534655791480052
S2_158507139,2,158507139,2414,-1.25004455012245,0.108731489552311,0.33016918035556
S2_161226600,2,161226600,2414,-1.34692349113103,0.0998391752368387,0.293091442312162
S2_161539433,2,161539433,2414,-0.858013534183696,0.127113226295092,0.519611966649819
S2_162066636,2,162066636,2414,-0.497765978033752,0.111084119244747,0.720469381043431
S2_162271385,2,162271385,2414,-0.995449893918021,0.113343247105165,0.450042090982304
S2_162875198,2,162875198,2414,-1.9926558858033,0.111848115301816,0.102804107403972
S2_162911496,2,162911496,2414,-2.04691196582344,0.0926241200877971,0.0932150152179307
S2_167022852,2,167022852,2414,1.2059913986214,0.141762709131686,0.349630919261678
S2_169534289,2,169534289,2414,-2.51792818492636,0.112088280393834,0.0348291215770539
S2_173429896,2,173429896,2414,-0.207362544070686,0.109341895401716,0.88616113925081
S2_173444037,2,173444037,2414,-1.86463380716052,0.110356230406671,0.130141118013964
S2_175277302,2,175277302,2414,-0.695826377120015,0.117401101927946,0.607139469336175
S2_178994407,2,178994407,2414,-2.40309387043486,0.114470252145927,0.0451597112209987
S2_179127811,2,179127811,2414,-0.456217811853514,0.111173375418488,0.745226149753027
S2_181424418,2,181424418,2414,-2.76369806093075,0.12804680231898,0.0195748090474141
S2_181739483,2,181739483,2414,-1.79725496534421,0.113814183691015,0.145973966739706
S2_181739622,2,181739622,2414,-1.79725496534421,0.113814183691015,0.145973966739706
S2_184952096,2,184952096,2414,-0.656226541229178,0.107626853322234,0.625629845798769
S2_187290798,2,187290798,2414,-0.742489374876662,0.126779704089018,0.582580631329868
S2_187653788,2,187653788,2414,-2.54095669809881,0.14805668953993,0.0330464120794324
S2_188429757,2,188429757,2414,-2.01427899740716,0.100184893154164,0.0990484234030262
S2_189040174,2,189040174,2414,-0.695370388522961,0.109461501666476,0.607139469336175
S2_189040821,2,189040821,2414,1.78260842834621,0.100623029757236,0.148972873726559
S2_189167046,2,189167046,2414,1.08732177409793,0.124881704714365,0.405274539491919
S2_189169925,2,189169925,2414,-3.21352578683467,0.104080635648018,0.00594908678378321
S2_189195850,2,189195850,2414,-1.27934323290781,0.103605432969041,0.318211824753127
S2_189818418,2,189818418,2414,-0.809252692421465,0.0871416571829997,0.54637114063854
S2_189823400,2,189823400,2414,-1.63965198724297,0.104638238971244,0.188506470535508
S2_189882931,2,189882931,2414,-2.08218098655636,0.0953561692303075,0.0872882853174266
S2_190430367,2,190430367,2414,0.664465705610747,0.100294016083503,0.622594354821455
S2_190713004,2,190713004,2414,-0.0717119478069087,0.101567370094478,0.959964405057686
S2_191468717,2,191468717,2414,-1.2064051198141,0.097979403326018,0.349630919261678
S2_192530227,2,192530227,2414,-0.763191673487644,0.107343986461247,0.570984914604078
S2_192850486,2,192850486,2414,-0.395620081103469,0.100690201301914,0.778594856100303
S2_192974313,2,192974313,2414,-2.38624169779411,0.127002754189278,0.0468586315935095
S2_193261776,2,193261776,2414,-2.47911646392725,0.125589729620299,0.0378543927043283
S2_193792543,2,193792543,2414,-3.49585037767217,0.119846789662023,0.00263618070568958
S2_193792893,2,193792893,2414,0.697158416399939,0.0881448925485065,0.607139469336175
S2_193989230,2,193989230,2414,2.1711997753792,0.141444071625307,0.0742223052540787
S2_193991522,2,193991522,2414,2.03788845729089,0.119646286415606,0.0942289971717721
S2_194547427,2,194547427,2414,-2.24039674430216,0.0931434034116807,0.0640555900539579
S2_194547942,2,194547942,2414,-1.50387514798345,0.102348819446389,0.235127529769578
S2_195406855,2,195406855,2414,-0.674585099679973,0.105307108390993,0.617510934421532
S2_195408641,2,195408641,2414,-2.49672236135506,0.113595624617601,0.0365602990862376
S2_196878904,2,196878904,2414,4.44580238539522,0.146017344619461,9.40958076119883e-05
S2_197247863,2,197247863,2414,-0.0510769550929952,0.0960047273734894,0.970149463163537
S2_197758561,2,197758561,2414,-0.379140989647759,0.0967836758131048,0.786726297995432
S2_197761141,2,197761141,2414,1.87882063026754,0.105118652652595,0.126811569325611
S2_197962563,2,197962563,2414,-0.0508197555041194,0.129416432910591,0.970149463163537
S2_198556024,2,198556024,2414,-0.416030368009678,0.100720503793172,0.769715947207248
S2_199239268,2,199239268,2414,-2.32851483958388,0.109262890501712,0.0533128871242426
S2_199610100,2,199610100,2414,-2.0133526713296,0.0952369357971535,0.0991590153529044
S2_199704028,2,199704028,2414,-0.262062951044013,0.131752603148599,0.855595944454652
S2_199704388,2,199704388,2414,-0.767537564962252,0.117840372345329,0.56908564352542
S2_200229025,2,200229025,2414,2.70236832164042,0.146086939630741,0.0225978769696347
S2_200233111,2,200233111,2414,-3.62750562333362,0.0960330199305547,0.00174924017647069
S2_200234031,2,200234031,2414,2.35750093986042,0.13230130204787,0.0498876498708106
S2_201010696,2,201010696,2414,1.96867084350355,0.132144422983622,0.106705273331244
S2_201011054,2,201011054,2414,0.695169579190821,0.135682842619746,0.607139469336175
S2_201094706,2,201094706,2414,-3.40972044545356,0.103181095976674,0.00339555315593021
S2_201094903,2,201094903,2414,-2.82115305027942,0.103222301094665,0.0169295645122514
S2_201513815,2,201513815,2414,-1.87006596976699,0.108718082482111,0.129044488561407
S2_202173051,2,202173051,2414,-1.52893287954107,0.10589579529002,0.227232921132193
S2_202955424,2,202955424,2414,0.0685452375673043,0.120130700808259,0.961184533210199
S2_204383795,2,204383795,2414,-4.24149281594392,0.147541896143313,0.000215743647209504
S2_205022921,2,205022921,2414,-4.43794574299362,0.0863411224853723,9.67809112106358e-05
S2_205022931,2,205022931,2414,-4.34475814772868,0.0913322571289128,0.000144495564322495
S2_205202588,2,205202588,2414,0.894121439822645,0.0884085359442865,0.501950700772026
S2_205275866,2,205275866,2414,-3.40223791028233,0.118551575355201,0.00347236714219417
S2_205276152,2,205276152,2414,0.912160976832477,0.0966598167728336,0.493547439476274
S2_205556555,2,205556555,2414,-1.10461374272317,0.146933865096662,0.397308794421576
S2_205777757,2,205777757,2414,1.46507138531884,0.124204150148976,0.247809278503956
S2_206300482,2,206300482,2414,2.001248222904,0.0965017212867153,0.10117002513714
S2_208410219,2,208410219,2414,0.90975458524074,0.130718871635286,0.494949115017068
S2_208820696,2,208820696,2414,-3.11909903526617,0.121146386236193,0.00777992336941821
S2_208945675,2,208945675,2414,-4.1625328562065,0.0955075812700554,0.000286787248419605
S2_208958619,2,208958619,2414,-4.19581736516904,0.0958109827231214,0.000254532931491459
S2_209289593,2,209289593,2414,-0.300651971646945,0.103151853270322,0.832102340087415
S2_209561904,2,209561904,2414,-4.04492321973009,0.117169483217049,0.000436815738870387
S2_209877341,2,209877341,2414,-3.88428364410197,0.123228980251939,0.000751228746923496
S2_210221330,2,210221330,2414,-0.993835045183095,0.124778197581027,0.450839988268252
S2_210745995,2,210745995,2414,-1.82415608993792,0.0964218833000282,0.139899713589498
S2_211713899,2,211713899,2414,2.52359867629036,0.120624890610931,0.0344702899742612
S2_212609997,2,212609997,2414,2.48873559483392,0.132731076254659,0.0371282420216557
S2_212614021,2,212614021,2414,4.15189597420991,0.123676724784956,0.000299072985131682
S2_212883158,2,212883158,2414,-1.40940943036765,0.110836876917754,0.270029440521247
S2_213741185,2,213741185,2414,0.392590836717722,0.0969939543329695,0.780150953175453
S2_214011697,2,214011697,2414,-0.585347468112601,0.096936005891342,0.669522560836726
S2_214128791,2,214128791,2414,2.25046786939653,0.103695812559209,0.0627965305855459
S2_214213682,2,214213682,2414,2.62774938296614,0.131584720150493,0.0268750973082317
S2_214779597,2,214779597,2414,-1.58941066784621,0.13389394816302,0.204900826859281
S2_215426572,2,215426572,2414,-0.0940084478924814,0.0885493138427336,0.944832479069929
S2_215945846,2,215945846,2414,-2.80804284700895,0.106865744063337,0.0174418524130085
S2_216030260,2,216030260,2414,-3.45766411207911,0.160253883999918,0.00295060623056612
S2_216743479,2,216743479,2414,1.23349324359654,0.120357052430537,0.338169419898127
S2_216746125,2,216746125,2414,2.22306340794715,0.0906758145876331,0.0667018191679035
S2_216746460,2,216746460,2414,0.693548799772596,0.118494549179527,0.607459693216172
S2_217264737,2,217264737,2414,0.745437384712963,0.105830277769519,0.581389011460316
S2_218076984,2,218076984,2414,1.49980699323447,0.119811774031366,0.236582018574074
S2_218077581,2,218077581,2414,0.864971489200571,0.10336684512003,0.515519838300164
S2_218077607,2,218077607,2414,0.864971489200571,0.10336684512003,0.515519838300164
S2_219318723,2,219318723,2414,-2.29510011196476,0.116918762196789,0.0574608048697917
S2_219337032,2,219337032,2414,1.48815955500898,0.137562545979388,0.239498074177394
S2_219587333,2,219587333,2414,-3.00850260525265,0.121607787440735,0.0104477743177481
S2_219942280,2,219942280,2414,1.06578363355956,0.14047819695033,0.415227686973538
S2_220581154,2,220581154,2414,-2.56172408189926,0.0941298010616318,0.0314574459002756
S2_220815115,2,220815115,2414,-2.83970049489688,0.103355209477196,0.016144575160203
S2_220863128,2,220863128,2414,-6.05766803618579,0.138757659231765,7.65273028928821e-08
S2_220944251,2,220944251,2414,-3.35904403097714,0.108399322102076,0.00395219881876594
S2_221273186,2,221273186,2414,-4.55369367409224,0.0870482203830401,6.5884886521527e-05
S2_221287133,2,221287133,2414,-3.08826210837493,0.0969092919358779,0.00845685442815032
S2_221293612,2,221293612,2414,0.50354263018679,0.152503352871585,0.717357080637078
S2_221735220,2,221735220,2414,-2.1177341850596,0.104061040564563,0.0815901585666962
S2_221757449,2,221757449,2414,-2.16632751170668,0.102721304613629,0.0748328469802082
S2_221828300,2,221828300,2414,-4.87544129524918,0.106970816226603,1.83213082318751e-05
S2_222214859,2,222214859,2414,0.656546102884646,0.108431783543489,0.625629845798769
S2_222281423,2,222281423,2414,0.414258305640661,0.128590990935454,0.77038263714998
S2_222315237,2,222315237,2414,1.09540547660377,0.102919215723147,0.401689662167659
S2_222352200,2,222352200,2414,-0.271340640162421,0.120313138876597,0.851010846359093
S2_222357904,2,222357904,2414,-3.46223671094081,0.116163676652947,0.00291624123737196
S2_222453733,2,222453733,2414,-4.66145382356784,0.0956961915420989,4.2755050428934e-05
S2_223422873,2,223422873,2414,2.3272321781998,0.106733279399668,0.0533545943498406
S2_223803009,2,223803009,2414,0.383168388792795,0.105715534586553,0.784666137296779
S2_223853736,2,223853736,2414,1.96116356358471,0.101124017033479,0.108025157893146
S2_225504421,2,225504421,2414,-1.29589402353973,0.110182843809575,0.311867128941347
S2_225583999,2,225583999,2414,-0.997415266427071,0.107099974993834,0.450042090982304
S2_225584015,2,225584015,2414,-0.392206465314844,0.128038471840082,0.780150953175453
S2_225986204,2,225986204,2414,-3.62026357044764,0.118990623183544,0.00178311320575933
S2_226671459,2,226671459,2414,-3.17882464914357,0.109014139978551,0.0066054636766341
S2_227288798,2,227288798,2414,-3.61782145865803,0.105976400760311,0.00178961097834407
S2_229264398,2,229264398,2414,-3.23205557504888,0.0948010539378053,0.00570196480635627
S2_229349944,2,229349944,2414,0.821051082484572,0.08711744359208,0.541569850102136
S2_229831056,2,229831056,2414,-3.95412976374636,0.122306218615245,0.000596298192369218
S2_229851299,2,229851299,2414,-2.67503410023699,0.114669314902173,0.0239144335122442
S2_230526838,2,230526838,2414,-0.42548280912088,0.115863470927352,0.765250258571893
S2_231108120,2,231108120,2414,-1.19133792777044,0.0863008768805872,0.355986996851825
S2_231258079,2,231258079,2414,0.929065528995554,0.10064239836331,0.484429911967204
S2_231435378,2,231435378,2414,-1.25107630256103,0.103429706249122,0.329831122495689
S2_231538085,2,231538085,2414,0.011259788941943,0.108351632691153,0.994396124452972
S2_231794636,2,231794636,2414,-1.65465078617428,0.119212179422069,0.184493145609722
S2_232799291,2,232799291,2414,-0.354810750643679,0.129038989072706,0.800909347666956
S2_234480138,2,234480138,2414,0.896022339093677,0.120641041679478,0.501235317951715
S2_234490837,2,234490837,2414,-0.136063068706722,0.0945387388860166,0.92585601290328
S2_234510183,2,234510183,2414,-0.212093267489933,0.0935606678639965,0.883974979760137
S2_234525669,2,234525669,2414,0.922400870822121,0.106974204713101,0.488495070339854
S2_234528459,2,234528459,2414,-0.0358177481704531,0.116187279846763,0.979143801326017
S2_235755898,2,235755898,2414,-3.27762332787301,0.0955668794756744,0.00502778688614534
S2_235943712,2,235943712,2414,1.24817668104551,0.102018327294761,0.330984897219004
S2_237260678,2,237260678,2414,-4.30479568536269,0.118074176239432,0.000169691901014022
S2_238592722,2,238592722,2414,-5.16577373055958,0.110215968383007,5.44497495720926e-06
S2_238830975,2,238830975,2414,-3.74795981844158,0.127030627494223,0.00115652756477881
S2_240227739,2,240227739,2414,2.63550129439292,0.109696433046599,0.0263103424854975
S2_240249668,2,240249668,2414,-4.03583180234534,0.103981407934275,0.000447949353044339
S3_1313242,3,1313242,2414,0.941806113078591,0.0955793320457464,0.478159065483997
S3_1400719,3,1400719,2414,0.302784075159248,0.116971412970962,0.831067150235099
S3_1464877,3,1464877,2414,-1.77944427859473,0.14077202588665,0.149424889414733
S3_1662561,3,1662561,2414,2.24651324862499,0.103049153399795,0.0632070405120539
S3_2028219,3,2028219,2414,-0.739866041267035,0.116630618716263,0.583163059475958
S3_2239671,3,2239671,2414,-4.45079979636334,0.118002927453471,9.30516642761452e-05
S3_2757687,3,2757687,2414,3.0762783402346,0.134959711830201,0.00874995711165849
S3_2763048,3,2763048,2414,0.893657381369811,0.0953989944613975,0.501956914142401
S3_2856966,3,2856966,2414,-1.64419658441184,0.117273425725675,0.187599976656698
S3_3362245,3,3362245,2414,-4.17679845840745,0.0984613537268176,0.000273008215882426
S3_3362837,3,3362837,2414,-1.52139662072854,0.167434324141217,0.22901220952219
S3_3364555,3,3364555,2414,-5.13107503015568,0.14610785393501,6.22061757588347e-06
S3_3578856,3,3578856,2414,-2.75841476474888,0.116312172473452,0.0197950242734479
S3_3613106,3,3613106,2414,-0.177936576080115,0.118836851327739,0.901525169791311
S3_3912752,3,3912752,2414,-4.04470293001453,0.119669079184829,0.000436815738870387
S3_4260356,3,4260356,2414,0.237345033327891,0.117337478817956,0.868030650313561
S3_4778638,3,4778638,2414,-2.87209620662006,0.0978670168237171,0.0149966643704475
S3_5615248,3,5615248,2414,-0.892437170511056,0.137391204131232,0.502180790607718
S3_5838013,3,5838013,2414,-2.20882423758989,0.108659155798736,0.0687482277966799
S3_6251167,3,6251167,2414,2.78351011360261,0.0914891685827862,0.0186373178914863
S3_6257096,3,6257096,2414,3.31115087499945,0.100306449262269,0.00460235840490706
S3_6470722,3,6470722,2414,-1.86383912828238,0.0958769251860453,0.130242076055911
S3_6471653,3,6471653,2414,0.448619593610677,0.0926246597167926,0.75026044883612
S3_7328976,3,7328976,2414,-2.91721700527511,0.116978930422263,0.01325357363283
S3_8566472,3,8566472,2414,-3.4864207077557,0.128544097599177,0.00270522389663896
S3_8769130,3,8769130,2414,-4.19645434388283,0.10490102866351,0.000254532931491459
S3_8968031,3,8968031,2414,-1.60811038124567,0.0988284055815892,0.198713185418443
S3_9234089,3,9234089,2414,-0.898392648836284,0.129590791177849,0.500136200433411
S3_10265327,3,10265327,2414,-4.6585398307853,0.106095625943638,4.2959982825038e-05
S3_10673156,3,10673156,2414,-5.25510460163031,0.104669976684278,3.67840578350425e-06
S3_11535801,3,11535801,2414,-1.77143808818988,0.101245012807255,0.151173261754436
S3_11540829,3,11540829,2414,-1.17407477590674,0.101316256991292,0.363456075671482
S3_11619271,3,11619271,2414,-0.137289134427525,0.0907714531842043,0.925664079218884
S3_12144719,3,12144719,2414,-0.101900309474577,0.111881240803199,0.941232814911955
S3_12145701,3,12145701,2414,-3.44197295855771,0.112406228378697,0.00307073933325443
S3_12145749,3,12145749,2414,-1.89260981524734,0.0979862562538534,0.123408780187115
S3_13177399,3,13177399,2414,-5.18774436077982,0.138308622672704,4.99965070566753e-06
S3_13434231,3,13434231,2414,1.37529735990087,0.0895864243693999,0.282401770130217
S3_13692521,3,13692521,2414,-5.64829711956551,0.109355315013382,6.01595777107559e-07
S3_13723427,3,13723427,2414,-3.00723566762327,0.0965297916385034,0.0104712323769223
S3_14323479,3,14323479,2414,-3.14164726382822,0.110539115674145,0.00732086359257451
S3_14333218,3,14333218,2414,-0.618523983292459,0.122554743134227,0.649473250233219
S3_14801890,3,14801890,2414,-0.386976305102091,0.110522733954359,0.782493965816159
S3_15210888,3,15210888,2414,-1.97376765061903,0.101082297958283,0.105962849695223
S3_17630503,3,17630503,2414,-3.22081144688433,0.0932461112769549,0.00586428816806118
S3_18198302,3,18198302,2414,1.62141085403999,0.088560210544499,0.194276397481549
S3_19025992,3,19025992,2414,-1.27028169135809,0.123159252057935,0.321944758059364
S3_19293143,3,19293143,2414,-1.33970060243018,0.142144999029836,0.294584575271756
S3_19832283,3,19832283,2414,-4.78023850969998,0.258485178211128,2.65527642765016e-05
S3_26051996,3,26051996,2414,3.86043792332788,0.154418362317024,0.000807162375150693
S3_32651258,3,32651258,2414,0.311334519040119,0.152716649987367,0.82685417388547
S3_35993809,3,35993809,2414,-2.07007348316924,0.0914376373240265,0.0891316021284287
S3_44362768,3,44362768,2414,-4.67801808416649,0.149842783582064,4.08859023256728e-05
S3_54376491,3,54376491,2414,-2.4237487299857,0.103839730448136,0.0430238266117515
S3_54376775,3,54376775,2414,-1.46555635298988,0.0920079707982847,0.247809278503956
S3_55537184,3,55537184,2414,-3.68729547099094,0.0919090271262171,0.00142873461350303
S3_56529376,3,56529376,2414,-3.57674727953599,0.0908619187194262,0.00204693698409526
S3_56999533,3,56999533,2414,-0.714762336484782,0.099853581861339,0.597519579862436
S3_56999784,3,56999784,2414,-1.95894922329012,0.130289085029639,0.108357500952492
S3_67441338,3,67441338,2414,-4.0526213974791,0.108193814205421,0.000427109726617074
S3_67863836,3,67863836,2414,-3.21722992060589,0.107426423069019,0.00589877996861339
S3_98255576,3,98255576,2414,-0.190370618875203,0.102597114108722,0.894635056990669
S3_102477733,3,102477733,2414,-1.08179872093703,0.101520317234139,0.408274508360247
S3_109881648,3,109881648,2414,-0.770093031755967,0.108298279770395,0.568554926598192
S3_122985736,3,122985736,2414,-2.18571346296213,0.153861970028498,0.0718946258772079
S3_125219740,3,125219740,2414,-2.15073341833623,0.122360471983721,0.0771187910273976
S3_125220748,3,125220748,2414,-0.947405465078372,0.123060219117836,0.476542551652356
S3_130552961,3,130552961,2414,-4.08848191565953,0.117384112011939,0.000377028422293445
S3_130552982,3,130552982,2414,-4.10255191536097,0.123265410857285,0.000360851458766354
S3_130938670,3,130938670,2414,-0.380445186698804,0.131566565478341,0.786071478775358
S3_134035633,3,134035633,2414,-4.61492052851147,0.120133157782424,5.16658581562452e-05
S3_134442990,3,134442990,2414,-4.12865744908166,0.0851526006506549,0.000327931206228166
S3_135487037,3,135487037,2414,-6.09037597093593,0.113210329650371,6.56640920883396e-08
S3_137533609,3,137533609,2414,-9.70435500871307,0.114312241430015,4.9495925986855e-19
S3_139336936,3,139336936,2414,-4.49254336689101,0.0868662385471514,8.20588863396882e-05
S3_143115991,3,143115991,2414,-4.85932753370875,0.0857657072094463,1.95604873495213e-05
S3_143118496,3,143118496,2414,-2.03839635150993,0.0850537710871108,0.0942289971717721
S3_143318686,3,143318686,2414,-3.79621759513638,0.105281221380208,0.000981365163457415
S3_149117323,3,149117323,2414,-5.26859105240464,0.0929859292988191,3.50305701824142e-06
S3_150637571,3,150637571,2414,-3.57511895562602,0.0913809016107558,0.00205389800549173
S3_150915949,3,150915949,2414,-3.42264003160147,0.0959002351045106,0.00328815437639267
S3_152233321,3,152233321,2414,-3.75087907657563,0.0931104986053781,0.00114674966403368
S3_152992674,3,152992674,2414,-7.86372235819468,0.09996558150127,1.43519159500882e-12
S3_153463524,3,153463524,2414,-0.943339972623345,0.0941724294740911,0.477846081631942
S3_155399439,3,155399439,2414,3.02783152465459,0.119787035463662,0.00989919039757893
S3_156001676,3,156001676,2414,-3.27852155135879,0.092769519689665,0.00502343272811829
S3_156073129,3,156073129,2414,-2.19653288142573,0.0880178403077191,0.0703288181384015
S3_156226908,3,156226908,2414,0.130373708768382,0.101313077761107,0.928275593767399
S3_156227261,3,156227261,2414,-0.00682720171192733,0.1063256473015,0.996488216174734
S3_156228206,3,156228206,2414,-3.85119556812242,0.0913954263681104,0.000822641054274851
S3_156270994,3,156270994,2414,-4.13785057194865,0.100364059696488,0.000316492305836086
S3_156277883,3,156277883,2414,-7.62457627983126,0.109006092467713,6.54764316741166e-12
S3_156277910,3,156277910,2414,-7.62457627983126,0.109006092467713,6.54764316741166e-12
S3_156763112,3,156763112,2414,1.78154388357255,0.0999324437950136,0.149022058609657
S3_156830645,3,156830645,2414,-1.97516811512446,0.0854707705761818,0.105761602669605
S3_157123498,3,157123498,2414,-2.83298655069631,0.0990871275424349,0.0164017347663323
S3_158076754,3,158076754,2414,-0.494604051750516,0.136594459725191,0.721435295406023
S3_158250388,3,158250388,2414,-4.57845095196425,0.104355614871735,6.07144569903407e-05
S3_159093153,3,159093153,2414,1.28343284456979,0.124437278796066,0.316316507209682
S3_159200750,3,159200750,2414,-0.961632443561734,0.126296584268096,0.467819711881735
S3_159280382,3,159280382,2414,-4.18762476842132,0.101544872874963,0.000262673115096882
S3_159658716,3,159658716,2414,-0.226888395117379,0.0949092902212472,0.87534503303294
S3_159820975,3,159820975,2414,-3.78412428914071,0.0863484417890274,0.00102677963068263
S3_160747686,3,160747686,2414,-2.40838506290358,0.0843458536715157,0.0445718172156843
S3_161085854,3,161085854,2414,-5.81029632619684,0.0926459276958003,2.64358788609755e-07
S3_161093843,3,161093843,2414,-5.11965401437345,0.101915924150857,6.54155106519864e-06
S3_162004498,3,162004498,2414,-5.04354946311825,0.112614935597978,8.94999327289208e-06
S3_162591165,3,162591165,2414,-4.6288297947962,0.0881837640174178,4.89362377762875e-05
S3_162820425,3,162820425,2414,-5.1795128438261,0.12185611469786,5.12091966079804e-06
S3_163752888,3,163752888,2414,0.376117012774775,0.120935952328647,0.788379909826735
S3_163926792,3,163926792,2414,1.49125953123425,0.111555156263829,0.238476164512953
S3_164144412,3,164144412,2414,-2.71934509904085,0.0874108891346519,0.0218890476421773
S3_169098185,3,169098185,2414,-0.0999275123410734,0.0932138141566378,0.94190012589628
S3_169116636,3,169116636,2414,-3.10868630636626,0.100553091577751,0.00802123306839915
S3_169283751,3,169283751,2414,-3.8951212019649,0.0956437730833902,0.000733856028154365
S3_170391129,3,170391129,2414,3.04862546552085,0.170763721717749,0.00947946844184254
S3_171047975,3,171047975,2414,-5.07048049426406,0.121903075073483,8.14357281638874e-06
S3_171049180,3,171049180,2414,-2.67995857760502,0.0860257743452684,0.023602931270397
S3_171118467,3,171118467,2414,-1.71722938841278,0.103803676658923,0.166474172179337
S3_171380890,3,171380890,2414,-2.01200813453261,0.10781840436183,0.0993058047826322
S3_171487117,3,171487117,2414,-2.00622290167635,0.0935452728513805,0.100211191155784
S3_171698307,3,171698307,2414,-3.22904299082839,0.101635224463582,0.00572394916923364
S3_172631601,3,172631601,2414,-2.44652878874561,0.120258034543983,0.0407214597330681
S3_173080450,3,173080450,2414,-4.49964602000779,0.103040191783566,7.98179915759902e-05
S3_173668335,3,173668335,2414,-0.70500467728652,0.0946449726505731,0.60402634177448
S3_174251218,3,174251218,2414,-3.87061239911486,0.111524573711131,0.000786217968795448
S3_175410413,3,175410413,2414,-0.337005230430612,0.168908160403124,0.812675799582137
S3_175410430,3,175410430,2414,0.730189194489516,0.157372839591801,0.589756701120575
S3_175412822,3,175412822,2414,-5.70073337956763,0.116951166141844,4.59492888301128e-07
S3_176077311,3,176077311,2414,-3.53579873260437,0.114484938466811,0.00232625507019958
S3_177563221,3,177563221,2414,-9.37562969785433,0.323824789755957,6.29939348256482e-18
S3_177690776,3,177690776,2414,-3.14244477170225,0.107729850733227,0.00732086359257451
S3_177693438,3,177693438,2414,-1.9644239185907,0.09046173870268,0.107430863570131
S3_178168134,3,178168134,2414,-1.82061695613861,0.114311055490117,0.140580405093095
S3_178168227,3,178168227,2414,-1.82061695613861,0.114311055490117,0.140580405093095
S3_178405366,3,178405366,2414,-3.87060582758108,0.0932113341197395,0.000786217968795448
S3_179993119,3,179993119,2414,-2.51954206877515,0.100918375374915,0.0347197446436741
S3_180300684,3,180300684,2414,-3.16144935059087,0.100863284691759,0.00697444132441765
S3_180462077,3,180462077,2414,-0.611933034429414,0.121056210841164,0.653189063985744
S3_181084639,3,181084639,2414,0.295078799396923,0.122537984237482,0.835708221396544
S3_181089329,3,181089329,2414,-0.473619697503602,0.123547405547857,0.7337684855039
S3_181403147,3,181403147,2414,-3.80216710896883,0.113354400695386,0.00096126891106268
S3_181403809,3,181403809,2414,-2.37304173633403,0.117046387004748,0.0482213367097534
S3_183585883,3,183585883,2414,-1.23823976283938,0.100879644491167,0.335933487443767
S3_184112463,3,184112463,2414,0.254408396345788,0.126161201311159,0.858370996548484
S3_184696223,3,184696223,2414,-2.82413197108442,0.0992295467699128,0.016831415850371
S3_185047472,3,185047472,2414,-1.58020180070866,0.0934761176390484,0.207621217198631
S3_185689615,3,185689615,2414,-1.47092698172546,0.0928263826684576,0.246031979410646
S3_187195001,3,187195001,2414,1.78270486043943,0.115423455578992,0.148972873726559
S3_188497071,3,188497071,2414,-0.804191761660918,0.111921997887816,0.549375170958646
S3_188500699,3,188500699,2414,1.01669481725389,0.0949562355183795,0.439858194501468
S3_188500730,3,188500730,2414,0.87652529306759,0.0950990911956121,0.509999382645195
S3_188667827,3,188667827,2414,-2.48148812006833,0.0918200422614121,0.0377315712762642
S3_189196859,3,189196859,2414,-0.242826269893142,0.10167704487118,0.864836812666695
S3_192519364,3,192519364,2414,1.97598546553452,0.0987030099091279,0.105671035741488
S3_195626545,3,195626545,2414,-2.55174377145374,0.109830397800533,0.0322294698750529
S3_196393427,3,196393427,2414,-2.70830022557756,0.124611653840987,0.0224725961093924
S3_199144100,3,199144100,2414,-1.77472301022186,0.135117062624982,0.150387177107188
S3_200022599,3,200022599,2414,-0.0557450417337768,0.0966307796806623,0.968240055314884
S3_201034518,3,201034518,2414,-2.86867807873854,0.117988833505455,0.0151056384594731
S3_201140023,3,201140023,2414,-0.703133839530163,0.0864622644948802,0.605120479960516
S3_202899898,3,202899898,2414,-2.55537217096679,0.114117478234544,0.0319891767980157
S3_204443484,3,204443484,2414,0.120820594717263,0.0850300952890546,0.932091380844298
S3_206340812,3,206340812,2414,0.256064976143411,0.0992841678337045,0.85760603520656
S3_207306147,3,207306147,2414,-2.73290724844681,0.130767776738852,0.0211851445319545
S3_208260996,3,208260996,2414,0.00445653804069154,0.104422381072282,0.996928522990354
S3_209594607,3,209594607,2414,0.180230613928155,0.106085933540036,0.901170242950607
S3_209609982,3,209609982,2414,-0.458570547266859,0.0978759642901063,0.743697808867593
S3_209610170,3,209610170,2414,0.892629651017892,0.0980496584525501,0.502180790607718
S3_209669953,3,209669953,2414,1.03845296725651,0.0985639413064955,0.429161726475027
S3_209803612,3,209803612,2414,-1.29205356342307,0.0994672275922353,0.31300253580491
S3_210833153,3,210833153,2414,-1.21789256906316,0.094585814834096,0.346328832009776
S3_210859046,3,210859046,2414,-4.26131529064633,0.12589363676623,0.000199409507553563
S3_212068020,3,212068020,2414,-2.04341643091656,0.105232282442981,0.0933917875296435
S3_213324844,3,213324844,2414,-1.12788307671662,0.111109705667298,0.384832008507224
S3_213618693,3,213618693,2414,-2.36847411173904,0.0959834866242702,0.0487550638574538
S3_214045535,3,214045535,2414,-0.330603960870005,0.084678593727571,0.814355654281746
S3_214188340,3,214188340,2414,-2.85310570749839,0.180420031527644,0.0156973228867129
S3_214605122,3,214605122,2414,-0.0340398312649818,0.0961555367535311,0.979984008449418
S3_214725503,3,214725503,2414,-1.99471987604084,0.149447633676869,0.102524296331612
S3_215863528,3,215863528,2414,0.298653526991798,0.111218408964174,0.833178677231493
S3_215949122,3,215949122,2414,0.193534335979543,0.112041044385232,0.893394983966134
S3_217122021,3,217122021,2414,-0.333752186113381,0.0905247722441709,0.813205153637197
S3_217124964,3,217124964,2414,-1.15511685562432,0.0924148088650241,0.3707057400215
S3_218883017,3,218883017,2414,-3.97850039704098,0.132835816470556,0.000552903404652585
S3_219791737,3,219791737,2414,0.915312781095067,0.0860813131960904,0.491613568765264
S3_220553933,3,220553933,2414,-2.06369116920218,0.09140502571511,0.0901190538109918
S3_221113183,3,221113183,2414,-1.47111939789835,0.10172413121679,0.246031979410646
S3_221172195,3,221172195,2414,-1.25227784923077,0.101681924738732,0.329396575608221
S3_221485615,3,221485615,2414,0.970928796238833,0.0914269761765074,0.462915229524227
S3_221603754,3,221603754,2414,0.907431980035455,0.110109655250568,0.495636785427666
S3_221603868,3,221603868,2414,0.907431980035455,0.110109655250568,0.495636785427666
S3_221892178,3,221892178,2414,1.75047136628097,0.11348741179858,0.157424137546503
S3_222666213,3,222666213,2414,-2.76647998087042,0.103360518496466,0.0194733763567315
S3_222666340,3,222666340,2414,-1.72458520680187,0.099722462254414,0.164809667883967
S3_222668770,3,222668770,2414,0.783535442478722,0.108791723989459,0.561699666007779
S3_222761948,3,222761948,2414,-0.418182792343797,0.11549756977122,0.768775474927485
S3_222882360,3,222882360,2414,-1.77474373847201,0.12340739667512,0.150387177107188
S3_223081473,3,223081473,2414,-0.595359554385428,0.0930767397816389,0.662634088227844
S3_223081534,3,223081534,2414,-2.93642169405734,0.107739088478625,0.0125762327774118
S3_223158468,3,223158468,2414,-0.312386161344268,0.0925047585157206,0.826599966615649
S3_223221766,3,223221766,2414,-1.652407730746,0.116025228374402,0.18495255275649
S4_1582526,4,1582526,2414,-3.4197155712117,0.114903873436256,0.00330678752293972
S4_3684946,4,3684946,2414,0.869938171585512,0.102400368348,0.513558114377889
S4_4117851,4,4117851,2414,-0.275714485352884,0.0936746117110798,0.848710207284568
S4_4421555,4,4421555,2414,-0.159151955830446,0.112018454899538,0.912544972251914
S4_4429338,4,4429338,2414,3.32256096541613,0.122044588706866,0.00442951812477308
S4_4868446,4,4868446,2414,-5.96117491381513,0.119206510053323,1.24861500921002e-07
S4_5032583,4,5032583,2414,-5.06657745817393,0.143613864145527,8.23421385414889e-06
S4_5038043,4,5038043,2414,-3.8853660350663,0.0857934318892806,0.000751228746923496
S4_5391059,4,5391059,2414,-1.51183340906141,0.0844592339818512,0.231917921934387
S4_6215946,4,6215946,2414,-1.322768792248,0.114350692521709,0.301050584618722
S4_6216277,4,6216277,2414,-0.386842896378396,0.112778870770213,0.782493965816159
S4_6256393,4,6256393,2414,1.03235322070049,0.105282710969225,0.431825261084313
S4_6374168,4,6374168,2414,3.28229012410461,0.116569838820826,0.00497948503867923
S4_6382493,4,6382493,2414,3.97348675211143,0.09974956971483,0.000560385971904607
S4_6388262,4,6388262,2414,2.02378575097276,0.0979102355261984,0.097251316700263
S4_6397331,4,6397331,2414,-3.45028027694279,0.102958666061256,0.0029934214135695
S4_7632233,4,7632233,2414,-2.10175943669821,0.118963192974114,0.0839955734142044
S4_7634160,4,7634160,2414,0.511003657953329,0.104149925063158,0.712459797921747
S4_7635295,4,7635295,2414,1.03763030947681,0.0957002331305257,0.429411980431459
S4_7967173,4,7967173,2414,-0.252930093799706,0.0963537996545046,0.858702169459406
S4_8027896,4,8027896,2414,2.74295763107881,0.118410023136807,0.0206128633951767
S4_8316239,4,8316239,2414,-0.161839451934726,0.10149788655685,0.910795741456909
S4_8454252,4,8454252,2414,1.62168668325236,0.0859732076451987,0.194276397481549
S4_10696101,4,10696101,2414,-2.51183566560631,0.094977303032766,0.0353841653745674
S4_10786694,4,10786694,2414,-1.94938212500084,0.0929625004784566,0.110200461833274
S4_10904652,4,10904652,2414,-2.77030811549185,0.104947181976691,0.0193106224490008
S4_11760644,4,11760644,2414,4.81433144291518,0.111999475961827,2.291181732441e-05
S4_12766998,4,12766998,2414,-2.16056516529766,0.125373657111314,0.0756897578235444
S4_13315712,4,13315712,2414,-7.10684411510973,0.116119551679779,1.68763069999457e-10
S4_15666621,4,15666621,2414,0.334162696596712,0.118685464248388,0.813205153637197
S4_15673073,4,15673073,2414,0.168215200231043,0.118948504793635,0.906471221006867
S4_15975070,4,15975070,2414,-2.28650151249565,0.252732155246947,0.058623724158181
S4_16064424,4,16064424,2414,3.04598263575163,0.108294133871013,0.00954396319122195
S4_16194115,4,16194115,2414,3.0969203184071,0.106536934399346,0.00826465988412059
S4_16268360,4,16268360,2414,-5.47237787158066,0.0929723825370102,1.32776049137031e-06
S4_16652461,4,16652461,2414,1.74099159878943,0.128755409791574,0.159929867171518
S4_16940584,4,16940584,2414,-2.31847031386512,0.130036312798383,0.0544384979013268
S4_16944639,4,16944639,2414,4.80713666476287,0.118137786487021,2.34114504917629e-05
S4_17273302,4,17273302,2414,5.36842701776569,0.127064237821767,2.08419229626825e-06
S4_18076248,4,18076248,2414,4.08519691127738,0.105648049167549,0.000380810861320172
S4_18845218,4,18845218,2414,-3.84354875756739,0.12039601465102,0.000837458721218467
S4_19113113,4,19113113,2414,2.6083298390218,0.105619443652726,0.0281891444211173
S4_19534877,4,19534877,2414,-1.28560342976034,0.128510511334925,0.315355864395525
S4_19535516,4,19535516,2414,2.77178510354412,0.0969425411943837,0.0192554936314508
S4_19535656,4,19535656,2414,2.95450656553355,0.146683913002116,0.0119736897748806
S4_19556309,4,19556309,2414,4.56490061579243,0.116869640859944,6.35927386869779e-05
S4_19684514,4,19684514,2414,5.90086336351559,0.116046816135467,1.60291751958597e-07
S4_20268200,4,20268200,2414,3.24035843043509,0.106655586034074,0.005551530497665
S4_20270571,4,20270571,2414,0.529338208124086,0.12271511182055,0.701504695155545
S4_20274946,4,20274946,2414,2.88827363053757,0.0983531574450882,0.014299693123944
S4_20497213,4,20497213,2414,-0.688432798746117,0.108379289014627,0.609986520871995
S4_20598297,4,20598297,2414,2.49031010067208,0.127134488289912,0.0370682666749405
S4_21107980,4,21107980,2414,-3.36786739490415,0.107147041083668,0.00387524054085353
S4_21650368,4,21650368,2414,-2.49298529914854,0.103178632126191,0.0368943707234605
S4_21903148,4,21903148,2414,-1.02838384317365,0.167602673475105,0.433802500815653
S4_21908896,4,21908896,2414,-4.44512506925563,0.115841304728474,9.40958076119883e-05
S4_23290605,4,23290605,2414,2.72106320591654,0.119478611689816,0.0218464282748764
S4_23361153,4,23361153,2414,2.03297610684311,0.124500870770079,0.0952392004369779
S4_23371382,4,23371382,2414,1.41240576722978,0.119828828564715,0.268922649157409
S4_23915319,4,23915319,2414,2.26893010567978,0.107495545130191,0.0607608703477006
S4_23915745,4,23915745,2414,5.63012938385294,0.13007799675507,6.5701603768624e-07
S4_24237240,4,24237240,2414,3.66953248539591,0.132257556836405,0.0015130454616722
S4_24592534,4,24592534,2414,1.43808076028777,0.108528785927655,0.258475021216135
S4_26899943,4,26899943,2414,2.81826473351848,0.107327739172527,0.017024652157129
S4_26905846,4,26905846,2414,3.18238994014219,0.096280673976672,0.00653901959445977
S4_27987442,4,27987442,2414,3.26823924220327,0.110324087850031,0.00517295631846318
S4_28628470,4,28628470,2414,-1.75842236250671,0.102861010055918,0.1548977937387
S4_28770521,4,28770521,2414,2.91752983814819,0.1277962051229,0.01325357363283
S4_28810964,4,28810964,2414,2.47883584282003,0.117931841503126,0.0378543927043283
S4_28837786,4,28837786,2414,1.95779383689262,0.112377376685684,0.108536262393345
S4_30916257,4,30916257,2414,1.86865500352148,0.126907212970296,0.12922966817448
S4_31060579,4,31060579,2414,2.03787574789182,0.132098759715584,0.0942289971717721
S4_32789730,4,32789730,2414,2.53849640838358,0.101710353199453,0.0332310859180219
S4_33024458,4,33024458,2414,1.31567081912327,0.101789735734967,0.303696043801643
S4_33668810,4,33668810,2414,2.75266179465366,0.0964668149293848,0.0200791486796375
S4_33993933,4,33993933,2414,1.15115982961484,0.093976448262366,0.372860737317633
S4_34193017,4,34193017,2414,0.128921199411839,0.0942037283239115,0.92853205821093
S4_34194561,4,34194561,2414,0.218092389833295,0.0942468988484242,0.879937613730909
S4_35081018,4,35081018,2414,1.49381986732817,0.109784311601749,0.237907849867982
S4_35081158,4,35081158,2414,1.49381986732817,0.109784311601749,0.237907849867982
S4_35662011,4,35662011,2414,-1.13556662778058,0.107967808486593,0.380588655866711
S4_36249700,4,36249700,2414,4.47237390369885,0.126535634127576,8.82175812940839e-05
S4_37547893,4,37547893,2414,1.7648079427642,0.147447136341518,0.153213693769752
S4_37548473,4,37548473,2414,3.13130383349923,0.110998505099266,0.00749582861753535
S4_38327201,4,38327201,2414,1.42330818199252,0.103227960829535,0.26437701792915
S4_38330727,4,38330727,2414,0.766100854521055,0.122807596052774,0.569827847150681
S4_38760190,4,38760190,2414,-1.01645231852849,0.123630675702673,0.439858194501468
S4_42420846,4,42420846,2414,-0.905199248314126,0.103402372043425,0.496885114251034
S4_43857521,4,43857521,2414,3.38963189886498,0.119845059003833,0.00362596979813982
S4_59942187,4,59942187,2414,2.61304833912759,0.157471164060236,0.0278511412320269
S4_65069576,4,65069576,2414,4.97584220320358,0.105853114385995,1.2140249379735e-05
S4_68476055,4,68476055,2414,1.52352688761423,0.12004578524703,0.2284560081906
S4_68509682,4,68509682,2414,1.37913751273457,0.119594995966181,0.28140996225667
S4_68989860,4,68989860,2414,3.76489360380984,0.1102203038946,0.00109139698628678
S4_73620368,4,73620368,2414,0.460067937858774,0.106130981747487,0.743291400319819
S4_73992822,4,73992822,2414,-1.68003473366222,0.117758983700314,0.177541380769323
S4_78663165,4,78663165,2414,-0.330208406109388,0.116470212308141,0.814355654281746
S4_81325355,4,81325355,2414,1.04733206434818,0.129451778631526,0.424741917419553
S4_81555504,4,81555504,2414,-1.0364787024733,0.133821029753672,0.429882006572316
S4_83555330,4,83555330,2414,1.7032226899212,0.102118417618608,0.171322279270071
S4_86783804,4,86783804,2414,-0.00488405779581117,0.117697223705992,0.996928522990354
S4_123692246,4,123692246,2414,-2.52297061747652,0.127100162503727,0.0344823474539235
S4_127783045,4,127783045,2414,0.278732568147793,0.105601669377788,0.847536277694418
S4_129510370,4,129510370,2414,-1.237298719858,0.117241266801361,0.336222719180878
S4_130234780,4,130234780,2414,0.212799400619436,0.125278612571247,0.883845656216668
S4_130979624,4,130979624,2414,-3.83277742682521,0.146980071009821,0.000868723165316014
S4_131389825,4,131389825,2414,2.59721800150193,0.112627934486952,0.0289850099306797
S4_132644449,4,132644449,2414,1.20856687597218,0.127213146967266,0.349150243041967
S4_132796082,4,132796082,2414,-0.573413838379254,0.12563241590336,0.676714899591855
S4_133572067,4,133572067,2414,-0.921238031744053,0.116033733438407,0.489001020543383
S4_134019236,4,134019236,2414,1.88186699283591,0.0962537070076951,0.126068407090784
S4_138959026,4,138959026,2414,1.60387302305824,0.113866979683952,0.200069662033761
S4_147394691,4,147394691,2414,-4.28722360814237,0.101537707106964,0.000181121125446142
S4_151119203,4,151119203,2414,0.146929710461473,0.11703832684096,0.91983088918518
S4_151260095,4,151260095,2414,-4.53226351330229,0.0941570636780976,7.0827824694757e-05
S4_153136183,4,153136183,2414,-3.03245040813661,0.10274957715297,0.00980980859236004
S4_153603804,4,153603804,2414,-5.37929198551263,0.113574934985784,1.98675639152771e-06
S4_154508054,4,154508054,2414,-0.611476103958321,0.111936848261004,0.653189063985744
S4_157787690,4,157787690,2414,-3.36495282842955,0.104958771684253,0.00390666084653686
S4_158893534,4,158893534,2414,-0.355794843532557,0.102077779779313,0.800909347666956
S4_159136751,4,159136751,2414,0.733334865950064,0.0930305087364774,0.587842592414272
S4_159826794,4,159826794,2414,-3.26590790604173,0.123427017688848,0.00520363383595653
S4_162868828,4,162868828,2414,-3.96830090395784,0.169130987349392,0.000567304130749718
S4_163363238,4,163363238,2414,0.84048339412526,0.147091188425638,0.530155416316674
S4_166721935,4,166721935,2414,-0.637271786330586,0.109888187343252,0.636847793850399
S4_168922442,4,168922442,2414,-5.49844103752894,0.135641838385362,1.18409858030644e-06
S4_168972787,4,168972787,2414,-2.21945536864576,0.119054575100032,0.0671863107256109
S4_169358752,4,169358752,2414,-3.10379356831674,0.106970455002016,0.00812526064253311
S4_170716007,4,170716007,2414,-1.37592135422111,0.139414219876161,0.282307910396083
S4_171079944,4,171079944,2414,-5.4293298196687,0.140995430770054,1.58235787459754e-06
S4_171087001,4,171087001,2414,-4.96449579647752,0.12312791019434,1.27561565670197e-05
S4_172278923,4,172278923,2414,-5.34676825400619,0.0899511437460681,2.31926192176334e-06
S4_172480572,4,172480572,2414,0.41845444338813,0.0963358131266853,0.768775474927485
S4_173206081,4,173206081,2414,-1.19176374739046,0.123455704334594,0.355986996851825
S4_173647564,4,173647564,2414,-6.24879483718983,0.0881093500806781,2.95321216782137e-08
S4_173812038,4,173812038,2414,-4.21260654640351,0.0970023831768457,0.000240676248551001
S4_174235497,4,174235497,2414,-3.32527872532884,0.0977527321848832,0.0043972029910675
S4_174661607,4,174661607,2414,-4.71788432040762,0.0878461610712493,3.48281424708945e-05
S4_174894581,4,174894581,2414,-3.48079862293988,0.126585441059727,0.0027437621887784
S4_175587769,4,175587769,2414,0.350366125515139,0.0981955942055201,0.803737075440549
S4_175791704,4,175791704,2414,-3.65223853591162,0.123201196609051,0.00160386755288519
S4_176115520,4,176115520,2414,-2.31110835618766,0.121451012045939,0.055358378219581
S4_176599341,4,176599341,2414,-2.68289070132196,0.0958581700312615,0.0234338362537626
S4_176927461,4,176927461,2414,0.0663632202921575,0.137888024391468,0.961564289202662
S4_177233411,4,177233411,2414,-2.57348236118936,0.102165260124949,0.0306796332322041
S4_177342963,4,177342963,2414,0.277171601307758,0.105840453191756,0.848390135533325
S4_177343094,4,177343094,2414,0.306682800480281,0.135898784997646,0.829145928506058
S4_177902767,4,177902767,2414,-4.85635127463435,0.110526755280081,1.97044783387845e-05
S4_178069434,4,178069434,2414,8.59622615902151,0.272960087466108,4.28345797586468e-15
S4_178384209,4,178384209,2414,-0.400441475399832,0.0979785614449978,0.775445704962236
S4_178453956,4,178453956,2414,-1.00432866497808,0.142455090131812,0.446048785589052
S4_179370281,4,179370281,2414,0.342700019672927,0.0850685982524524,0.809242731589105
S4_179674671,4,179674671,2414,-0.844404902415609,0.148744181805281,0.528779202903823
S4_179674809,4,179674809,2414,-0.173995455940147,0.0858228814165229,0.902854868084158
S4_180001616,4,180001616,2414,0.597419926170191,0.0922988263895883,0.661753156519577
S4_180637167,4,180637167,2414,-1.0247619737895,0.0950513424080628,0.435633957839336
S4_180797642,4,180797642,2414,-1.78677034181002,0.136331785296183,0.148308071813129
S4_181091704,4,181091704,2414,-2.20434394329464,0.0990423933810821,0.0693220207961615
S4_181557315,4,181557315,2414,-2.12764956498515,0.110037216242766,0.0802590160344164
S4_182099943,4,182099943,2414,-2.09387670843117,0.133707076124618,0.0853446063723944
S4_182462132,4,182462132,2414,-2.08915397466448,0.0994502831284423,0.0860437969655973
S4_183484419,4,183484419,2414,-3.21940980955176,0.0921047129557686,0.00586711761104043
S4_183484517,4,183484517,2414,-2.50874133435764,0.0898711852495488,0.03564408129494
S4_183587157,4,183587157,2414,-3.64354843222637,0.118258143133437,0.00165386858321483
S4_183806901,4,183806901,2414,-1.83586783077513,0.120879780302679,0.13685342749013
S4_184739545,4,184739545,2414,0.740621354771001,0.0926260005821748,0.582940737824175
S4_185719827,4,185719827,2414,-1.04820110042473,0.125089371112447,0.424462130674092
S4_186630216,4,186630216,2414,-3.09227418139668,0.121554455219514,0.00836068365756507
S4_187126058,4,187126058,2414,0.617843872489784,0.102615776423593,0.64963412079694
S4_188075715,4,188075715,2414,-3.83734701154193,0.100338974305852,0.000855956230690623
S4_191133446,4,191133446,2414,1.7404592593503,0.141141571206311,0.159929867171518
S4_191603783,4,191603783,2414,-0.840353891885773,0.108088999884176,0.530155416316674
S4_192740039,4,192740039,2414,-1.16768947895046,0.117420032598659,0.366260103932516
S4_196697423,4,196697423,2414,-4.84345608567056,0.153393459104874,2.05512435369718e-05
S4_201649912,4,201649912,2414,-0.977675210876505,0.115998659263573,0.459800052810281
S4_202964997,4,202964997,2414,-4.50024221133689,0.209881469788375,7.98179915759902e-05
S4_211134934,4,211134934,2414,-2.49149545677444,0.167054219256063,0.0369970208237156
S4_223755225,4,223755225,2414,-1.2014325755335,0.090960688039006,0.351027214538375
S4_228315634,4,228315634,2414,-1.6961457056234,0.103467367371593,0.173408496792777
S4_237052759,4,237052759,2414,-2.24953193592604,0.103515215748631,0.0628707873853536
S4_238909618,4,238909618,2414,-2.35303927897976,0.177506098458731,0.0504227928982096
S4_239877963,4,239877963,2414,-1.28747796484006,0.102360348858154,0.31456083092681
S4_241516810,4,241516810,2414,-1.57109927624623,0.10806055184951,0.211064956240941
S4_241704963,4,241704963,2414,-1.33023424539011,0.0930129919928681,0.298930850372237
S4_241832875,4,241832875,2414,-3.25149349657004,0.100391151986402,0.00541182161877617
S5_392571,5,392571,2414,2.90496446221828,0.124840921564751,0.0136829298606634
S5_846139,5,846139,2414,-3.88688016657462,0.159197103991174,0.000751228746923496
S5_846889,5,846889,2414,3.11630053401227,0.124278872248341,0.00783771192204687
S5_959677,5,959677,2414,2.94913840808007,0.105334975149539,0.0121605337165859
S5_960877,5,960877,2414,3.12935033822602,0.117949212173441,0.0075300836025984
S5_973097,5,973097,2414,1.83608030181186,0.0854135727839453,0.13685342749013
S5_1064405,5,1064405,2414,3.65553190360218,0.0851727219476382,0.00159138347887935
S5_1121641,5,1121641,2414,2.70114122584196,0.105909259905017,0.0226453367632214
S5_1223077,5,1223077,2414,3.82658592596498,0.103432380471649,0.000882500199309212
S5_1227922,5,1227922,2414,3.67582351786628,0.117901355693351,0.00148082375667808
S5_1403230,5,1403230,2414,-1.35878957413495,0.091355684490311,0.288466551411007
S5_1986447,5,1986447,2414,1.04094715438396,0.128043511649501,0.428394202059966
S5_1993743,5,1993743,2414,-4.48644879439339,0.170970089510002,8.39664920415351e-05
S5_2037046,5,2037046,2414,1.02228419845957,0.119240940491554,0.436698422741097
S5_2037272,5,2037272,2414,2.2227561463747,0.109463742455966,0.0667018191679035
S5_2161838,5,2161838,2414,-1.59087527061022,0.100169628170808,0.204478940674827
S5_2253809,5,2253809,2414,-3.27197155226215,0.0980183766751667,0.00511715952332953
S5_2411621,5,2411621,2414,-0.223667181167224,0.128403831174034,0.877563423341224
S5_2577845,5,2577845,2414,-3.03352078640034,0.101305398162247,0.00980980859236004
S5_2791798,5,2791798,2414,1.16070669588801,0.0864656351886071,0.368818521319582
S5_2791837,5,2791837,2414,-0.137040102787592,0.0922171509001159,0.925664079218884
S5_2858836,5,2858836,2414,0.515066737212375,0.102693329188566,0.709943352793885
S5_2858950,5,2858950,2414,3.00017445533466,0.0940742531138081,0.0106654402132134
S5_2859808,5,2859808,2414,2.97438470117477,0.107647771523748,0.0113524624616057
S5_3657340,5,3657340,2414,-0.496881310505683,0.127376452151599,0.720788178733596
S5_4108173,5,4108173,2414,-3.10227376615244,0.123904926104652,0.00815029291941046
S5_4229956,5,4229956,2414,2.16638596335421,0.107807976915251,0.0748328469802082
S5_4857380,5,4857380,2414,-3.67638720794758,0.120771408826568,0.00148082375667808
S5_4884511,5,4884511,2414,-0.549074760621075,0.10924778104145,0.68943177501868
S5_5059451,5,5059451,2414,-6.13225494934337,0.116568136932286,5.47117801960173e-08
S5_5557260,5,5557260,2414,1.92886154115204,0.106598828691198,0.114512110762383
S5_5598442,5,5598442,2414,-1.581568018825,0.105606407097356,0.207236039434996
S5_6368813,5,6368813,2414,-1.78967099660876,0.0919468536968712,0.147650376313758
S5_6825026,5,6825026,2414,1.14772379183575,0.100657532043898,0.374476972493152
S5_7117510,5,7117510,2414,-0.553610849899306,0.105027361813069,0.686544096456989
S5_7338807,5,7338807,2414,-1.18210716386248,0.118137300839005,0.359938139566607
S5_7701005,5,7701005,2414,-5.17929952446321,0.131919593951807,5.12091966079804e-06
S5_8109491,5,8109491,2414,-1.47060571596359,0.0927370503267385,0.246031979410646
S5_8249273,5,8249273,2414,5.04495503872869,0.0981149353885415,8.94999327289208e-06
S5_8942275,5,8942275,2414,-2.15913709876558,0.141028063399219,0.0758711744319698
S5_8975313,5,8975313,2414,-2.41755402566279,0.105630420702227,0.0436432281244175
S5_9900858,5,9900858,2414,-2.41232009027718,0.105080492175297,0.044154129161082
S5_10519995,5,10519995,2414,0.307464615971727,0.102678402146111,0.828935557149663
S5_10772137,5,10772137,2414,-1.45269098628567,0.0970445029481217,0.252862906107763
S5_11998173,5,11998173,2414,-13.1841279250811,0.288868109716323,4.5768024822551e-35
S5_12127492,5,12127492,2414,-1.36944060444415,0.102094336993801,0.284035297618502
S5_12815252,5,12815252,2414,-0.405899662242706,0.154911180704546,0.773462576429463
S5_12971603,5,12971603,2414,0.946729230092127,0.122790240664128,0.476699425062814
S5_13702177,5,13702177,2414,1.25372988404284,0.0955656287821679,0.328819834367962
S5_14248069,5,14248069,2414,-2.14960876492921,0.0882983357455744,0.0772445693650856
S5_14562872,5,14562872,2414,0.114324216548343,0.100799601712066,0.934857715912164
S5_15433436,5,15433436,2414,-3.33982391664637,0.126370143250971,0.00419423479247578
S5_15441260,5,15441260,2414,-0.676731050582602,0.118456206712115,0.616567458490061
S5_15844564,5,15844564,2414,-1.37642175844264,0.0859487486035519,0.282278104226819
S5_15897858,5,15897858,2414,-8.7809484467249,0.0994476594956799,1.03305723975206e-15
S5_15902604,5,15902604,2414,0.783270894016111,0.11333260128232,0.561699666007779
S5_19069144,5,19069144,2414,2.98706711829174,0.101113456023359,0.0109862031188859
S5_19069731,5,19069731,2414,-3.45440598345134,0.153534229871724,0.00297861216801542
S5_19212307,5,19212307,2414,-2.24831030957538,0.108866975361828,0.0629917624742129
S5_19375485,5,19375485,2414,-3.86414527395964,0.0862564288839292,0.000798977212518356
S5_20386586,5,20386586,2414,-3.76794149173769,0.126394294728092,0.00108159701676494
S5_20614224,5,20614224,2414,-3.48424820077992,0.119089452368024,0.0027159243342814
S5_20841749,5,20841749,2414,-2.39421468997876,0.122589068069152,0.0461414196758398
S5_21746992,5,21746992,2414,2.20739272385773,0.120667065386667,0.0688688585930536
S5_21801726,5,21801726,2414,-6.45605275880834,0.0955015749422633,9.52623869309015e-09
S5_22426333,5,22426333,2414,-7.21915486803069,0.292694060037517,9.58085579063022e-11
S5_24821792,5,24821792,2414,-0.540558471717344,0.098770573989728,0.69436482255547
S5_24840547,5,24840547,2414,3.26372407146431,0.122485492247609,0.00523178221911334
S5_25947924,5,25947924,2414,0.211437761816032,0.102201221626325,0.884062316754758
S5_27014949,5,27014949,2414,2.39751896621764,0.0905387538128963,0.04578965208476
S5_28912179,5,28912179,2414,-5.22357032337605,0.124442659587291,4.22004381704953e-06
S5_30442792,5,30442792,2414,-3.98633902271202,0.118224295986436,0.000537094842171658
S5_32090793,5,32090793,2414,-3.51753753906892,0.0852021661181742,0.00245656667592609
S5_32090944,5,32090944,2414,-3.51753753906892,0.0852021661181742,0.00245656667592609
S5_32349939,5,32349939,2414,1.01625686938954,0.0900238469587526,0.439858194501468
S5_33073331,5,33073331,2414,-5.50529855348128,0.0877250767619718,1.16592232699543e-06
S5_33843588,5,33843588,2414,-0.00701313923369284,0.126024259212573,0.996488216174734
S5_34733643,5,34733643,2414,-0.121107617601206,0.111128451857633,0.932091380844298
S5_35208258,5,35208258,2414,-0.806065755687612,0.11526566797424,0.548312681414371
S5_35406000,5,35406000,2414,-1.3291786043017,0.101042628474722,0.299024620067233
S5_38654197,5,38654197,2414,-0.86782088416331,0.101423183424297,0.514437842351656
S5_39117682,5,39117682,2414,0.887897944345896,0.0872300798218753,0.50414713292186
S5_44150436,5,44150436,2414,4.85058654567284,0.0959598757068926,1.99797818570034e-05
S5_44151397,5,44151397,2414,4.85058654567284,0.0959598757068926,1.99797818570034e-05
S5_44367258,5,44367258,2414,3.85135657687304,0.10411291161085,0.000822641054274851
S5_51564787,5,51564787,2414,-0.177571110033091,0.109921028984003,0.901525169791311
S5_59732882,5,59732882,2414,0.49534603140778,0.094057532873036,0.721435295406023
S5_59781924,5,59781924,2414,1.03389331201319,0.0938793561324055,0.431311039241816
S5_60413372,5,60413372,2414,0.670992211722673,0.113327614700024,0.618976009320031
S5_61109380,5,61109380,2414,-2.37914884789976,0.167166131796083,0.0476203727044046
S5_62982504,5,62982504,2414,-1.30070806428458,0.112223922528609,0.310900198515097
S5_64000675,5,64000675,2414,-1.20444666943075,0.101371878491857,0.350023954700389
S5_68824990,5,68824990,2414,2.45334075721724,0.0973009979224357,0.0401936176370424
S5_69155559,5,69155559,2414,-1.3743328592338,0.101680905600317,0.282443238473371
S5_70403060,5,70403060,2414,-2.20927250677081,0.108819804535736,0.0687482277966799
S5_70657343,5,70657343,2414,2.04541054602494,0.107783667148627,0.0932528061939504
S5_71282599,5,71282599,2414,-1.07510909629553,0.109515131289948,0.41117502484285
S5_72789465,5,72789465,2414,1.20472757150791,0.110360497226156,0.350023954700389
S5_75244556,5,75244556,2414,-2.68496701283969,0.109666735413915,0.023376041036742
S5_76181153,5,76181153,2414,-1.04677192549825,0.0858504251922675,0.424816852031455
S5_76690334,5,76690334,2414,-0.435024077016498,0.124973995895327,0.758591957252267
S5_76714903,5,76714903,2414,-2.8114323278149,0.10386707042608,0.0173499403773354
S5_76809814,5,76809814,2414,-2.90771813328671,0.104361669883674,0.013612243269259
S5_76955635,5,76955635,2414,-2.66434585083483,0.103953321462273,0.0245772433150638
S5_76956064,5,76956064,2414,-2.19191395934364,0.10385208896046,0.0710298960414322
S5_78825105,5,78825105,2414,-1.65995365036317,0.0987635067444637,0.182919064576178
S5_80470390,5,80470390,2414,-0.227680779863974,0.109184319030891,0.87514104432369
S5_83097599,5,83097599,2414,-3.29566411414251,0.0898936547318716,0.00481683339905915
S5_83740384,5,83740384,2414,-4.66082712812888,0.13262457816389,4.2755050428934e-05
S5_83797523,5,83797523,2414,-1.98226223645405,0.11128242399924,0.104345072494066
S5_86821943,5,86821943,2414,0.775110151347445,0.108301825975813,0.56721231942678
S5_88321071,5,88321071,2414,-1.03222941770699,0.115364680676431,0.431825261084313
S5_88323212,5,88323212,2414,2.44616292870472,0.110394717552224,0.0407214597330681
S5_88891444,5,88891444,2414,-2.0813157423492,0.12234207680013,0.0872882853174266
S5_90103757,5,90103757,2414,3.2137470681489,0.115500812008204,0.00594908678378321
S5_91076876,5,91076876,2414,0.61988258571741,0.098049968767213,0.649152919373339
S5_94466678,5,94466678,2414,-0.70250396883297,0.0953485168640464,0.605244385472228
S5_95340368,5,95340368,2414,-1.93946086608459,0.102041168484461,0.112087909311673
S5_113637702,5,113637702,2414,-2.7548185758719,0.116369434500497,0.0199803934571377
S5_134357391,5,134357391,2414,-6.0165665249687,0.0901245192374408,9.61085682123102e-08
S5_137215938,5,137215938,2414,-5.45913418527653,0.108263787055815,1.41082799061769e-06
S5_137216759,5,137216759,2414,-2.85791904577831,0.198869954401918,0.0155161378582079
S5_142853398,5,142853398,2414,2.39097063071949,0.0952787950616775,0.0464258434409827
S5_145203522,5,145203522,2414,-1.31181261196688,0.125673023337275,0.305550192883542
S5_146713841,5,146713841,2414,1.64510286031266,0.116153639648709,0.187420286662993
S5_146715057,5,146715057,2414,1.17580187691559,0.117757438291326,0.362944455678928
S5_147071985,5,147071985,2414,-7.19528035886673,0.146240038683789,1.06632020835539e-10
S5_147473771,5,147473771,2414,0.387329961485421,0.108483289331474,0.782493965816159
S5_147887551,5,147887551,2414,1.26334629582433,0.112636066300223,0.324830401500375
S5_153353332,5,153353332,2414,0.221606877826652,0.103293042097125,0.87874373329318
S5_153353657,5,153353657,2414,-2.1203583220677,0.108607603645187,0.0812497646754862
S5_154883835,5,154883835,2414,-0.0252231580059997,0.122702391553299,0.985139503842908
S5_160754197,5,160754197,2414,-0.438269707201733,0.0977973713786797,0.75653889332695
S5_162295166,5,162295166,2414,2.12071245763558,0.0930912246289643,0.0812497646754862
S5_162523269,5,162523269,2414,-1.29947419271623,0.0906583471777174,0.311271588045877
S5_162523281,5,162523281,2414,-1.11185726815989,0.0906366210617123,0.393543112006669
S5_163943266,5,163943266,2414,-2.99938920299449,0.0952371652086847,0.0106654402132134
S5_166675806,5,166675806,2414,0.11545509370622,0.102690098211475,0.934402433044953
S5_167631942,5,167631942,2414,2.80210914044468,0.089882639230468,0.0177176359172893
S5_167774618,5,167774618,2414,-4.83115405489677,0.103557261719392,2.13783152426105e-05
S5_167948506,5,167948506,2414,-0.956502317002469,0.0978795436664782,0.470777775509679
S5_169309847,5,169309847,2414,0.874982906772063,0.118390483900294,0.510545921226347
S5_171099522,5,171099522,2414,1.74614480495623,0.0918776084382285,0.158743587591643
S5_171099708,5,171099708,2414,1.4752546832076,0.0909430509364156,0.244678627089719
S5_171558014,5,171558014,2414,-2.96927085698281,0.118412382326067,0.0114996654717525
S5_174583061,5,174583061,2414,0.0210389912006576,0.11902096043043,0.987049492751511
S5_174744000,5,174744000,2414,-2.12645532256602,0.105516917481683,0.0804036049270908
S5_174873345,5,174873345,2414,-0.54685175226882,0.110120861953562,0.690443879623076
S5_176356092,5,176356092,2414,1.61475817917548,0.0941696349598809,0.196222847375009
S5_176844776,5,176844776,2414,-2.26000918957857,0.12313132309169,0.0617992673576272
S5_177183610,5,177183610,2414,-4.03587881137238,0.121630665725688,0.000447949353044339
S5_177768562,5,177768562,2414,-1.81552289596416,0.107608122688237,0.141330652429133
S5_178745983,5,178745983,2414,4.28569079140466,0.0949293212227009,0.000181393709730303
S5_178912346,5,178912346,2414,-0.031356468315887,0.115107067563136,0.981179760580306
S5_179642041,5,179642041,2414,0.953874560847174,0.112822868535833,0.472304480530794
S5_179660715,5,179660715,2414,1.48174712559229,0.109664591583381,0.242259845159004
S5_179922594,5,179922594,2414,-1.83270794383245,0.0948357681443377,0.137543754577416
S5_179923101,5,179923101,2414,-1.68896450497089,0.0946652057522243,0.175388699954295
S5_180189155,5,180189155,2414,-1.95265407930992,0.116000500667368,0.109614405511886
S5_180302078,5,180302078,2414,-0.894387308402858,0.102043788835502,0.501950700772026
S5_181964400,5,181964400,2414,0.120574445324511,0.113191397722198,0.932091380844298
S5_184371294,5,184371294,2414,0.338315668730098,0.0973603057902921,0.812020782660714
S5_185612028,5,185612028,2414,-2.06205874419327,0.114761345369263,0.0903754668196234
S5_185659742,5,185659742,2414,0.700983328533479,0.0995907330443274,0.605696363643115
S5_186306420,5,186306420,2414,-0.180836345361404,0.112820050104612,0.901130286632644
S5_187238296,5,187238296,2414,-0.133985292219022,0.121431556310256,0.926685932055066
S5_187240493,5,187240493,2414,-4.70523926610503,0.0856968027838106,3.65465403043101e-05
S5_187698419,5,187698419,2414,-5.70257851331371,0.133580790580229,4.59492888301128e-07
S5_187875195,5,187875195,2414,-0.386724902833689,0.100203214409146,0.782493965816159
S5_188157823,5,188157823,2414,-5.02662694607219,0.119739459470127,9.68196605297396e-06
S5_188213251,5,188213251,2414,-2.16830099020857,0.0867977646430438,0.0746766800030495
S5_189353511,5,189353511,2414,-0.205711188928365,0.103630141936084,0.886980328653343
S5_189363603,5,189363603,2414,0.127424636764334,0.104338693274109,0.929290541061056
S5_190041360,5,190041360,2414,3.41015241383226,0.0954955978366461,0.00339555315593021
S5_192686533,5,192686533,2414,-2.6875014916707,0.108402358547877,0.0233304157320286
S5_192792986,5,192792986,2414,-0.662979075433364,0.0984599123206572,0.622919512327062
S5_193315723,5,193315723,2414,-2.25846011283562,0.116317864290627,0.0619701247853685
S5_194079700,5,194079700,2414,-2.60013587779465,0.107982768790194,0.0287832290090026
S5_194827709,5,194827709,2414,-3.7453793838719,0.092931854752019,0.00116482662376319
S5_195066772,5,195066772,2414,-0.771689479561307,0.141076452959509,0.568554926598192
S5_195079729,5,195079729,2414,-2.97678420990744,0.10004602750664,0.0113063517881571
S5_195080529,5,195080529,2414,2.0948863970561,0.0912896855525621,0.0852306114835003
S5_195296424,5,195296424,2414,-0.260292857767821,0.13985182560694,0.856171425944584
S5_196493942,5,196493942,2414,-2.4703917490189,0.109240743702551,0.0385969719356291
S5_196495308,5,196495308,2414,-2.70247768464475,0.106411194471225,0.0225978769696347
S5_196686417,5,196686417,2414,1.68555348147108,0.121299697733168,0.176220833141894
S5_196688275,5,196688275,2414,-1.85506366496598,0.0868760596700138,0.132111716319157
S5_196688753,5,196688753,2414,1.17920915384385,0.0863751754398571,0.361418751252586
S5_197833779,5,197833779,2414,-2.1122215348945,0.104294453473613,0.0822342243401927
S5_198023231,5,198023231,2414,-5.15995806027232,0.0967188825870837,5.55823506837404e-06
S5_198353824,5,198353824,2414,-2.05861832710575,0.114633356551065,0.0908276755801322
S5_198357291,5,198357291,2414,-3.61896359578759,0.0915077248545124,0.00178689482416522
S5_198497394,5,198497394,2414,-2.8882831646264,0.112223640584691,0.014299693123944
S5_198576650,5,198576650,2414,-3.52277675244592,0.11827949263795,0.00242834431456476
S5_199103162,5,199103162,2414,0.135601452627641,0.102830076488527,0.92585601290328
S5_203416587,5,203416587,2414,-4.06375708203445,0.122983674537315,0.000412265978215947
S5_203425942,5,203425942,2414,-3.81823343841312,0.121325945890688,0.000904006455675335
S5_204040867,5,204040867,2414,-0.371761964441046,0.103790851728639,0.790830616226813
S5_204040909,5,204040909,2414,-0.19839935324255,0.103488248147217,0.890745828203005
S5_204409553,5,204409553,2414,-3.6082631782232,0.0984254681790029,0.00184125192919216
S5_204693690,5,204693690,2414,-0.129214057847801,0.1305418636267,0.92853205821093
S5_205869673,5,205869673,2414,-1.32630713354307,0.115059899370624,0.299857250475793
S5_205950398,5,205950398,2414,-2.82061552540652,0.113873955157708,0.0169295645122514
S5_206240787,5,206240787,2414,-1.8341127915612,0.105324040023911,0.137251673127478
S5_206652970,5,206652970,2414,-9.50926296233879,0.281301530872705,2.30106283534214e-18
S5_206654542,5,206654542,2414,-5.92231770477926,0.122917906099294,1.4368592503407e-07
S5_207186816,5,207186816,2414,2.04628398280842,0.123148342417882,0.0932150152179307
S5_207333354,5,207333354,2414,0.697316764532182,0.0929011550792167,0.607139469336175
S5_208492316,5,208492316,2414,-1.49463134124376,0.108661792084666,0.237907849867982
S5_209484843,5,209484843,2414,-0.138580763135383,0.173555966849257,0.925664079218884
S5_209506777,5,209506777,2414,0.149858910700829,0.123545321396261,0.919265554793443
S5_209558738,5,209558738,2414,0.673101233372692,0.127371437234807,0.617935017587604
S5_209751223,5,209751223,2414,-4.67041791210023,0.114387492783442,4.1917466467744e-05
S5_210099034,5,210099034,2414,-3.14266271956544,0.107824243203373,0.00732086359257451
S5_210871718,5,210871718,2414,-2.35110321632436,0.099890272096696,0.0505529711452412
S5_211204931,5,211204931,2414,-1.18676522976219,0.0928511349450875,0.35793376345388
S5_211205797,5,211205797,2414,-1.23990660271807,0.155432853577448,0.335225971931597
S5_211242216,5,211242216,2414,-0.387692988040963,0.0930064614151681,0.782493965816159
S5_211285153,5,211285153,2414,-0.985030446684803,0.0847671088626909,0.456274304903577
S5_211334892,5,211334892,2414,1.10256742255503,0.0986047196464985,0.398332933450899
S5_211698429,5,211698429,2414,0.304388161124956,0.091369949163541,0.830613858608589
S5_211843513,5,211843513,2414,-6.85713321673736,0.123651140671377,7.63232930089877e-10
S5_211962336,5,211962336,2414,3.0323424129793,0.0933748539126236,0.00980980859236004
S5_212055655,5,212055655,2414,-0.256028168355634,0.104404261881025,0.85760603520656
S5_212070678,5,212070678,2414,0.2377823274559,0.107433228934456,0.868030650313561
S5_212136026,5,212136026,2414,-5.38977002215892,0.11374077046932,1.94425386726271e-06
S5_212255952,5,212255952,2414,1.34307819312588,0.119502412554793,0.293960380340186
S5_212478679,5,212478679,2414,-2.36150636577561,0.106200985421491,0.0494829581447851
S5_213003414,5,213003414,2414,2.76458628689255,0.119257150194377,0.0195540322726335
S5_213100773,5,213100773,2414,-3.34014064727594,0.129008235086115,0.00419423479247578
S5_213137320,5,213137320,2414,-6.27826789390087,0.101655941000525,2.52610044708079e-08
S5_213160675,5,213160675,2414,-7.73525620856835,0.111063966897869,3.44326650532206e-12
S5_213166480,5,213166480,2414,-3.14512475226919,0.125888307552033,0.00730283908550271
S5_213380060,5,213380060,2414,-1.07898810901665,0.0986178101990696,0.409231210662292
S5_213565655,5,213565655,2414,-4.90068626237374,0.132798859696065,1.63892778369922e-05
S5_213571586,5,213571586,2414,3.22931849583315,0.0984858119111519,0.00572394916923364
S5_213596888,5,213596888,2414,-2.70332405790245,0.10450960169886,0.0225978769696347
S5_213601432,5,213601432,2414,-1.39117844458269,0.10500407843493,0.277651364079496
S5_214150762,5,214150762,2414,-1.89283619329373,0.0921877257839249,0.123408780187115
S5_214254801,5,214254801,2414,-1.16434464127199,0.0957458526369851,0.367335750760448
S5_214295509,5,214295509,2414,-4.4058195901636,0.116844843853376,0.000111612484807667
S5_215367055,5,215367055,2414,-3.2198817794225,0.0928050816780538,0.00586711761104043
S5_215367218,5,215367218,2414,-0.817304150360068,0.0910568809673852,0.543686669434128
S5_216252803,5,216252803,2414,-0.358601834781975,0.0920985879484039,0.799915924150123
S5_216397829,5,216397829,2414,-0.334153539973934,0.100253295440765,0.813205153637197
S5_216639488,5,216639488,2414,-2.13875925054011,0.0846862165098027,0.078805899747459
S5_216679342,5,216679342,2414,-2.17198486175823,0.115368652264696,0.0741645863455321
S5_216685919,5,216685919,2414,1.44511872119702,0.134554221437894,0.255924751669519
S5_216902344,5,216902344,2414,0.0534472309556805,0.0970343229937387,0.969617892292482
S5_217277409,5,217277409,2414,-2.25619822018371,0.106506341882814,0.0621767764462938
S5_218069890,5,218069890,2414,-7.38359007568304,0.113681025775712,3.10446154416628e-11
S5_218071486,5,218071486,2414,-7.38359007568304,0.113681025775712,3.10446154416628e-11
S5_219302032,5,219302032,2414,-0.199601400497363,0.129166294871472,0.890208847942022
S5_219699961,5,219699961,2414,-3.02077316392752,0.116071165614541,0.0100736360682233
S5_220362315,5,220362315,2414,-4.51741625969781,0.131906554308354,7.47166009116203e-05
S5_220616742,5,220616742,2414,-2.19924111708931,0.0907479599410448,0.0700582883663328
S5_220625279,5,220625279,2414,-1.69286724439652,0.142284793921671,0.174444979933232
S5_220826505,5,220826505,2414,-0.522340039817975,0.110663128572349,0.705610444330162
S5_220992100,5,220992100,2414,1.96580931864281,0.12784307557002,0.107196105880326
S5_221195461,5,221195461,2414,0.300479069616807,0.117901808920818,0.832102340087415
S5_221698085,5,221698085,2414,-1.3054732957403,0.114398326458433,0.308768474000841
S5_221957658,5,221957658,2414,-2.94306720015071,0.129030694051706,0.0123415187612432
S5_222467069,5,222467069,2414,-2.17524534656027,0.100181289691501,0.0736455757424355
S5_222581144,5,222581144,2414,3.85997981294927,0.101829701021609,0.000807162375150693
S5_222820716,5,222820716,2414,-0.344593185115177,0.0996566270123125,0.80810220674403
S5_223260186,5,223260186,2414,-0.929277893349591,0.0982883045389124,0.484429911967204
S5_223260805,5,223260805,2414,1.49771078177938,0.125569814650204,0.237136802071917
S5_223366133,5,223366133,2414,-1.68453740925003,0.10182709733326,0.176252887901165
S5_223426991,5,223426991,2414,-3.45079016247553,0.100913949345251,0.0029934214135695
S5_223430784,5,223430784,2414,-0.670831305486023,0.0862570051707045,0.618976009320031
S5_223430984,5,223430984,2414,-1.5323792851892,0.087781030339752,0.225898161064141
S5_223436095,5,223436095,2414,-5.94732012807836,0.119462865687223,1.28593742427702e-07
S5_223645549,5,223645549,2414,-1.46410285612283,0.105514701515997,0.24805871110858
S5_223756239,5,223756239,2414,-5.44116914011039,0.100164759200207,1.51940829185598e-06
S5_223875842,5,223875842,2414,-4.93495492434789,0.0918238293196472,1.42264770707137e-05
S5_223901174,5,223901174,2414,-5.25327418095571,0.13244652511316,3.67840578350425e-06
S5_223904377,5,223904377,2414,-2.68980587030371,0.113009585355169,0.023279543592606
S5_223909423,5,223909423,2414,-3.85379974428461,0.130693325812284,0.000822641054274851
S5_224226095,5,224226095,2414,1.62058169515407,0.102313696367976,0.194430720250627
S5_224229262,5,224229262,2414,-5.96888594150386,0.125275277684809,1.24861500921002e-07
S5_224633761,5,224633761,2414,-2.04436738342668,0.134024408872509,0.0933701288777041
S5_225053113,5,225053113,2414,-0.598685717464021,0.096486156099087,0.661123614885194
S5_226029760,5,226029760,2414,0.65366108582113,0.135294999586758,0.626162474394383
S6_7500192,6,7500192,2414,2.85024321794956,0.125623446295046,0.0157563231703343
S6_9172373,6,9172373,2414,-2.8413864875897,0.111619816464648,0.0160874350396566
S6_10091180,6,10091180,2414,-0.559928119321977,0.0985350114577105,0.683004415302197
S6_10091291,6,10091291,2414,-0.559928119321977,0.0985350114577105,0.683004415302197
S6_10170336,6,10170336,2414,1.03955943804642,0.0945609967034027,0.428722230334732
S6_10178401,6,10178401,2414,-1.14765004209963,0.114004598914029,0.374476972493152
S6_10427934,6,10427934,2414,-3.77627494651011,0.159787307408341,0.00105282631308268
S6_12017089,6,12017089,2414,1.37465012850349,0.109636212196499,0.282443238473371
S6_14800910,6,14800910,2414,-3.91792184599673,0.13887180865006,0.000672959085887351
S6_25976852,6,25976852,2414,-3.25787302812216,0.111062801098062,0.00531937233372771
S6_30546465,6,30546465,2414,-4.96129518311145,0.13457336231384,1.28579718509029e-05
S6_37966438,6,37966438,2414,6.11303345242075,0.109038262828512,5.85344426455331e-08
S6_51081241,6,51081241,2414,-1.94897805006078,0.130914814133024,0.110200461833274
S6_53667694,6,53667694,2414,1.18525897223564,0.103314228342184,0.358573282806577
S6_64419294,6,64419294,2414,6.11316535295244,0.0992647605243747,5.85344426455331e-08
S6_67037943,6,67037943,2414,-2.64603920600257,0.149691927927553,0.025740269363826
S6_67043112,6,67043112,2414,3.24762622298057,0.101236330905219,0.0054486833214019
S6_68175871,6,68175871,2414,2.64386625187177,0.105017166422334,0.0258661742500124
S6_71847299,6,71847299,2414,3.0111157951485,0.116332310405306,0.0103784574532158
S6_78216005,6,78216005,2414,3.88493119341563,0.101727349550897,0.000751228746923496
S6_80620806,6,80620806,2414,0.943290876976029,0.124161181917124,0.477846081631942
S6_82541405,6,82541405,2414,-0.78473793143632,0.121780985136371,0.561319494452461
S6_84930110,6,84930110,2414,-0.546058415888233,0.104335792163502,0.690691724317147
S6_92919825,6,92919825,2414,-5.60441628680563,0.121292102027149,7.3752193243789e-07
S6_94929182,6,94929182,2414,2.13509480458833,0.10502902730321,0.079248921263936
S6_95582532,6,95582532,2414,-1.40612969000405,0.100826475651006,0.270960906069579
S6_96074538,6,96074538,2414,-4.73762180995316,0.118489264603818,3.20614578661442e-05
S6_96712764,6,96712764,2414,5.6123955117544,0.103790136551181,7.15727215981018e-07
S6_98298987,6,98298987,2414,0.508004181542445,0.108789885805635,0.714106269026718
S6_98395946,6,98395946,2414,0.840562233930059,0.106467061705407,0.530155416316674
S6_98408157,6,98408157,2414,-0.776118307480223,0.110710958936654,0.566798015658792
S6_98417550,6,98417550,2414,-0.604210486381624,0.150208883426398,0.658621327199407
S6_100808400,6,100808400,2414,3.29302396095992,0.162428928626007,0.00485070069296603
S6_102701095,6,102701095,2414,1.36351132120411,0.119010136816829,0.286458593731067
S6_102701334,6,102701334,2414,-1.33856638993227,0.0844266731628766,0.29495338148806
S6_102804778,6,102804778,2414,-2.62054899957621,0.0846684415695871,0.0274063055043912
S6_104866390,6,104866390,2414,-0.573046469977084,0.106632074457515,0.676714899591855
S6_105780483,6,105780483,2414,-0.810809299535142,0.122827010770238,0.546135586973381
S6_105829977,6,105829977,2414,-0.359721091198713,0.0930750503811722,0.799416944197413
S6_123007536,6,123007536,2414,0.372015935674125,0.0989433311052486,0.790830616226813
S6_123298007,6,123298007,2414,-0.550289728664059,0.116459128494806,0.688841733493759
S6_123492422,6,123492422,2414,-2.99372738896707,0.119091353836094,0.0108097241935971
S6_124083395,6,124083395,2414,-2.8561855320145,0.119295578131996,0.0155735460209107
S6_124872356,6,124872356,2414,1.49719457893912,0.0892016495653783,0.237170497275989
S6_127695370,6,127695370,2414,-2.71837644216284,0.108204724029735,0.0219176895788672
S6_128029740,6,128029740,2414,-4.56344733942601,0.117225656289141,6.36564765745084e-05
S6_128681003,6,128681003,2414,-4.32022199924139,0.117578699830405,0.000160620774449684
S6_129038174,6,129038174,2414,-2.70976471125642,0.096595919596498,0.0224569644086924
S6_129595629,6,129595629,2414,1.96700829354254,0.168324329508018,0.107008473548474
S6_131992891,6,131992891,2414,-2.26453290402101,0.0865933904236629,0.0613062545477715
S6_132737943,6,132737943,2414,-5.13886065752649,0.118955390861021,6.02957343123294e-06
S6_133175017,6,133175017,2414,-4.44922995647579,0.10664361205689,9.32577358617105e-05
S6_134125062,6,134125062,2414,-1.5629993341402,0.0992280414570889,0.213747746990218
S6_135417855,6,135417855,2414,-3.69121446967402,0.126832851330822,0.0014112444132182
S6_138176820,6,138176820,2414,-3.51542452447659,0.107826782471648,0.0024694583747696
S6_140908265,6,140908265,2414,-2.35825287179741,0.118863932835789,0.0498522807649155
S6_144100101,6,144100101,2414,-0.106891471829652,0.102880175870629,0.938653686384777
S6_144106181,6,144106181,2414,0.651336036849163,0.101662642642757,0.626507189550386
S6_144217241,6,144217241,2414,-0.106796226019086,0.0916001401887104,0.938653686384777
S6_146437625,6,146437625,2414,-0.784699993104599,0.107420370551255,0.561319494452461
S6_146489271,6,146489271,2414,-0.882434365261991,0.101283141822482,0.506786597896565
S6_148015145,6,148015145,2414,-1.68955415045989,0.0977464073206595,0.175335230123076
S6_149306116,6,149306116,2414,-1.94100664937644,0.13482302479636,0.111802983733687
S6_149716126,6,149716126,2414,-2.27718429160532,0.11374771647918,0.0597670457367472
S6_152466118,6,152466118,2414,-0.995740673156915,0.117816571465796,0.450042090982304
S6_152993174,6,152993174,2414,-1.45515895281301,0.130772180683224,0.252104014279343
S6_153077139,6,153077139,2414,2.06588472335671,0.100349868343016,0.0899027076562837
S6_154271835,6,154271835,2414,-2.10702576034663,0.101753680900639,0.0831991025324809
S6_155722319,6,155722319,2414,0.679745382695488,0.134520556195689,0.614943544679341
S6_156209684,6,156209684,2414,2.018691707763,0.143389082710916,0.0982262993172428
S6_156449605,6,156449605,2414,-1.8547967457318,0.0983676946057531,0.132111716319157
S6_157086241,6,157086241,2414,0.918427545766999,0.104335808440521,0.490530496114754
S6_157086536,6,157086536,2414,2.84288129212261,0.102916095903513,0.0160432884578382
S6_157897148,6,157897148,2414,2.96553054974598,0.0985096196103566,0.0116183935633736
S6_157903398,6,157903398,2414,0.148976509866552,0.115523231184785,0.919526228499118
S6_159085805,6,159085805,2414,0.825513543765498,0.108779335239997,0.53892137869068
S6_159685403,6,159685403,2414,-1.2756412154872,0.118177485924264,0.319922168321138
S6_159819701,6,159819701,2414,-2.2819292493278,0.122986587853752,0.0592550092763251
S6_159909388,6,159909388,2414,1.52730131475165,0.114518458949254,0.227608034801029
S6_160972138,6,160972138,2414,-1.36034197695341,0.116617231444409,0.287884568417849
S6_161844021,6,161844021,2414,0.571033772940163,0.101733720795221,0.677557383825523
S6_161930736,6,161930736,2414,-0.13893529493426,0.107665178844593,0.925664079218884
S6_162413998,6,162413998,2414,2.35139961394858,0.102121539452066,0.0505529711452412
S6_165082843,6,165082843,2414,1.99680547202907,0.101541431224523,0.102129819841028
S6_165516068,6,165516068,2414,1.98392790404724,0.138968179404374,0.104047504354307
S6_166226097,6,166226097,2414,-2.06517609834612,0.115014456738776,0.0899027076562837
S6_166231942,6,166231942,2414,-0.699724830483459,0.115299178446045,0.606311956904864
S6_166923929,6,166923929,2414,0.651870747961151,0.116699289246115,0.626457461906517
S6_167093376,6,167093376,2414,-0.962157795318432,0.103071870792035,0.46776853052374
S6_167992991,6,167992991,2414,-1.49485292307279,0.140801128041262,0.237907849867982
S6_169940741,6,169940741,2414,3.63195182324498,0.110341209811287,0.0017245439688154
S6_170389932,6,170389932,2414,1.25647861251272,0.116118613274305,0.327507210463172
S6_170593838,6,170593838,2414,0.904786389698061,0.100565948907926,0.496885114251034
S6_170637539,6,170637539,2414,2.38019034268178,0.130580107505598,0.0475493715677118
S6_171072688,6,171072688,2414,0.124093624189511,0.0897831004253987,0.931082268918396
S6_171076874,6,171076874,2414,0.59413142450623,0.100182120067673,0.663233430303215
S6_171107203,6,171107203,2414,0.102875688566355,0.176266252025676,0.940907744532588
S6_171107240,6,171107240,2414,-0.595771761043827,0.171311912144942,0.662634088227844
S6_171170326,6,171170326,2414,-0.417008782497686,0.113752147895502,0.769327080516343
S6_171210584,6,171210584,2414,0.509780866302328,0.138366326392348,0.713056313801188
S6_171246978,6,171246978,2414,1.3284886649627,0.139257968088947,0.299158621870026
S6_171331272,6,171331272,2414,1.08770630027153,0.133061310527033,0.405274539491919
S6_171494788,6,171494788,2414,-0.944206705362679,0.122675469255541,0.477840423535646
S6_171825055,6,171825055,2414,0.744833710942296,0.123817057963598,0.581494248954867
S6_171825719,6,171825719,2414,1.49929558728754,0.104886224186046,0.236613306566886
S6_172111295,6,172111295,2414,0.53342363549172,0.104578775961792,0.698975030068214
S6_172528568,6,172528568,2414,1.39036987533197,0.113020729217259,0.277837872494366
S6_172699949,6,172699949,2414,1.35748553843698,0.112524249088533,0.288918924724253
S6_173144508,6,173144508,2414,2.27547283089019,0.100614126558337,0.0599589698721867
S6_173220894,6,173220894,2414,-0.21806403597449,0.0904346808347242,0.879937613730909
S6_173395982,6,173395982,2414,0.800267906632353,0.0912243778174557,0.551746771877922
S6_173844654,6,173844654,2414,-1.06048290788737,0.0964017183776955,0.418120762602787
S6_173850038,6,173850038,2414,2.34381878618356,0.119109742048299,0.0514145847461224
S6_174063060,6,174063060,2414,-1.84166824850242,0.0935365320660886,0.135774470458091
S6_174251053,6,174251053,2414,3.04275872914476,0.137685761941479,0.00960842175058556
S6_174425232,6,174425232,2414,3.36175001969266,0.116559697454905,0.0039287257505524
S6_174460388,6,174460388,2414,-0.72229485575878,0.120885607464435,0.592402046467348
S6_174463143,6,174463143,2414,-0.72229485575878,0.120885607464435,0.592402046467348
S6_174474123,6,174474123,2414,-0.329750515320281,0.102412025928898,0.814355654281746
S6_174546993,6,174546993,2414,-0.20725188641494,0.118919272577136,0.88616113925081
S6_174553511,6,174553511,2414,0.466323374301442,0.117994999430946,0.738955691215301
S6_174554225,6,174554225,2414,-0.266354711406132,0.11731033216821,0.852801311912403
S6_174948850,6,174948850,2414,-2.06514277740274,0.100802851847153,0.0899027076562837
S6_175017858,6,175017858,2414,-4.34803781817997,0.100301867882761,0.000143059838054068
S6_175155013,6,175155013,2414,1.94730641250902,0.0954516381792442,0.110409620005953
S6_175614573,6,175614573,2414,-4.48217967026326,0.139713158799256,8.5192113076165e-05
S6_176650245,6,176650245,2414,1.01521101899133,0.120925871820914,0.440048529928349
S6_177006450,6,177006450,2414,-1.61956591275047,0.108029106233865,0.194484982975546
S6_177006463,6,177006463,2414,-1.61956591275047,0.108029106233865,0.194484982975546
S6_177541212,6,177541212,2414,-3.09473521492414,0.118417856512922,0.00830868683088645
S6_178280648,6,178280648,2414,-5.67652352896253,0.118614531688864,5.19809954481839e-07
S6_178499689,6,178499689,2414,2.08947406031668,0.123557211560856,0.0860437969655973
S6_179563522,6,179563522,2414,-5.23867721836882,0.103795531888096,3.93472457476816e-06
S6_179646907,6,179646907,2414,-4.40090813396163,0.106239848137278,0.000113589027928938
S6_179653649,6,179653649,2414,-2.89265983579078,0.117184244132976,0.0141524961564591
S6_179990687,6,179990687,2414,6.3964828112963,0.199017843088565,1.26461454438977e-08
S6_179997361,6,179997361,2414,5.56323997371785,0.180949453845958,8.7781474237901e-07
S6_180646401,6,180646401,2414,-6.15534571297837,0.106782369106719,5.00459520568089e-08
S7_844671,7,844671,2414,-1.05773864709295,0.115319406630125,0.419633483139968
S7_1056516,7,1056516,2414,0.72652256388724,0.0979031712324341,0.591368449710372
S7_1399948,7,1399948,2414,-4.09383673728237,0.132429734636489,0.000369990466006823
S7_1623486,7,1623486,2414,-3.87992177314992,0.0940121686554694,0.000762106143319766
S7_1882039,7,1882039,2414,-2.36536832137573,0.0866823923064185,0.0490355510649626
S7_2222059,7,2222059,2414,-2.54463778569877,0.173344154333955,0.0327957036295817
S7_3606609,7,3606609,2414,1.9850783035694,0.126098839901256,0.104047504354307
S7_3781862,7,3781862,2414,1.6605143541011,0.119471505048674,0.182873843664908
S7_4034926,7,4034926,2414,-0.454941552624855,0.093892336878729,0.745864989852971
S7_4131827,7,4131827,2414,-2.38608041414898,0.0964037317963494,0.0468586315935095
S7_4132053,7,4132053,2414,1.54307352364782,0.101404993507015,0.221578879911526
S7_4185867,7,4185867,2414,-1.27430672088728,0.0986429690079667,0.320180543769251
S7_4185885,7,4185885,2414,0.329760484200647,0.0908443307201645,0.814355654281746
S7_4185900,7,4185900,2414,0.669062890126478,0.094691685084682,0.619993926829121
S7_4224614,7,4224614,2414,-1.21371889139542,0.101581303645276,0.347932486840557
S7_4704421,7,4704421,2414,-2.99456708133297,0.0937622283862955,0.0108097241935971
S7_4993741,7,4993741,2414,-0.117298914428187,0.0849522747795016,0.933365248933651
S7_5294149,7,5294149,2414,-0.270017460727674,0.12783089252194,0.851015316663835
S7_5576737,7,5576737,2414,2.13181238192611,0.140170695734058,0.0796188336152207
S7_6008227,7,6008227,2414,-0.755830828173155,0.0965298355997525,0.575551685935675
S7_7731242,7,7731242,2414,-3.03425563589155,0.120292846585055,0.00980516105047328
S7_7742880,7,7742880,2414,-1.7399065029827,0.103701696308882,0.159967739452107
S7_8226814,7,8226814,2414,-2.57214624537547,0.115042592248552,0.0307076457064024
S7_8236858,7,8236858,2414,-2.81106831872421,0.128238259163799,0.0173499403773354
S7_8359766,7,8359766,2414,-2.6156008582586,0.139331903222839,0.0277490156983662
S7_9076132,7,9076132,2414,1.06460436243093,0.130570353426435,0.415708113685941
S7_9373969,7,9373969,2414,-1.42978641596119,0.130065518437101,0.261619542623612
S7_9378165,7,9378165,2414,-1.37664616317314,0.13078795380364,0.282278104226819
S7_10079492,7,10079492,2414,-3.14070288033648,0.150801918658607,0.00732086359257451
S7_10810550,7,10810550,2414,-1.09510939946251,0.126439104990924,0.401689662167659
S7_11059965,7,11059965,2414,-1.38489825111089,0.111425552832943,0.279735132699053
S7_12026797,7,12026797,2414,-0.487822523014031,0.09469068007321,0.724554753406913
S7_13501881,7,13501881,2414,-3.91072939243965,0.101900185241725,0.000690729704511618
S7_13581391,7,13581391,2414,-2.79654678454985,0.118217552434743,0.0179340738059235
S7_13945703,7,13945703,2414,-0.105898551965121,0.104743267882277,0.938916665921187
S7_13961624,7,13961624,2414,-2.23585621396545,0.119399343504219,0.0647304304850849
S7_13961812,7,13961812,2414,-0.554775995719872,0.122975261773947,0.685994551725512
S7_13961898,7,13961898,2414,-2.1962944239172,0.1195396868791,0.0703288181384015
S7_14207155,7,14207155,2414,-2.70778472699517,0.0882898933890619,0.0224725961093924
S7_15392216,7,15392216,2414,3.2411649698522,0.0976560207455094,0.00554974644974273
S7_18011608,7,18011608,2414,0.867888387195067,0.116611711847414,0.514437842351656
S7_22883047,7,22883047,2414,0.926329326634142,0.100397343493414,0.486016619425282
S7_27927295,7,27927295,2414,2.91641849838976,0.141722857252404,0.013263482770828
S7_28946638,7,28946638,2414,-4.46120115436657,0.118723784943333,9.06848573001219e-05
S7_31369870,7,31369870,2414,-2.11334826048189,0.119213265558467,0.0822342243401927
S7_34053809,7,34053809,2414,-0.694899418284642,0.0954201840039689,0.607139469336175
S7_34422171,7,34422171,2414,-2.73284819529956,0.124347048110892,0.0211851445319545
S7_41473602,7,41473602,2414,1.74106601119422,0.112238609878888,0.159929867171518
S7_42251847,7,42251847,2414,-3.48601659796891,0.125513521762374,0.00270522389663896
S7_44311585,7,44311585,2414,-5.59008264401853,0.102716126325278,7.64913254750705e-07
S7_45606995,7,45606995,2414,0.972920268016075,0.171568072546164,0.462470791741677
S7_47593869,7,47593869,2414,-1.98980939776675,0.125809550891521,0.10307640325236
S7_52721525,7,52721525,2414,1.1427859862671,0.172991673381224,0.377206084018318
S7_91010583,7,91010583,2414,-1.2177643998678,0.108704509153164,0.346328832009776
S7_95720534,7,95720534,2414,-3.52108527774709,0.110840968438411,0.00243720235347708
S7_96947428,7,96947428,2414,-2.05093720134446,0.106078037323749,0.0924271499874629
S7_101685008,7,101685008,2414,3.14080651146156,0.12609193106394,0.00732086359257451
S7_103794469,7,103794469,2414,-4.50052237996111,0.106374546733831,7.98179915759902e-05
S7_107046839,7,107046839,2414,-1.49292988539929,0.0972816578193526,0.238099957393344
S7_109732796,7,109732796,2414,3.94432970031223,0.124786176009593,0.000614300768045699
S7_110287645,7,110287645,2414,1.15526388726658,0.0873694103475246,0.3707057400215
S7_112726284,7,112726284,2414,-0.0892860437098946,0.10968935046687,0.947724469212843
S7_114101603,7,114101603,2414,-7.04684849813988,0.137000257500163,2.32594346158186e-10
S7_114102321,7,114102321,2414,-4.81617095678267,0.09536591918289,2.28658816233678e-05
S7_114288977,7,114288977,2414,5.52019373605591,0.123146613855429,1.08751125448792e-06
S7_115394464,7,115394464,2414,4.54772215117526,0.114394135860469,6.6990817749742e-05
S7_115531617,7,115531617,2414,4.777037911635,0.12352232588673,2.67886773717911e-05
S7_116276698,7,116276698,2414,4.99653972062109,0.12332215615932,1.11077565860136e-05
S7_116653725,7,116653725,2414,4.24576361493214,0.103355788732003,0.000212671239023849
S7_116780969,7,116780969,2414,4.46371059385528,0.122956787006214,9.06848573001219e-05
S7_117519628,7,117519628,2414,1.34831578039103,0.115290847566981,0.292822127014459
S7_122387013,7,122387013,2414,-1.79366059556028,0.103994768669037,0.146840329854081
S7_122393459,7,122393459,2414,0.488617408907789,0.10568255256128,0.724554753406913
S7_124279387,7,124279387,2414,1.52507408254041,0.0981228817313408,0.227963098443759
S7_125176636,7,125176636,2414,0.258345798307771,0.0951559223812416,0.857341274621041
S7_126118922,7,126118922,2414,1.18997635820183,0.0867633760329992,0.35631281516005
S7_126935343,7,126935343,2414,2.63762552117803,0.0942453311688562,0.0261861571323609
S7_127045257,7,127045257,2414,0.687668529063779,0.123920048454988,0.61021618769407
S7_128986731,7,128986731,2414,0.117379013346297,0.0932069710569742,0.933365248933651
S7_129214069,7,129214069,2414,0.446244505826132,0.0931763050852363,0.751390629739961
S7_129807336,7,129807336,2414,-4.45930250938604,0.108004188498606,9.08413405546215e-05
S7_130131479,7,130131479,2414,0.0489254435692767,0.089501951699694,0.970880080690008
S7_130175589,7,130175589,2414,3.0694645828808,0.0921210093300248,0.00891549697412796
S7_130547743,7,130547743,2414,-0.676200532127872,0.110830143900617,0.616613624799294
S7_131668413,7,131668413,2414,-3.06476738330308,0.120769676855833,0.00903810843097892
S7_132461307,7,132461307,2414,0.658491483818344,0.111288765692733,0.625193673670884
S7_133186810,7,133186810,2414,-2.188933452617,0.102698844570318,0.0714826335781694
S7_133186871,7,133186871,2414,-2.68617317117651,0.120274491640266,0.0233712787222208
S7_133464110,7,133464110,2414,-3.24932673673385,0.102845114061676,0.00544075270817707
S7_133465902,7,133465902,2414,-3.2816654322363,0.102792123197914,0.00497948503867923
S7_135301936,7,135301936,2414,-1.21098074803874,0.105442654400008,0.348766986674434
S7_136214505,7,136214505,2414,-0.724054033339486,0.0958084282706072,0.592127213157726
S7_136452694,7,136452694,2414,-5.11746471894195,0.122596974723091,6.55406841223848e-06
S7_136531397,7,136531397,2414,-3.13695461538325,0.108435681580025,0.007380764642272
S7_137510639,7,137510639,2414,0.0680054637802043,0.0962801074678732,0.961184533210199
S7_139440325,7,139440325,2414,-0.907449259189991,0.100120521595029,0.495636785427666
S7_139491179,7,139491179,2414,-3.10122787027433,0.115406917993338,0.00816239752589224
S7_139496582,7,139496582,2414,-2.44686231356492,0.103764114171501,0.0407214597330681
S7_139527440,7,139527440,2414,-2.48727818343073,0.131678291903131,0.0372282373155114
S7_140578194,7,140578194,2414,0.0330398963452551,0.137676442280666,0.980307789729071
S7_141747386,7,141747386,2414,1.344957795318,0.131063409774311,0.293431332658627
S7_141756965,7,141756965,2414,1.344957795318,0.131063409774311,0.293431332658627
S7_143069328,7,143069328,2414,-0.689474509866185,0.105654089074125,0.609744863051425
S7_143098054,7,143098054,2414,0.817442195292281,0.116516801078532,0.543686669434128
S7_144667243,7,144667243,2414,-3.34721608898751,0.104791936545031,0.00410410968076535
S7_144877105,7,144877105,2414,-2.70739944451371,0.0940939622352548,0.0224725961093924
S7_145115606,7,145115606,2414,0.0365327539481005,0.103110540251915,0.979143801326017
S7_146989468,7,146989468,2414,2.15771723252185,0.0955670399729234,0.0759313449464494
S7_146990357,7,146990357,2414,0.323342808428473,0.10420838029007,0.818804636235132
S7_147788972,7,147788972,2414,-2.70598397136442,0.112739657062322,0.0225239178152783
S7_148846698,7,148846698,2414,-4.05859645544739,0.109709477154287,0.000419732600147955
S7_149164143,7,149164143,2414,1.40931215666166,0.150187962383369,0.270029440521247
S7_150341368,7,150341368,2414,-1.08033977846646,0.105015152990446,0.408656248794397
S7_150739423,7,150739423,2414,-0.760924531698151,0.133284479164952,0.572007157711112
S7_150896426,7,150896426,2414,-3.77148085865374,0.106627141532681,0.00106978922113569
S7_151122054,7,151122054,2414,-1.27144039369473,0.14801511886989,0.32154075443419
S7_151323488,7,151323488,2414,-2.84281751668158,0.0999940842441481,0.0160432884578382
S7_152980877,7,152980877,2414,1.32934040016905,0.0884914880299857,0.299024620067233
S7_153473280,7,153473280,2414,-1.51540510322139,0.0960506467564906,0.230707147279857
S7_153571933,7,153571933,2414,3.54763541292593,0.121768431428218,0.00224793421506101
S7_153812639,7,153812639,2414,-5.13954395166742,0.111950715207255,6.02957343123294e-06
S7_161191018,7,161191018,2414,0.488243156095325,0.10527369177307,0.724554753406913
S7_161352998,7,161352998,2414,2.16282899178414,0.145384081048092,0.0753503376312971
S7_163227439,7,163227439,2414,-6.6803567262264,0.115061037754878,2.33644263184313e-09
S7_164101621,7,164101621,2414,-0.879787937232171,0.0935634664396693,0.508377116100932
S7_165193358,7,165193358,2414,-1.93868690123968,0.106234154445709,0.11217284962139
S7_166294479,7,166294479,2414,-5.9583316400128,0.0978373508983538,1.24861500921002e-07
S7_166649983,7,166649983,2414,-3.86464601032918,0.100466319914719,0.000798977212518356
S7_167438352,7,167438352,2414,0.645630108686239,0.131839660818016,0.630623027536286
S7_170910247,7,170910247,2414,-0.626772485341036,0.104996064004112,0.644803866845304
S7_171137187,7,171137187,2414,-1.74521723314044,0.114705203138142,0.15890871335956
S7_171218528,7,171218528,2414,-1.69717555552537,0.126751615495124,0.173195038879316
S7_171494406,7,171494406,2414,1.51557789566943,0.0952964809679199,0.230707147279857
S7_173083438,7,173083438,2414,-2.1032480894431,0.10148288988726,0.0837843369903703
S7_173291589,7,173291589,2414,-0.837427921248497,0.109098915341366,0.531761416649284
S7_174125838,7,174125838,2414,-0.972267457468083,0.131312039271902,0.462470791741677
S7_174487321,7,174487321,2414,-1.20903325521299,0.111219648991251,0.349135315735538
S7_174487353,7,174487353,2414,-1.20903325521299,0.111219648991251,0.349135315735538
S7_174487367,7,174487367,2414,-1.20903325521299,0.111219648991251,0.349135315735538
S7_174506595,7,174506595,2414,1.77660255076742,0.117877597952597,0.150206649811317
S7_174659681,7,174659681,2414,-2.25525278141208,0.115497673541597,0.0621767764462938
S7_174986575,7,174986575,2414,1.94856973407788,0.100643353430971,0.110200461833274
S7_174986674,7,174986674,2414,0.0641866895401575,0.12082753804153,0.962827762376994
S7_174986857,7,174986857,2414,0.0983851285886071,0.133705806936083,0.942684896610119
S7_175273833,7,175273833,2414,0.380781094043088,0.139669726499078,0.786071478775358
S7_175482129,7,175482129,2414,3.53656094379328,0.105826320008216,0.00232625507019958
S7_176074888,7,176074888,2414,-1.80362699207055,0.11393927173368,0.144512499381735
S7_176076452,7,176076452,2414,0.413685987008419,0.108585202804169,0.77038263714998
S7_176208045,7,176208045,2414,3.1566989839956,0.0995980801911806,0.00705000917630804
S7_176582006,7,176582006,2414,0.844850286480504,0.108899581240081,0.528779202903823
S7_176908652,7,176908652,2414,-2.43749485446387,0.0939591168896053,0.0416516966063596
S7_177297045,7,177297045,2414,-1.91615900301429,0.0926300189588813,0.117544700845844
S7_177589777,7,177589777,2414,0.192042295782633,0.103221971989006,0.893712368413234
S7_177592139,7,177592139,2414,-4.0948091676627,0.0935042746417178,0.000369967985959095
S7_178057883,7,178057883,2414,-2.11952248670285,0.0949914552777318,0.0813238998573747
S7_178474803,7,178474803,2414,0.663864928596643,0.119591154960972,0.622594354821455
S7_178518524,7,178518524,2414,-2.68423848163118,0.101769214401267,0.023376041036742
S7_178518565,7,178518565,2414,-2.68423848163118,0.101769214401267,0.023376041036742
S7_178518778,7,178518778,2414,-0.411076838268348,0.107221489107784,0.771709858935347
S7_178522030,7,178522030,2414,1.09075008648722,0.104711467466902,0.404211503824252
S7_178606174,7,178606174,2414,2.25525909002942,0.0984199334278385,0.0621767764462938
S7_179111058,7,179111058,2414,1.98473102150206,0.0997657032059582,0.104047504354307
S7_179111826,7,179111826,2414,0.701845027498063,0.0930146490233791,0.60539108687325
S7_179765379,7,179765379,2414,5.88837603797851,0.126961579161658,1.69499187106439e-07
S7_180311878,7,180311878,2414,4.23568111183105,0.110750424317318,0.000220356432402845
S7_182932513,7,182932513,2414,-0.929012701297549,0.100920046558423,0.484429911967204
S7_183230255,7,183230255,2414,-1.54231606878693,0.0861226130718066,0.221716280022652
S7_183251802,7,183251802,2414,-3.15590007245139,0.105934057666107,0.00705432136273746
S7_183325818,7,183325818,2414,1.88676705417127,0.130280827384575,0.124802689230426
S7_183536615,7,183536615,2414,1.34710381776791,0.0927680813451759,0.293091442312162
S7_183788586,7,183788586,2414,2.11247980761517,0.0910607755685326,0.0822342243401927
S7_184554841,7,184554841,2414,-0.459326449727707,0.0926400613296469,0.743488657245367
S8_612496,8,612496,2414,-1.76401376681685,0.118026200261241,0.153330421699503
S8_1194988,8,1194988,2414,0.558674286134233,0.116333397252928,0.683232363086528
S8_1829299,8,1829299,2414,-3.94899634739264,0.0976353993623192,0.000604715304250149
S8_2420621,8,2420621,2414,1.21800830031633,0.115945098898664,0.346328832009776
S8_2623912,8,2623912,2414,1.28844074040018,0.103938651707669,0.314270894421543
S8_3642557,8,3642557,2414,-4.95188165064246,0.128725901768733,1.32682463442676e-05
S8_3642603,8,3642603,2414,-1.38237477620467,0.123447982162724,0.280577605953658
S8_3973029,8,3973029,2414,1.89699351893201,0.103242627768326,0.122433813522715
S8_5223551,8,5223551,2414,-3.83200556170228,0.103676306280398,0.000868723165316014
S8_7117363,8,7117363,2414,0.65569186238236,0.0907023580219579,0.625648836798107
S8_7117426,8,7117426,2414,0.440821185921619,0.0906316855637925,0.755045454005438
S8_7259227,8,7259227,2414,-1.37041596742022,0.0919934670527724,0.283785383919705
S8_7346951,8,7346951,2414,-2.59455997399304,0.1017894743555,0.0291660528282834
S8_9215338,8,9215338,2414,1.68081672570767,0.0973044868704211,0.177415614166423
S8_9278330,8,9278330,2414,2.45271734162243,0.107921244838139,0.040208004503429
S8_10397644,8,10397644,2414,-2.90643693018511,0.111108645829256,0.0136433744953579
S8_10712954,8,10712954,2414,-3.20404990872999,0.0919309776428156,0.00611399208090059
S8_11691508,8,11691508,2414,1.38936863281846,0.0947997188558906,0.278123312847431
S8_12721256,8,12721256,2414,0.35499591560549,0.091177627646121,0.800909347666956
S8_13999416,8,13999416,2414,-3.9251693304291,0.144883551788267,0.000657815181791077
S8_14203871,8,14203871,2414,-3.8901726606536,0.138771209436323,0.000746251116499727
S8_14486971,8,14486971,2414,-0.401464575071232,0.109364417754155,0.775189899975265
S8_17315368,8,17315368,2414,-0.740788767859897,0.0948921534516075,0.582940737824175
S8_18826784,8,18826784,2414,-0.450965756930092,0.133999330638111,0.748736204150627
S8_18836435,8,18836435,2414,-1.21125248343458,0.115774907523398,0.348766986674434
S8_20695697,8,20695697,2414,-0.429584016279939,0.140290189063297,0.762687413670806
S8_22984536,8,22984536,2414,0.741047838139842,0.121494805031178,0.582940737824175
S8_23263047,8,23263047,2414,-5.43448791274745,0.0998871168979568,1.5570235306564e-06
S8_23439188,8,23439188,2414,2.72412112220839,0.124522319608358,0.0216808808845029
S8_23439421,8,23439421,2414,2.72412112220839,0.124522319608358,0.0216808808845029
S8_23440142,8,23440142,2414,0.616107123782124,0.0926409050175118,0.650638128671517
S8_24594223,8,24594223,2414,-0.602479922492373,0.113734931007398,0.659266886848845
S8_25772299,8,25772299,2414,-1.37371531837841,0.0936485773098857,0.282534127231584
S8_25776901,8,25776901,2414,-0.974341107968473,0.0840632155552118,0.461799412251128
S8_25779871,8,25779871,2414,-1.670092399715,0.0839565635526434,0.180260863423547
S8_26031524,8,26031524,2414,-2.83318477504644,0.106649161433103,0.0164017347663323
S8_27837421,8,27837421,2414,-1.06703370552439,0.0977751272116173,0.414701216680924
S8_28410514,8,28410514,2414,2.94347124603993,0.0945912589255663,0.0123415187612432
S8_28933320,8,28933320,2414,-0.5587660313875,0.126970303977963,0.683232363086528
S8_29366651,8,29366651,2414,0.826670277742384,0.134932277167032,0.538401590338308
S8_29367161,8,29367161,2414,-0.652245167674637,0.126777095345417,0.626457461906517
S8_30416206,8,30416206,2414,-3.1891176447312,0.119321123480914,0.00640309307604427
S8_34786661,8,34786661,2414,-2.61298061369946,0.0980303828348561,0.0278511412320269
S8_37491523,8,37491523,2414,-0.918190003764805,0.100994065585899,0.490530496114754
S8_39607936,8,39607936,2414,-0.761892252083512,0.120775835887937,0.571622767922005
S8_41779834,8,41779834,2414,-3.86768352253708,0.114177736427966,0.0007929224129828
S8_53180719,8,53180719,2414,-2.65726622057951,0.10237551608782,0.0250153926660735
S8_65091959,8,65091959,2414,1.57336510282161,0.152592191906915,0.210296837219675
S8_67365157,8,67365157,2414,-0.983207536356257,0.120407517976256,0.457221473436578
S8_67366292,8,67366292,2414,-1.59400962315353,0.106707393141344,0.203371972157676
S8_68605842,8,68605842,2414,-0.601562496497064,0.113052605688009,0.659587769767632
S8_72283105,8,72283105,2414,-0.764514263180871,0.092077274244972,0.570551231573979
S8_73298586,8,73298586,2414,-0.208398907874293,0.126400957548843,0.886123794817279
S8_73725823,8,73725823,2414,-2.69648042752961,0.118835327590254,0.0229274915308227
S8_74479931,8,74479931,2414,1.78486351745224,0.0931202447558333,0.1486736378608
S8_75118540,8,75118540,2414,-1.17033188898497,0.101759411958242,0.365190397189312
S8_75124138,8,75124138,2414,0.0504240495434623,0.0950768048345076,0.970149463163537
S8_75124250,8,75124250,2414,-1.08204631656333,0.107079964715901,0.408274508360247
S8_78074116,8,78074116,2414,1.89859759858233,0.102315655994372,0.122112209380239
S8_78074363,8,78074363,2414,3.03749546420206,0.101806532869911,0.00973448059670235
S8_78087508,8,78087508,2414,1.37118509052017,0.107332762973444,0.283615599688756
S8_80222882,8,80222882,2414,-1.66964758004957,0.107936998179483,0.180261873011376
S8_80579757,8,80579757,2414,1.51897034902707,0.109675241478225,0.229503782990793
S8_80748080,8,80748080,2414,-4.92181502377419,0.112601273666693,1.48465574388884e-05
S8_81892711,8,81892711,2414,2.12097575683254,0.10458643208328,0.0812497646754862
S8_82048199,8,82048199,2414,1.60059289836712,0.111502910488644,0.201043463496001
S8_82048896,8,82048896,2414,1.60059289836712,0.111502910488644,0.201043463496001
S8_82162950,8,82162950,2414,-1.79887792893006,0.111253895018078,0.145870218053127
S8_86486748,8,86486748,2414,-2.82235749661554,0.1114941432024,0.0168956439317417
S8_89302137,8,89302137,2414,1.36905136480271,0.122127714543387,0.284035297618502
S8_90891762,8,90891762,2414,1.56763111505675,0.122709164822463,0.212031019158888
S8_91070032,8,91070032,2414,1.21167331029098,0.123084329221687,0.348766986674434
S8_92211180,8,92211180,2414,1.33976549050309,0.119804792268012,0.294584575271756
S8_92211196,8,92211196,2414,1.33976549050309,0.119804792268012,0.294584575271756
S8_92273238,8,92273238,2414,-0.243934032613431,0.111879221616316,0.864367691165854
S8_92845779,8,92845779,2414,-0.996184508912515,0.106952978426253,0.450042090982304
S8_93206352,8,93206352,2414,0.972019831387824,0.105370123125128,0.462470791741677
S8_93206908,8,93206908,2414,-1.21461073935279,0.115484243167118,0.347928404245281
S8_93207205,8,93207205,2414,-0.0803257951977135,0.118049232277054,0.954046853334306
S8_95241528,8,95241528,2414,2.04397095321485,0.0952865834034024,0.0933701288777041
S8_97314946,8,97314946,2414,-4.55235162515933,0.113767979907317,6.59220312348636e-05
S8_97365190,8,97365190,2414,-3.81953438712537,0.11697579589104,0.000902153870215829
S8_97459232,8,97459232,2414,-3.77908128556765,0.108346295368355,0.00104437606686072
S8_103243140,8,103243140,2414,-4.09926479438978,0.100883541760326,0.000364466059883915
S8_104269101,8,104269101,2414,-4.56151778788289,0.0912632906545017,6.38658284859323e-05
S8_105803797,8,105803797,2414,-0.220600836352421,0.123226551114023,0.87874373329318
S8_105985640,8,105985640,2414,-5.38009643314428,0.167151527678387,1.98675639152771e-06
S8_106614488,8,106614488,2414,-2.24520747941945,0.113865287166159,0.0633424332189438
S8_106910226,8,106910226,2414,-3.00343470793214,0.101701174130637,0.0105822249292331
S8_106912903,8,106912903,2414,-3.53348387065948,0.101702994053787,0.00233890258535173
S8_108472915,8,108472915,2414,2.13879445013066,0.108682837219345,0.078805899747459
S8_109133633,8,109133633,2414,2.843432548185,0.102547644196383,0.0160432884578382
S8_109392545,8,109392545,2414,1.38646507686475,0.107278954244699,0.279157736537517
S8_109392879,8,109392879,2414,-1.93542462200983,0.121084252620866,0.112906006893436
S8_111322877,8,111322877,2414,0.22081728220468,0.127927576294095,0.87874373329318
S8_112613045,8,112613045,2414,-1.25934165018599,0.115546620881117,0.326381672621891
S8_113061666,8,113061666,2414,-0.579022965866165,0.130258326497295,0.674236801041276
S8_113222492,8,113222492,2414,-4.83927060182585,0.119668412996942,2.06803891961452e-05
S8_115324388,8,115324388,2414,2.26562642778793,0.114985764759765,0.0612090032805716
S8_119861994,8,119861994,2414,-3.46592029349117,0.102045258577292,0.00288426704370768
S8_119990281,8,119990281,2414,-3.60817725361104,0.101953700105652,0.00184125192919216
S8_120893120,8,120893120,2414,-4.26198046715499,0.137385200411963,0.000199409507553563
S8_121951790,8,121951790,2414,-1.63300614088019,0.0954297518728935,0.190751013194834
S8_123526088,8,123526088,2414,-4.95327184211413,0.125715345708727,1.32682463442676e-05
S8_124908154,8,124908154,2414,0.654133690835752,0.103182669064528,0.626161880164116
S8_126178224,8,126178224,2414,1.32518288813091,0.120879276503911,0.300224999804588
S8_126980958,8,126980958,2414,-0.136972424289782,0.110984186961704,0.925664079218884
S8_126981184,8,126981184,2414,-2.68586966741924,0.0997495242912374,0.0233712787222208
S8_129126249,8,129126249,2414,-6.42657099009934,0.112156260931953,1.07623230613099e-08
S8_129126331,8,129126331,2414,-6.42657099009934,0.112156260931953,1.07623230613099e-08
S8_131343001,8,131343001,2414,1.11774955246431,0.0859449913741133,0.390371772886878
S8_132992799,8,132992799,2414,1.74088799511748,0.113809036538728,0.159929867171518
S8_136802438,8,136802438,2414,-0.937846153575091,0.0974237715033781,0.480093400764771
S8_136809284,8,136809284,2414,-1.2567872071985,0.108620293315808,0.327507210463172
S8_136906155,8,136906155,2414,-1.48131711073618,0.096003118051343,0.242259845159004
S8_137591652,8,137591652,2414,-4.22929969406745,0.183362895165505,0.00022563178626805
S8_138038762,8,138038762,2414,-0.824790156956763,0.122160832583638,0.539117435611886
S8_138671667,8,138671667,2414,-6.3731553284325,0.1008785117409,1.42321652235833e-08
S8_139640865,8,139640865,2414,-4.1960078573731,0.11206996855895,0.000254532931491459
S8_139641067,8,139641067,2414,-4.54489922576315,0.221788684013018,6.71200796705295e-05
S8_139641078,8,139641078,2414,-4.54489922576315,0.221788684013018,6.71200796705295e-05
S8_139735441,8,139735441,2414,-5.52177028467675,0.214187230234349,1.08751125448792e-06
S8_140024615,8,140024615,2414,1.43585327181617,0.0920349291575956,0.259082980289623
S8_140716187,8,140716187,2414,-3.57913692731435,0.101601348811757,0.00203410890861468
S8_140718850,8,140718850,2414,-0.530530472692676,0.0989782303418899,0.700932924778995
S8_141669288,8,141669288,2414,-5.45184263081234,0.10027626901239,1.450358262684e-06
S8_142038195,8,142038195,2414,-0.406673931419824,0.0954764492292207,0.773244154423118
S8_142169768,8,142169768,2414,-0.815293626316963,0.107560945111151,0.544502199468982
S8_142173684,8,142173684,2414,-0.0397309588573903,0.108523680058089,0.977325068233203
S8_143840137,8,143840137,2414,-1.7172787305636,0.0974775911145224,0.166474172179337
S8_143932091,8,143932091,2414,0.689294823883784,0.0960066986924665,0.609744863051425
S8_144503660,8,144503660,2414,-2.86735346948483,0.0950914270046291,0.0151420891834785
S8_145104273,8,145104273,2414,-1.29802022151475,0.102375015941939,0.311409832336331
S8_145619184,8,145619184,2414,-1.34099650562997,0.0908837801545826,0.294584575271756
S8_145638724,8,145638724,2414,-3.85134442372751,0.103912854784857,0.000822641054274851
S8_145638857,8,145638857,2414,-2.87605752602494,0.102888934354217,0.0148366420092336
S8_145638907,8,145638907,2414,-0.100745122943142,0.104148768018648,0.941703768883968
S8_145639197,8,145639197,2414,-3.38465590087265,0.0901396454208968,0.00368290219027175
S8_145706344,8,145706344,2414,1.65404898207453,0.0876103275331658,0.184494072851587
S8_146913681,8,146913681,2414,-0.985319793348632,0.0996938216649619,0.456274304903577
S8_146915872,8,146915872,2414,-0.27634302842111,0.117110160314275,0.848633506423165
S8_147061014,8,147061014,2414,1.26123804542,0.0958378588445282,0.325556879030345
S8_147237160,8,147237160,2414,1.105616688262,0.0996380228850618,0.396952317006261
S8_147237232,8,147237232,2414,1.105616688262,0.0996380228850618,0.396952317006261
S8_148123116,8,148123116,2414,-2.01164368055532,0.0851831759025593,0.0993058047826322
S8_148123368,8,148123368,2414,-2.02298278061139,0.0851463614794467,0.0973315019594295
S8_148209478,8,148209478,2414,-0.386302760919042,0.119597342513925,0.782493965816159
S8_148213738,8,148213738,2414,-0.447560795370736,0.120386960212081,0.750719009645635
S8_149334177,8,149334177,2414,0.292347617527969,0.0914335660614576,0.837536808086488
S8_151332101,8,151332101,2414,3.2125150810465,0.0979490178202459,0.00595701830128337
S8_151559281,8,151559281,2414,-1.05130609959468,0.112252880402412,0.422997130534324
S8_152518255,8,152518255,2414,1.44736688393722,0.10489510887403,0.255212332959754
S8_152930973,8,152930973,2414,1.95135706827595,0.120537818042237,0.109831080055975
S8_152931377,8,152931377,2414,-2.20855783047095,0.0901614714852326,0.0687482277966799
S8_153849223,8,153849223,2414,-1.50147254393001,0.11178735196333,0.236022496053207
S8_153951065,8,153951065,2414,1.36597022966744,0.127154446109939,0.28540710949716
S8_154256530,8,154256530,2414,0.256481415956634,0.116974126798867,0.85760603520656
S8_155257598,8,155257598,2414,1.16014379212328,0.0953793735653027,0.368818521319582
S8_157011747,8,157011747,2414,1.3879966580732,0.105014616945715,0.278599234827566
S8_157706115,8,157706115,2414,2.20009409980422,0.0941059054559556,0.0699914610291202
S8_157816200,8,157816200,2414,2.43191941530129,0.0949060905544822,0.0421819709909679
S8_157883748,8,157883748,2414,2.06046650096277,0.0945573074609342,0.0905227701390446
S8_158639830,8,158639830,2414,1.40825980233689,0.0887806687397417,0.270335388224831
S8_158696822,8,158696822,2414,0.800119845534179,0.0871080435348023,0.551746771877922
S8_158756134,8,158756134,2414,0.768979604210287,0.0965374277230445,0.569050081486223
S8_159986949,8,159986949,2414,-0.0712705612788436,0.111708330105118,0.959964405057686
S8_162352976,8,162352976,2414,1.29887705987366,0.122876465327145,0.311271588045877
S8_162637212,8,162637212,2414,2.09192238221882,0.119394906318114,0.0856568537573311
S8_162822724,8,162822724,2414,2.46361257089508,0.0928614717815462,0.0392784891427444
S8_162896145,8,162896145,2414,-1.52061214619891,0.106489625967895,0.229165031110022
S8_163012266,8,163012266,2414,1.003994110355,0.0851702297344539,0.446048785589052
S8_163056389,8,163056389,2414,-1.54596438152133,0.088439870175813,0.22070390063993
S8_163496457,8,163496457,2414,-2.26000484769286,0.112004193656795,0.0617992673576272
S8_165213412,8,165213412,2414,-1.62602465064281,0.113740170260662,0.192819822395115
S8_165221478,8,165221478,2414,0.525362336339587,0.0972047651891438,0.703545262238741
S8_165287774,8,165287774,2414,-1.3509523951649,0.11035992013613,0.291894884927272
S8_165591470,8,165591470,2414,4.04169285328211,0.117183529771705,0.000440384275454364
S8_165713145,8,165713145,2414,2.27260989398702,0.112341904217497,0.060332601993043
S8_166042246,8,166042246,2414,2.64090845354178,0.115920862693428,0.0260113810477697
S8_166202785,8,166202785,2414,2.47582323122438,0.114417609267239,0.0381215881253656
S8_167202272,8,167202272,2414,-3.28530793793479,0.11852746456838,0.00495013199550371
S8_167202317,8,167202317,2414,-3.28530793793479,0.11852746456838,0.00495013199550371
S8_168540873,8,168540873,2414,-3.10822580472093,0.115310256089295,0.00802123306839915
S8_170687375,8,170687375,2414,1.31942086141949,0.0846774514420836,0.302144487653705
S8_170842557,8,170842557,2414,1.26454971205567,0.149069586032835,0.324430109916791
S8_171453875,8,171453875,2414,-5.71381598569161,0.157796525180933,4.48364252466464e-07
S8_175564833,8,175564833,2414,0.673152964254379,0.0879434553010758,0.617935017587604
S8_175848932,8,175848932,2414,-1.31754268860627,0.102694165125364,0.302921325058344
S8_176114327,8,176114327,2414,1.51187474936456,0.0993676948882058,0.231917921934387
S8_176230266,8,176230266,2414,-2.41800214134861,0.130663151790903,0.0436432281244175
S8_176769987,8,176769987,2414,0.686630205746263,0.100726076956089,0.610660071558613
S8_176786513,8,176786513,2414,1.34222843750773,0.10157999294295,0.294177425111268
S8_177101160,8,177101160,2414,4.31186108152878,0.211799621603599,0.000165180976364335
S8_177304312,8,177304312,2414,2.37348931623067,0.111412297408087,0.0482213367097534
S8_177304499,8,177304499,2414,4.28707166547895,0.108420657992602,0.000181121125446142
S8_177315603,8,177315603,2414,-5.79677047001092,0.0982979635835,2.81148655192347e-07
S8_177689434,8,177689434,2414,0.527983571461061,0.115884880616179,0.702208835770374
S8_178010589,8,178010589,2414,-2.85086804783463,0.135648461817333,0.015752849307263
S8_178074080,8,178074080,2414,-0.747223212858292,0.109964941262168,0.580373568867298
S8_178286494,8,178286494,2414,-0.957054443538832,0.106311320398893,0.470708069232324
S8_178483072,8,178483072,2414,-1.82489885333685,0.108105702427324,0.139808797117317
S8_178554472,8,178554472,2414,-1.46607107330576,0.114228711230681,0.247809278503956
S8_178663730,8,178663730,2414,-0.886074657044583,0.115761591878101,0.505137758354164
S8_178664475,8,178664475,2414,-1.20159809517716,0.115547366055657,0.351027214538375
S8_178915043,8,178915043,2414,-2.34092727546235,0.130174790076361,0.0517461962004362
S8_178961641,8,178961641,2414,-1.29615054770156,0.111914880706996,0.311867128941347
S8_179029297,8,179029297,2414,-1.09912035763823,0.116039947638372,0.399685838827369
S8_179267039,8,179267039,2414,-1.02589248268678,0.124626593329169,0.435175075077975
S8_179438577,8,179438577,2414,-0.462342315832754,0.0927485203466054,0.741827574593946
S8_179439574,8,179439574,2414,-0.481598638157667,0.0928086581467623,0.728438597431585
S8_179548317,8,179548317,2414,1.98971814849061,0.122169162685547,0.10307640325236
S8_179612437,8,179612437,2414,-0.035682091012521,0.100061942046233,0.979143801326017
S8_179619835,8,179619835,2414,1.24251506421828,0.0973442428254846,0.333977724092797
S8_179957322,8,179957322,2414,-1.57023181359834,0.106716391834562,0.211244742961801
S8_179993351,8,179993351,2414,-2.49814286564102,0.0950487454000508,0.0364658623615172
S8_180046179,8,180046179,2414,-0.941487561428428,0.10325326405901,0.478159065483997
S8_180189011,8,180189011,2414,-1.97220076736473,0.115458782129017,0.106050089129968
S8_180782117,8,180782117,2414,-0.00921911693017767,0.117074900424951,0.995544719725349
S8_180784833,8,180784833,2414,0.33469217200264,0.116793318273699,0.813205153637197
S8_181111566,8,181111566,2414,-2.00617358238767,0.128364103982652,0.100211191155784
S8_181124334,8,181124334,2414,0.0809246962813181,0.100756027815847,0.954033469646925
S8_181296649,8,181296649,2414,-1.00610622058091,0.104230957597577,0.445222367252019
S8_181689217,8,181689217,2414,-0.929377637054176,0.098803418543615,0.484429911967204
S8_181689247,8,181689247,2414,-0.929377637054176,0.098803418543615,0.484429911967204
S9_4993690,9,4993690,2414,0.494933901757486,0.136632863233222,0.721435295406023
S9_4995279,9,4995279,2414,0.441246963791194,0.174977507095563,0.755045454005438
S9_8971249,9,8971249,2414,0.685124737127585,0.101710323238747,0.611469218672619
S9_9954525,9,9954525,2414,2.69013736222427,0.118284484964554,0.023279543592606
S9_10304284,9,10304284,2414,1.21389581854414,0.0980044535780114,0.347932486840557
S9_12406880,9,12406880,2414,2.65468389377662,0.100960131337417,0.0251301412803844
S9_13656461,9,13656461,2414,1.96215483937843,0.0926301594128092,0.107888575840133
S9_13943778,9,13943778,2414,-2.56466086357862,0.114140506401694,0.0312844067220153
S9_13973036,9,13973036,2414,1.56748814851661,0.115697022850924,0.212031019158888
S9_17661474,9,17661474,2414,3.84696097008128,0.107379764759402,0.000831389642096064
S9_18541531,9,18541531,2414,2.50440247201898,0.119468870719273,0.0359299663378667
S9_18659976,9,18659976,2414,-3.59615530694805,0.0977320467982481,0.00191705392032601
S9_19431348,9,19431348,2414,0.51987270845681,0.0934729182591727,0.707223636201989
S9_19992784,9,19992784,2414,-1.38029282289777,0.102987641549504,0.281193867465758
S9_20057612,9,20057612,2414,-0.840052389179221,0.116933547198096,0.530155416316674
S9_20566593,9,20566593,2414,-2.31730980475491,0.0892895717150565,0.0545359896189383
S9_20712634,9,20712634,2414,-0.0636258813407304,0.0997016416953163,0.962827762376994
S9_22312637,9,22312637,2414,-0.268212488456994,0.160209551936637,0.851825316675752
S9_22460773,9,22460773,2414,1.2951788709945,0.0848870953910752,0.311867128941347
S9_22683033,9,22683033,2414,0.253699403742887,0.112149653899056,0.858511601483504
S9_22835170,9,22835170,2414,0.774005682274583,0.101683531368579,0.567700340523999
S9_23908973,9,23908973,2414,1.05145998470476,0.106238305556756,0.422997130534324
S9_24533589,9,24533589,2414,-1.13069872491975,0.103819574476338,0.383347360848883
S9_25419062,9,25419062,2414,-1.41634055728496,0.0974436577095519,0.26762052068351
S9_25652799,9,25652799,2414,-2.53175763284512,0.116735013401263,0.0337774519518977
S9_26412649,9,26412649,2414,-0.56449582667435,0.0992499597250531,0.681274709231783
S9_27837811,9,27837811,2414,-3.48696318103305,0.137589287683803,0.00270522389663896
S9_28606394,9,28606394,2414,0.870695766546374,0.0902765083354342,0.513338185276
S9_29045740,9,29045740,2414,0.173014056039736,0.111072966138073,0.902982246333546
S9_30376560,9,30376560,2414,1.58832680441175,0.110309783236478,0.205166167623099
S9_30380175,9,30380175,2414,1.69183299345307,0.131401986500162,0.174661230764713
S9_30508507,9,30508507,2414,1.39348463347542,0.112013169217513,0.276698875842591
S9_30509819,9,30509819,2414,1.78643670908631,0.132447615984945,0.148308071813129
S9_30603556,9,30603556,2414,2.06125265262326,0.112277599358787,0.0904512427597608
S9_30606494,9,30606494,2414,2.2787439507675,0.130939440755734,0.0595993437160614
S9_33192523,9,33192523,2414,2.93394021619924,0.13389747252634,0.0126308359847407
S9_34238597,9,34238597,2414,-3.15931089146392,0.0932168463720662,0.00700222098604493
S9_34634719,9,34634719,2414,7.13755808588678,0.110768939147657,1.51624027975921e-10
S9_40569788,9,40569788,2414,1.1610339217832,0.103039318098574,0.368818521319582
S9_42906699,9,42906699,2414,0.901721866809198,0.167612100272871,0.498436664561059
S9_44261434,9,44261434,2414,2.96266668211981,0.09499156085088,0.0116834356210342
S9_45193959,9,45193959,2414,1.94225851082092,0.117467649450727,0.111594689605764
S9_45273886,9,45273886,2414,1.12589505976627,0.147628629212991,0.385800741185406
S9_45350516,9,45350516,2414,0.173726577738298,0.114987083202151,0.902854868084158
S9_49342596,9,49342596,2414,0.178367346019345,0.122061050125689,0.901525169791311
S9_51560322,9,51560322,2414,-0.576099133614184,0.105691838865046,0.676209230027208
S9_52535302,9,52535302,2414,2.80772657382465,0.123082805515734,0.0174418524130085
S9_52817392,9,52817392,2414,-1.07765918642984,0.118227429223375,0.409805319825347
S9_68785274,9,68785274,2414,3.20375238508097,0.131963444561981,0.00611399208090059
S9_69024153,9,69024153,2414,-2.13360103436043,0.100570781303113,0.079450946946659
S9_70377286,9,70377286,2414,-2.046038142104,0.102301450066942,0.0932150152179307
S9_70877809,9,70877809,2414,-1.45411845989051,0.101959422152769,0.25239055087477
S9_70878145,9,70878145,2414,-1.64941936645021,0.101624585209424,0.18592832179662
S9_73101689,9,73101689,2414,4.31809888236028,0.104952815464859,0.00016138538183162
S9_82307557,9,82307557,2414,0.866758403987432,0.10268534020679,0.514880720028288
S9_82881269,9,82881269,2414,3.03703744713668,0.127923626444796,0.00973448059670235
S9_82881561,9,82881561,2414,4.92925000295172,0.156963855902331,1.44114974907828e-05
S9_89588752,9,89588752,2414,-0.394617216979705,0.0924697234015676,0.779001717072427
S9_92794731,9,92794731,2414,4.94969881201489,0.111020752114037,1.33073267293431e-05
S9_93159100,9,93159100,2414,4.57710930051777,0.130903112974314,6.07379204533999e-05
S9_93918483,9,93918483,2414,-2.65925714331849,0.1134701357974,0.0249066177937114
S9_93980807,9,93980807,2414,3.0577171956506,0.119770799028432,0.00921589496460441
S9_96320344,9,96320344,2414,-4.98635420091226,0.155843548705149,1.16029893082009e-05
S9_96749966,9,96749966,2414,2.32701453907905,0.124769269738845,0.0533545943498406
S9_98196670,9,98196670,2414,-3.99330232860508,0.109158155675351,0.000523633567414112
S9_98686714,9,98686714,2414,-3.61160493888968,0.10267667067958,0.0018275951003799
S9_99580960,9,99580960,2414,-3.46989781679858,0.102604563922798,0.00284952255507501
S9_100102144,9,100102144,2414,-2.98618625286022,0.102545765967924,0.0109862031188859
S9_100102169,9,100102169,2414,-2.98618625286022,0.102545765967924,0.0109862031188859
S9_101047446,9,101047446,2414,-0.659522578176725,0.120562163781721,0.62489506999196
S9_101550215,9,101550215,2414,-1.77508121178726,0.119706978867448,0.150387177107188
S9_106076196,9,106076196,2414,0.602443583444384,0.098633911464471,0.659266886848845
S9_108321858,9,108321858,2414,-1.95713335851644,0.0877750296635022,0.108589954207749
S9_108578090,9,108578090,2414,-1.79241347352074,0.136182158423584,0.147097936321903
S9_108578128,9,108578128,2414,-2.69418670454267,0.176305697633716,0.023049041192741
S9_111891095,9,111891095,2414,-4.48010220165092,0.102856306328324,8.55610651074007e-05
S9_115675404,9,115675404,2414,-1.55349467950336,0.120946036850647,0.217630116520012
S9_116220024,9,116220024,2414,-0.418600610453411,0.181984446967301,0.768775474927485
S9_117454544,9,117454544,2414,4.66885987205003,0.101280776354985,4.1917466467744e-05
S9_122125436,9,122125436,2414,-2.11297517171631,0.141755018717304,0.0822342243401927
S9_124773786,9,124773786,2414,0.178668339109682,0.142493616839616,0.901525169791311
S9_126372054,9,126372054,2414,7.04067197800566,0.12574265491108,2.32594346158186e-10
S9_126372093,9,126372093,2414,5.05274285447622,0.130233807817578,8.68766613532793e-06
S9_126374267,9,126374267,2414,5.05274285447622,0.130233807817578,8.68766613532793e-06
S9_127527339,9,127527339,2414,3.35525950650201,0.111530737430491,0.00399675848240599
S9_127789201,9,127789201,2414,1.62597611219002,0.109476241767864,0.192819822395115
S9_128523910,9,128523910,2414,-6.59477806447439,0.148042499242895,3.97838550683536e-09
S9_129481422,9,129481422,2414,3.38123308771862,0.123928873802487,0.00371910885239191
S9_129572300,9,129572300,2414,-0.269723901119841,0.116664740851695,0.851015316663835
S9_129572647,9,129572647,2414,2.15757421498424,0.109241200782921,0.0759313449464494
S9_129874362,9,129874362,2414,2.50235368208052,0.108990350459338,0.0360869896974546
S9_131724992,9,131724992,2414,-0.515358087567882,0.102453437757706,0.709943352793885
S9_133208756,9,133208756,2414,-2.76139718122841,0.119260221441303,0.019680345249046
S9_133319015,9,133319015,2414,-6.18218823479004,0.110216704898487,4.35546458477802e-08
S9_134231118,9,134231118,2414,-3.24767388379643,0.202647018948692,0.0054486833214019
S9_136741591,9,136741591,2414,-2.92717421800441,0.0933555354558796,0.0128845228471211
S9_136741910,9,136741910,2414,-2.13994365765198,0.104029740072836,0.078805899747459
S9_138760923,9,138760923,2414,0.166033563799007,0.111608885524544,0.907805861803019
S9_139489281,9,139489281,2414,-4.22673990153289,0.11889090192302,0.000227170377856291
S9_139489431,9,139489431,2414,-4.77049989551063,0.118673979268002,2.74751615242896e-05
S9_139874801,9,139874801,2414,-4.690467642585,0.117495641353976,3.87478347738588e-05
S9_139876736,9,139876736,2414,-4.66324219128293,0.117500108560509,4.2755050428934e-05
S9_140350405,9,140350405,2414,-0.0521382716301552,0.110945973978779,0.970149463163537
S9_142328045,9,142328045,2414,-0.493131665171357,0.106735535681297,0.721829121108068
S9_142703131,9,142703131,2414,-2.58550071567516,0.0960976658365756,0.0297646537942559
S9_142999534,9,142999534,2414,-0.612746966431182,0.119362822065467,0.65293946205515
S9_143235225,9,143235225,2414,-1.72417114151076,0.0933132057102372,0.164809667883967
S9_143822305,9,143822305,2414,1.08942224340466,0.0997535117061968,0.404781154433399
S9_144225494,9,144225494,2414,-2.47915058494731,0.11624340169519,0.0378543927043283
S9_144690039,9,144690039,2414,-4.16577829835393,0.166313853534795,0.000283979655462888
S9_144834531,9,144834531,2414,-4.70253936886729,0.100185324273391,3.67852277429824e-05
S9_144838478,9,144838478,2414,-3.83127997568631,0.103154918497139,0.000868723165316014
S9_144842802,9,144842802,2414,-5.94225032856337,0.0881853322684432,1.29976998339057e-07
S9_145277076,9,145277076,2414,-3.92430528971962,0.106858371155702,0.000657815181791077
S9_145300797,9,145300797,2414,-4.01680840612588,0.102522688593793,0.000483539167701111
S9_145300931,9,145300931,2414,-3.96699137441045,0.101491192053877,0.000567304130749718
S9_145628125,9,145628125,2414,-4.51729759004936,0.11784531281398,7.47166009116203e-05
S9_145782578,9,145782578,2414,-3.58499154966487,0.114324592413286,0.00199485961670499
S9_145818801,9,145818801,2414,-3.53564711045953,0.112116872207386,0.00232625507019958
S9_145936254,9,145936254,2414,-2.66427016060355,0.132377017704938,0.0245772433150638
S9_146460911,9,146460911,2414,-5.95608828614712,0.167008277354577,1.24861500921002e-07
S9_146582623,9,146582623,2414,-2.99929932212169,0.123057705988997,0.0106654402132134
S9_146910765,9,146910765,2414,0.968417401907394,0.085454426942274,0.464347940359485
S9_146916548,9,146916548,2414,1.40243561152628,0.0851586645283634,0.272600661386349
S9_147969421,9,147969421,2414,-2.32828108932955,0.0856257699580436,0.0533128871242426
S9_149520966,9,149520966,2414,-0.31753742113888,0.111473760858414,0.822754480094377
S9_149709836,9,149709836,2414,-2.4891945985311,0.157243974044093,0.0371282420216557
S9_150739616,9,150739616,2414,-4.80950159506332,0.138315490676062,2.33017302691474e-05
S9_151108069,9,151108069,2414,0.897999591892543,0.0934885465067923,0.500136200433411
S9_151588111,9,151588111,2414,3.56633013178539,0.116167420954859,0.00211769745731012
S9_151732067,9,151732067,2414,2.17919795251458,0.113432981394356,0.0730018007872664
S9_152064276,9,152064276,2414,2.68858402745136,0.116219099572971,0.0232915241980681
S9_152100502,9,152100502,2414,2.18614946061601,0.116622726667514,0.0718946258772079
S9_152231751,9,152231751,2414,1.64356881928354,0.117254592633429,0.18767220919922
S9_153224074,9,153224074,2414,-2.94284795249551,0.130801092904289,0.0123415187612432
S9_153224303,9,153224303,2414,-2.45878071084996,0.100903688651217,0.0397001946978355
S9_153295416,9,153295416,2414,-3.67906470494071,0.135510145321955,0.00147096652148989
S9_153529263,9,153529263,2414,0.980572556352624,0.107698746408788,0.45871561969486
S9_153545049,9,153545049,2414,-2.79705634898718,0.178314718093349,0.0179340738059235
S9_153995457,9,153995457,2414,4.87552208537718,0.10271304304329,1.83213082318751e-05
S9_154334776,9,154334776,2414,-0.311024386599212,0.104354230909668,0.82685417388547
S9_154848234,9,154848234,2414,2.58216473731815,0.131147753659612,0.0300087857418464
S9_155492839,9,155492839,2414,4.3022441245904,0.101783166260907,0.000170833671729055
S9_155493451,9,155493451,2414,4.04453628973846,0.101612351481545,0.000436815738870387
S9_155615428,9,155615428,2414,-0.572308288279824,0.0857859075351649,0.676919375356248
S9_155890855,9,155890855,2414,0.307797660296493,0.12697790798315,0.828935557149663
S9_155919344,9,155919344,2414,-3.20032603168932,0.114456147582443,0.00617350129405599
S10_134011,10,134011,2414,1.86798640177687,0.121460596414236,0.12929327746538
S10_576837,10,576837,2414,-1.72363527391882,0.0857862148615081,0.164842224968468
S10_579988,10,579988,2414,-2.36559452707555,0.0931355193536826,0.0490355510649626
S10_1978209,10,1978209,2414,1.13693104058031,0.0941854856047843,0.380289322421546
S10_1988995,10,1988995,2414,0.813611304941368,0.0972978214925089,0.545418635387625
S10_3535567,10,3535567,2414,-2.07312536557669,0.0926074522160348,0.0887713185488102
S10_4226386,10,4226386,2414,0.879004151759734,0.104968503795154,0.50861562230171
S10_4445207,10,4445207,2414,1.34988150684264,0.0936698046333737,0.292227335620624
S10_4606827,10,4606827,2414,-0.133451981044048,0.0960869042418702,0.926685932055066
S10_9206258,10,9206258,2414,-1.03011693015546,0.0990973621673749,0.43294045102057
S10_11678939,10,11678939,2414,0.0972803230489055,0.105459240921409,0.943113859302479
S10_11726830,10,11726830,2414,1.79587880956007,0.10549260347835,0.146271683997587
S10_13556481,10,13556481,2414,-1.4906559994103,0.0898008682284258,0.238550946313602
S10_14895246,10,14895246,2414,2.31974644835674,0.119921257969827,0.0543245376333689
S10_18758942,10,18758942,2414,2.08800171271171,0.121810651803242,0.0861889458699477
S10_22620592,10,22620592,2414,0.89981495472192,0.104866042350851,0.499483527871902
S10_26017555,10,26017555,2414,0.585438312578667,0.0932919234616246,0.669522560836726
S10_28131693,10,28131693,2414,3.41836943456084,0.0972276749625299,0.00331475798834633
S10_31496633,10,31496633,2414,1.07390685541198,0.0954723579169198,0.411667960351421
S10_34329818,10,34329818,2414,2.5799129808158,0.12733802456348,0.0301601255203214
S10_37516811,10,37516811,2414,0.859978377891644,0.145426059866281,0.518506065828092
S10_40701952,10,40701952,2414,3.13673833350331,0.1058393389475,0.007380764642272
S10_56393777,10,56393777,2414,1.91669734842205,0.0731480659415753,0.117520423219022
S10_57753560,10,57753560,2414,1.65733377725174,0.10698101050782,0.183746637196819
S10_61534784,10,61534784,2414,3.76154784617086,0.108344879697749,0.0011025917418412
S10_67411912,10,67411912,2414,0.768029228793707,0.130408753297913,0.569065279171105
S10_77741095,10,77741095,2414,-3.14165058383245,0.106148117030958,0.00732086359257451
S10_78957561,10,78957561,2414,1.13578720797756,0.118201853756596,0.380588655866711
S10_78959506,10,78959506,2414,1.12323569711151,0.118422271126692,0.387192770371124
S10_78959606,10,78959606,2414,1.81078999741227,0.100004550983496,0.142532598246363
S10_78960438,10,78960438,2414,0.111867317962626,0.117051014650297,0.935627544750705
S10_78966389,10,78966389,2414,1.27520744680241,0.118750008750289,0.319922168321138
S10_80715492,10,80715492,2414,-2.76057437820972,0.115847027238339,0.0196973795127548
S10_81354226,10,81354226,2414,-0.479763055793929,0.111943391564305,0.729537329845975
S10_82019011,10,82019011,2414,1.44500796680843,0.108370592001068,0.255924751669519
S10_82716736,10,82716736,2414,2.16604445114277,0.119906096722453,0.0748328469802082
S10_83314593,10,83314593,2414,-0.832516786073508,0.193028222553806,0.534893448575274
S10_85196318,10,85196318,2414,2.25527754767732,0.0983823615763965,0.0621767764462938
S10_85755281,10,85755281,2414,0.811246303375007,0.107656079060775,0.546135586973381
S10_86710839,10,86710839,2414,1.52675781768081,0.0967689940621759,0.227608034801029
S10_88793097,10,88793097,2414,0.319434424473031,0.0951199891090266,0.821615213102818
S10_90419375,10,90419375,2414,0.753542767541351,0.10327837321515,0.57695000356461
S10_97106903,10,97106903,2414,0.24945414469559,0.103564451930668,0.860688504075982
S10_102234728,10,102234728,2414,3.1756619726937,0.121719080827195,0.0066633213575761
S10_109673528,10,109673528,2414,0.996607026640434,0.123292912519453,0.450042090982304
S10_110777178,10,110777178,2414,2.67155099054759,0.122243035209939,0.0241260677091049
S10_110777396,10,110777396,2414,0.334155040067424,0.123569313975412,0.813205153637197
S10_111491694,10,111491694,2414,-0.709840290716145,0.109874162587405,0.600986437330091
S10_112583610,10,112583610,2414,-1.52233343161947,0.107018095814538,0.228791373999644
S10_114996351,10,114996351,2414,1.62811660246379,0.0877797724383192,0.192369921618532
S10_116328788,10,116328788,2414,1.66395353129642,0.0876105320418122,0.182073556501212
S10_116631409,10,116631409,2414,-0.694017071160207,0.0986092774736178,0.607459693216172
S10_124062077,10,124062077,2414,-1.43156632970705,0.0955672639109661,0.260963168165633
S10_126767342,10,126767342,2414,0.718464681794738,0.0943717924937539,0.595008017733803
S10_128804415,10,128804415,2414,-0.515875881533692,0.0854417750757455,0.709943352793885
S10_129766099,10,129766099,2414,1.77345267699841,0.118551125643177,0.150658050458796
S10_131791443,10,131791443,2414,1.83991699248165,0.100287566482269,0.136032511338404
S10_132069282,10,132069282,2414,-4.20465170079524,0.123079078052299,0.000248126813636049
S10_134595037,10,134595037,2414,0.964737104888732,0.152903400668167,0.466598555065607
S10_134798579,10,134798579,2414,2.43692100684927,0.152063625884829,0.0416610039506993
S10_135868847,10,135868847,2414,0.409866811892216,0.104232730031751,0.77229051216316
S10_136340251,10,136340251,2414,2.50567982417949,0.125504994250307,0.0358514916196748
S10_136476190,10,136476190,2414,-0.565635384113549,0.094616650985142,0.681139462133653
S10_136482943,10,136482943,2414,-0.511689864374626,0.0950785448048167,0.71230247532317
S10_136957021,10,136957021,2414,-2.70270446355191,0.111937748288259,0.0225978769696347
S10_137422024,10,137422024,2414,0.409156804930035,0.123433315514483,0.772430032607382
S10_137623845,10,137623845,2414,-1.32734214625878,0.0941712709623092,0.299537707432554
S10_138915965,10,138915965,2414,-2.9628177757779,0.142279689656695,0.0116834356210342
S10_138916149,10,138916149,2414,-1.79004208476682,0.143454757931902,0.147650376313758
S10_139942865,10,139942865,2414,2.29841635009533,0.150528905298911,0.0570342740388793
S10_139943338,10,139943338,2414,4.71251227820167,0.152873634980194,3.55123276662182e-05
S10_140320829,10,140320829,2414,3.99807503913169,0.157260291508229,0.000517175275811707
S10_140929929,10,140929929,2414,0.324805621093869,0.0915435455938099,0.818025598718334
S10_141762354,10,141762354,2414,1.27914835555067,0.0890577421667344,0.318211824753127
S10_142018900,10,142018900,2414,-0.352547144712553,0.114977839336326,0.802357535306477
S10_143185867,10,143185867,2414,-0.502542887335693,0.154312385836257,0.717364434621596
S10_143185873,10,143185873,2414,-0.502542887335693,0.154312385836257,0.717364434621596
S10_144224453,10,144224453,2414,-1.18991238842082,0.0935925276241755,0.35631281516005
S10_145112713,10,145112713,2414,-4.46675944640192,0.0912716355569934,9.00676458482726e-05
S10_145588552,10,145588552,2414,-5.6010566226457,0.116950588857241,7.403838566327e-07
S10_145607925,10,145607925,2414,-5.95556500873232,0.121405469529831,1.24861500921002e-07
S10_145871698,10,145871698,2414,-5.15710948888544,0.0882060351407572,5.58606668898034e-06
S10_145875510,10,145875510,2414,-3.28423387154779,0.115905623937551,0.00495742309538933
S10_146904768,10,146904768,2414,-1.01507851280495,0.120805551035043,0.440048529928349
S10_146916853,10,146916853,2414,-4.35313677734602,0.116418865349594,0.000140478600247235
S10_146928552,10,146928552,2414,0.0215606780512392,0.120873359753476,0.987049492751511
S10_147173783,10,147173783,2414,-3.62614994970327,0.117850781580721,0.00175329724903945
S10_147282479,10,147282479,2414,2.13097801881023,0.143863826406492,0.0796911132534741
S10_147282490,10,147282490,2414,-0.273903173341296,0.115857003661603,0.849324858721901
S10_147352179,10,147352179,2414,-3.37668117474659,0.116848910430987,0.00376294982281553
S10_148272189,10,148272189,2414,-0.402765504186831,0.120745052677056,0.775189899975265
S10_148510710,10,148510710,2414,-0.355667396871352,0.119742651090019,0.800909347666956
S10_148511076,10,148511076,2414,-0.281604211945322,0.118939195807384,0.846036180965243
S10_149259041,10,149259041,2414,0.533560409613779,0.105484047556052,0.698975030068214
S10_149298931,10,149298931,2414,0.402449605775707,0.121214273103385,0.775189899975265
S10_149394364,10,149394364,2414,-2.52197741960595,0.0933380402302286,0.0345301972992569
S10_149474479,10,149474479,2414,5.2150526720351,0.122320836182141,4.36938345605668e-06
S10_149508570,10,149508570,2414,-1.8609852333311,0.139374750939688,0.13082477525488
S10_149647241,10,149647241,2414,0.99682492620924,0.109258109427887,0.450042090982304
S10_149717807,10,149717807,2414,0.66620362814937,0.11178271866275,0.621869714542019
S10_149851103,10,149851103,2414,-1.33276202820886,0.107910521464896,0.297812907533796
S10_149865723,10,149865723,2414,-0.124524860482129,0.118892576207511,0.931082268918396
S10_150351135,10,150351135,2414,-1.13759367887057,0.13898010612838,0.380151990123278
S10_150646162,10,150646162,2414,4.45407702847572,0.103216069506509,9.25884752848007e-05
S10_150711963,10,150711963,2414,-0.770468878907565,0.112981755081842,0.568554926598192
S10_150733250,10,150733250,2414,-1.89157539035637,0.084839371598286,0.123572988436828
S10_151045975,10,151045975,2414,1.44000501903626,0.088737573521047,0.258137873695737
S10_151157757,10,151157757,2414,-1.6279987879672,0.104816839941753,0.192369921618532
