Taxa,BLUE.N,BLUE.I,QTNs,Group,RefInf,ID,BLUP,PEV,gBreedingValue,Prediction
2369/LH123HT,63.9606323970752,-0.271624704230173,0,1,1,1,0,0,-0.271624704230173,63.689007692845
B14A/H95,63.9606323970752,-0.367136430021362,0,2,1,2,0,0,-0.367136430021362,63.5934959670538
B14A/MO17,63.9606323970752,-0.319616637511648,0,3,1,3,0,0,-0.319616637511648,63.6410157595635
B14A/OH43,63.9606323970752,-0.368352818108115,0,4,1,4,0,0,-0.368352818108115,63.5922795789671
B37/H95,63.9606323970752,-2.33646939727248,0,5,1,5,0,0,-2.33646939727248,61.6241629998027
B37/MO17,63.9606323970752,-2.27301773802186,0,6,1,6,0,0,-2.27301773802186,61.6876146590533
B37/OH43,63.9606323970752,-2.346109613484,0,7,1,7,0,0,-2.346109613484,61.6145227835912
B73/MO17,63.9606323970752,0.0864034115333723,0,8,1,8,0,0,0.0864034115333723,64.0470358086085
B73/PHK76,63.9606323970752,0.0408282311536596,0,9,1,9,0,0,0.0408282311536596,64.0014606282288
B73/PHM49,63.9606323970752,0.0408282311536596,0,10,1,10,0,0,0.0408282311536596,64.0014606282288
B73/PHN82,63.9606323970752,0.0386424567399288,0,11,1,11,0,0,0.0386424567399288,63.9992748538151
B73/PHZ51,63.9606323970752,0.0408282311536596,0,12,1,12,0,0,0.0408282311536596,64.0014606282288
B73/TX779,63.9606323970752,0.0622994872002036,0,13,1,13,0,0,0.0622994872002036,64.0229318842754
CG108/CGR03,63.9606323970752,-1.13264826066042,0,14,1,14,0,0,-1.13264826066042,62.8279841364148
CG118/CGR01,63.9606323970752,-0.507760250745028,0,15,1,15,0,0,-0.507760250745028,63.4528721463301
CG119/CG108,63.9606323970752,-0.745884882559714,0,16,1,16,0,0,-0.745884882559714,63.2147475145155
CG120/CG123,63.9606323970752,-0.57980974396436,0,17,1,17,0,0,-0.57980974396436,63.3808226531108
CG120/DK3IIH6,63.9606323970752,-0.587131556093795,0,18,1,18,0,0,-0.587131556093795,63.3735008409814
CG120/LH162,63.9606323970752,-0.586573989678325,0,19,1,19,0,0,-0.586573989678325,63.3740584073968
CG120/LH185,63.9606323970752,-0.58194955336708,0,20,1,20,0,0,-0.58194955336708,63.3786828437081
CG120/LH82,63.9606323970752,-0.575815221114474,0,21,1,21,0,0,-0.575815221114474,63.3848171759607
CG120/PHK05,63.9606323970752,-0.58194955336708,0,22,1,22,0,0,-0.58194955336708,63.3786828437081
CG120/PHK56,63.9606323970752,-0.576305258468085,0,23,1,23,0,0,-0.576305258468085,63.3843271386071
CG120/PHR25,63.9606323970752,-0.581702694720089,0,24,1,24,0,0,-0.581702694720089,63.3789297023551
CG120/PHW03,63.9606323970752,-0.57980974396436,0,25,1,25,0,0,-0.57980974396436,63.3808226531108
CG120/PHZ51,63.9606323970752,-0.58194955336708,0,26,1,26,0,0,-0.58194955336708,63.3786828437081
CG123/LH145,63.9606323970752,-0.752335378153166,0,27,1,27,0,0,-0.752335378153166,63.208297018922
CG123/PHB47,63.9606323970752,-0.757977569695181,0,28,1,28,0,0,-0.757977569695181,63.20265482738
CG123/PHHV4,63.9606323970752,-0.750843962422158,0,29,1,29,0,0,-0.750843962422158,63.209788434653
CG123/PHRE1,63.9606323970752,-0.721578548619697,0,30,1,30,0,0,-0.721578548619697,63.2390538484555
CG123/S8324,63.9606323970752,-0.757977569695181,0,31,1,31,0,0,-0.757977569695181,63.20265482738
CG124/CG120,63.9606323970752,-0.296836015107094,0,32,1,32,0,0,-0.296836015107094,63.6637963819681
CG124/LH145,63.9606323970752,-0.296836015107094,0,33,1,33,0,0,-0.296836015107094,63.6637963819681
CG124/PHB47,63.9606323970752,-0.296836015107094,0,34,1,34,0,0,-0.296836015107094,63.6637963819681
CG124/PHHV4,63.9606323970752,-0.296921873093777,0,35,1,35,0,0,-0.296921873093777,63.6637105239814
CG124/PHRE1,63.9606323970752,-0.268264571031141,0,36,1,36,0,0,-0.268264571031141,63.692367826044
CG124/S8324,63.9606323970752,-0.297481194291266,0,37,1,37,0,0,-0.297481194291266,63.6631512027839
CG44/CGR01,63.9606323970752,-1.18612321728326,0,38,1,38,0,0,-1.18612321728326,62.7745091797919
CG60/LH162,63.9606323970752,-1.15533094401898,0,39,1,39,0,0,-1.15533094401898,62.8053014530562
CG60/LH82,63.9606323970752,-1.14919661176638,0,40,1,40,0,0,-1.14919661176638,62.8114357853088
CGR01/LH82,63.9606323970752,-0.628375742407868,0,41,1,41,0,0,-0.628375742407868,63.3322566546673
DK3IIH6/PHRE1,63.9606323970752,-0.612262847679596,0,42,1,42,0,0,-0.612262847679596,63.3483695493956
DK3IIH6/S8324,63.9606323970752,-0.628709900007098,0,43,1,43,0,0,-0.628709900007098,63.3319224970681
F42/H95,63.9606323970752,0.0334635108063306,0,44,1,44,0,0,0.0334635108063306,63.9940959078815
F42/MO17,63.9606323970752,0.0785381988041378,0,45,1,45,0,0,0.0785381988041378,64.0391705958793
F42/OH43,63.9606323970752,0.0378034562749097,0,46,1,46,0,0,0.0378034562749097,63.9984358533501
LH132/TX779,63.9606323970752,-0.292202307539279,0,47,1,47,0,0,-0.292202307539279,63.6684300895359
LH145/DK3IIH6,63.9606323970752,-0.754190060497254,0,48,1,48,0,0,-0.754190060497254,63.2064423365779
LH145/LH162,63.9606323970752,-0.7588144968085,0,49,1,49,0,0,-0.7588144968085,63.2018179002667
LH145/LH185,63.9606323970752,-0.743641158505617,0,50,1,50,0,0,-0.743641158505617,63.2169912385696
LH145/LH82,63.9606323970752,-0.747496074297424,0,51,1,51,0,0,-0.747496074297424,63.2131363227777
LH145/PHK05,63.9606323970752,-0.754190060497254,0,52,1,52,0,0,-0.754190060497254,63.2064423365779
LH145/PHR25,63.9606323970752,-0.754190060497254,0,53,1,53,0,0,-0.754190060497254,63.2064423365779
LH145/PHZ51,63.9606323970752,-0.754190060497254,0,54,1,54,0,0,-0.754190060497254,63.2064423365779
LH162/PHB47,63.9606323970752,-0.747923711047946,0,55,1,55,0,0,-0.747923711047946,63.2127086860272
LH185/PHB47,63.9606323970752,-0.636878257622062,0,56,1,56,0,0,-0.636878257622062,63.3237541394531
LH185/PHRE1,63.9606323970752,-0.611080416179638,0,57,1,57,0,0,-0.611080416179638,63.3495519808955
LH185/S8324,63.9606323970752,-0.63647273823781,0,58,1,58,0,0,-0.63647273823781,63.3241596588374
LH195/MO17,63.9606323970752,-0.412213171808368,0,59,1,59,0,0,-0.412213171808368,63.5484192252668
LH195/PHK76,63.9606323970752,-0.461229453172784,0,60,1,60,0,0,-0.461229453172784,63.4994029439024
LH195/PHN11,63.9606323970752,-0.435739691510368,0,61,1,61,0,0,-0.435739691510368,63.5248927055648
LH195/PHN82,63.9606323970752,-0.463415227586516,0,62,1,62,0,0,-0.463415227586516,63.4972171694887
LH195/PHZ51,63.9606323970752,-0.461229453172784,0,63,1,63,0,0,-0.461229453172784,63.4994029439024
LH244/MO17,63.9606323970752,-0.33249986886322,0,64,1,64,0,0,-0.33249986886322,63.6281325282119
LH244/PHK76,63.9606323970752,-0.387228985850674,0,65,1,65,0,0,-0.387228985850674,63.5734034112245
LH244/PHN82,63.9606323970752,-0.389414760264406,0,66,1,66,0,0,-0.389414760264406,63.5712176368108
LH244/PHZ51,63.9606323970752,-0.387228985850674,0,67,1,67,0,0,-0.387228985850674,63.5734034112245
LH74/PHN82,63.9606323970752,-0.157500200162185,0,68,1,68,0,0,-0.157500200162185,63.803132196913
LH82/PHB47,63.9606323970752,-0.4045044850026,0,69,1,69,0,0,-0.4045044850026,63.5561279120726
LH82/PHHV4,63.9606323970752,-0.39549900960171,0,70,1,70,0,0,-0.39549900960171,63.5651333874735
LH82/PHRE1,63.9606323970752,-0.374539505297909,0,71,1,71,0,0,-0.374539505297909,63.5860928917773
LH82/S8324,63.9606323970752,-0.402364675599881,0,72,1,72,0,0,-0.402364675599881,63.5582677214753
LH82/TX779,63.9606323970752,-0.396328289474343,0,73,1,73,0,0,-0.396328289474343,63.5643041076008
MO44/LH195,63.9606323970752,0.762061272914822,0,74,1,74,0,0,0.762061272914822,64.72269366999
MO44/PHT69,63.9606323970752,0.762061272914822,0,75,1,75,0,0,0.762061272914822,64.72269366999
MO44_PHW65_0001/LH195,63.9606323970752,1.77153137883071,0,76,1,76,0,0,1.77153137883071,65.7321637759059
MO44_PHW65_0001/PHT69,63.9606323970752,1.77153137883071,0,77,1,77,0,0,1.77153137883071,65.7321637759059
MO44_PHW65_0009/LH195,63.9606323970752,1.81340240494866,0,78,1,78,0,0,1.81340240494866,65.7740348020238
MO44_PHW65_0009/PHT69,63.9606323970752,1.81340240494866,0,79,1,79,0,0,1.81340240494866,65.7740348020238
MO44_PHW65_0010/PHT69,63.9606323970752,1.3989563040499,0,80,1,80,0,0,1.3989563040499,65.3595887011251
MO44_PHW65_0012/LH195,63.9606323970752,1.31365011895316,0,81,1,81,0,0,1.31365011895316,65.2742825160283
MO44_PHW65_0012/PHT69,63.9606323970752,1.31365011895316,0,82,1,82,0,0,1.31365011895316,65.2742825160283
MO44_PHW65_0015/LH195,63.9606323970752,2.05835962817368,0,83,1,83,0,0,2.05835962817368,66.0189920252489
MO44_PHW65_0015/PHT69,63.9606323970752,2.05835962817368,0,84,1,84,0,0,2.05835962817368,66.0189920252489
MO44_PHW65_0017/LH195,63.9606323970752,2.0017665434905,0,85,1,85,0,0,2.0017665434905,65.9623989405657
MO44_PHW65_0017/PHT69,63.9606323970752,2.0017665434905,0,86,1,86,0,0,2.0017665434905,65.9623989405657
MO44_PHW65_0020/LH195,63.9606323970752,1.9061470004532,0,87,1,87,0,0,1.9061470004532,65.8667793975284
MO44_PHW65_0020/PHT69,63.9606323970752,1.9061470004532,0,88,1,88,0,0,1.9061470004532,65.8667793975284
MO44_PHW65_0023/LH195,63.9606323970752,1.75582216099498,0,89,1,89,0,0,1.75582216099498,65.7164545580702
MO44_PHW65_0023/PHT69,63.9606323970752,1.75582216099498,0,90,1,90,0,0,1.75582216099498,65.7164545580702
MO44_PHW65_0024/LH195,63.9606323970752,1.76151663376048,0,91,1,91,0,0,1.76151663376048,65.7221490308357
MO44_PHW65_0024/PHT69,63.9606323970752,1.76151663376048,0,92,1,92,0,0,1.76151663376048,65.7221490308357
MO44_PHW65_0025/LH195,63.9606323970752,1.88478360232237,0,93,1,93,0,0,1.88478360232237,65.8454159993975
MO44_PHW65_0025/PHT69,63.9606323970752,1.88478360232237,0,94,1,94,0,0,1.88478360232237,65.8454159993975
MO44_PHW65_0027/LH195,63.9606323970752,1.96206899385416,0,95,1,95,0,0,1.96206899385416,65.9227013909293
MO44_PHW65_0027/PHT69,63.9606323970752,1.96206899385416,0,96,1,96,0,0,1.96206899385416,65.9227013909293
MO44_PHW65_0029/LH195,63.9606323970752,1.96431569717154,0,97,1,97,0,0,1.96431569717154,65.9249480942467
MO44_PHW65_0029/PHT69,63.9606323970752,1.96431569717154,0,98,1,98,0,0,1.96431569717154,65.9249480942467
MO44_PHW65_0031/LH195,63.9606323970752,1.8828852256451,0,99,1,99,0,0,1.8828852256451,65.8435176227203
MO44_PHW65_0031/PHT69,63.9606323970752,1.8828852256451,0,100,1,100,0,0,1.8828852256451,65.8435176227203
MO44_PHW65_0033/LH195,63.9606323970752,1.93194301297263,0,101,1,101,0,0,1.93194301297263,65.8925754100478
MO44_PHW65_0033/PHT69,63.9606323970752,1.93194301297263,0,102,1,102,0,0,1.93194301297263,65.8925754100478
MO44_PHW65_0034/LH195,63.9606323970752,1.91821857748983,0,103,1,103,0,0,1.91821857748983,65.878850974565
MO44_PHW65_0034/PHT69,63.9606323970752,1.91821857748983,0,104,1,104,0,0,1.91821857748983,65.878850974565
MO44_PHW65_0035/LH195,63.9606323970752,0.925911850125572,0,105,1,105,0,0,0.925911850125572,64.8865442472007
MO44_PHW65_0035/PHT69,63.9606323970752,0.942705366769919,0,106,1,106,0,0,0.942705366769919,64.9033377638451
MO44_PHW65_0036/LH195,63.9606323970752,1.87096536004659,0,107,1,107,0,0,1.87096536004659,65.8315977571218
MO44_PHW65_0036/PHT69,63.9606323970752,1.87096536004659,0,108,1,108,0,0,1.87096536004659,65.8315977571218
MO44_PHW65_0037/LH195,63.9606323970752,1.40302433457175,0,109,1,109,0,0,1.40302433457175,65.3636567316469
MO44_PHW65_0037/PHT69,63.9606323970752,1.40302433457175,0,110,1,110,0,0,1.40302433457175,65.3636567316469
MO44_PHW65_0042/LH195,63.9606323970752,1.44346760532767,0,111,1,111,0,0,1.44346760532767,65.4041000024028
MO44_PHW65_0042/PHT69,63.9606323970752,1.44346760532767,0,112,1,112,0,0,1.44346760532767,65.4041000024028
MO44_PHW65_0048/LH195,63.9606323970752,1.59064223841796,0,113,1,113,0,0,1.59064223841796,65.5512746354931
MO44_PHW65_0048/PHT69,63.9606323970752,1.59064223841796,0,114,1,114,0,0,1.59064223841796,65.5512746354931
MO44_PHW65_0050/LH195,63.9606323970752,1.7386401273763,0,115,1,115,0,0,1.7386401273763,65.6992725244515
MO44_PHW65_0050/PHT69,63.9606323970752,1.7386401273763,0,116,1,116,0,0,1.7386401273763,65.6992725244515
MO44_PHW65_0052/LH195,63.9606323970752,1.64608398113065,0,117,1,117,0,0,1.64608398113065,65.6067163782058
MO44_PHW65_0052/PHT69,63.9606323970752,1.64608398113065,0,118,1,118,0,0,1.64608398113065,65.6067163782058
MO44_PHW65_0056/LH195,63.9606323970752,1.14654098644542,0,119,1,119,0,0,1.14654098644542,65.1071733835206
MO44_PHW65_0056/PHT69,63.9606323970752,1.14654098644542,0,120,1,120,0,0,1.14654098644542,65.1071733835206
MO44_PHW65_0060/LH195,63.9606323970752,1.91963209470791,0,121,1,121,0,0,1.91963209470791,65.8802644917831
MO44_PHW65_0060/PHT69,63.9606323970752,1.91963209470791,0,122,1,122,0,0,1.91963209470791,65.8802644917831
MO44_PHW65_0063/LH195,63.9606323970752,1.9442569679522,0,123,1,123,0,0,1.9442569679522,65.9048893650274
MO44_PHW65_0063/PHT69,63.9606323970752,1.9442569679522,0,124,1,124,0,0,1.9442569679522,65.9048893650274
MO44_PHW65_0067/LH195,63.9606323970752,1.64997012807668,0,125,1,125,0,0,1.64997012807668,65.6106025251518
MO44_PHW65_0067/PHT69,63.9606323970752,1.64997012807668,0,126,1,126,0,0,1.64997012807668,65.6106025251518
MO44_PHW65_0068/LH195,63.9606323970752,1.62596578907571,0,127,1,127,0,0,1.62596578907571,65.5865981861509
MO44_PHW65_0068/PHT69,63.9606323970752,1.62596578907571,0,128,1,128,0,0,1.62596578907571,65.5865981861509
MO44_PHW65_0069/LH195,63.9606323970752,1.74597884338972,0,129,1,129,0,0,1.74597884338972,65.7066112404649
MO44_PHW65_0069/PHT69,63.9606323970752,1.74597884338972,0,130,1,130,0,0,1.74597884338972,65.7066112404649
MO44_PHW65_0073/LH195,63.9606323970752,1.90724158554982,0,131,1,131,0,0,1.90724158554982,65.867873982625
MO44_PHW65_0073/PHT69,63.9606323970752,1.90724158554982,0,132,1,132,0,0,1.90724158554982,65.867873982625
MO44_PHW65_0074/LH195,63.9606323970752,1.5102310495356,0,133,1,133,0,0,1.5102310495356,65.4708634466108
MO44_PHW65_0074/PHT69,63.9606323970752,1.5102310495356,0,134,1,134,0,0,1.5102310495356,65.4708634466108
MO44_PHW65_0080/LH195,63.9606323970752,1.76750664844013,0,135,1,135,0,0,1.76750664844013,65.7281390455153
MO44_PHW65_0080/PHT69,63.9606323970752,1.76750664844013,0,136,1,136,0,0,1.76750664844013,65.7281390455153
MO44_PHW65_0083/LH195,63.9606323970752,1.69422947783888,0,137,1,137,0,0,1.69422947783888,65.6548618749141
MO44_PHW65_0083/PHT69,63.9606323970752,1.69422947783888,0,138,1,138,0,0,1.69422947783888,65.6548618749141
MO44_PHW65_0084/LH195,63.9606323970752,2.05725352246089,0,139,1,139,0,0,2.05725352246089,66.0178859195361
MO44_PHW65_0084/PHT69,63.9606323970752,2.05725352246089,0,140,1,140,0,0,2.05725352246089,66.0178859195361
MO44_PHW65_0092/LH195,63.9606323970752,1.78534640099763,0,141,1,141,0,0,1.78534640099763,65.7459787980728
MO44_PHW65_0092/PHT69,63.9606323970752,1.78534640099763,0,142,1,142,0,0,1.78534640099763,65.7459787980728
MO44_PHW65_0093/LH195,63.9606323970752,1.75171932656999,0,143,1,143,0,0,1.75171932656999,65.7123517236452
MO44_PHW65_0093/PHT69,63.9606323970752,1.75171932656999,0,144,1,144,0,0,1.75171932656999,65.7123517236452
MO44_PHW65_0098/LH195,63.9606323970752,1.53902786808401,0,145,1,145,0,0,1.53902786808401,65.4996602651592
MO44_PHW65_0098/PHT69,63.9606323970752,1.53902786808401,0,146,1,146,0,0,1.53902786808401,65.4996602651592
MO44_PHW65_0099/LH195,63.9606323970752,1.68548688604001,0,147,1,147,0,0,1.68548688604001,65.6461192831152
MO44_PHW65_0099/PHT69,63.9606323970752,1.68548688604001,0,148,1,148,0,0,1.68548688604001,65.6461192831152
MO44_PHW65_0102/LH195,63.9606323970752,1.73198135427565,0,149,1,149,0,0,1.73198135427565,65.6926137513508
MO44_PHW65_0103/LH195,63.9606323970752,1.54302162521608,0,150,1,150,0,0,1.54302162521608,65.5036540222913
MO44_PHW65_0103/PHT69,63.9606323970752,1.54302162521608,0,151,1,151,0,0,1.54302162521608,65.5036540222913
MO44_PHW65_0104/LH195,63.9606323970752,1.67611990224215,0,152,1,152,0,0,1.67611990224215,65.6367522993173
MO44_PHW65_0104/PHT69,63.9606323970752,1.67611990224215,0,153,1,153,0,0,1.67611990224215,65.6367522993173
MO44_PHW65_0105/LH195,63.9606323970752,1.94319584036408,0,154,1,154,0,0,1.94319584036408,65.9038282374393
MO44_PHW65_0105/PHT69,63.9606323970752,1.94319584036408,0,155,1,155,0,0,1.94319584036408,65.9038282374393
MO44_PHW65_0111/LH195,63.9606323970752,1.77997265902903,0,156,1,156,0,0,1.77997265902903,65.7406050561042
MO44_PHW65_0111/PHT69,63.9606323970752,1.77997265902903,0,157,1,157,0,0,1.77997265902903,65.7406050561042
MO44_PHW65_0113/LH195,63.9606323970752,0.0540042143629537,0,158,1,158,0,0,0.0540042143629537,64.0146366114381
MO44_PHW65_0113/PHT69,63.9606323970752,0.0559069440445383,0,159,1,159,0,0,0.0559069440445383,64.0165393411197
MO44_PHW65_0115/LH195,63.9606323970752,1.81720930050158,0,160,1,160,0,0,1.81720930050158,65.7778416975767
MO44_PHW65_0115/PHT69,63.9606323970752,1.81720930050158,0,161,1,161,0,0,1.81720930050158,65.7778416975767
MO44_PHW65_0116/LH195,63.9606323970752,1.65495488058386,0,162,1,162,0,0,1.65495488058386,65.615587277659
MO44_PHW65_0116/PHT69,63.9606323970752,1.65495488058386,0,163,1,163,0,0,1.65495488058386,65.615587277659
MO44_PHW65_0118/LH195,63.9606323970752,1.71999973216947,0,164,1,164,0,0,1.71999973216947,65.6806321292446
MO44_PHW65_0118/PHT69,63.9606323970752,1.71999973216947,0,165,1,165,0,0,1.71999973216947,65.6806321292446
MO44_PHW65_0120/LH195,63.9606323970752,1.66123186679319,0,166,1,166,0,0,1.66123186679319,65.6218642638684
MO44_PHW65_0120/PHT69,63.9606323970752,1.66123186679319,0,167,1,167,0,0,1.66123186679319,65.6218642638684
MO44_PHW65_0121/LH195,63.9606323970752,1.67843265092309,0,168,1,168,0,0,1.67843265092309,65.6390650479983
MO44_PHW65_0121/PHT69,63.9606323970752,1.67843265092309,0,169,1,169,0,0,1.67843265092309,65.6390650479983
MO44_PHW65_0128/LH195,63.9606323970752,1.48832689938918,0,170,1,170,0,0,1.48832689938918,65.4489592964644
MO44_PHW65_0128/PHT69,63.9606323970752,1.48832689938918,0,171,1,171,0,0,1.48832689938918,65.4489592964644
MO44_PHW65_0134/LH195,63.9606323970752,1.96552019626594,0,172,1,172,0,0,1.96552019626594,65.9261525933411
MO44_PHW65_0134/PHT69,63.9606323970752,1.96552019626594,0,173,1,173,0,0,1.96552019626594,65.9261525933411
MO44_PHW65_0135/LH195,63.9606323970752,1.71658668393615,0,174,1,174,0,0,1.71658668393615,65.6772190810113
MO44_PHW65_0135/PHT69,63.9606323970752,1.71658668393615,0,175,1,175,0,0,1.71658668393615,65.6772190810113
MO44_PHW65_0136/LH195,63.9606323970752,1.78077204222267,0,176,1,176,0,0,1.78077204222267,65.7414044392978
MO44_PHW65_0136/PHT69,63.9606323970752,1.78077204222267,0,177,1,177,0,0,1.78077204222267,65.7414044392978
MO44_PHW65_0139/LH195,63.9606323970752,1.58747411728938,0,178,1,178,0,0,1.58747411728938,65.5481065143646
MO44_PHW65_0139/PHT69,63.9606323970752,1.58747411728938,0,179,1,179,0,0,1.58747411728938,65.5481065143646
MO44_PHW65_0140/LH195,63.9606323970752,1.85708471474326,0,180,1,180,0,0,1.85708471474326,65.8177171118184
MO44_PHW65_0140/PHT69,63.9606323970752,1.85708471474326,0,181,1,181,0,0,1.85708471474326,65.8177171118184
MO44_PHW65_0144/LH195,63.9606323970752,1.74584375094896,0,182,1,182,0,0,1.74584375094896,65.7064761480241
MO44_PHW65_0144/PHT69,63.9606323970752,1.74584375094896,0,183,1,183,0,0,1.74584375094896,65.7064761480241
MO44_PHW65_0145/LH195,63.9606323970752,1.84560734004489,0,184,1,184,0,0,1.84560734004489,65.8062397371201
MO44_PHW65_0145/PHT69,63.9606323970752,1.84560734004489,0,185,1,185,0,0,1.84560734004489,65.8062397371201
MO44_PHW65_0147/LH195,63.9606323970752,1.60643227327583,0,186,1,186,0,0,1.60643227327583,65.567064670351
MO44_PHW65_0147/PHT69,63.9606323970752,1.60643227327583,0,187,1,187,0,0,1.60643227327583,65.567064670351
MO44_PHW65_0150/LH195,63.9606323970752,2.02767634315245,0,188,1,188,0,0,2.02767634315245,65.9883087402276
MO44_PHW65_0150/PHT69,63.9606323970752,2.02767634315245,0,189,1,189,0,0,2.02767634315245,65.9883087402276
MO44_PHW65_0151/LH195,63.9606323970752,1.95971410754955,0,190,1,190,0,0,1.95971410754955,65.9203465046247
MO44_PHW65_0151/PHT69,63.9606323970752,1.95971410754955,0,191,1,191,0,0,1.95971410754955,65.9203465046247
MO44_PHW65_0154/LH195,63.9606323970752,1.5816037515656,0,192,1,192,0,0,1.5816037515656,65.5422361486408
MO44_PHW65_0154/PHT69,63.9606323970752,1.5816037515656,0,193,1,193,0,0,1.5816037515656,65.5422361486408
MO44_PHW65_0155/LH195,63.9606323970752,1.49386375235924,0,194,1,194,0,0,1.49386375235924,65.4544961494344
MO44_PHW65_0155/PHT69,63.9606323970752,1.49386375235924,0,195,1,195,0,0,1.49386375235924,65.4544961494344
MO44_PHW65_0157/LH195,63.9606323970752,1.69241242471317,0,196,1,196,0,0,1.69241242471317,65.6530448217883
MO44_PHW65_0157/PHT69,63.9606323970752,1.69241242471317,0,197,1,197,0,0,1.69241242471317,65.6530448217883
MO44_PHW65_0159/LH195,63.9606323970752,1.55851222055223,0,198,1,198,0,0,1.55851222055223,65.5191446176274
MO44_PHW65_0159/PHT69,63.9606323970752,1.55851222055223,0,199,1,199,0,0,1.55851222055223,65.5191446176274
MO44_PHW65_0160/LH195,63.9606323970752,1.68538340288405,0,200,1,200,0,0,1.68538340288405,65.6460157999592
MO44_PHW65_0160/PHT69,63.9606323970752,1.68538340288405,0,201,1,201,0,0,1.68538340288405,65.6460157999592
MO44_PHW65_0163/LH195,63.9606323970752,1.64261962583527,0,202,1,202,0,0,1.64261962583527,65.6032520229105
MO44_PHW65_0163/PHT69,63.9606323970752,1.64261962583527,0,203,1,203,0,0,1.64261962583527,65.6032520229105
MO44_PHW65_0164/LH195,63.9606323970752,1.67813931861241,0,204,1,204,0,0,1.67813931861241,65.6387717156876
MO44_PHW65_0164/PHT69,63.9606323970752,1.67813931861241,0,205,1,205,0,0,1.67813931861241,65.6387717156876
MO44_PHW65_0165/LH195,63.9606323970752,1.71654969291981,0,206,1,206,0,0,1.71654969291981,65.677182089995
MO44_PHW65_0165/PHT69,63.9606323970752,1.71654969291981,0,207,1,207,0,0,1.71654969291981,65.677182089995
MO44_PHW65_0166/LH195,63.9606323970752,1.71394737234989,0,208,1,208,0,0,1.71394737234989,65.6745797694251
MO44_PHW65_0166/PHT69,63.9606323970752,1.71394737234989,0,209,1,209,0,0,1.71394737234989,65.6745797694251
MO44_PHW65_0167/LH195,63.9606323970752,1.58901105719346,0,210,1,210,0,0,1.58901105719346,65.5496434542686
MO44_PHW65_0167/PHT69,63.9606323970752,1.58901105719346,0,211,1,211,0,0,1.58901105719346,65.5496434542686
MO44_PHW65_0168/LH195,63.9606323970752,1.84800616863912,0,212,1,212,0,0,1.84800616863912,65.8086385657143
MO44_PHW65_0168/PHT69,63.9606323970752,1.84800616863912,0,213,1,213,0,0,1.84800616863912,65.8086385657143
MO44_PHW65_0171/LH195,63.9606323970752,1.98189831304639,0,214,1,214,0,0,1.98189831304639,65.9425307101216
MO44_PHW65_0171/PHT69,63.9606323970752,1.98189831304639,0,215,1,215,0,0,1.98189831304639,65.9425307101216
MO44_PHW65_0174/LH195,63.9606323970752,1.33162780658149,0,216,1,216,0,0,1.33162780658149,65.2922602036567
MO44_PHW65_0174/PHT69,63.9606323970752,1.33162780658149,0,217,1,217,0,0,1.33162780658149,65.2922602036567
MO44_PHW65_0175/LH195,63.9606323970752,1.96574373002969,0,218,1,218,0,0,1.96574373002969,65.9263761271049
MO44_PHW65_0175/PHT69,63.9606323970752,1.96574373002969,0,219,1,219,0,0,1.96574373002969,65.9263761271049
MO44_PHW65_0176/LH195,63.9606323970752,1.70738294713025,0,220,1,220,0,0,1.70738294713025,65.6680153442054
MO44_PHW65_0176/PHT69,63.9606323970752,1.70738294713025,0,221,1,221,0,0,1.70738294713025,65.6680153442054
MO44_PHW65_0177/LH195,63.9606323970752,1.83854594698219,0,222,1,222,0,0,1.83854594698219,65.7991783440574
MO44_PHW65_0177/PHT69,63.9606323970752,1.83854594698219,0,223,1,223,0,0,1.83854594698219,65.7991783440574
MO44_PHW65_0178/LH195,63.9606323970752,1.64283434948491,0,224,1,224,0,0,1.64283434948491,65.6034667465601
MO44_PHW65_0178/PHT69,63.9606323970752,1.64283434948491,0,225,1,225,0,0,1.64283434948491,65.6034667465601
MO44_PHW65_0179/LH195,63.9606323970752,1.78165930652448,0,226,1,226,0,0,1.78165930652448,65.7422917035997
MO44_PHW65_0179/PHT69,63.9606323970752,1.78165930652448,0,227,1,227,0,0,1.78165930652448,65.7422917035997
MO44_PHW65_0180/LH195,63.9606323970752,1.81212080585205,0,228,1,228,0,0,1.81212080585205,65.7727532029272
MO44_PHW65_0180/PHT69,63.9606323970752,1.81212080585205,0,229,1,229,0,0,1.81212080585205,65.7727532029272
MO44_PHW65_0184/LH195,63.9606323970752,1.54522116340695,0,230,1,230,0,0,1.54522116340695,65.5058535604821
MO44_PHW65_0184/PHT69,63.9606323970752,1.54522116340695,0,231,1,231,0,0,1.54522116340695,65.5058535604821
MO44_PHW65_0185/LH195,63.9606323970752,1.69594240053664,0,232,1,232,0,0,1.69594240053664,65.6565747976118
MO44_PHW65_0185/PHT69,63.9606323970752,1.69594240053664,0,233,1,233,0,0,1.69594240053664,65.6565747976118
MO44_PHW65_0187/LH195,63.9606323970752,1.60939114325826,0,234,1,234,0,0,1.60939114325826,65.5700235403334
MO44_PHW65_0187/PHT69,63.9606323970752,1.60939114325826,0,235,1,235,0,0,1.60939114325826,65.5700235403334
MO44_PHW65_0188/LH195,63.9606323970752,1.82566845743317,0,236,1,236,0,0,1.82566845743317,65.7863008545083
MO44_PHW65_0188/PHT69,63.9606323970752,1.82566845743317,0,237,1,237,0,0,1.82566845743317,65.7863008545083
MO44_PHW65_0189/LH195,63.9606323970752,1.6290578570509,0,238,1,238,0,0,1.6290578570509,65.5896902541261
MO44_PHW65_0189/PHT69,63.9606323970752,1.6290578570509,0,239,1,239,0,0,1.6290578570509,65.5896902541261
MO44_PHW65_0191/LH195,63.9606323970752,1.77274015342549,0,240,1,240,0,0,1.77274015342549,65.7333725505007
MO44_PHW65_0191/PHT69,63.9606323970752,1.77274015342549,0,241,1,241,0,0,1.77274015342549,65.7333725505007
MO44_PHW65_0193/LH195,63.9606323970752,1.1612055937679,0,242,1,242,0,0,1.1612055937679,65.1218379908431
MO44_PHW65_0193/PHT69,63.9606323970752,1.16310832344948,0,243,1,243,0,0,1.16310832344948,65.1237407205247
MO44_PHW65_0195/LH195,63.9606323970752,1.86004041660472,0,244,1,244,0,0,1.86004041660472,65.8206728136799
MO44_PHW65_0195/PHT69,63.9606323970752,1.86004041660472,0,245,1,245,0,0,1.86004041660472,65.8206728136799
MO44_PHW65_0200/LH195,63.9606323970752,1.79560353707969,0,246,1,246,0,0,1.79560353707969,65.7562359341549
MO44_PHW65_0200/PHT69,63.9606323970752,1.79560353707969,0,247,1,247,0,0,1.79560353707969,65.7562359341549
MO44_PHW65_0203/LH195,63.9606323970752,1.67892808534152,0,248,1,248,0,0,1.67892808534152,65.6395604824167
MO44_PHW65_0203/PHT69,63.9606323970752,1.67892808534152,0,249,1,249,0,0,1.67892808534152,65.6395604824167
MO44_PHW65_0207/LH195,63.9606323970752,1.61004350478571,0,250,1,250,0,0,1.61004350478571,65.5706759018609
MO44_PHW65_0207/PHT69,63.9606323970752,1.61004350478571,0,251,1,251,0,0,1.61004350478571,65.5706759018609
MO44_PHW65_0210/LH195,63.9606323970752,1.49677422930208,0,252,1,252,0,0,1.49677422930208,65.4574066263772
MO44_PHW65_0210/PHT69,63.9606323970752,1.49677422930208,0,253,1,253,0,0,1.49677422930208,65.4574066263772
MO44_PHW65_0214/LH195,63.9606323970752,1.66556995429905,0,254,1,254,0,0,1.66556995429905,65.6262023513742
MO44_PHW65_0214/PHT69,63.9606323970752,1.66556995429905,0,255,1,255,0,0,1.66556995429905,65.6262023513742
MO44_PHW65_0217/LH195,63.9606323970752,1.75070774715177,0,256,1,256,0,0,1.75070774715177,65.7113401442269
MO44_PHW65_0217/PHT69,63.9606323970752,1.75070774715177,0,257,1,257,0,0,1.75070774715177,65.7113401442269
MO44_PHW65_0218/LH195,63.9606323970752,1.78431000936969,0,258,1,258,0,0,1.78431000936969,65.7449424064449
MO44_PHW65_0218/PHT69,63.9606323970752,1.78431000936969,0,259,1,259,0,0,1.78431000936969,65.7449424064449
MO44_PHW65_0220/LH195,63.9606323970752,1.85135571138777,0,260,1,260,0,0,1.85135571138777,65.8119881084629
MO44_PHW65_0220/PHT69,63.9606323970752,1.85135571138777,0,261,1,261,0,0,1.85135571138777,65.8119881084629
MO44_PHW65_0223/LH195,63.9606323970752,1.85890822258781,0,262,1,262,0,0,1.85890822258781,65.819540619663
MO44_PHW65_0223/PHT69,63.9606323970752,1.85890822258781,0,263,1,263,0,0,1.85890822258781,65.819540619663
MO44_PHW65_0224/LH195,63.9606323970752,1.62019686037942,0,264,1,264,0,0,1.62019686037942,65.5808292574546
MO44_PHW65_0224/PHT69,63.9606323970752,1.62019686037942,0,265,1,265,0,0,1.62019686037942,65.5808292574546
MO44_PHW65_0225/LH195,63.9606323970752,1.57820818021393,0,266,1,266,0,0,1.57820818021393,65.5388405772891
MO44_PHW65_0225/PHT69,63.9606323970752,1.57820818021393,0,267,1,267,0,0,1.57820818021393,65.5388405772891
MO44_PHW65_0230/LH195,63.9606323970752,1.72893106863376,0,268,1,268,0,0,1.72893106863376,65.6895634657089
MO44_PHW65_0230/PHT69,63.9606323970752,1.72893106863376,0,269,1,269,0,0,1.72893106863376,65.6895634657089
MO44_PHW65_0236/LH195,63.9606323970752,1.52278351849756,0,270,1,270,0,0,1.52278351849756,65.4834159155727
MO44_PHW65_0236/PHT69,63.9606323970752,1.52278351849756,0,271,1,271,0,0,1.52278351849756,65.4834159155727
MO44_PHW65_0237/LH195,63.9606323970752,1.73580393050501,0,272,1,272,0,0,1.73580393050501,65.6964363275802
MO44_PHW65_0237/PHT69,63.9606323970752,1.73580393050501,0,273,1,273,0,0,1.73580393050501,65.6964363275802
MO44_PHW65_0242/LH195,63.9606323970752,1.38789144316196,0,274,1,274,0,0,1.38789144316196,65.3485238402371
MO44_PHW65_0242/PHT69,63.9606323970752,1.38789144316196,0,275,1,275,0,0,1.38789144316196,65.3485238402371
MO44_PHW65_0244/LH195,63.9606323970752,1.75763836384672,0,276,1,276,0,0,1.75763836384672,65.7182707609219
MO44_PHW65_0244/PHT69,63.9606323970752,1.75763836384672,0,277,1,277,0,0,1.75763836384672,65.7182707609219
MO44_PHW65_0247/LH195,63.9606323970752,1.5772925314615,0,278,1,278,0,0,1.5772925314615,65.5379249285367
MO44_PHW65_0247/PHT69,63.9606323970752,1.5772925314615,0,279,1,279,0,0,1.5772925314615,65.5379249285367
MO44_PHW65_0248/LH195,63.9606323970752,1.72429650895758,0,280,1,280,0,0,1.72429650895758,65.6849289060328
MO44_PHW65_0248/PHT69,63.9606323970752,1.72429650895758,0,281,1,281,0,0,1.72429650895758,65.6849289060328
MO44_PHW65_0250/LH195,63.9606323970752,1.85286008643836,0,282,1,282,0,0,1.85286008643836,65.8134924835135
MO44_PHW65_0250/PHT69,63.9606323970752,1.85286008643836,0,283,1,283,0,0,1.85286008643836,65.8134924835135
MO44_PHW65_0253/LH195,63.9606323970752,1.68265432005037,0,284,1,284,0,0,1.68265432005037,65.6432867171255
MO44_PHW65_0253/PHT69,63.9606323970752,1.68265432005037,0,285,1,285,0,0,1.68265432005037,65.6432867171255
MO44_PHW65_0254/LH195,63.9606323970752,1.63519856942297,0,286,1,286,0,0,1.63519856942297,65.5958309664981
MO44_PHW65_0254/PHT69,63.9606323970752,1.63519856942297,0,287,1,287,0,0,1.63519856942297,65.5958309664981
MO44_PHW65_0259/LH195,63.9606323970752,1.81695523391222,0,288,1,288,0,0,1.81695523391222,65.7775876309874
MO44_PHW65_0259/PHT69,63.9606323970752,1.81695523391222,0,289,1,289,0,0,1.81695523391222,65.7775876309874
MO44_PHW65_0260/LH195,63.9606323970752,1.61141880698577,0,290,1,290,0,0,1.61141880698577,65.5720512040609
MO44_PHW65_0260/PHT69,63.9606323970752,1.61141880698577,0,291,1,291,0,0,1.61141880698577,65.5720512040609
MO44_PHW65_0263/LH195,63.9606323970752,1.70659309284245,0,292,1,292,0,0,1.70659309284245,65.6672254899176
MO44_PHW65_0263/PHT69,63.9606323970752,1.70659309284245,0,293,1,293,0,0,1.70659309284245,65.6672254899176
MO44_PHW65_0268/LH195,63.9606323970752,1.40916822375351,0,294,1,294,0,0,1.40916822375351,65.3698006208287
MO44_PHW65_0268/PHT69,63.9606323970752,1.40916822375351,0,295,1,295,0,0,1.40916822375351,65.3698006208287
MO44_PHW65_0271/LH195,63.9606323970752,1.92000464466536,0,296,1,296,0,0,1.92000464466536,65.8806370417405
MO44_PHW65_0271/PHT69,63.9606323970752,1.92000464466536,0,297,1,297,0,0,1.92000464466536,65.8806370417405
MO44_PHW65_0274/LH195,63.9606323970752,1.70839251001124,0,298,1,298,0,0,1.70839251001124,65.6690249070864
MO44_PHW65_0274/PHT69,63.9606323970752,1.70839251001124,0,299,1,299,0,0,1.70839251001124,65.6690249070864
MO44_PHW65_0281/LH195,63.9606323970752,1.61396576769475,0,300,1,300,0,0,1.61396576769475,65.5745981647699
MO44_PHW65_0281/PHT69,63.9606323970752,1.61396576769475,0,301,1,301,0,0,1.61396576769475,65.5745981647699
MO44_PHW65_0288/LH195,63.9606323970752,1.79213417055992,0,302,1,302,0,0,1.79213417055992,65.7527665676351
MO44_PHW65_0288/PHT69,63.9606323970752,1.79213417055992,0,303,1,303,0,0,1.79213417055992,65.7527665676351
MO44_PHW65_0296/LH195,63.9606323970752,1.56099261136933,0,304,1,304,0,0,1.56099261136933,65.5216250084445
MO44_PHW65_0296/PHT69,63.9606323970752,1.56099261136933,0,305,1,305,0,0,1.56099261136933,65.5216250084445
MO44_PHW65_0302/LH195,63.9606323970752,1.80493602171058,0,306,1,306,0,0,1.80493602171058,65.7655684187858
MO44_PHW65_0302/PHT69,63.9606323970752,1.80493602171058,0,307,1,307,0,0,1.80493602171058,65.7655684187858
MO44_PHW65_0307/LH195,63.9606323970752,1.91546638072516,0,308,1,308,0,0,1.91546638072516,65.8760987778003
MO44_PHW65_0307/PHT69,63.9606323970752,1.91546638072516,0,309,1,309,0,0,1.91546638072516,65.8760987778003
MO44_PHW65_0315/LH195,63.9606323970752,1.69065821480811,0,310,1,310,0,0,1.69065821480811,65.6512906118833
MO44_PHW65_0315/PHT69,63.9606323970752,1.69065821480811,0,311,1,311,0,0,1.69065821480811,65.6512906118833
MO44_PHW65_0316/LH195,63.9606323970752,1.51081601702959,0,312,1,312,0,0,1.51081601702959,65.4714484141048
MO44_PHW65_0316/PHT69,63.9606323970752,1.51081601702959,0,313,1,313,0,0,1.51081601702959,65.4714484141048
MO44_PHW65_0317/LH195,63.9606323970752,1.63933788407255,0,314,1,314,0,0,1.63933788407255,65.5999702811477
MO44_PHW65_0317/PHT69,63.9606323970752,1.63933788407255,0,315,1,315,0,0,1.63933788407255,65.5999702811477
MO44_PHW65_0319/LH195,63.9606323970752,1.64851224335886,0,316,1,316,0,0,1.64851224335886,65.609144640434
MO44_PHW65_0319/PHT69,63.9606323970752,1.64851224335886,0,317,1,317,0,0,1.64851224335886,65.609144640434
MO44_PHW65_0320/LH195,63.9606323970752,1.69708378329745,0,318,1,318,0,0,1.69708378329745,65.6577161803726
MO44_PHW65_0320/PHT69,63.9606323970752,1.69708378329745,0,319,1,319,0,0,1.69708378329745,65.6577161803726
MO44_PHW65_0321/LH195,63.9606323970752,1.96784663023047,0,320,1,320,0,0,1.96784663023047,65.9284790273056
MO44_PHW65_0321/PHT69,63.9606323970752,1.96784663023047,0,321,1,321,0,0,1.96784663023047,65.9284790273056
MO44_PHW65_0324/LH195,63.9606323970752,1.64022921526586,0,322,1,322,0,0,1.64022921526586,65.600861612341
MO44_PHW65_0324/PHT69,63.9606323970752,1.64022921526586,0,323,1,323,0,0,1.64022921526586,65.600861612341
MO44_PHW65_0328/LH195,63.9606323970752,1.97385387965516,0,324,1,324,0,0,1.97385387965516,65.9344862767303
MO44_PHW65_0328/PHT69,63.9606323970752,1.97385387965516,0,325,1,325,0,0,1.97385387965516,65.9344862767303
MO44_PHW65_0333/LH195,63.9606323970752,1.81699546227944,0,326,1,326,0,0,1.81699546227944,65.7776278593546
MO44_PHW65_0333/PHT69,63.9606323970752,1.81699546227944,0,327,1,327,0,0,1.81699546227944,65.7776278593546
MO44_PHW65_0336/LH195,63.9606323970752,1.12477910752858,0,328,1,328,0,0,1.12477910752858,65.0854115046038
MO44_PHW65_0336/PHT69,63.9606323970752,1.12477910752858,0,329,1,329,0,0,1.12477910752858,65.0854115046038
MO44_PHW65_0339/LH195,63.9606323970752,1.7645342507498,0,330,1,330,0,0,1.7645342507498,65.725166647825
MO44_PHW65_0339/PHT69,63.9606323970752,1.7645342507498,0,331,1,331,0,0,1.7645342507498,65.725166647825
MO44_PHW65_0343/LH195,63.9606323970752,1.17731084626647,0,332,1,332,0,0,1.17731084626647,65.1379432433417
MO44_PHW65_0343/PHT69,63.9606323970752,1.17731084626647,0,333,1,333,0,0,1.17731084626647,65.1379432433417
MO44_PHW65_0350/LH195,63.9606323970752,1.68566256047203,0,334,1,334,0,0,1.68566256047203,65.6462949575472
MO44_PHW65_0350/PHT69,63.9606323970752,1.68566256047203,0,335,1,335,0,0,1.68566256047203,65.6462949575472
MO44_PHW65_0358/LH195,63.9606323970752,1.72986764997808,0,336,1,336,0,0,1.72986764997808,65.6905000470533
MO44_PHW65_0363/LH195,63.9606323970752,1.88670753410718,0,337,1,337,0,0,1.88670753410718,65.8473399311823
MO44_PHW65_0363/PHT69,63.9606323970752,1.88670753410718,0,338,1,338,0,0,1.88670753410718,65.8473399311823
MO44_PHW65_0376/LH195,63.9606323970752,1.50506442906368,0,339,1,339,0,0,1.50506442906368,65.4656968261389
MO44_PHW65_0376/PHT69,63.9606323970752,1.50506442906368,0,340,1,340,0,0,1.50506442906368,65.4656968261389
MO44_PHW65_0390/LH195,63.9606323970752,1.51686439938147,0,341,1,341,0,0,1.51686439938147,65.4774967964566
MO44_PHW65_0390/PHT69,63.9606323970752,1.51686439938147,0,342,1,342,0,0,1.51686439938147,65.4774967964566
MO44_PHW65_0391/LH195,63.9606323970752,1.61776013115547,0,343,1,343,0,0,1.61776013115547,65.5783925282306
MO44_PHW65_0391/PHT69,63.9606323970752,1.61776013115547,0,344,1,344,0,0,1.61776013115547,65.5783925282306
MO44_PHW65_0392/LH195,63.9606323970752,2.01506861211343,0,345,1,345,0,0,2.01506861211343,65.9757010091886
MO44_PHW65_0392/PHT69,63.9606323970752,2.01506861211343,0,346,1,346,0,0,2.01506861211343,65.9757010091886
MO44_PHW65_0396/LH195,63.9606323970752,1.7127005720122,0,347,1,347,0,0,1.7127005720122,65.6733329690874
MO44_PHW65_0396/PHT69,63.9606323970752,1.7127005720122,0,348,1,348,0,0,1.7127005720122,65.6733329690874
MO44_PHW65_0397/LH195,63.9606323970752,1.59478062722193,0,349,1,349,0,0,1.59478062722193,65.5554130242971
MO44_PHW65_0397/PHT69,63.9606323970752,1.59478062722193,0,350,1,350,0,0,1.59478062722193,65.5554130242971
MO44_PHW65_0404/LH195,63.9606323970752,1.97259128847746,0,351,1,351,0,0,1.97259128847746,65.9332236855526
MO44_PHW65_0404/PHT69,63.9606323970752,1.97259128847746,0,352,1,352,0,0,1.97259128847746,65.9332236855526
MO44_PHW65_0416/LH195,63.9606323970752,1.71914481366517,0,353,1,353,0,0,1.71914481366517,65.6797772107403
MO44_PHW65_0416/PHT69,63.9606323970752,1.71914481366517,0,354,1,354,0,0,1.71914481366517,65.6797772107403
MO44_PHW65_0433/LH195,63.9606323970752,1.40960361085659,0,355,1,355,0,0,1.40960361085659,65.3702360079318
MO44_PHW65_0433/PHT69,63.9606323970752,1.40960361085659,0,356,1,356,0,0,1.40960361085659,65.3702360079318
MO44_PHW65_0435/LH195,63.9606323970752,1.6441566239875,0,357,1,357,0,0,1.6441566239875,65.6047890210627
MO44_PHW65_0435/PHT69,63.9606323970752,1.6441566239875,0,358,1,358,0,0,1.6441566239875,65.6047890210627
MO44_PHW65_0442/LH195,63.9606323970752,1.85977190917063,0,359,1,359,0,0,1.85977190917063,65.8204043062458
MO44_PHW65_0442/PHT69,63.9606323970752,1.85977190917063,0,360,1,360,0,0,1.85977190917063,65.8204043062458
MO44_PHW65_0446/LH195,63.9606323970752,1.68122469732625,0,361,1,361,0,0,1.68122469732625,65.6418570944014
MO44_PHW65_0446/PHT69,63.9606323970752,1.68122469732625,0,362,1,362,0,0,1.68122469732625,65.6418570944014
MO44_PHW65_0455/LH195,63.9606323970752,1.25539170080542,0,363,1,363,0,0,1.25539170080542,65.2160240978806
MO44_PHW65_0455/PHT69,63.9606323970752,1.25539170080542,0,364,1,364,0,0,1.25539170080542,65.2160240978806
MO44_PHW65_0464/LH195,63.9606323970752,1.79781906378497,0,365,1,365,0,0,1.79781906378497,65.7584514608601
MO44_PHW65_0464/PHT69,63.9606323970752,1.79781906378497,0,366,1,366,0,0,1.79781906378497,65.7584514608601
MO44_PHW65_0471/LH195,63.9606323970752,0.957694135009643,0,367,1,367,0,0,0.957694135009643,64.9183265320848
MO44_PHW65_0471/PHT69,63.9606323970752,0.957694135009643,0,368,1,368,0,0,0.957694135009643,64.9183265320848
MO44_PHW65_0475/LH195,63.9606323970752,-1.00555506912049,0,369,1,369,0,0,-1.00555506912049,62.9550773279547
MO44_PHW65_0475/PHT69,63.9606323970752,-1.0036523394389,0,370,1,370,0,0,-1.0036523394389,62.9569800576363
MOG/LH195,63.9606323970752,1.29459115397066,0,371,1,371,0,0,1.29459115397066,65.2552235510458
MOG/PHT69,63.9606323970752,1.29459115397066,0,372,1,372,0,0,1.29459115397066,65.2552235510458
PB80/TX779,63.9606323970752,-0.0320781539730146,0,373,1,373,0,0,-0.0320781539730146,63.9285542431022
PHB47/DK3IIH6,63.9606323970752,-2.88338923835548,0,374,1,374,0,0,-2.88338923835548,61.0772431587197
PHB47/MO17,63.9606323970752,-2.81029736289334,0,375,1,375,0,0,-2.81029736289334,61.1503350341818
PHB47/PHG29,63.9606323970752,-2.86077778048503,0,376,1,376,0,0,-2.86077778048503,61.0998546165901
PHB47/PHG47,63.9606323970752,-2.88080474727156,0,377,1,377,0,0,-2.88080474727156,61.0798276498036
PHB47/PHK05,63.9606323970752,-2.8836009901685,0,378,1,378,0,0,-2.8836009901685,61.0770314069067
PHB47/PHK56,63.9606323970752,-2.87373048223348,0,379,1,379,0,0,-2.87373048223348,61.0869019148417
PHB47/PHK76,63.9606323970752,-2.88338923835548,0,380,1,380,0,0,-2.88338923835548,61.0772431587197
PHB47/PHN82,63.9606323970752,-2.87284033636384,0,381,1,381,0,0,-2.87284033636384,61.0877920607113
PHB47/PHR25,63.9606323970752,-2.86966512456731,0,382,1,382,0,0,-2.86966512456731,61.0909672725079
PHB47/PHW03,63.9606323970752,-2.88323653316098,0,383,1,383,0,0,-2.88323653316098,61.0773958639142
PHB47/PHZ51,63.9606323970752,-2.88338923835548,0,384,1,384,0,0,-2.88338923835548,61.0772431587197
PHG29/CG120,63.9606323970752,-1.13919557524775,0,385,1,385,0,0,-1.13919557524775,62.8214368218274
PHG29/LH145,63.9606323970752,-1.13919557524775,0,386,1,386,0,0,-1.13919557524775,62.8214368218274
PHG29/PHG47,63.9606323970752,-1.13919557524775,0,387,1,387,0,0,-1.13919557524775,62.8214368218274
PHG29/PHHV4,63.9606323970752,-1.13010424186018,0,388,1,388,0,0,-1.13010424186018,62.830528155215
PHG29/PHRE1,63.9606323970752,-1.11060719449731,0,389,1,389,0,0,-1.11060719449731,62.8500252025779
PHG29/S8324,63.9606323970752,-1.13705576584504,0,390,1,390,0,0,-1.13705576584504,62.8235766312301
PHG39/PHN82,63.9606323970752,-1.16503267443092,0,391,1,391,0,0,-1.16503267443092,62.7955997226442
PHG47/CG120,63.9606323970752,-0.0768909727861249,0,392,1,392,0,0,-0.0768909727861249,63.883741424289
PHG47/LH145,63.9606323970752,-0.0839890935153619,0,393,1,393,0,0,-0.0839890935153619,63.8766433035598
PHG47/PHHV4,63.9606323970752,-0.0772002668688913,0,394,1,394,0,0,-0.0772002668688913,63.8834321302063
PHG47/PHRE1,63.9606323970752,-0.064524627874171,0,395,1,395,0,0,-0.064524627874171,63.896107769201
PHG47/S8324,63.9606323970752,-0.0839890935153619,0,396,1,396,0,0,-0.0839890935153619,63.8766433035598
PHHV4/DK3IIH6,63.9606323970752,-0.674727256242514,0,397,1,397,0,0,-0.674727256242514,63.2859051408327
PHHV4/LH162,63.9606323970752,-0.665746053324151,0,398,1,398,0,0,-0.665746053324151,63.294886343751
PHHV4/PHK05,63.9606323970752,-0.672103880243422,0,399,1,399,0,0,-0.672103880243422,63.2885285168318
PHHV4/PHK56,63.9606323970752,-0.656331971334668,0,400,1,400,0,0,-0.656331971334668,63.3043004257405
PHHV4/PHR25,63.9606323970752,-0.665627750348257,0,401,1,401,0,0,-0.665627750348257,63.2950046467269
PHHV4/PHW03,63.9606323970752,-0.668870837308231,0,402,1,402,0,0,-0.668870837308231,63.2917615597669
PHHV4/PHZ51,63.9606323970752,-0.668870837308231,0,403,1,403,0,0,-0.668870837308231,63.2917615597669
PHJ40/LH82,63.9606323970752,-1.62130151619125,0,404,1,404,0,0,-1.62130151619125,62.3393308808839
PHJ40/PHAJ0,63.9606323970752,-1.62282476502994,0,405,1,405,0,0,-1.62282476502994,62.3378076320452
PHJ89/CG120,63.9606323970752,-0.26558660336636,0,406,1,406,0,0,-0.26558660336636,63.6950457937088
PHJ89/LH145,63.9606323970752,-0.272684724095597,0,407,1,407,0,0,-0.272684724095597,63.6879476729796
PHJ89/PH207,63.9606323970752,-0.267255862721892,0,408,1,408,0,0,-0.267255862721892,63.6933765343533
PHJ89/PHB47,63.9606323970752,-0.273090243479848,0,409,1,409,0,0,-0.273090243479848,63.6875421535953
PHJ89/PHHV4,63.9606323970752,-0.266077980737294,0,410,1,410,0,0,-0.266077980737294,63.6945544163379
PHJ89/PHRE1,63.9606323970752,-0.235456487037282,0,411,1,411,0,0,-0.235456487037282,63.7251759100379
PHJ89/S8324,63.9606323970752,-0.272684724095597,0,412,1,412,0,0,-0.272684724095597,63.6879476729796
PHK05/PHRE1,63.9606323970752,-0.39090484498469,0,413,1,413,0,0,-0.39090484498469,63.5697275520905
PHK56/LH145,63.9606323970752,0.416667584102123,0,414,1,414,0,0,0.416667584102123,64.3772999811773
PHK56/PHRE1,63.9606323970752,0.427299097125761,0,415,1,415,0,0,0.427299097125761,64.3879314942009
PHM49/PHW65,63.9606323970752,-0.0890027382716547,0,416,1,416,0,0,-0.0890027382716547,63.8716296588035
PHN11/PHT69,63.9606323970752,-1.21125468895568,0,417,1,417,0,0,-1.21125468895568,62.7493777081195
PHN11_PHW65_0001/LH195,63.9606323970752,0.748533682286658,0,418,1,418,0,0,0.748533682286658,64.7091660793618
PHN11_PHW65_0001/PHT69,63.9606323970752,0.748533682286658,0,419,1,419,0,0,0.748533682286658,64.7091660793618
PHN11_PHW65_0003/LH195,63.9606323970752,0.559193584873987,0,420,1,420,0,0,0.559193584873987,64.5198259819492
PHN11_PHW65_0003/PHT69,63.9606323970752,0.559193584873987,0,421,1,421,0,0,0.559193584873987,64.5198259819492
PHN11_PHW65_0010/LH195,63.9606323970752,0.0977342270069536,0,422,1,422,0,0,0.0977342270069536,64.0583666240821
PHN11_PHW65_0010/PHT69,63.9606323970752,0.0977342270069536,0,423,1,423,0,0,0.0977342270069536,64.0583666240821
PHN11_PHW65_0011/LH195,63.9606323970752,0.649977925391774,0,424,1,424,0,0,0.649977925391774,64.610610322467
PHN11_PHW65_0011/PHT69,63.9606323970752,0.649977925391774,0,425,1,425,0,0,0.649977925391774,64.610610322467
PHN11_PHW65_0015/LH195,63.9606323970752,0.721368401611108,0,426,1,426,0,0,0.721368401611108,64.6820007986863
PHN11_PHW65_0015/PHT69,63.9606323970752,0.721368401611108,0,427,1,427,0,0,0.721368401611108,64.6820007986863
PHN11_PHW65_0016/LH195,63.9606323970752,0.844389933825264,0,428,1,428,0,0,0.844389933825264,64.8050223309004
PHN11_PHW65_0016/PHT69,63.9606323970752,0.844389933825264,0,429,1,429,0,0,0.844389933825264,64.8050223309004
PHN11_PHW65_0017/LH195,63.9606323970752,0.502972145602128,0,430,1,430,0,0,0.502972145602128,64.4636045426773
PHN11_PHW65_0017/PHT69,63.9606323970752,0.502972145602128,0,431,1,431,0,0,0.502972145602128,64.4636045426773
PHN11_PHW65_0021/LH195,63.9606323970752,0.133822374911535,0,432,1,432,0,0,0.133822374911535,64.0944547719867
PHN11_PHW65_0021/PHT69,63.9606323970752,0.133822374911535,0,433,1,433,0,0,0.133822374911535,64.0944547719867
PHN11_PHW65_0022/LH195,63.9606323970752,1.01950824380685,0,434,1,434,0,0,1.01950824380685,64.980140640882
PHN11_PHW65_0022/PHT69,63.9606323970752,1.01950824380685,0,435,1,435,0,0,1.01950824380685,64.980140640882
PHN11_PHW65_0023/LH195,63.9606323970752,-0.130603992861228,0,436,1,436,0,0,-0.130603992861228,63.8300284042139
PHN11_PHW65_0023/PHT69,63.9606323970752,-0.130603992861228,0,437,1,437,0,0,-0.130603992861228,63.8300284042139
PHN11_PHW65_0027/LH195,63.9606323970752,0.590725703667201,0,438,1,438,0,0,0.590725703667201,64.5513581007424
PHN11_PHW65_0027/PHT69,63.9606323970752,0.590725703667201,0,439,1,439,0,0,0.590725703667201,64.5513581007424
PHN11_PHW65_0028/LH195,63.9606323970752,0.500933057520414,0,440,1,440,0,0,0.500933057520414,64.4615654545956
PHN11_PHW65_0028/PHT69,63.9606323970752,0.500933057520414,0,441,1,441,0,0,0.500933057520414,64.4615654545956
PHN11_PHW65_0032/LH195,63.9606323970752,-0.217611402579598,0,442,1,442,0,0,-0.217611402579598,63.7430209944956
PHN11_PHW65_0035/LH195,63.9606323970752,0.735851775663337,0,443,1,443,0,0,0.735851775663337,64.6964841727385
PHN11_PHW65_0035/PHT69,63.9606323970752,0.735851775663337,0,444,1,444,0,0,0.735851775663337,64.6964841727385
PHN11_PHW65_0042/LH195,63.9606323970752,1.12396599274633,0,445,1,445,0,0,1.12396599274633,65.0845983898215
PHN11_PHW65_0042/PHT69,63.9606323970752,1.12396599274633,0,446,1,446,0,0,1.12396599274633,65.0845983898215
PHN11_PHW65_0048/LH195,63.9606323970752,0.286124782400094,0,447,1,447,0,0,0.286124782400094,64.2467571794753
PHN11_PHW65_0048/PHT69,63.9606323970752,0.286124782400094,0,448,1,448,0,0,0.286124782400094,64.2467571794753
PHN11_PHW65_0049/LH195,63.9606323970752,1.41298932154281,0,449,1,449,0,0,1.41298932154281,65.373621718618
PHN11_PHW65_0049/PHT69,63.9606323970752,1.41298932154281,0,450,1,450,0,0,1.41298932154281,65.373621718618
PHN11_PHW65_0050/LH195,63.9606323970752,0.700019763023808,0,451,1,451,0,0,0.700019763023808,64.660652160099
PHN11_PHW65_0050/PHT69,63.9606323970752,0.700019763023808,0,452,1,452,0,0,0.700019763023808,64.660652160099
PHN11_PHW65_0055/LH195,63.9606323970752,0.822369312281186,0,453,1,453,0,0,0.822369312281186,64.7830017093564
PHN11_PHW65_0055/PHT69,63.9606323970752,0.822369312281186,0,454,1,454,0,0,0.822369312281186,64.7830017093564
PHN11_PHW65_0056/LH195,63.9606323970752,0.313691255147042,0,455,1,455,0,0,0.313691255147042,64.2743236522222
PHN11_PHW65_0056/PHT69,63.9606323970752,0.313691255147042,0,456,1,456,0,0,0.313691255147042,64.2743236522222
PHN11_PHW65_0057/LH195,63.9606323970752,0.857309133341775,0,457,1,457,0,0,0.857309133341775,64.8179415304169
PHN11_PHW65_0057/PHT69,63.9606323970752,0.857309133341775,0,458,1,458,0,0,0.857309133341775,64.8179415304169
PHN11_PHW65_0058/LH195,63.9606323970752,-0.31844020355839,0,459,1,459,0,0,-0.31844020355839,63.6421921935168
PHN11_PHW65_0058/PHT69,63.9606323970752,-0.31844020355839,0,460,1,460,0,0,-0.31844020355839,63.6421921935168
PHN11_PHW65_0059/LH195,63.9606323970752,0.687392044692313,0,461,1,461,0,0,0.687392044692313,64.6480244417675
PHN11_PHW65_0059/PHT69,63.9606323970752,0.687392044692313,0,462,1,462,0,0,0.687392044692313,64.6480244417675
PHN11_PHW65_0061/LH195,63.9606323970752,0.691383242838558,0,463,1,463,0,0,0.691383242838558,64.6520156399137
PHN11_PHW65_0061/PHT69,63.9606323970752,0.691383242838558,0,464,1,464,0,0,0.691383242838558,64.6520156399137
PHN11_PHW65_0062/LH195,63.9606323970752,0.658439049519114,0,465,1,465,0,0,0.658439049519114,64.6190714465943
PHN11_PHW65_0062/PHT69,63.9606323970752,0.658439049519114,0,466,1,466,0,0,0.658439049519114,64.6190714465943
PHN11_PHW65_0063/LH195,63.9606323970752,0.0281949024232858,0,467,1,467,0,0,0.0281949024232858,63.9888272994985
PHN11_PHW65_0063/PHT69,63.9606323970752,0.0281949024232858,0,468,1,468,0,0,0.0281949024232858,63.9888272994985
PHN11_PHW65_0064/LH195,63.9606323970752,0.597550813800889,0,469,1,469,0,0,0.597550813800889,64.5581832108761
PHN11_PHW65_0064/PHT69,63.9606323970752,0.597550813800889,0,470,1,470,0,0,0.597550813800889,64.5581832108761
PHN11_PHW65_0065/LH195,63.9606323970752,0.195806759277057,0,471,1,471,0,0,0.195806759277057,64.1564391563522
PHN11_PHW65_0065/PHT69,63.9606323970752,0.195806759277057,0,472,1,472,0,0,0.195806759277057,64.1564391563522
PHN11_PHW65_0066/LH195,63.9606323970752,0.329270291255781,0,473,1,473,0,0,0.329270291255781,64.289902688331
PHN11_PHW65_0066/PHT69,63.9606323970752,0.329270291255781,0,474,1,474,0,0,0.329270291255781,64.289902688331
PHN11_PHW65_0069/LH195,63.9606323970752,1.44748829941733,0,475,1,475,0,0,1.44748829941733,65.4081206964925
PHN11_PHW65_0069/PHT69,63.9606323970752,1.44748829941733,0,476,1,476,0,0,1.44748829941733,65.4081206964925
PHN11_PHW65_0070/LH195,63.9606323970752,0.529651566036283,0,477,1,477,0,0,0.529651566036283,64.4902839631115
PHN11_PHW65_0070/PHT69,63.9606323970752,0.529651566036283,0,478,1,478,0,0,0.529651566036283,64.4902839631115
PHN11_PHW65_0071/LH195,63.9606323970752,0.751955676111385,0,479,1,479,0,0,0.751955676111385,64.7125880731866
PHN11_PHW65_0071/PHT69,63.9606323970752,0.751955676111385,0,480,1,480,0,0,0.751955676111385,64.7125880731866
PHN11_PHW65_0072/LH195,63.9606323970752,0.496466989606753,0,481,1,481,0,0,0.496466989606753,64.4570993866819
PHN11_PHW65_0072/PHT69,63.9606323970752,0.496466989606753,0,482,1,482,0,0,0.496466989606753,64.4570993866819
PHN11_PHW65_0073/LH195,63.9606323970752,0.379796892609386,0,483,1,483,0,0,0.379796892609386,64.3404292896846
PHN11_PHW65_0073/PHT69,63.9606323970752,0.379796892609386,0,484,1,484,0,0,0.379796892609386,64.3404292896846
PHN11_PHW65_0074/LH195,63.9606323970752,0.901518927227986,0,485,1,485,0,0,0.901518927227986,64.8621513243032
PHN11_PHW65_0074/PHT69,63.9606323970752,0.901518927227986,0,486,1,486,0,0,0.901518927227986,64.8621513243032
PHN11_PHW65_0075/LH195,63.9606323970752,0.425082759458765,0,487,1,487,0,0,0.425082759458765,64.3857151565339
PHN11_PHW65_0075/PHT69,63.9606323970752,0.425082759458765,0,488,1,488,0,0,0.425082759458765,64.3857151565339
PHN11_PHW65_0076/LH195,63.9606323970752,1.12649497258295,0,489,1,489,0,0,1.12649497258295,65.0871273696581
PHN11_PHW65_0076/PHT69,63.9606323970752,1.12649497258295,0,490,1,490,0,0,1.12649497258295,65.0871273696581
PHN11_PHW65_0077/LH195,63.9606323970752,0.979170001864034,0,491,1,491,0,0,0.979170001864034,64.9398023989392
PHN11_PHW65_0077/PHT69,63.9606323970752,0.979170001864034,0,492,1,492,0,0,0.979170001864034,64.9398023989392
PHN11_PHW65_0079/LH195,63.9606323970752,0.718366963138033,0,493,1,493,0,0,0.718366963138033,64.6789993602132
PHN11_PHW65_0079/PHT69,63.9606323970752,0.718366963138033,0,494,1,494,0,0,0.718366963138033,64.6789993602132
PHN11_PHW65_0080/LH195,63.9606323970752,0.17362648846165,0,495,1,495,0,0,0.17362648846165,64.1342588855368
PHN11_PHW65_0080/PHT69,63.9606323970752,0.17362648846165,0,496,1,496,0,0,0.17362648846165,64.1342588855368
PHN11_PHW65_0081/LH195,63.9606323970752,0.778300437387459,0,497,1,497,0,0,0.778300437387459,64.7389328344626
PHN11_PHW65_0081/PHT69,63.9606323970752,0.778300437387459,0,498,1,498,0,0,0.778300437387459,64.7389328344626
PHN11_PHW65_0084/LH195,63.9606323970752,0.96013151570331,0,499,1,499,0,0,0.96013151570331,64.9207639127785
PHN11_PHW65_0084/PHT69,63.9606323970752,0.96013151570331,0,500,1,500,0,0,0.96013151570331,64.9207639127785
PHN11_PHW65_0086/LH195,63.9606323970752,1.03896974299883,0,501,1,501,0,0,1.03896974299883,64.999602140074
PHN11_PHW65_0086/PHT69,63.9606323970752,1.03896974299883,0,502,1,502,0,0,1.03896974299883,64.999602140074
PHN11_PHW65_0087/LH195,63.9606323970752,0.889684817427595,0,503,1,503,0,0,0.889684817427595,64.8503172145028
PHN11_PHW65_0087/PHT69,63.9606323970752,0.889684817427595,0,504,1,504,0,0,0.889684817427595,64.8503172145028
PHN11_PHW65_0088/LH195,63.9606323970752,0.904547061655663,0,505,1,505,0,0,0.904547061655663,64.8651794587308
PHN11_PHW65_0088/PHT69,63.9606323970752,0.904547061655663,0,506,1,506,0,0,0.904547061655663,64.8651794587308
PHN11_PHW65_0089/LH195,63.9606323970752,0.265039073896263,0,507,1,507,0,0,0.265039073896263,64.2256714709714
PHN11_PHW65_0089/PHT69,63.9606323970752,0.265039073896263,0,508,1,508,0,0,0.265039073896263,64.2256714709714
PHN11_PHW65_0092/LH195,63.9606323970752,0.979043355591779,0,509,1,509,0,0,0.979043355591779,64.939675752667
PHN11_PHW65_0092/PHT69,63.9606323970752,0.979043355591779,0,510,1,510,0,0,0.979043355591779,64.939675752667
PHN11_PHW65_0094/LH195,63.9606323970752,-0.152154871007415,0,511,1,511,0,0,-0.152154871007415,63.8084775260678
PHN11_PHW65_0096/LH195,63.9606323970752,1.04432506265375,0,512,1,512,0,0,1.04432506265375,65.0049574597289
PHN11_PHW65_0096/PHT69,63.9606323970752,1.04432506265375,0,513,1,513,0,0,1.04432506265375,65.0049574597289
PHN11_PHW65_0100/LH195,63.9606323970752,-0.127568451118575,0,514,1,514,0,0,-0.127568451118575,63.8330639459566
PHN11_PHW65_0100/PHT69,63.9606323970752,-0.127568451118575,0,515,1,515,0,0,-0.127568451118575,63.8330639459566
PHN11_PHW65_0101/LH195,63.9606323970752,0.753984954990533,0,516,1,516,0,0,0.753984954990533,64.7146173520657
PHN11_PHW65_0101/PHT69,63.9606323970752,0.753984954990533,0,517,1,517,0,0,0.753984954990533,64.7146173520657
PHN11_PHW65_0103/LH195,63.9606323970752,0.451392354026527,0,518,1,518,0,0,0.451392354026527,64.4120247511017
PHN11_PHW65_0103/PHT69,63.9606323970752,0.451392354026527,0,519,1,519,0,0,0.451392354026527,64.4120247511017
PHN11_PHW65_0105/LH195,63.9606323970752,0.853551279711811,0,520,1,520,0,0,0.853551279711811,64.814183676787
PHN11_PHW65_0105/PHT69,63.9606323970752,0.853551279711811,0,521,1,521,0,0,0.853551279711811,64.814183676787
PHN11_PHW65_0106/LH195,63.9606323970752,1.18356771810894,0,522,1,522,0,0,1.18356771810894,65.1442001151841
PHN11_PHW65_0106/PHT69,63.9606323970752,1.18356771810894,0,523,1,523,0,0,1.18356771810894,65.1442001151841
PHN11_PHW65_0107/LH195,63.9606323970752,0.359307821446186,0,524,1,524,0,0,0.359307821446186,64.3199402185214
PHN11_PHW65_0107/PHT69,63.9606323970752,0.359307821446186,0,525,1,525,0,0,0.359307821446186,64.3199402185214
PHN11_PHW65_0110/LH195,63.9606323970752,0.214706662925666,0,526,1,526,0,0,0.214706662925666,64.1753390600008
PHN11_PHW65_0110/PHT69,63.9606323970752,0.214706662925666,0,527,1,527,0,0,0.214706662925666,64.1753390600008
PHN11_PHW65_0113/LH195,63.9606323970752,0.671257491995778,0,528,1,528,0,0,0.671257491995778,64.6318898890709
PHN11_PHW65_0113/PHT69,63.9606323970752,0.671257491995778,0,529,1,529,0,0,0.671257491995778,64.6318898890709
PHN11_PHW65_0114/LH195,63.9606323970752,0.343450697364207,0,530,1,530,0,0,0.343450697364207,64.3040830944394
PHN11_PHW65_0114/PHT69,63.9606323970752,0.343450697364207,0,531,1,531,0,0,0.343450697364207,64.3040830944394
PHN11_PHW65_0117/LH195,63.9606323970752,0.981378727287469,0,532,1,532,0,0,0.981378727287469,64.9420111243626
PHN11_PHW65_0117/PHT69,63.9606323970752,0.981378727287469,0,533,1,533,0,0,0.981378727287469,64.9420111243626
PHN11_PHW65_0118/LH195,63.9606323970752,0.783015528220177,0,534,1,534,0,0,0.783015528220177,64.7436479252953
PHN11_PHW65_0118/PHT69,63.9606323970752,0.783015528220177,0,535,1,535,0,0,0.783015528220177,64.7436479252953
PHN11_PHW65_0119/LH195,63.9606323970752,-0.137050146336555,0,536,1,536,0,0,-0.137050146336555,63.8235822507386
PHN11_PHW65_0119/PHT69,63.9606323970752,-0.137050146336555,0,537,1,537,0,0,-0.137050146336555,63.8235822507386
PHN11_PHW65_0125/LH195,63.9606323970752,0.3814614183106,0,538,1,538,0,0,0.3814614183106,64.3420938153858
PHN11_PHW65_0125/PHT69,63.9606323970752,0.3814614183106,0,539,1,539,0,0,0.3814614183106,64.3420938153858
PHN11_PHW65_0129/LH195,63.9606323970752,0.469404333282892,0,540,1,540,0,0,0.469404333282892,64.4300367303581
PHN11_PHW65_0129/PHT69,63.9606323970752,0.469404333282892,0,541,1,541,0,0,0.469404333282892,64.4300367303581
PHN11_PHW65_0132/LH195,63.9606323970752,0.214673835694438,0,542,1,542,0,0,0.214673835694438,64.1753062327696
PHN11_PHW65_0132/PHT69,63.9606323970752,0.214673835694438,0,543,1,543,0,0,0.214673835694438,64.1753062327696
PHN11_PHW65_0133/LH195,63.9606323970752,0.330485742502585,0,544,1,544,0,0,0.330485742502585,64.2911181395778
PHN11_PHW65_0133/PHT69,63.9606323970752,0.330485742502585,0,545,1,545,0,0,0.330485742502585,64.2911181395778
PHN11_PHW65_0136/LH195,63.9606323970752,0.89903208610565,0,546,1,546,0,0,0.89903208610565,64.8596644831808
PHN11_PHW65_0136/PHT69,63.9606323970752,0.89903208610565,0,547,1,547,0,0,0.89903208610565,64.8596644831808
PHN11_PHW65_0137/LH195,63.9606323970752,0.940027506079729,0,548,1,548,0,0,0.940027506079729,64.9006599031549
PHN11_PHW65_0137/PHT69,63.9606323970752,0.940027506079729,0,549,1,549,0,0,0.940027506079729,64.9006599031549
PHN11_PHW65_0138/LH195,63.9606323970752,0.478323114586088,0,550,1,550,0,0,0.478323114586088,64.4389555116613
PHN11_PHW65_0138/PHT69,63.9606323970752,0.478323114586088,0,551,1,551,0,0,0.478323114586088,64.4389555116613
PHN11_PHW65_0139/LH195,63.9606323970752,0.732185022657374,0,552,1,552,0,0,0.732185022657374,64.6928174197325
PHN11_PHW65_0139/PHT69,63.9606323970752,0.732185022657374,0,553,1,553,0,0,0.732185022657374,64.6928174197325
PHN11_PHW65_0140/LH195,63.9606323970752,0.737561123652893,0,554,1,554,0,0,0.737561123652893,64.6981935207281
PHN11_PHW65_0140/PHT69,63.9606323970752,0.737561123652893,0,555,1,555,0,0,0.737561123652893,64.6981935207281
PHN11_PHW65_0141/LH195,63.9606323970752,1.44236853944291,0,556,1,556,0,0,1.44236853944291,65.4030009365181
PHN11_PHW65_0141/PHT69,63.9606323970752,1.44236853944291,0,557,1,557,0,0,1.44236853944291,65.4030009365181
PHN11_PHW65_0143/LH195,63.9606323970752,0.459761196624338,0,558,1,558,0,0,0.459761196624338,64.4203935936995
PHN11_PHW65_0143/PHT69,63.9606323970752,0.459761196624338,0,559,1,559,0,0,0.459761196624338,64.4203935936995
PHN11_PHW65_0144/LH195,63.9606323970752,0.627973606929144,0,560,1,560,0,0,0.627973606929144,64.5886060040043
PHN11_PHW65_0144/PHT69,63.9606323970752,0.627973606929144,0,561,1,561,0,0,0.627973606929144,64.5886060040043
PHN11_PHW65_0146/LH195,63.9606323970752,1.06646178320386,0,562,1,562,0,0,1.06646178320386,65.027094180279
PHN11_PHW65_0146/PHT69,63.9606323970752,1.06646178320386,0,563,1,563,0,0,1.06646178320386,65.027094180279
PHN11_PHW65_0147/LH195,63.9606323970752,0.0662162644591544,0,564,1,564,0,0,0.0662162644591544,64.0268486615343
PHN11_PHW65_0147/PHT69,63.9606323970752,0.0662162644591544,0,565,1,565,0,0,0.0662162644591544,64.0268486615343
PHN11_PHW65_0149/LH195,63.9606323970752,0.884877494135485,0,566,1,566,0,0,0.884877494135485,64.8455098912107
PHN11_PHW65_0149/PHT69,63.9606323970752,0.884877494135485,0,567,1,567,0,0,0.884877494135485,64.8455098912107
PHN11_PHW65_0154/LH195,63.9606323970752,0.339384822839903,0,568,1,568,0,0,0.339384822839903,64.3000172199151
PHN11_PHW65_0154/PHT69,63.9606323970752,0.339384822839903,0,569,1,569,0,0,0.339384822839903,64.3000172199151
PHN11_PHW65_0155/LH195,63.9606323970752,0.844177364921953,0,570,1,570,0,0,0.844177364921953,64.8048097619971
PHN11_PHW65_0155/PHT69,63.9606323970752,0.844177364921953,0,571,1,571,0,0,0.844177364921953,64.8048097619971
PHN11_PHW65_0158/LH195,63.9606323970752,0.528285836642964,0,572,1,572,0,0,0.528285836642964,64.4889182337181
PHN11_PHW65_0158/PHT69,63.9606323970752,0.528285836642964,0,573,1,573,0,0,0.528285836642964,64.4889182337181
PHN11_PHW65_0167/LH195,63.9606323970752,0.279981973962721,0,574,1,574,0,0,0.279981973962721,64.2406143710379
PHN11_PHW65_0167/PHT69,63.9606323970752,0.279981973962721,0,575,1,575,0,0,0.279981973962721,64.2406143710379
PHN11_PHW65_0168/LH195,63.9606323970752,1.12550730833087,0,576,1,576,0,0,1.12550730833087,65.086139705406
PHN11_PHW65_0168/PHT69,63.9606323970752,1.12550730833087,0,577,1,577,0,0,1.12550730833087,65.086139705406
PHN11_PHW65_0172/LH195,63.9606323970752,0.32875464794211,0,578,1,578,0,0,0.32875464794211,64.2893870450173
PHN11_PHW65_0172/PHT69,63.9606323970752,0.32875464794211,0,579,1,579,0,0,0.32875464794211,64.2893870450173
PHN11_PHW65_0176/LH195,63.9606323970752,0.448177603464009,0,580,1,580,0,0,0.448177603464009,64.4088100005392
PHN11_PHW65_0176/PHT69,63.9606323970752,0.448177603464009,0,581,1,581,0,0,0.448177603464009,64.4088100005392
PHN11_PHW65_0178/LH195,63.9606323970752,0.174405773133979,0,582,1,582,0,0,0.174405773133979,64.1350381702092
PHN11_PHW65_0178/PHT69,63.9606323970752,0.174405773133979,0,583,1,583,0,0,0.174405773133979,64.1350381702092
PHN11_PHW65_0179/LH195,63.9606323970752,0.844519640371717,0,584,1,584,0,0,0.844519640371717,64.8051520374469
PHN11_PHW65_0179/PHT69,63.9606323970752,0.850308792964635,0,585,1,585,0,0,0.850308792964635,64.8109411900398
PHN11_PHW65_0180/LH195,63.9606323970752,1.21709953848227,0,586,1,586,0,0,1.21709953848227,65.1777319355574
PHN11_PHW65_0180/PHT69,63.9606323970752,1.21709953848227,0,587,1,587,0,0,1.21709953848227,65.1777319355574
PHN11_PHW65_0184/LH195,63.9606323970752,0.647321623797232,0,588,1,588,0,0,0.647321623797232,64.6079540208724
PHN11_PHW65_0184/PHT69,63.9606323970752,0.647321623797232,0,589,1,589,0,0,0.647321623797232,64.6079540208724
PHN11_PHW65_0189/LH195,63.9606323970752,0.489404972062091,0,590,1,590,0,0,0.489404972062091,64.4500373691373
PHN11_PHW65_0189/PHT69,63.9606323970752,0.489404972062091,0,591,1,591,0,0,0.489404972062091,64.4500373691373
PHN11_PHW65_0190/LH195,63.9606323970752,0.692638213150806,0,592,1,592,0,0,0.692638213150806,64.653270610226
PHN11_PHW65_0190/PHT69,63.9606323970752,0.692638213150806,0,593,1,593,0,0,0.692638213150806,64.653270610226
PHN11_PHW65_0194/LH195,63.9606323970752,0.853636569627755,0,594,1,594,0,0,0.853636569627755,64.8142689667029
PHN11_PHW65_0194/PHT69,63.9606323970752,0.853636569627755,0,595,1,595,0,0,0.853636569627755,64.8142689667029
PHN11_PHW65_0205/LH195,63.9606323970752,0.555917530448578,0,596,1,596,0,0,0.555917530448578,64.5165499275238
PHN11_PHW65_0205/PHT69,63.9606323970752,0.555917530448578,0,597,1,597,0,0,0.555917530448578,64.5165499275238
PHN11_PHW65_0206/LH195,63.9606323970752,0.949810064075384,0,598,1,598,0,0,0.949810064075384,64.9104424611506
PHN11_PHW65_0206/PHT69,63.9606323970752,0.949810064075384,0,599,1,599,0,0,0.949810064075384,64.9104424611506
PHN11_PHW65_0209/LH195,63.9606323970752,0.308814658656115,0,600,1,600,0,0,0.308814658656115,64.2694470557313
PHN11_PHW65_0209/PHT69,63.9606323970752,0.308814658656115,0,601,1,601,0,0,0.308814658656115,64.2694470557313
PHN11_PHW65_0211/LH195,63.9606323970752,0.668452791171186,0,602,1,602,0,0,0.668452791171186,64.6290851882464
PHN11_PHW65_0211/PHT69,63.9606323970752,0.668452791171186,0,603,1,603,0,0,0.668452791171186,64.6290851882464
PHN11_PHW65_0212/LH195,63.9606323970752,0.452755583625597,0,604,1,604,0,0,0.452755583625597,64.4133879807008
PHN11_PHW65_0212/PHT69,63.9606323970752,0.452755583625597,0,605,1,605,0,0,0.452755583625597,64.4133879807008
PHN11_PHW65_0216/LH195,63.9606323970752,0.520684176086039,0,606,1,606,0,0,0.520684176086039,64.4813165731612
PHN11_PHW65_0216/PHT69,63.9606323970752,0.520684176086039,0,607,1,607,0,0,0.520684176086039,64.4813165731612
PHN11_PHW65_0217/LH195,63.9606323970752,0.607957543711492,0,608,1,608,0,0,0.607957543711492,64.5685899407867
PHN11_PHW65_0217/PHT69,63.9606323970752,0.607957543711492,0,609,1,609,0,0,0.607957543711492,64.5685899407867
PHN11_PHW65_0221/LH195,63.9606323970752,0.820129987876429,0,610,1,610,0,0,0.820129987876429,64.7807623849516
PHN11_PHW65_0221/PHT69,63.9606323970752,0.820129987876429,0,611,1,611,0,0,0.820129987876429,64.7807623849516
PHN11_PHW65_0223/LH195,63.9606323970752,0.511491846770148,0,612,1,612,0,0,0.511491846770148,64.4721242438453
PHN11_PHW65_0223/PHT69,63.9606323970752,0.511491846770148,0,613,1,613,0,0,0.511491846770148,64.4721242438453
PHN11_PHW65_0224/LH195,63.9606323970752,0.186317001959896,0,614,1,614,0,0,0.186317001959896,64.1469493990351
PHN11_PHW65_0224/PHT69,63.9606323970752,0.186317001959896,0,615,1,615,0,0,0.186317001959896,64.1469493990351
PHN11_PHW65_0225/LH195,63.9606323970752,0.854786960761274,0,616,1,616,0,0,0.854786960761274,64.8154193578364
PHN11_PHW65_0225/PHT69,63.9606323970752,0.854786960761274,0,617,1,617,0,0,0.854786960761274,64.8154193578364
PHN11_PHW65_0227/LH195,63.9606323970752,0.774236675250466,0,618,1,618,0,0,0.774236675250466,64.7348690723256
PHN11_PHW65_0227/PHT69,63.9606323970752,0.774236675250466,0,619,1,619,0,0,0.774236675250466,64.7348690723256
PHN11_PHW65_0237/LH195,63.9606323970752,0.911859302805347,0,620,1,620,0,0,0.911859302805347,64.8724916998805
PHN11_PHW65_0237/PHT69,63.9606323970752,0.911859302805347,0,621,1,621,0,0,0.911859302805347,64.8724916998805
PHN11_PHW65_0241/LH195,63.9606323970752,0.460883925239569,0,622,1,622,0,0,0.460883925239569,64.4215163223147
PHN11_PHW65_0241/PHT69,63.9606323970752,0.460883925239569,0,623,1,623,0,0,0.460883925239569,64.4215163223147
PHN11_PHW65_0242/LH195,63.9606323970752,0.467740521624594,0,624,1,624,0,0,0.467740521624594,64.4283729186998
PHN11_PHW65_0242/PHT69,63.9606323970752,0.467740521624594,0,625,1,625,0,0,0.467740521624594,64.4283729186998
PHN11_PHW65_0245/LH195,63.9606323970752,0.635453835641661,0,626,1,626,0,0,0.635453835641661,64.5960862327168
PHN11_PHW65_0245/PHT69,63.9606323970752,0.635453835641661,0,627,1,627,0,0,0.635453835641661,64.5960862327168
PHN11_PHW65_0248/LH195,63.9606323970752,0.618328171425891,0,628,1,628,0,0,0.618328171425891,64.5789605685011
PHN11_PHW65_0248/PHT69,63.9606323970752,0.618328171425891,0,629,1,629,0,0,0.618328171425891,64.5789605685011
PHN11_PHW65_0250/LH195,63.9606323970752,0.196640531336877,0,630,1,630,0,0,0.196640531336877,64.1572729284121
PHN11_PHW65_0250/PHT69,63.9606323970752,0.196640531336877,0,631,1,631,0,0,0.196640531336877,64.1572729284121
PHN11_PHW65_0251/LH195,63.9606323970752,0.393516629767725,0,632,1,632,0,0,0.393516629767725,64.3541490268429
PHN11_PHW65_0251/PHT69,63.9606323970752,0.393516629767725,0,633,1,633,0,0,0.393516629767725,64.3541490268429
PHN11_PHW65_0256/LH195,63.9606323970752,0.0681098643117133,0,634,1,634,0,0,0.0681098643117133,64.0287422613869
PHN11_PHW65_0256/PHT69,63.9606323970752,0.0681098643117133,0,635,1,635,0,0,0.0681098643117133,64.0287422613869
PHN11_PHW65_0257/LH195,63.9606323970752,-0.0232476971588279,0,636,1,636,0,0,-0.0232476971588279,63.9373846999163
PHN11_PHW65_0257/PHT69,63.9606323970752,-0.0232476971588279,0,637,1,637,0,0,-0.0232476971588279,63.9373846999163
PHN11_PHW65_0258/LH195,63.9606323970752,0.638809945091469,0,638,1,638,0,0,0.638809945091469,64.5994423421666
PHN11_PHW65_0258/PHT69,63.9606323970752,0.638809945091469,0,639,1,639,0,0,0.638809945091469,64.5994423421666
PHN11_PHW65_0260/LH195,63.9606323970752,1.03555135037826,0,640,1,640,0,0,1.03555135037826,64.9961837474534
PHN11_PHW65_0260/PHT69,63.9606323970752,1.03555135037826,0,641,1,641,0,0,1.03555135037826,64.9961837474534
PHN11_PHW65_0261/LH195,63.9606323970752,0.549094701069888,0,642,1,642,0,0,0.549094701069888,64.5097270981451
PHN11_PHW65_0261/PHT69,63.9606323970752,0.549094701069888,0,643,1,643,0,0,0.549094701069888,64.5097270981451
PHN11_PHW65_0266/LH195,63.9606323970752,0.50859571926855,0,644,1,644,0,0,0.50859571926855,64.4692281163437
PHN11_PHW65_0266/PHT69,63.9606323970752,0.50859571926855,0,645,1,645,0,0,0.50859571926855,64.4692281163437
PHN11_PHW65_0267/LH195,63.9606323970752,0.793650973614116,0,646,1,646,0,0,0.793650973614116,64.7542833706893
PHN11_PHW65_0267/PHT69,63.9606323970752,0.793650973614116,0,647,1,647,0,0,0.793650973614116,64.7542833706893
PHN11_PHW65_0274/LH195,63.9606323970752,0.829101250763799,0,648,1,648,0,0,0.829101250763799,64.789733647839
PHN11_PHW65_0274/PHT69,63.9606323970752,0.829101250763799,0,649,1,649,0,0,0.829101250763799,64.789733647839
PHN11_PHW65_0275/LH195,63.9606323970752,0.75737570796138,0,650,1,650,0,0,0.75737570796138,64.7180081050366
PHN11_PHW65_0275/PHT69,63.9606323970752,0.75737570796138,0,651,1,651,0,0,0.75737570796138,64.7180081050366
PHN11_PHW65_0276/LH195,63.9606323970752,0.797321605157663,0,652,1,652,0,0,0.797321605157663,64.7579540022328
PHN11_PHW65_0276/PHT69,63.9606323970752,0.797321605157663,0,653,1,653,0,0,0.797321605157663,64.7579540022328
PHN11_PHW65_0277/LH195,63.9606323970752,0.690420324275407,0,654,1,654,0,0,0.690420324275407,64.6510527213506
PHN11_PHW65_0277/PHT69,63.9606323970752,0.690420324275407,0,655,1,655,0,0,0.690420324275407,64.6510527213506
PHN11_PHW65_0278/LH195,63.9606323970752,0.741769346587974,0,656,1,656,0,0,0.741769346587974,64.7024017436631
PHN11_PHW65_0278/PHT69,63.9606323970752,0.741769346587974,0,657,1,657,0,0,0.741769346587974,64.7024017436631
PHN11_PHW65_0279/LH195,63.9606323970752,0.197246172416423,0,658,1,658,0,0,0.197246172416423,64.1578785694916
PHN11_PHW65_0279/PHT69,63.9606323970752,0.197246172416423,0,659,1,659,0,0,0.197246172416423,64.1578785694916
PHN11_PHW65_0282/LH195,63.9606323970752,0.651229971797867,0,660,1,660,0,0,0.651229971797867,64.611862368873
PHN11_PHW65_0282/PHT69,63.9606323970752,0.651229971797867,0,661,1,661,0,0,0.651229971797867,64.611862368873
PHN11_PHW65_0284/LH195,63.9606323970752,0.515662650048406,0,662,1,662,0,0,0.515662650048406,64.4762950471236
PHN11_PHW65_0284/PHT69,63.9606323970752,0.515662650048406,0,663,1,663,0,0,0.515662650048406,64.4762950471236
PHN11_PHW65_0285/LH195,63.9606323970752,0.311685403702247,0,664,1,664,0,0,0.311685403702247,64.2723178007774
PHN11_PHW65_0285/PHT69,63.9606323970752,0.311685403702247,0,665,1,665,0,0,0.311685403702247,64.2723178007774
PHN11_PHW65_0286/LH195,63.9606323970752,0.32241593881156,0,666,1,666,0,0,0.32241593881156,64.2830483358867
PHN11_PHW65_0286/PHT69,63.9606323970752,0.32241593881156,0,667,1,667,0,0,0.32241593881156,64.2830483358867
PHN11_PHW65_0288/LH195,63.9606323970752,0.239523078285613,0,668,1,668,0,0,0.239523078285613,64.2001554753608
PHN11_PHW65_0288/PHT69,63.9606323970752,0.239523078285613,0,669,1,669,0,0,0.239523078285613,64.2001554753608
PHN11_PHW65_0291/LH195,63.9606323970752,0.22776119096996,0,670,1,670,0,0,0.22776119096996,64.1883935880451
PHN11_PHW65_0291/PHT69,63.9606323970752,0.22776119096996,0,671,1,671,0,0,0.22776119096996,64.1883935880451
PHN11_PHW65_0294/LH195,63.9606323970752,1.29381923718113,0,672,1,672,0,0,1.29381923718113,65.2544516342563
PHN11_PHW65_0294/PHT69,63.9606323970752,1.29381923718113,0,673,1,673,0,0,1.29381923718113,65.2544516342563
PHN11_PHW65_0300/LH195,63.9606323970752,0.77394905000249,0,674,1,674,0,0,0.77394905000249,64.7345814470777
PHN11_PHW65_0300/PHT69,63.9606323970752,0.77394905000249,0,675,1,675,0,0,0.77394905000249,64.7345814470777
PHN11_PHW65_0301/LH195,63.9606323970752,0.689972942002074,0,676,1,676,0,0,0.689972942002074,64.6506053390772
PHN11_PHW65_0301/PHT69,63.9606323970752,0.689972942002074,0,677,1,677,0,0,0.689972942002074,64.6506053390772
PHN11_PHW65_0302/LH195,63.9606323970752,1.16828403271413,0,678,1,678,0,0,1.16828403271413,65.1289164297893
PHN11_PHW65_0302/PHT69,63.9606323970752,1.16828403271413,0,679,1,679,0,0,1.16828403271413,65.1289164297893
PHN11_PHW65_0303/LH195,63.9606323970752,0.608088247703451,0,680,1,680,0,0,0.608088247703451,64.5687206447786
PHN11_PHW65_0303/PHT69,63.9606323970752,0.608088247703451,0,681,1,681,0,0,0.608088247703451,64.5687206447786
PHN11_PHW65_0305/LH195,63.9606323970752,0.728608886915956,0,682,1,682,0,0,0.728608886915956,64.6892412839911
PHN11_PHW65_0305/PHT69,63.9606323970752,0.728608886915956,0,683,1,683,0,0,0.728608886915956,64.6892412839911
PHN11_PHW65_0307/LH195,63.9606323970752,0.785084802810175,0,684,1,684,0,0,0.785084802810175,64.7457171998853
PHN11_PHW65_0307/PHT69,63.9606323970752,0.785084802810175,0,685,1,685,0,0,0.785084802810175,64.7457171998853
PHN11_PHW65_0310/LH195,63.9606323970752,0.534042568964162,0,686,1,686,0,0,0.534042568964162,64.4946749660393
PHN11_PHW65_0310/PHT69,63.9606323970752,0.534042568964162,0,687,1,687,0,0,0.534042568964162,64.4946749660393
PHN11_PHW65_0312/LH195,63.9606323970752,0.735014289169513,0,688,1,688,0,0,0.735014289169513,64.6956466862447
PHN11_PHW65_0312/PHT69,63.9606323970752,0.735014289169513,0,689,1,689,0,0,0.735014289169513,64.6956466862447
PHN11_PHW65_0315/LH195,63.9606323970752,-0.104689543848993,0,690,1,690,0,0,-0.104689543848993,63.8559428532262
PHN11_PHW65_0315/PHT69,63.9606323970752,-0.104689543848993,0,691,1,691,0,0,-0.104689543848993,63.8559428532262
PHN11_PHW65_0316/LH195,63.9606323970752,0.245205819805501,0,692,1,692,0,0,0.245205819805501,64.2058382168807
PHN11_PHW65_0316/PHT69,63.9606323970752,0.245205819805501,0,693,1,693,0,0,0.245205819805501,64.2058382168807
PHN11_PHW65_0319/LH195,63.9606323970752,0.497373894854865,0,694,1,694,0,0,0.497373894854865,64.45800629193
PHN11_PHW65_0319/PHT69,63.9606323970752,0.497373894854865,0,695,1,695,0,0,0.497373894854865,64.45800629193
PHN11_PHW65_0320/LH195,63.9606323970752,0.338989567544724,0,696,1,696,0,0,0.338989567544724,64.2996219646199
PHN11_PHW65_0320/PHT69,63.9606323970752,0.338989567544724,0,697,1,697,0,0,0.338989567544724,64.2996219646199
PHN11_PHW65_0322/LH195,63.9606323970752,0.84355041171623,0,698,1,698,0,0,0.84355041171623,64.8041828087914
PHN11_PHW65_0322/PHT69,63.9606323970752,0.84355041171623,0,699,1,699,0,0,0.84355041171623,64.8041828087914
PHN11_PHW65_0323/LH195,63.9606323970752,1.16647512836194,0,700,1,700,0,0,1.16647512836194,65.1271075254371
PHN11_PHW65_0323/PHT69,63.9606323970752,1.16647512836194,0,701,1,701,0,0,1.16647512836194,65.1271075254371
PHN11_PHW65_0328/LH195,63.9606323970752,0.423810272726786,0,702,1,702,0,0,0.423810272726786,64.384442669802
PHN11_PHW65_0328/PHT69,63.9606323970752,0.429599425319703,0,703,1,703,0,0,0.429599425319703,64.3902318223949
PHN11_PHW65_0329/LH195,63.9606323970752,0.472231936420494,0,704,1,704,0,0,0.472231936420494,64.4328643334957
PHN11_PHW65_0329/PHT69,63.9606323970752,0.472231936420494,0,705,1,705,0,0,0.472231936420494,64.4328643334957
PHN11_PHW65_0333/LH195,63.9606323970752,0.666078235898416,0,706,1,706,0,0,0.666078235898416,64.6267106329736
PHN11_PHW65_0333/PHT69,63.9606323970752,0.666078235898416,0,707,1,707,0,0,0.666078235898416,64.6267106329736
PHN11_PHW65_0336/LH195,63.9606323970752,0.0655216614714404,0,708,1,708,0,0,0.0655216614714404,64.0261540585466
PHN11_PHW65_0336/PHT69,63.9606323970752,0.0655216614714404,0,709,1,709,0,0,0.0655216614714404,64.0261540585466
PHN11_PHW65_0341/LH195,63.9606323970752,0.508591679752203,0,710,1,710,0,0,0.508591679752203,64.4692240768274
PHN11_PHW65_0341/PHT69,63.9606323970752,0.508591679752203,0,711,1,711,0,0,0.508591679752203,64.4692240768274
PHN11_PHW65_0343/LH195,63.9606323970752,0.637913451521936,0,712,1,712,0,0,0.637913451521936,64.5985458485971
PHN11_PHW65_0343/PHT69,63.9606323970752,0.637913451521936,0,713,1,713,0,0,0.637913451521936,64.5985458485971
PHN11_PHW65_0344/LH195,63.9606323970752,0.987597910821625,0,714,1,714,0,0,0.987597910821625,64.9482303078968
PHN11_PHW65_0344/PHT69,63.9606323970752,0.987597910821625,0,715,1,715,0,0,0.987597910821625,64.9482303078968
PHN11_PHW65_0345/LH195,63.9606323970752,1.08028213119527,0,716,1,716,0,0,1.08028213119527,65.0409145282704
PHN11_PHW65_0345/PHT69,63.9606323970752,1.08028213119527,0,717,1,717,0,0,1.08028213119527,65.0409145282704
PHN11_PHW65_0346/LH195,63.9606323970752,1.06939744390792,0,718,1,718,0,0,1.06939744390792,65.0300298409831
PHN11_PHW65_0346/PHT69,63.9606323970752,1.06939744390792,0,719,1,719,0,0,1.06939744390792,65.0300298409831
PHN11_PHW65_0347/LH195,63.9606323970752,0.597234698812946,0,720,1,720,0,0,0.597234698812946,64.5578670958881
PHN11_PHW65_0347/PHT69,63.9606323970752,0.597234698812946,0,721,1,721,0,0,0.597234698812946,64.5578670958881
PHN11_PHW65_0352/LH195,63.9606323970752,0.650890992631213,0,722,1,722,0,0,0.650890992631213,64.6115233897064
PHN11_PHW65_0352/PHT69,63.9606323970752,0.650890992631213,0,723,1,723,0,0,0.650890992631213,64.6115233897064
PHN11_PHW65_0353/LH195,63.9606323970752,0.977064857817636,0,724,1,724,0,0,0.977064857817636,64.9376972548928
PHN11_PHW65_0353/PHT69,63.9606323970752,0.977064857817636,0,725,1,725,0,0,0.977064857817636,64.9376972548928
PHN11_PHW65_0354/LH195,63.9606323970752,0.578508534921954,0,726,1,726,0,0,0.578508534921954,64.5391409319971
PHN11_PHW65_0354/PHT69,63.9606323970752,0.578508534921954,0,727,1,727,0,0,0.578508534921954,64.5391409319971
PHN11_PHW65_0355/LH195,63.9606323970752,1.48122293566067,0,728,1,728,0,0,1.48122293566067,65.4418553327358
PHN11_PHW65_0355/PHT69,63.9606323970752,1.48122293566067,0,729,1,729,0,0,1.48122293566067,65.4418553327358
PHN11_PHW65_0358/LH195,63.9606323970752,0.0610516431193648,0,730,1,730,0,0,0.0610516431193648,64.0216840401945
PHN11_PHW65_0358/PHT69,63.9606323970752,0.0610516431193648,0,731,1,731,0,0,0.0610516431193648,64.0216840401945
PHN11_PHW65_0359/LH195,63.9606323970752,0.224843463309707,0,732,1,732,0,0,0.224843463309707,64.1854758603849
PHN11_PHW65_0359/PHT69,63.9606323970752,0.224843463309707,0,733,1,733,0,0,0.224843463309707,64.1854758603849
PHN11_PHW65_0360/LH195,63.9606323970752,0.160105926789183,0,734,1,734,0,0,0.160105926789183,64.1207383238644
PHN11_PHW65_0360/PHT69,63.9606323970752,0.160105926789183,0,735,1,735,0,0,0.160105926789183,64.1207383238644
PHN11_PHW65_0365/LH195,63.9606323970752,1.30301687689171,0,736,1,736,0,0,1.30301687689171,65.2636492739669
PHN11_PHW65_0365/PHT69,63.9606323970752,1.30301687689171,0,737,1,737,0,0,1.30301687689171,65.2636492739669
PHN11_PHW65_0369/LH195,63.9606323970752,0.716835344562452,0,738,1,738,0,0,0.716835344562452,64.6774677416376
PHN11_PHW65_0369/PHT69,63.9606323970752,0.716835344562452,0,739,1,739,0,0,0.716835344562452,64.6774677416376
PHN11_PHW65_0372/LH195,63.9606323970752,0.0478458921533453,0,740,1,740,0,0,0.0478458921533453,64.0084782892285
PHN11_PHW65_0372/PHT69,63.9606323970752,0.0478458921533453,0,741,1,741,0,0,0.0478458921533453,64.0084782892285
PHN11_PHW65_0374/LH195,63.9606323970752,1.27180757506334,0,742,1,742,0,0,1.27180757506334,65.2324399721385
PHN11_PHW65_0374/PHT69,63.9606323970752,1.27180757506334,0,743,1,743,0,0,1.27180757506334,65.2324399721385
PHN11_PHW65_0378/LH195,63.9606323970752,0.701570414102073,0,744,1,744,0,0,0.701570414102073,64.6622028111773
PHN11_PHW65_0378/PHT69,63.9606323970752,0.701570414102073,0,745,1,745,0,0,0.701570414102073,64.6622028111773
PHN11_PHW65_0382/LH195,63.9606323970752,0.776692842420702,0,746,1,746,0,0,0.776692842420702,64.7373252394959
PHN11_PHW65_0382/PHT69,63.9606323970752,0.776692842420702,0,747,1,747,0,0,0.776692842420702,64.7373252394959
PHN11_PHW65_0385/LH195,63.9606323970752,0.427377996703839,0,748,1,748,0,0,0.427377996703839,64.388010393779
PHN11_PHW65_0385/PHT69,63.9606323970752,0.427377996703839,0,749,1,749,0,0,0.427377996703839,64.388010393779
PHN11_PHW65_0386/LH195,63.9606323970752,0.700688781499206,0,750,1,750,0,0,0.700688781499206,64.6613211785744
PHN11_PHW65_0386/PHT69,63.9606323970752,0.700688781499206,0,751,1,751,0,0,0.700688781499206,64.6613211785744
PHN11_PHW65_0387/LH195,63.9606323970752,-0.11654800575643,0,752,1,752,0,0,-0.11654800575643,63.8440843913187
PHN11_PHW65_0387/PHT69,63.9606323970752,-0.11654800575643,0,753,1,753,0,0,-0.11654800575643,63.8440843913187
PHN11_PHW65_0390/LH195,63.9606323970752,0.688128469377296,0,754,1,754,0,0,0.688128469377296,64.6487608664525
PHN11_PHW65_0390/PHT69,63.9606323970752,0.688128469377296,0,755,1,755,0,0,0.688128469377296,64.6487608664525
PHN11_PHW65_0393/LH195,63.9606323970752,0.954595985739333,0,756,1,756,0,0,0.954595985739333,64.9152283828145
PHN11_PHW65_0393/PHT69,63.9606323970752,0.954595985739333,0,757,1,757,0,0,0.954595985739333,64.9152283828145
PHN11_PHW65_0395/LH195,63.9606323970752,0.58250310946392,0,758,1,758,0,0,0.58250310946392,64.5431355065391
PHN11_PHW65_0395/PHT69,63.9606323970752,0.58250310946392,0,759,1,759,0,0,0.58250310946392,64.5431355065391
PHN11_PHW65_0398/LH195,63.9606323970752,0.65615799195488,0,760,1,760,0,0,0.65615799195488,64.6167903890301
PHN11_PHW65_0398/PHT69,63.9606323970752,0.65615799195488,0,761,1,761,0,0,0.65615799195488,64.6167903890301
PHN11_PHW65_0402/LH195,63.9606323970752,0.515941417823602,0,762,1,762,0,0,0.515941417823602,64.4765738148988
PHN11_PHW65_0402/PHT69,63.9606323970752,0.515941417823602,0,763,1,763,0,0,0.515941417823602,64.4765738148988
PHN11_PHW65_0408/LH195,63.9606323970752,0.878871096877304,0,764,1,764,0,0,0.878871096877304,64.8395034939525
PHN11_PHW65_0408/PHT69,63.9606323970752,0.878871096877304,0,765,1,765,0,0,0.878871096877304,64.8395034939525
PHN11_PHW65_0410/LH195,63.9606323970752,0.180646562929556,0,766,1,766,0,0,0.180646562929556,64.1412789600047
PHN11_PHW65_0410/PHT69,63.9606323970752,0.180646562929556,0,767,1,767,0,0,0.180646562929556,64.1412789600047
PHN11_PHW65_0418/LH195,63.9606323970752,0.522817277730334,0,768,1,768,0,0,0.522817277730334,64.4834496748055
PHN11_PHW65_0418/PHT69,63.9606323970752,0.522817277730334,0,769,1,769,0,0,0.522817277730334,64.4834496748055
PHN11_PHW65_0421/LH195,63.9606323970752,0.80316881904241,0,770,1,770,0,0,0.80316881904241,64.7638012161176
PHN11_PHW65_0421/PHT69,63.9606323970752,0.80316881904241,0,771,1,771,0,0,0.80316881904241,64.7638012161176
PHN11_PHW65_0422/LH195,63.9606323970752,1.02522281821233,0,772,1,772,0,0,1.02522281821233,64.9858552152875
PHN11_PHW65_0422/PHT69,63.9606323970752,1.02522281821233,0,773,1,773,0,0,1.02522281821233,64.9858552152875
PHN11_PHW65_0423/LH195,63.9606323970752,0.746965084444517,0,774,1,774,0,0,0.746965084444517,64.7075974815197
PHN11_PHW65_0423/PHT69,63.9606323970752,0.746965084444517,0,775,1,775,0,0,0.746965084444517,64.7075974815197
PHN11_PHW65_0424/LH195,63.9606323970752,0.656377992398395,0,776,1,776,0,0,0.656377992398395,64.6170103894736
PHN11_PHW65_0424/PHT69,63.9606323970752,0.656377992398395,0,777,1,777,0,0,0.656377992398395,64.6170103894736
PHN11_PHW65_0427/LH195,63.9606323970752,0.827404105943981,0,778,1,778,0,0,0.827404105943981,64.7880365030192
PHN11_PHW65_0427/PHT69,63.9606323970752,0.827404105943981,0,779,1,779,0,0,0.827404105943981,64.7880365030192
PHN11_PHW65_0431/LH195,63.9606323970752,0.199099394262447,0,780,1,780,0,0,0.199099394262447,64.1597317913376
PHN11_PHW65_0431/PHT69,63.9606323970752,0.199099394262447,0,781,1,781,0,0,0.199099394262447,64.1597317913376
PHN11_PHW65_0432/LH195,63.9606323970752,0.524802538382089,0,782,1,782,0,0,0.524802538382089,64.4854349354573
PHN11_PHW65_0432/PHT69,63.9606323970752,0.524802538382089,0,783,1,783,0,0,0.524802538382089,64.4854349354573
PHN11_PHW65_0443/LH195,63.9606323970752,0.73313601263852,0,784,1,784,0,0,0.73313601263852,64.6937684097137
PHN11_PHW65_0443/PHT69,63.9606323970752,0.73313601263852,0,785,1,785,0,0,0.73313601263852,64.6937684097137
PHN11_PHW65_0448/LH195,63.9606323970752,0.519762151576906,0,786,1,786,0,0,0.519762151576906,64.4803945486521
PHN11_PHW65_0448/PHT69,63.9606323970752,0.519762151576906,0,787,1,787,0,0,0.519762151576906,64.4803945486521
PHN11_PHW65_0451/LH195,63.9606323970752,-0.477258904797964,0,788,1,788,0,0,-0.477258904797964,63.4833734922772
PHN11_PHW65_0451/PHT69,63.9606323970752,-0.477258904797964,0,789,1,789,0,0,-0.477258904797964,63.4833734922772
PHN11_PHW65_0453/LH195,63.9606323970752,0.484983185118571,0,790,1,790,0,0,0.484983185118571,64.4456155821937
PHN11_PHW65_0453/PHT69,63.9606323970752,0.484983185118571,0,791,1,791,0,0,0.484983185118571,64.4456155821937
PHN11_PHW65_0455/LH195,63.9606323970752,0.464548325140295,0,792,1,792,0,0,0.464548325140295,64.4251807222155
PHN11_PHW65_0455/PHT69,63.9606323970752,0.464548325140295,0,793,1,793,0,0,0.464548325140295,64.4251807222155
PHN11_PHW65_0464/LH195,63.9606323970752,0.593564208489776,0,794,1,794,0,0,0.593564208489776,64.554196605565
PHN11_PHW65_0464/PHT69,63.9606323970752,0.593564208489776,0,795,1,795,0,0,0.593564208489776,64.554196605565
PHN11_PHW65_0470/LH195,63.9606323970752,0.405246996289914,0,796,1,796,0,0,0.405246996289914,64.3658793933651
PHN11_PHW65_0470/PHT69,63.9606323970752,0.405246996289914,0,797,1,797,0,0,0.405246996289914,64.3658793933651
PHN11_PHW65_0478/LH195,63.9606323970752,0.301629366557703,0,798,1,798,0,0,0.301629366557703,64.2622617636329
PHN11_PHW65_0478/PHT69,63.9606323970752,0.301629366557703,0,799,1,799,0,0,0.301629366557703,64.2622617636329
PHN11_PHW65_0481/LH195,63.9606323970752,0.0755696558449992,0,800,1,800,0,0,0.0755696558449992,64.0362020529202
PHN11_PHW65_0481/PHT69,63.9606323970752,0.0755696558449992,0,801,1,801,0,0,0.0755696558449992,64.0362020529202
PHN11_PHW65_0486/LH195,63.9606323970752,1.30314252284087,0,802,1,802,0,0,1.30314252284087,65.263774919916
PHN11_PHW65_0486/PHT69,63.9606323970752,1.30314252284087,0,803,1,803,0,0,1.30314252284087,65.263774919916
PHN11_PHW65_0491/LH195,63.9606323970752,0.635015791142078,0,804,1,804,0,0,0.635015791142078,64.5956481882173
PHN11_PHW65_0491/PHT69,63.9606323970752,0.635015791142078,0,805,1,805,0,0,0.635015791142078,64.5956481882173
PHN11_PHW65_0494/LH195,63.9606323970752,-0.173429523105569,0,806,1,806,0,0,-0.173429523105569,63.7872028739696
PHN11_PHW65_0494/PHT69,63.9606323970752,-0.173429523105569,0,807,1,807,0,0,-0.173429523105569,63.7872028739696
PHN11_PHW65_0496/LH195,63.9606323970752,0.591514336516617,0,808,1,808,0,0,0.591514336516617,64.5521467335918
PHN11_PHW65_0496/PHT69,63.9606323970752,0.591514336516617,0,809,1,809,0,0,0.591514336516617,64.5521467335918
PHN11_PHW65_0499/LH195,63.9606323970752,0.250503547697564,0,810,1,810,0,0,0.250503547697564,64.2111359447727
PHN11_PHW65_0499/PHT69,63.9606323970752,0.256292700290482,0,811,1,811,0,0,0.256292700290482,64.2169250973657
PHN11_PHW65_0512/LH195,63.9606323970752,0.199023007057042,0,812,1,812,0,0,0.199023007057042,64.1596554041322
PHN11_PHW65_0512/PHT69,63.9606323970752,0.199023007057042,0,813,1,813,0,0,0.199023007057042,64.1596554041322
PHN11_PHW65_0514/LH195,63.9606323970752,0.817967574273629,0,814,1,814,0,0,0.817967574273629,64.7785999713488
PHN11_PHW65_0514/PHT69,63.9606323970752,0.817967574273629,0,815,1,815,0,0,0.817967574273629,64.7785999713488
PHN11_PHW65_0541/LH195,63.9606323970752,0.262167843250373,0,816,1,816,0,0,0.262167843250373,64.2228002403255
PHN11_PHW65_0541/PHT69,63.9606323970752,0.262167843250373,0,817,1,817,0,0,0.262167843250373,64.2228002403255
PHN11_PHW65_0548/LH195,63.9606323970752,0.641679436848281,0,818,1,818,0,0,0.641679436848281,64.6023118339235
PHN11_PHW65_0548/PHT69,63.9606323970752,0.641679436848281,0,819,1,819,0,0,0.641679436848281,64.6023118339235
PHN11_PHW65_0552/LH195,63.9606323970752,0.695660211205977,0,820,1,820,0,0,0.695660211205977,64.6562926082811
PHN11_PHW65_0552/PHT69,63.9606323970752,0.695660211205977,0,821,1,821,0,0,0.695660211205977,64.6562926082811
PHN11_PHW65_0577/LH195,63.9606323970752,0.377501262040931,0,822,1,822,0,0,0.377501262040931,64.3381336591161
PHN11_PHW65_0577/PHT69,63.9606323970752,0.377501262040931,0,823,1,823,0,0,0.377501262040931,64.3381336591161
PHN11_PHW65_0591/LH195,63.9606323970752,0.134275197815506,0,824,1,824,0,0,0.134275197815506,64.0949075948907
PHN11_PHW65_0591/PHT69,63.9606323970752,0.134275197815506,0,825,1,825,0,0,0.134275197815506,64.0949075948907
PHN11_PHW65_0604/LH195,63.9606323970752,-0.170390119099922,0,826,1,826,0,0,-0.170390119099922,63.7902422779753
PHN11_PHW65_0604/PHT69,63.9606323970752,-0.170390119099922,0,827,1,827,0,0,-0.170390119099922,63.7902422779753
PHN11_PHW65_0612/LH195,63.9606323970752,0.352773887376255,0,828,1,828,0,0,0.352773887376255,64.3134062844514
PHN11_PHW65_0612/PHT69,63.9606323970752,0.352773887376255,0,829,1,829,0,0,0.352773887376255,64.3134062844514
PHN11_PHW65_0614/LH195,63.9606323970752,-0.0610379056329056,0,830,1,830,0,0,-0.0610379056329056,63.8995944914423
PHN11_PHW65_0614/PHT69,63.9606323970752,-0.0610379056329056,0,831,1,831,0,0,-0.0610379056329056,63.8995944914423
PHN11_PHW65_0626/LH195,63.9606323970752,0.378749097917321,0,832,1,832,0,0,0.378749097917321,64.3393814949925
PHN11_PHW65_0626/PHT69,63.9606323970752,0.378749097917321,0,833,1,833,0,0,0.378749097917321,64.3393814949925
PHN11_PHW65_0637/LH195,63.9606323970752,0.765077489424471,0,834,1,834,0,0,0.765077489424471,64.7257098864996
PHN11_PHW65_0637/PHT69,63.9606323970752,0.765077489424471,0,835,1,835,0,0,0.765077489424471,64.7257098864996
PHN11_PHW65_0639/LH195,63.9606323970752,0.708630672334592,0,836,1,836,0,0,0.708630672334592,64.6692630694098
PHN11_PHW65_0639/PHT69,63.9606323970752,0.708630672334592,0,837,1,837,0,0,0.708630672334592,64.6692630694098
PHN11_PHW65_0663/LH195,63.9606323970752,0.994672309074353,0,838,1,838,0,0,0.994672309074353,64.9553047061495
PHN11_PHW65_0663/PHT69,63.9606323970752,0.994672309074353,0,839,1,839,0,0,0.994672309074353,64.9553047061495
PHN82/LH145,63.9606323970752,-0.510023149963728,0,840,1,840,0,0,-0.510023149963728,63.4506092471114
PHN82/PHHV4,63.9606323970752,-0.507883340561009,0,841,1,841,0,0,-0.507883340561009,63.4527490565142
PHN82/PHRE1,63.9606323970752,-0.486018531662477,0,842,1,842,0,0,-0.486018531662477,63.4746138654127
PHN82/S8324,63.9606323970752,-0.507883340561009,0,843,1,843,0,0,-0.507883340561009,63.4527490565142
PHRE1/LH162,63.9606323970752,-1.12255396641182,0,844,1,844,0,0,-1.12255396641182,62.8380784306634
PHRE1/PHR25,63.9606323970752,-1.11877615778767,0,845,1,845,0,0,-1.11877615778767,62.8418562392875
PHRE1/PHTD5,63.9606323970752,-1.11877615778767,0,846,1,846,0,0,-1.11877615778767,62.8418562392875
PHW03/LH145,63.9606323970752,-0.731294777717616,0,847,1,847,0,0,-0.731294777717616,63.2293376193576
PHW03/S8324,63.9606323970752,-0.731939956901788,0,848,1,848,0,0,-0.731939956901788,63.2286924401734
PHW52/PHM49,63.9606323970752,-0.799099268761352,0,849,1,849,0,0,-0.799099268761352,63.1615331283138
PHW52/PHN82,63.9606323970752,-0.799099268761352,0,850,1,850,0,0,-0.799099268761352,63.1615331283138
PHW65/LH195,63.9606323970752,2.10630803370484,0,851,1,851,0,0,2.10630803370484,66.06694043078
PHW65/PHT69,63.9606323970752,2.10630803370484,0,852,1,852,0,0,2.10630803370484,66.06694043078
PHW65_MOG_0001/LH195,63.9606323970752,1.92329354303923,0,853,1,853,0,0,1.92329354303923,65.8839259401144
PHW65_MOG_0001/PHT69,63.9606323970752,1.92329354303923,0,854,1,854,0,0,1.92329354303923,65.8839259401144
PHW65_MOG_0003/LH195,63.9606323970752,2.02412391805091,0,855,1,855,0,0,2.02412391805091,65.9847563151261
PHW65_MOG_0003/PHT69,63.9606323970752,2.02412391805091,0,856,1,856,0,0,2.02412391805091,65.9847563151261
PHW65_MOG_0006/LH195,63.9606323970752,1.90953712907396,0,857,1,857,0,0,1.90953712907396,65.8701695261491
PHW65_MOG_0006/PHT69,63.9606323970752,1.90953712907396,0,858,1,858,0,0,1.90953712907396,65.8701695261491
PHW65_MOG_0009/LH195,63.9606323970752,1.88411469442973,0,859,1,859,0,0,1.88411469442973,65.8447470915049
PHW65_MOG_0009/PHT69,63.9606323970752,1.88411469442973,0,860,1,860,0,0,1.88411469442973,65.8447470915049
PHW65_MOG_0012/LH195,63.9606323970752,2.02285315335288,0,861,1,861,0,0,2.02285315335288,65.983485550428
PHW65_MOG_0012/PHT69,63.9606323970752,2.02285315335288,0,862,1,862,0,0,2.02285315335288,65.983485550428
PHW65_MOG_0014/LH195,63.9606323970752,1.15067972147936,0,863,1,863,0,0,1.15067972147936,65.1113121185545
PHW65_MOG_0014/PHT69,63.9606323970752,1.15067972147936,0,864,1,864,0,0,1.15067972147936,65.1113121185545
PHW65_MOG_0015/LH195,63.9606323970752,2.06094205798217,0,865,1,865,0,0,2.06094205798217,66.0215744550573
PHW65_MOG_0015/PHT69,63.9606323970752,2.06094205798217,0,866,1,866,0,0,2.06094205798217,66.0215744550573
PHW65_MOG_0016/LH195,63.9606323970752,1.75438946251761,0,867,1,867,0,0,1.75438946251761,65.7150218595928
PHW65_MOG_0016/PHT69,63.9606323970752,1.75438946251761,0,868,1,868,0,0,1.75438946251761,65.7150218595928
PHW65_MOG_0017/LH195,63.9606323970752,1.87319028860402,0,869,1,869,0,0,1.87319028860402,65.8338226856792
PHW65_MOG_0017/PHT69,63.9606323970752,1.87319028860402,0,870,1,870,0,0,1.87319028860402,65.8338226856792
PHW65_MOG_0018/LH195,63.9606323970752,1.86833911172328,0,871,1,871,0,0,1.86833911172328,65.8289715087984
PHW65_MOG_0018/PHT69,63.9606323970752,1.86833911172328,0,872,1,872,0,0,1.86833911172328,65.8289715087984
PHW65_MOG_0021/LH195,63.9606323970752,1.74792343615067,0,873,1,873,0,0,1.74792343615067,65.7085558332258
PHW65_MOG_0021/PHT69,63.9606323970752,1.74792343615067,0,874,1,874,0,0,1.74792343615067,65.7085558332258
PHW65_MOG_0022/LH195,63.9606323970752,0.643528044732071,0,875,1,875,0,0,0.643528044732071,64.6041604418072
PHW65_MOG_0022/PHT69,63.9606323970752,0.643528044732071,0,876,1,876,0,0,0.643528044732071,64.6041604418072
PHW65_MOG_0024/LH195,63.9606323970752,2.07826402813557,0,877,1,877,0,0,2.07826402813557,66.0388964252108
PHW65_MOG_0024/PHT69,63.9606323970752,2.07826402813557,0,878,1,878,0,0,2.07826402813557,66.0388964252108
PHW65_MOG_0025/LH195,63.9606323970752,1.97081928624391,0,879,1,879,0,0,1.97081928624391,65.9314516833191
PHW65_MOG_0025/PHT69,63.9606323970752,1.97081928624391,0,880,1,880,0,0,1.97081928624391,65.9314516833191
PHW65_MOG_0029/LH195,63.9606323970752,1.83060714811782,0,881,1,881,0,0,1.83060714811782,65.791239545193
PHW65_MOG_0029/PHT69,63.9606323970752,1.83060714811782,0,882,1,882,0,0,1.83060714811782,65.791239545193
PHW65_MOG_0032/LH195,63.9606323970752,1.67547714725541,0,883,1,883,0,0,1.67547714725541,65.6361095443306
PHW65_MOG_0032/PHT69,63.9606323970752,1.67547714725541,0,884,1,884,0,0,1.67547714725541,65.6361095443306
PHW65_MOG_0034/LH195,63.9606323970752,1.77676878373849,0,885,1,885,0,0,1.77676878373849,65.7374011808137
PHW65_MOG_0034/PHT69,63.9606323970752,1.77676878373849,0,886,1,886,0,0,1.77676878373849,65.7374011808137
PHW65_MOG_0036/LH195,63.9606323970752,1.70523778761837,0,887,1,887,0,0,1.70523778761837,65.6658701846935
PHW65_MOG_0036/PHT69,63.9606323970752,1.70523778761837,0,888,1,888,0,0,1.70523778761837,65.6658701846935
PHW65_MOG_0037/LH195,63.9606323970752,1.5078066696113,0,889,1,889,0,0,1.5078066696113,65.4684390666865
PHW65_MOG_0037/PHT69,63.9606323970752,1.5078066696113,0,890,1,890,0,0,1.5078066696113,65.4684390666865
PHW65_MOG_0038/LH195,63.9606323970752,2.01715496509136,0,891,1,891,0,0,2.01715496509136,65.9777873621665
PHW65_MOG_0038/PHT69,63.9606323970752,2.01715496509136,0,892,1,892,0,0,2.01715496509136,65.9777873621665
PHW65_MOG_0040/LH195,63.9606323970752,1.8442052974591,0,893,1,893,0,0,1.8442052974591,65.8048376945343
PHW65_MOG_0040/PHT69,63.9606323970752,1.8442052974591,0,894,1,894,0,0,1.8442052974591,65.8048376945343
PHW65_MOG_0041/LH195,63.9606323970752,2.0297760844787,0,895,1,895,0,0,2.0297760844787,65.9904084815539
PHW65_MOG_0041/PHT69,63.9606323970752,2.0297760844787,0,896,1,896,0,0,2.0297760844787,65.9904084815539
PHW65_MOG_0048/LH195,63.9606323970752,1.97925058878265,0,897,1,897,0,0,1.97925058878265,65.9398829858578
PHW65_MOG_0048/PHT69,63.9606323970752,1.97925058878265,0,898,1,898,0,0,1.97925058878265,65.9398829858578
PHW65_MOG_0050/LH195,63.9606323970752,1.98023909088421,0,899,1,899,0,0,1.98023909088421,65.9408714879594
PHW65_MOG_0050/PHT69,63.9606323970752,1.98023909088421,0,900,1,900,0,0,1.98023909088421,65.9408714879594
PHW65_MOG_0051/LH195,63.9606323970752,1.91824885847049,0,901,1,901,0,0,1.91824885847049,65.8788812555457
PHW65_MOG_0051/PHT69,63.9606323970752,1.91824885847049,0,902,1,902,0,0,1.91824885847049,65.8788812555457
PHW65_MOG_0052/LH195,63.9606323970752,1.78652751522851,0,903,1,903,0,0,1.78652751522851,65.7471599123037
PHW65_MOG_0052/PHT69,63.9606323970752,1.78652751522851,0,904,1,904,0,0,1.78652751522851,65.7471599123037
PHW65_MOG_0054/LH195,63.9606323970752,2.02562328036436,0,905,1,905,0,0,2.02562328036436,65.9862556774395
PHW65_MOG_0054/PHT69,63.9606323970752,2.02562328036436,0,906,1,906,0,0,2.02562328036436,65.9862556774395
PHW65_MOG_0055/LH195,63.9606323970752,1.52791639330833,0,907,1,907,0,0,1.52791639330833,65.4885487903835
PHW65_MOG_0055/PHT69,63.9606323970752,1.52791639330833,0,908,1,908,0,0,1.52791639330833,65.4885487903835
PHW65_MOG_0056/LH195,63.9606323970752,1.8484383391213,0,909,1,909,0,0,1.8484383391213,65.8090707361965
PHW65_MOG_0056/PHT69,63.9606323970752,1.8484383391213,0,910,1,910,0,0,1.8484383391213,65.8090707361965
PHW65_MOG_0057/LH195,63.9606323970752,1.9358623666409,0,911,1,911,0,0,1.9358623666409,65.8964947637161
PHW65_MOG_0057/PHT69,63.9606323970752,1.9358623666409,0,912,1,912,0,0,1.9358623666409,65.8964947637161
PHW65_MOG_0059/LH195,63.9606323970752,1.97814647283339,0,913,1,913,0,0,1.97814647283339,65.9387788699086
PHW65_MOG_0059/PHT69,63.9606323970752,1.97814647283339,0,914,1,914,0,0,1.97814647283339,65.9387788699086
PHW65_MOG_0060/PHT69,63.9606323970752,-0.361507081956336,0,915,1,915,0,0,-0.361507081956336,63.5991253151188
PHW65_MOG_0061/LH195,63.9606323970752,0.928219575142132,0,916,1,916,0,0,0.928219575142132,64.8888519722173
PHW65_MOG_0061/PHT69,63.9606323970752,0.928219575142132,0,917,1,917,0,0,0.928219575142132,64.8888519722173
PHW65_MOG_0062/LH195,63.9606323970752,1.95624862632149,0,918,1,918,0,0,1.95624862632149,65.9168810233967
PHW65_MOG_0062/PHT69,63.9606323970752,1.95624862632149,0,919,1,919,0,0,1.95624862632149,65.9168810233967
PHW65_MOG_0063/LH195,63.9606323970752,1.7852839849511,0,920,1,920,0,0,1.7852839849511,65.7459163820263
PHW65_MOG_0063/PHT69,63.9606323970752,1.7852839849511,0,921,1,921,0,0,1.7852839849511,65.7459163820263
PHW65_MOG_0064/LH195,63.9606323970752,1.70038069121539,0,922,1,922,0,0,1.70038069121539,65.6610130882906
PHW65_MOG_0064/PHT69,63.9606323970752,1.70038069121539,0,923,1,923,0,0,1.70038069121539,65.6610130882906
PHW65_MOG_0069/LH195,63.9606323970752,1.58537356051998,0,924,1,924,0,0,1.58537356051998,65.5460059575952
PHW65_MOG_0069/PHT69,63.9606323970752,1.58537356051998,0,925,1,925,0,0,1.58537356051998,65.5460059575952
PHW65_MOG_0071/LH195,63.9606323970752,1.96887060014445,0,926,1,926,0,0,1.96887060014445,65.9295029972196
PHW65_MOG_0071/PHT69,63.9606323970752,1.96887060014445,0,927,1,927,0,0,1.96887060014445,65.9295029972196
PHW65_MOG_0072/LH195,63.9606323970752,1.836621397084,0,928,1,928,0,0,1.836621397084,65.7972537941592
PHW65_MOG_0072/PHT69,63.9606323970752,1.836621397084,0,929,1,929,0,0,1.836621397084,65.7972537941592
PHW65_MOG_0075/LH195,63.9606323970752,0.50646764525504,0,930,1,930,0,0,0.50646764525504,64.4671000423302
PHW65_MOG_0079/LH195,63.9606323970752,1.80319164564713,0,931,1,931,0,0,1.80319164564713,65.7638240427223
PHW65_MOG_0079/PHT69,63.9606323970752,1.80319164564713,0,932,1,932,0,0,1.80319164564713,65.7638240427223
PHW65_MOG_0082/LH195,63.9606323970752,1.74430132574072,0,933,1,933,0,0,1.74430132574072,65.7049337228159
PHW65_MOG_0082/PHT69,63.9606323970752,1.74430132574072,0,934,1,934,0,0,1.74430132574072,65.7049337228159
PHW65_MOG_0085/LH195,63.9606323970752,1.68884486925216,0,935,1,935,0,0,1.68884486925216,65.6494772663273
PHW65_MOG_0085/PHT69,63.9606323970752,1.68884486925216,0,936,1,936,0,0,1.68884486925216,65.6494772663273
PHW65_MOG_0086/LH195,63.9606323970752,1.88093961688039,0,937,1,937,0,0,1.88093961688039,65.8415720139556
PHW65_MOG_0086/PHT69,63.9606323970752,1.88093961688039,0,938,1,938,0,0,1.88093961688039,65.8415720139556
PHW65_MOG_0087/LH195,63.9606323970752,1.75420237912646,0,939,1,939,0,0,1.75420237912646,65.7148347762016
PHW65_MOG_0087/PHT69,63.9606323970752,1.75420237912646,0,940,1,940,0,0,1.75420237912646,65.7148347762016
PHW65_MOG_0089/LH195,63.9606323970752,1.78215784054871,0,941,1,941,0,0,1.78215784054871,65.7427902376239
PHW65_MOG_0089/PHT69,63.9606323970752,1.78215784054871,0,942,1,942,0,0,1.78215784054871,65.7427902376239
PHW65_MOG_0096/LH195,63.9606323970752,2.12037695685562,0,943,1,943,0,0,2.12037695685562,66.0810093539308
PHW65_MOG_0096/PHT69,63.9606323970752,2.12037695685562,0,944,1,944,0,0,2.12037695685562,66.0810093539308
PHW65_MOG_0098/LH195,63.9606323970752,2.19217775448075,0,945,1,945,0,0,2.19217775448075,66.1528101515559
PHW65_MOG_0098/PHT69,63.9606323970752,2.19217775448075,0,946,1,946,0,0,2.19217775448075,66.1528101515559
PHW65_MOG_0106/LH195,63.9606323970752,2.05630421206431,0,947,1,947,0,0,2.05630421206431,66.0169366091395
PHW65_MOG_0106/PHT69,63.9606323970752,2.05630421206431,0,948,1,948,0,0,2.05630421206431,66.0169366091395
PHW65_MOG_0108/LH195,63.9606323970752,1.91835125733764,0,949,1,949,0,0,1.91835125733764,65.8789836544128
PHW65_MOG_0108/PHT69,63.9606323970752,1.91835125733764,0,950,1,950,0,0,1.91835125733764,65.8789836544128
PHW65_MOG_0109/LH195,63.9606323970752,1.91203463014016,0,951,1,951,0,0,1.91203463014016,65.8726670272153
PHW65_MOG_0109/PHT69,63.9606323970752,1.91203463014016,0,952,1,952,0,0,1.91203463014016,65.8726670272153
PHW65_MOG_0111/LH195,63.9606323970752,1.92417929253841,0,953,1,953,0,0,1.92417929253841,65.8848116896136
PHW65_MOG_0111/PHT69,63.9606323970752,1.92417929253841,0,954,1,954,0,0,1.92417929253841,65.8848116896136
PHW65_MOG_0115/LH195,63.9606323970752,0.448767207559725,0,955,1,955,0,0,0.448767207559725,64.4093996046349
PHW65_MOG_0116/LH195,63.9606323970752,1.82648958796293,0,956,1,956,0,0,1.82648958796293,65.7871219850381
PHW65_MOG_0116/PHT69,63.9606323970752,1.82648958796293,0,957,1,957,0,0,1.82648958796293,65.7871219850381
PHW65_MOG_0117/LH195,63.9606323970752,1.67735640609816,0,958,1,958,0,0,1.67735640609816,65.6379888031733
PHW65_MOG_0117/PHT69,63.9606323970752,1.67735640609816,0,959,1,959,0,0,1.67735640609816,65.6379888031733
PHW65_MOG_0118/LH195,63.9606323970752,1.75656292387921,0,960,1,960,0,0,1.75656292387921,65.7171953209544
PHW65_MOG_0118/PHT69,63.9606323970752,1.75656292387921,0,961,1,961,0,0,1.75656292387921,65.7171953209544
PHW65_MOG_0121/LH195,63.9606323970752,2.08988966059979,0,962,1,962,0,0,2.08988966059979,66.050522057675
PHW65_MOG_0121/PHT69,63.9606323970752,2.08988966059979,0,963,1,963,0,0,2.08988966059979,66.050522057675
PHW65_MOG_0122/LH195,63.9606323970752,2.0530979692428,0,964,1,964,0,0,2.0530979692428,66.013730366318
PHW65_MOG_0122/PHT69,63.9606323970752,2.0530979692428,0,965,1,965,0,0,2.0530979692428,66.013730366318
PHW65_MOG_0125/LH195,63.9606323970752,1.91020252915165,0,966,1,966,0,0,1.91020252915165,65.8708349262268
PHW65_MOG_0125/PHT69,63.9606323970752,1.91020252915165,0,967,1,967,0,0,1.91020252915165,65.8708349262268
PHW65_MOG_0126/LH195,63.9606323970752,1.77802102246462,0,968,1,968,0,0,1.77802102246462,65.7386534195398
PHW65_MOG_0126/PHT69,63.9606323970752,1.77802102246462,0,969,1,969,0,0,1.77802102246462,65.7386534195398
PHW65_MOG_0127/LH195,63.9606323970752,1.54860271974994,0,970,1,970,0,0,1.54860271974994,65.5092351168251
PHW65_MOG_0127/PHT69,63.9606323970752,1.54860271974994,0,971,1,971,0,0,1.54860271974994,65.5092351168251
PHW65_MOG_0128/LH195,63.9606323970752,1.68957327260912,0,972,1,972,0,0,1.68957327260912,65.6502056696843
PHW65_MOG_0128/PHT69,63.9606323970752,1.68957327260912,0,973,1,973,0,0,1.68957327260912,65.6502056696843
PHW65_MOG_0129/PHT69,63.9606323970752,2.18828851143161,0,974,1,974,0,0,2.18828851143161,66.1489209085068
PHW65_MOG_0130/LH195,63.9606323970752,1.79891473870137,0,975,1,975,0,0,1.79891473870137,65.7595471357765
PHW65_MOG_0130/PHT69,63.9606323970752,1.79891473870137,0,976,1,976,0,0,1.79891473870137,65.7595471357765
PHW65_MOG_0132/LH195,63.9606323970752,2.02220524947954,0,977,1,977,0,0,2.02220524947954,65.9828376465547
PHW65_MOG_0132/PHT69,63.9606323970752,2.02220524947954,0,978,1,978,0,0,2.02220524947954,65.9828376465547
PHW65_MOG_0133/LH195,63.9606323970752,1.96063252317398,0,979,1,979,0,0,1.96063252317398,65.9212649202492
PHW65_MOG_0133/PHT69,63.9606323970752,1.96063252317398,0,980,1,980,0,0,1.96063252317398,65.9212649202492
PHW65_MOG_0137/LH195,63.9606323970752,2.19043388091742,0,981,1,981,0,0,2.19043388091742,66.1510662779926
PHW65_MOG_0137/PHT69,63.9606323970752,2.19043388091742,0,982,1,982,0,0,2.19043388091742,66.1510662779926
PHW65_MOG_0138/LH195,63.9606323970752,2.04239905137798,0,983,1,983,0,0,2.04239905137798,66.0030314484532
PHW65_MOG_0138/PHT69,63.9606323970752,2.04239905137798,0,984,1,984,0,0,2.04239905137798,66.0030314484532
PHW65_MOG_0139/LH195,63.9606323970752,1.70755578279403,0,985,1,985,0,0,1.70755578279403,65.6681881798692
PHW65_MOG_0139/PHT69,63.9606323970752,1.70755578279403,0,986,1,986,0,0,1.70755578279403,65.6681881798692
PHW65_MOG_0142/LH195,63.9606323970752,1.04785033412669,0,987,1,987,0,0,1.04785033412669,65.0084827312019
PHW65_MOG_0142/PHT69,63.9606323970752,1.04785033412669,0,988,1,988,0,0,1.04785033412669,65.0084827312019
PHW65_MOG_0143/LH195,63.9606323970752,2.21493201363482,0,989,1,989,0,0,2.21493201363482,66.17556441071
PHW65_MOG_0143/PHT69,63.9606323970752,2.21493201363482,0,990,1,990,0,0,2.21493201363482,66.17556441071
PHW65_MOG_0145/LH195,63.9606323970752,1.89140108925873,0,991,1,991,0,0,1.89140108925873,65.8520334863339
PHW65_MOG_0145/PHT69,63.9606323970752,1.89140108925873,0,992,1,992,0,0,1.89140108925873,65.8520334863339
PHW65_MOG_0146/LH195,63.9606323970752,1.16248441139894,0,993,1,993,0,0,1.16248441139894,65.1231168084741
PHW65_MOG_0146/PHT69,63.9606323970752,1.16248441139894,0,994,1,994,0,0,1.16248441139894,65.1231168084741
PHW65_MOG_0148/LH195,63.9606323970752,1.88450959945392,0,995,1,995,0,0,1.88450959945392,65.8451419965291
PHW65_MOG_0148/PHT69,63.9606323970752,1.88450959945392,0,996,1,996,0,0,1.88450959945392,65.8451419965291
PHW65_MOG_0150/LH195,63.9606323970752,1.72727668644385,0,997,1,997,0,0,1.72727668644385,65.687909083519
PHW65_MOG_0150/PHT69,63.9606323970752,1.72727668644385,0,998,1,998,0,0,1.72727668644385,65.687909083519
PHW65_MOG_0152/LH195,63.9606323970752,1.85361272715764,0,999,1,999,0,0,1.85361272715764,65.8142451242328
PHW65_MOG_0152/PHT69,63.9606323970752,1.85361272715764,0,1000,1,1000,0,0,1.85361272715764,65.8142451242328
PHW65_MOG_0153/LH195,63.9606323970752,1.93026383123072,0,1001,1,1001,0,0,1.93026383123072,65.8908962283059
PHW65_MOG_0153/PHT69,63.9606323970752,1.93026383123072,0,1002,1,1002,0,0,1.93026383123072,65.8908962283059
PHW65_MOG_0155/LH195,63.9606323970752,1.76533258658812,0,1003,1,1003,0,0,1.76533258658812,65.7259649836633
PHW65_MOG_0155/PHT69,63.9606323970752,1.76533258658812,0,1004,1,1004,0,0,1.76533258658812,65.7259649836633
PHW65_MOG_0156/LH195,63.9606323970752,1.76346541235776,0,1005,1,1005,0,0,1.76346541235776,65.7240978094329
PHW65_MOG_0156/PHT69,63.9606323970752,1.76346541235776,0,1006,1,1006,0,0,1.76346541235776,65.7240978094329
PHW65_MOG_0159/LH195,63.9606323970752,1.99643846649601,0,1007,1,1007,0,0,1.99643846649601,65.9570708635712
PHW65_MOG_0159/PHT69,63.9606323970752,1.99643846649601,0,1008,1,1008,0,0,1.99643846649601,65.9570708635712
PHW65_MOG_0160/LH195,63.9606323970752,1.68260409031097,0,1009,1,1009,0,0,1.68260409031097,65.6432364873861
PHW65_MOG_0160/PHT69,63.9606323970752,1.68260409031097,0,1010,1,1010,0,0,1.68260409031097,65.6432364873861
PHW65_MOG_0162/LH195,63.9606323970752,2.11275360367961,0,1011,1,1011,0,0,2.11275360367961,66.0733860007548
PHW65_MOG_0162/PHT69,63.9606323970752,2.11275360367961,0,1012,1,1012,0,0,2.11275360367961,66.0733860007548
PHW65_MOG_0163/LH195,63.9606323970752,2.01492957433791,0,1013,1,1013,0,0,2.01492957433791,65.9755619714131
PHW65_MOG_0163/PHT69,63.9606323970752,2.01492957433791,0,1014,1,1014,0,0,2.01492957433791,65.9755619714131
PHW65_MOG_0170/LH195,63.9606323970752,1.91853127449738,0,1015,1,1015,0,0,1.91853127449738,65.8791636715726
PHW65_MOG_0170/PHT69,63.9606323970752,1.91853127449738,0,1016,1,1016,0,0,1.91853127449738,65.8791636715726
PHW65_MOG_0172/LH195,63.9606323970752,1.97346543714653,0,1017,1,1017,0,0,1.97346543714653,65.9340978342217
PHW65_MOG_0172/PHT69,63.9606323970752,1.97346543714653,0,1018,1,1018,0,0,1.97346543714653,65.9340978342217
PHW65_MOG_0173/LH195,63.9606323970752,2.10618091635916,0,1019,1,1019,0,0,2.10618091635916,66.0668133134343
PHW65_MOG_0173/PHT69,63.9606323970752,2.10618091635916,0,1020,1,1020,0,0,2.10618091635916,66.0668133134343
PHW65_MOG_0175/LH195,63.9606323970752,2.13516243947101,0,1021,1,1021,0,0,2.13516243947101,66.0957948365462
PHW65_MOG_0175/PHT69,63.9606323970752,2.13516243947101,0,1022,1,1022,0,0,2.13516243947101,66.0957948365462
PHW65_MOG_0176/LH195,63.9606323970752,1.65014394686848,0,1023,1,1023,0,0,1.65014394686848,65.6107763439437
PHW65_MOG_0176/PHT69,63.9606323970752,1.65014394686848,0,1024,1,1024,0,0,1.65014394686848,65.6107763439437
PHW65_MOG_0178/LH195,63.9606323970752,1.66332640722181,0,1025,1,1025,0,0,1.66332640722181,65.623958804297
PHW65_MOG_0178/PHT69,63.9606323970752,1.66332640722181,0,1026,1,1026,0,0,1.66332640722181,65.623958804297
PHW65_MOG_0179/LH195,63.9606323970752,2.18325707328955,0,1027,1,1027,0,0,2.18325707328955,66.1438894703647
PHW65_MOG_0179/PHT69,63.9606323970752,2.18325707328955,0,1028,1,1028,0,0,2.18325707328955,66.1438894703647
PHW65_MOG_0180/LH195,63.9606323970752,1.99881029474782,0,1029,1,1029,0,0,1.99881029474782,65.959442691823
PHW65_MOG_0180/PHT69,63.9606323970752,1.99881029474782,0,1030,1,1030,0,0,1.99881029474782,65.959442691823
PHW65_MOG_0181/LH195,63.9606323970752,1.01143479471084,0,1031,1,1031,0,0,1.01143479471084,64.972067191786
PHW65_MOG_0181/PHT69,63.9606323970752,1.01722394730375,0,1032,1,1032,0,0,1.01722394730375,64.9778563443789
PHW65_MOG_0183/LH195,63.9606323970752,1.91968403483919,0,1033,1,1033,0,0,1.91968403483919,65.8803164319144
PHW65_MOG_0183/PHT69,63.9606323970752,1.91968403483919,0,1034,1,1034,0,0,1.91968403483919,65.8803164319144
PHW65_MOG_0190/LH195,63.9606323970752,2.22842676759451,0,1035,1,1035,0,0,2.22842676759451,66.1890591646697
PHW65_MOG_0190/PHT69,63.9606323970752,2.22842676759451,0,1036,1,1036,0,0,2.22842676759451,66.1890591646697
PHW65_MOG_0191/LH195,63.9606323970752,2.07659931524041,0,1037,1,1037,0,0,2.07659931524041,66.0372317123156
PHW65_MOG_0191/PHT69,63.9606323970752,2.07659931524041,0,1038,1,1038,0,0,2.07659931524041,66.0372317123156
PHW65_MOG_0192/LH195,63.9606323970752,0.471889594611456,0,1039,1,1039,0,0,0.471889594611456,64.4325219916866
PHW65_MOG_0192/PHT69,63.9606323970752,1.66990268251823,0,1040,1,1040,0,0,1.66990268251823,65.6305350795934
PHW65_MOG_0194/LH195,63.9606323970752,1.90623289922759,0,1041,1,1041,0,0,1.90623289922759,65.8668652963028
PHW65_MOG_0194/PHT69,63.9606323970752,1.90623289922759,0,1042,1,1042,0,0,1.90623289922759,65.8668652963028
PHW65_MOG_0195/LH195,63.9606323970752,0.442279625757792,0,1043,1,1043,0,0,0.442279625757792,64.402912022833
PHW65_MOG_0196/LH195,63.9606323970752,2.02288835036374,0,1044,1,1044,0,0,2.02288835036374,65.9835207474389
PHW65_MOG_0196/PHT69,63.9606323970752,2.02288835036374,0,1045,1,1045,0,0,2.02288835036374,65.9835207474389
PHW65_MOG_0199/LH195,63.9606323970752,1.81369227484495,0,1046,1,1046,0,0,1.81369227484495,65.7743246719201
PHW65_MOG_0199/PHT69,63.9606323970752,1.81369227484495,0,1047,1,1047,0,0,1.81369227484495,65.7743246719201
PHW65_MOG_0200/PHT69,63.9606323970752,-0.261594626207229,0,1048,1,1048,0,0,-0.261594626207229,63.6990377708679
PHW65_MOG_0201/LH195,63.9606323970752,1.98344318796916,0,1049,1,1049,0,0,1.98344318796916,65.9440755850443
PHW65_MOG_0201/PHT69,63.9606323970752,1.98344318796916,0,1050,1,1050,0,0,1.98344318796916,65.9440755850443
PHW65_MOG_0203/LH195,63.9606323970752,2.05154643758304,0,1051,1,1051,0,0,2.05154643758304,66.0121788346582
PHW65_MOG_0203/PHT69,63.9606323970752,2.05154643758304,0,1052,1,1052,0,0,2.05154643758304,66.0121788346582
PHW65_MOG_0209/LH195,63.9606323970752,1.84197732052293,0,1053,1,1053,0,0,1.84197732052293,65.8026097175981
PHW65_MOG_0209/PHT69,63.9606323970752,1.84197732052293,0,1054,1,1054,0,0,1.84197732052293,65.8026097175981
PHW65_MOG_0213/LH195,63.9606323970752,1.8524498468409,0,1055,1,1055,0,0,1.8524498468409,65.8130822439161
PHW65_MOG_0213/PHT69,63.9606323970752,1.8524498468409,0,1056,1,1056,0,0,1.8524498468409,65.8130822439161
PHW65_MOG_0215/LH195,63.9606323970752,1.94965741836483,0,1057,1,1057,0,0,1.94965741836483,65.91028981544
PHW65_MOG_0215/PHT69,63.9606323970752,1.94965741836483,0,1058,1,1058,0,0,1.94965741836483,65.91028981544
PHW65_MOG_0217/LH195,63.9606323970752,1.99080774468786,0,1059,1,1059,0,0,1.99080774468786,65.951440141763
PHW65_MOG_0217/PHT69,63.9606323970752,1.99080774468786,0,1060,1,1060,0,0,1.99080774468786,65.951440141763
PHW65_MOG_0218/LH195,63.9606323970752,1.83589730965856,0,1061,1,1061,0,0,1.83589730965856,65.7965297067337
PHW65_MOG_0218/PHT69,63.9606323970752,1.83589730965856,0,1062,1,1062,0,0,1.83589730965856,65.7965297067337
PHW65_MOG_0221/PHT69,63.9606323970752,-0.140259184554127,0,1063,1,1063,0,0,-0.140259184554127,63.820373212521
PHW65_MOG_0223/LH195,63.9606323970752,1.74554869795195,0,1064,1,1064,0,0,1.74554869795195,65.7061810950271
PHW65_MOG_0223/PHT69,63.9606323970752,1.74554869795195,0,1065,1,1065,0,0,1.74554869795195,65.7061810950271
PHW65_MOG_0224/LH195,63.9606323970752,2.03776290942497,0,1066,1,1066,0,0,2.03776290942497,65.9983953065001
PHW65_MOG_0224/PHT69,63.9606323970752,2.03776290942497,0,1067,1,1067,0,0,2.03776290942497,65.9983953065001
PHW65_MOG_0232/LH195,63.9606323970752,2.03834389490864,0,1068,1,1068,0,0,2.03834389490864,65.9989762919838
PHW65_MOG_0232/PHT69,63.9606323970752,2.03834389490864,0,1069,1,1069,0,0,2.03834389490864,65.9989762919838
PHW65_MOG_0236/LH195,63.9606323970752,1.61714364218299,0,1070,1,1070,0,0,1.61714364218299,65.5777760392582
PHW65_MOG_0236/PHT69,63.9606323970752,1.61714364218299,0,1071,1,1071,0,0,1.61714364218299,65.5777760392582
PHW65_MOG_0242/PHT69,63.9606323970752,1.88478221559558,0,1072,1,1072,0,0,1.88478221559558,65.8454146126708
PHW65_MOG_0250/LH195,63.9606323970752,1.94747779385551,0,1073,1,1073,0,0,1.94747779385551,65.9081101909307
PHW65_MOG_0250/PHT69,63.9606323970752,1.94747779385551,0,1074,1,1074,0,0,1.94747779385551,65.9081101909307
PHW65_MOG_0253/PHT69,63.9606323970752,1.7561707652792,0,1075,1,1075,0,0,1.7561707652792,65.7168031623544
PHW65_MOG_0262/LH195,63.9606323970752,1.71319352967797,0,1076,1,1076,0,0,1.71319352967797,65.6738259267531
PHW65_MOG_0262/PHT69,63.9606323970752,1.71319352967797,0,1077,1,1077,0,0,1.71319352967797,65.6738259267531
PHW65_MOG_0266/LH195,63.9606323970752,2.06457421124933,0,1078,1,1078,0,0,2.06457421124933,66.0252066083245
PHW65_MOG_0266/PHT69,63.9606323970752,2.06457421124933,0,1079,1,1079,0,0,2.06457421124933,66.0252066083245
PHW65_MOG_0268/LH195,63.9606323970752,0.620322210787163,0,1080,1,1080,0,0,0.620322210787163,64.5809546078623
PHW65_MOG_0268/PHT69,63.9606323970752,0.620322210787163,0,1081,1,1081,0,0,0.620322210787163,64.5809546078623
PHW65_MOG_0271/LH195,63.9606323970752,1.5544922776236,0,1082,1,1082,0,0,1.5544922776236,65.5151246746988
PHW65_MOG_0271/PHT69,63.9606323970752,1.5544922776236,0,1083,1,1083,0,0,1.5544922776236,65.5151246746988
PHW65_MOG_0277/LH195,63.9606323970752,1.97749130304852,0,1084,1,1084,0,0,1.97749130304852,65.9381237001237
PHW65_MOG_0277/PHT69,63.9606323970752,1.97749130304852,0,1085,1,1085,0,0,1.97749130304852,65.9381237001237
PHW65_MOG_0287/LH195,63.9606323970752,1.86212814347719,0,1086,1,1086,0,0,1.86212814347719,65.8227605405524
PHW65_MOG_0287/PHT69,63.9606323970752,1.86212814347719,0,1087,1,1087,0,0,1.86212814347719,65.8227605405524
PHW65_MOG_0291/LH195,63.9606323970752,1.89622820873888,0,1088,1,1088,0,0,1.89622820873888,65.8568606058141
PHW65_MOG_0291/PHT69,63.9606323970752,1.89622820873888,0,1089,1,1089,0,0,1.89622820873888,65.8568606058141
PHW65_MOG_0293/LH195,63.9606323970752,1.73277968354448,0,1090,1,1090,0,0,1.73277968354448,65.6934120806197
PHW65_MOG_0293/PHT69,63.9606323970752,1.73277968354448,0,1091,1,1091,0,0,1.73277968354448,65.6934120806197
PHW65_MOG_0294/LH195,63.9606323970752,1.8326722533203,0,1092,1,1092,0,0,1.8326722533203,65.7933046503955
PHW65_MOG_0294/PHT69,63.9606323970752,1.8326722533203,0,1093,1,1093,0,0,1.8326722533203,65.7933046503955
PHW65_MOG_0296/LH195,63.9606323970752,1.89710058179282,0,1094,1,1094,0,0,1.89710058179282,65.857732978868
PHW65_MOG_0296/PHT69,63.9606323970752,1.89710058179282,0,1095,1,1095,0,0,1.89710058179282,65.857732978868
PHW65_MOG_0297/LH195,63.9606323970752,1.99412175727347,0,1096,1,1096,0,0,1.99412175727347,65.9547541543486
PHW65_MOG_0297/PHT69,63.9606323970752,1.99412175727347,0,1097,1,1097,0,0,1.99412175727347,65.9547541543486
PHW65_MOG_0300/LH195,63.9606323970752,0.788970857644989,0,1098,1,1098,0,0,0.788970857644989,64.7496032547202
PHW65_MOG_0300/PHT69,63.9606323970752,0.788970857644989,0,1099,1,1099,0,0,0.788970857644989,64.7496032547202
PHW65_MOG_0305/LH195,63.9606323970752,1.87537170333482,0,1100,1,1100,0,0,1.87537170333482,65.83600410041
PHW65_MOG_0305/PHT69,63.9606323970752,1.87537170333482,0,1101,1,1101,0,0,1.87537170333482,65.83600410041
PHW65_MOG_0306/LH195,63.9606323970752,1.9617808574331,0,1102,1,1102,0,0,1.9617808574331,65.9224132545083
PHW65_MOG_0306/PHT69,63.9606323970752,1.9617808574331,0,1103,1,1103,0,0,1.9617808574331,65.9224132545083
PHW65_MOG_0307/LH195,63.9606323970752,1.81139533953402,0,1104,1,1104,0,0,1.81139533953402,65.7720277366092
PHW65_MOG_0307/PHT69,63.9606323970752,1.81139533953402,0,1105,1,1105,0,0,1.81139533953402,65.7720277366092
PHW65_MOG_0308/LH195,63.9606323970752,1.85871748055115,0,1106,1,1106,0,0,1.85871748055115,65.8193498776263
PHW65_MOG_0308/PHT69,63.9606323970752,1.85871748055115,0,1107,1,1107,0,0,1.85871748055115,65.8193498776263
PHW65_MOG_0310/LH195,63.9606323970752,0.993250636976682,0,1108,1,1108,0,0,0.993250636976682,64.9538830340519
PHW65_MOG_0310/PHT69,63.9606323970752,0.993250636976682,0,1109,1,1109,0,0,0.993250636976682,64.9538830340519
PHW65_MOG_0311/LH195,63.9606323970752,1.70388876817205,0,1110,1,1110,0,0,1.70388876817205,65.6645211652472
PHW65_MOG_0311/PHT69,63.9606323970752,1.70388876817205,0,1111,1,1111,0,0,1.70388876817205,65.6645211652472
PHW65_MOG_0312/LH195,63.9606323970752,1.68286068250374,0,1112,1,1112,0,0,1.68286068250374,65.6434930795789
PHW65_MOG_0312/PHT69,63.9606323970752,1.68286068250374,0,1113,1,1113,0,0,1.68286068250374,65.6434930795789
PHW65_MOG_0314/LH195,63.9606323970752,1.72481208088922,0,1114,1,1114,0,0,1.72481208088922,65.6854444779644
PHW65_MOG_0314/PHT69,63.9606323970752,1.72481208088922,0,1115,1,1115,0,0,1.72481208088922,65.6854444779644
PHW65_MOG_0315/LH195,63.9606323970752,1.92588647431725,0,1116,1,1116,0,0,1.92588647431725,65.8865188713924
PHW65_MOG_0315/PHT69,63.9606323970752,1.92588647431725,0,1117,1,1117,0,0,1.92588647431725,65.8865188713924
PHW65_MOG_0316/LH195,63.9606323970752,1.97942235097922,0,1118,1,1118,0,0,1.97942235097922,65.9400547480544
PHW65_MOG_0316/PHT69,63.9606323970752,1.97942235097922,0,1119,1,1119,0,0,1.97942235097922,65.9400547480544
PHW65_MOG_0321/LH195,63.9606323970752,1.85197489221801,0,1120,1,1120,0,0,1.85197489221801,65.8126072892932
PHW65_MOG_0321/PHT69,63.9606323970752,1.85197489221801,0,1121,1,1121,0,0,1.85197489221801,65.8126072892932
PHW65_MOG_0326/LH195,63.9606323970752,1.8291832800523,0,1122,1,1122,0,0,1.8291832800523,65.7898156771275
PHW65_MOG_0326/PHT69,63.9606323970752,1.8291832800523,0,1123,1,1123,0,0,1.8291832800523,65.7898156771275
PHW65_MOG_0327/LH195,63.9606323970752,1.92789059796383,0,1124,1,1124,0,0,1.92789059796383,65.888522995039
PHW65_MOG_0327/PHT69,63.9606323970752,1.92789059796383,0,1125,1,1125,0,0,1.92789059796383,65.888522995039
PHW65_MOG_0329/LH195,63.9606323970752,2.10564897697184,0,1126,1,1126,0,0,2.10564897697184,66.066281374047
PHW65_MOG_0329/PHT69,63.9606323970752,2.10564897697184,0,1127,1,1127,0,0,2.10564897697184,66.066281374047
PHW65_MOG_0332/LH195,63.9606323970752,0.949380392139219,0,1128,1,1128,0,0,0.949380392139219,64.9100127892144
PHW65_MOG_0332/PHT69,63.9606323970752,0.949380392139219,0,1129,1,1129,0,0,0.949380392139219,64.9100127892144
PHW65_MOG_0335/LH195,63.9606323970752,1.94573690024065,0,1130,1,1130,0,0,1.94573690024065,65.9063692973158
PHW65_MOG_0335/PHT69,63.9606323970752,1.94573690024065,0,1131,1,1131,0,0,1.94573690024065,65.9063692973158
PHW65_MOG_0338/LH195,63.9606323970752,2.08939630551243,0,1132,1,1132,0,0,2.08939630551243,66.0500287025876
PHW65_MOG_0338/PHT69,63.9606323970752,2.08939630551243,0,1133,1,1133,0,0,2.08939630551243,66.0500287025876
PHW65_MOG_0340/LH195,63.9606323970752,1.98870680090872,0,1134,1,1134,0,0,1.98870680090872,65.9493391979839
PHW65_MOG_0340/PHT69,63.9606323970752,1.98870680090872,0,1135,1,1135,0,0,1.98870680090872,65.9493391979839
PHW65_MOG_0341/LH195,63.9606323970752,2.0946429065551,0,1136,1,1136,0,0,2.0946429065551,66.0552753036303
PHW65_MOG_0341/PHT69,63.9606323970752,2.0946429065551,0,1137,1,1137,0,0,2.0946429065551,66.0552753036303
PHW65_MOG_0343/LH195,63.9606323970752,2.0953281680602,0,1138,1,1138,0,0,2.0953281680602,66.0559605651354
PHW65_MOG_0343/PHT69,63.9606323970752,2.0953281680602,0,1139,1,1139,0,0,2.0953281680602,66.0559605651354
PHW65_MOG_0350/LH195,63.9606323970752,1.87001035343617,0,1140,1,1140,0,0,1.87001035343617,65.8306427505113
PHW65_MOG_0350/PHT69,63.9606323970752,1.87001035343617,0,1141,1,1141,0,0,1.87001035343617,65.8306427505113
PHW65_MOG_0352/LH195,63.9606323970752,1.8074854811309,0,1142,1,1142,0,0,1.8074854811309,65.7681178782061
PHW65_MOG_0352/PHT69,63.9606323970752,1.8074854811309,0,1143,1,1143,0,0,1.8074854811309,65.7681178782061
PHW65_MOG_0354/LH195,63.9606323970752,1.90711153687405,0,1144,1,1144,0,0,1.90711153687405,65.8677439339492
PHW65_MOG_0354/PHT69,63.9606323970752,1.90711153687405,0,1145,1,1145,0,0,1.90711153687405,65.8677439339492
PHW65_MOG_0375/LH195,63.9606323970752,1.66627085834084,0,1146,1,1146,0,0,1.66627085834084,65.626903255416
PHW65_MOG_0375/PHT69,63.9606323970752,1.66627085834084,0,1147,1,1147,0,0,1.66627085834084,65.626903255416
PHW65_MOG_0377/LH195,63.9606323970752,1.85334102175733,0,1148,1,1148,0,0,1.85334102175733,65.8139734188325
PHW65_MOG_0377/PHT69,63.9606323970752,1.85334102175733,0,1149,1,1149,0,0,1.85334102175733,65.8139734188325
PHW65_MOG_0379/LH195,63.9606323970752,2.14079914282915,0,1150,1,1150,0,0,2.14079914282915,66.1014315399043
PHW65_MOG_0379/PHT69,63.9606323970752,2.14079914282915,0,1151,1,1151,0,0,2.14079914282915,66.1014315399043
PHW65_MOG_0381/LH195,63.9606323970752,2.00829061462467,0,1152,1,1152,0,0,2.00829061462467,65.9689230116998
PHW65_MOG_0381/PHT69,63.9606323970752,2.00829061462467,0,1153,1,1153,0,0,2.00829061462467,65.9689230116998
PHW65_MOG_0384/LH195,63.9606323970752,1.71498935064375,0,1154,1,1154,0,0,1.71498935064375,65.6756217477189
PHW65_MOG_0384/PHT69,63.9606323970752,1.71498935064375,0,1155,1,1155,0,0,1.71498935064375,65.6756217477189
PHW65_MOG_0388/LH195,63.9606323970752,0.300305645564497,0,1156,1,1156,0,0,0.300305645564497,64.2609380426397
PHW65_MOG_0392/LH195,63.9606323970752,1.29913052346549,0,1157,1,1157,0,0,1.29913052346549,65.2597629205407
PHW65_MOG_0392/PHT69,63.9606323970752,1.29913052346549,0,1158,1,1158,0,0,1.29913052346549,65.2597629205407
PHW65_MOG_0393/LH195,63.9606323970752,0.378562014091333,0,1159,1,1159,0,0,0.378562014091333,64.3391944111665
PHW65_MOG_0393/PHT69,63.9606323970752,-0.279096783454223,0,1160,1,1160,0,0,-0.279096783454223,63.681535613621
PHW65_MOG_0401/LH195,63.9606323970752,1.74285711240869,0,1161,1,1161,0,0,1.74285711240869,65.7034895094839
PHW65_MOG_0401/PHT69,63.9606323970752,1.74285711240869,0,1162,1,1162,0,0,1.74285711240869,65.7034895094839
PHW65_MOG_0410/LH195,63.9606323970752,1.97481501693341,0,1163,1,1163,0,0,1.97481501693341,65.9354474140086
PHW65_MOG_0410/PHT69,63.9606323970752,1.97481501693341,0,1164,1,1164,0,0,1.97481501693341,65.9354474140086
PHW65_MOG_0411/LH195,63.9606323970752,1.74131104207775,0,1165,1,1165,0,0,1.74131104207775,65.7019434391529
PHW65_MOG_0411/PHT69,63.9606323970752,1.74131104207775,0,1166,1,1166,0,0,1.74131104207775,65.7019434391529
PHW65_MOG_0420/LH195,63.9606323970752,1.5831016240589,0,1167,1,1167,0,0,1.5831016240589,65.5437340211341
PHW65_MOG_0420/PHT69,63.9606323970752,1.5831016240589,0,1168,1,1168,0,0,1.5831016240589,65.5437340211341
PHW65_MOG_0421/LH195,63.9606323970752,1.94558859453385,0,1169,1,1169,0,0,1.94558859453385,65.906220991609
PHW65_MOG_0421/PHT69,63.9606323970752,1.94558859453385,0,1170,1,1170,0,0,1.94558859453385,65.906220991609
PHW65_MOG_0422/LH195,63.9606323970752,1.64113407253595,0,1171,1,1171,0,0,1.64113407253595,65.6017664696111
PHW65_MOG_0422/PHT69,63.9606323970752,1.64113407253595,0,1172,1,1172,0,0,1.64113407253595,65.6017664696111
PHW65_MOG_0423/LH195,63.9606323970752,2.04448533400531,0,1173,1,1173,0,0,2.04448533400531,66.0051177310805
PHW65_MOG_0423/PHT69,63.9606323970752,2.04448533400531,0,1174,1,1174,0,0,2.04448533400531,66.0051177310805
PHW65_MOG_0424/LH195,63.9606323970752,1.71197125235632,0,1175,1,1175,0,0,1.71197125235632,65.6726036494315
PHW65_MOG_0424/PHT69,63.9606323970752,1.71197125235632,0,1176,1,1176,0,0,1.71197125235632,65.6726036494315
PHW65_MOG_0426/LH195,63.9606323970752,2.15263917248598,0,1177,1,1177,0,0,2.15263917248598,66.1132715695612
PHW65_MOG_0426/PHT69,63.9606323970752,2.15263917248598,0,1178,1,1178,0,0,2.15263917248598,66.1132715695612
PHW65_MOG_0429/LH195,63.9606323970752,1.88490122651102,0,1179,1,1179,0,0,1.88490122651102,65.8455336235862
PHW65_MOG_0429/PHT69,63.9606323970752,1.88490122651102,0,1180,1,1180,0,0,1.88490122651102,65.8455336235862
PHW65_MOG_0431/LH195,63.9606323970752,1.99965068780916,0,1181,1,1181,0,0,1.99965068780916,65.9602830848843
PHW65_MOG_0431/PHT69,63.9606323970752,1.99965068780916,0,1182,1,1182,0,0,1.99965068780916,65.9602830848843
PHW65_MOG_0436/LH195,63.9606323970752,1.87250939157695,0,1183,1,1183,0,0,1.87250939157695,65.8331417886521
PHW65_MOG_0436/PHT69,63.9606323970752,1.87250939157695,0,1184,1,1184,0,0,1.87250939157695,65.8331417886521
PHW65_MOG_0438/LH195,63.9606323970752,1.91508251803152,0,1185,1,1185,0,0,1.91508251803152,65.8757149151067
PHW65_MOG_0438/PHT69,63.9606323970752,1.91508251803152,0,1186,1,1186,0,0,1.91508251803152,65.8757149151067
PHW65_MOG_0439/LH195,63.9606323970752,1.5625100370265,0,1187,1,1187,0,0,1.5625100370265,65.5231424341017
PHW65_MOG_0439/PHT69,63.9606323970752,1.5625100370265,0,1188,1,1188,0,0,1.5625100370265,65.5231424341017
PHW65_MOG_0442/LH195,63.9606323970752,1.80373461219555,0,1189,1,1189,0,0,1.80373461219555,65.7643670092707
PHW65_MOG_0442/PHT69,63.9606323970752,1.80373461219555,0,1190,1,1190,0,0,1.80373461219555,65.7643670092707
PHW65_MOG_0444/LH195,63.9606323970752,0.748725816381069,0,1191,1,1191,0,0,0.748725816381069,64.7093582134562
PHW65_MOG_0444/PHT69,63.9606323970752,0.754514968973987,0,1192,1,1192,0,0,0.754514968973987,64.7151473660492
PHW65_MOG_0448/LH195,63.9606323970752,1.62088976113423,0,1193,1,1193,0,0,1.62088976113423,65.5815221582094
PHW65_MOG_0448/PHT69,63.9606323970752,1.62088976113423,0,1194,1,1194,0,0,1.62088976113423,65.5815221582094
PHW65_MOG_0449/LH195,63.9606323970752,2.06335206267593,0,1195,1,1195,0,0,2.06335206267593,66.0239844597511
PHW65_MOG_0449/PHT69,63.9606323970752,2.06335206267593,0,1196,1,1196,0,0,2.06335206267593,66.0239844597511
PHW65_MOG_0460/LH195,63.9606323970752,2.06726543499002,0,1197,1,1197,0,0,2.06726543499002,66.0278978320652
PHW65_MOG_0460/PHT69,63.9606323970752,2.06726543499002,0,1198,1,1198,0,0,2.06726543499002,66.0278978320652
PHW65_MOG_0461/LH195,63.9606323970752,2.10644897201588,0,1199,1,1199,0,0,2.10644897201588,66.0670813690911
PHW65_MOG_0461/PHT69,63.9606323970752,2.10644897201588,0,1200,1,1200,0,0,2.10644897201588,66.0670813690911
PHW65_MOG_0463/LH195,63.9606323970752,1.89851417650302,0,1201,1,1201,0,0,1.89851417650302,65.8591465735782
PHW65_MOG_0463/PHT69,63.9606323970752,1.89851417650302,0,1202,1,1202,0,0,1.89851417650302,65.8591465735782
PHW65_MOG_0467/LH195,63.9606323970752,1.68412746759409,0,1203,1,1203,0,0,1.68412746759409,65.6447598646693
PHW65_MOG_0467/PHT69,63.9606323970752,1.68412746759409,0,1204,1,1204,0,0,1.68412746759409,65.6447598646693
PHW65_MOG_0476/LH195,63.9606323970752,2.1275649180432,0,1205,1,1205,0,0,2.1275649180432,66.0881973151184
PHW65_MOG_0476/PHT69,63.9606323970752,2.1275649180432,0,1206,1,1206,0,0,2.1275649180432,66.0881973151184
PHW65_MOG_0487/LH195,63.9606323970752,1.76329945163378,0,1207,1,1207,0,0,1.76329945163378,65.723931848709
PHW65_MOG_0487/PHT69,63.9606323970752,1.76329945163378,0,1208,1,1208,0,0,1.76329945163378,65.723931848709
PHW65_MOG_0499/LH195,63.9606323970752,1.92818636327379,0,1209,1,1209,0,0,1.92818636327379,65.888818760349
PHW65_MOG_0499/PHT69,63.9606323970752,1.92818636327379,0,1210,1,1210,0,0,1.92818636327379,65.888818760349
PHW65_MOG_0511/LH195,63.9606323970752,-0.421582644796081,0,1211,1,1211,0,0,-0.421582644796081,63.5390497522791
PHW65_MOG_0511/PHT69,63.9606323970752,-0.421582644796081,0,1212,1,1212,0,0,-0.421582644796081,63.5390497522791
PHW65_MOG_0512/LH195,63.9606323970752,1.92468241819966,0,1213,1,1213,0,0,1.92468241819966,65.8853148152748
PHW65_MOG_0512/PHT69,63.9606323970752,1.92468241819966,0,1214,1,1214,0,0,1.92468241819966,65.8853148152748
PHW65_MOG_0513/LH195,63.9606323970752,1.10305573035357,0,1215,1,1215,0,0,1.10305573035357,65.0636881274287
PHW65_MOG_0513/PHT69,63.9606323970752,1.10305573035357,0,1216,1,1216,0,0,1.10305573035357,65.0636881274287
PHW65_MOG_0517/LH195,63.9606323970752,1.47315421569375,0,1217,1,1217,0,0,1.47315421569375,65.4337866127689
PHW65_MOG_0517/PHT69,63.9606323970752,1.47315421569375,0,1218,1,1218,0,0,1.47315421569375,65.4337866127689
PHW65_MOG_0522/LH195,63.9606323970752,1.01411893714874,0,1219,1,1219,0,0,1.01411893714874,64.9747513342239
PHW65_MOG_0522/PHT69,63.9606323970752,1.01411893714874,0,1220,1,1220,0,0,1.01411893714874,64.9747513342239
PHW65_MOG_0534/LH195,63.9606323970752,1.16922325614847,0,1221,1,1221,0,0,1.16922325614847,65.1298556532236
PHW65_MOG_0534/PHT69,63.9606323970752,1.16922325614847,0,1222,1,1222,0,0,1.16922325614847,65.1298556532236
PHW65_MOG_0539/LH195,63.9606323970752,1.88309480431076,0,1223,1,1223,0,0,1.88309480431076,65.8437272013859
PHW65_MOG_0539/PHT69,63.9606323970752,1.88309480431076,0,1224,1,1224,0,0,1.88309480431076,65.8437272013859
PHW65_MOG_0542/LH195,63.9606323970752,1.73174410207233,0,1225,1,1225,0,0,1.73174410207233,65.6923764991475
PHW65_MOG_0542/PHT69,63.9606323970752,1.73174410207233,0,1226,1,1226,0,0,1.73174410207233,65.6923764991475
PHW65_MOG_0544/LH195,63.9606323970752,1.87559123125861,0,1227,1,1227,0,0,1.87559123125861,65.8362236283338
PHW65_MOG_0544/PHT69,63.9606323970752,1.87559123125861,0,1228,1,1228,0,0,1.87559123125861,65.8362236283338
PHW65_MOG_0545/LH195,63.9606323970752,1.90796147522103,0,1229,1,1229,0,0,1.90796147522103,65.8685938722962
PHW65_MOG_0545/PHT69,63.9606323970752,1.90796147522103,0,1230,1,1230,0,0,1.90796147522103,65.8685938722962
PHW65_MOG_0551/LH195,63.9606323970752,1.74542046459584,0,1231,1,1231,0,0,1.74542046459584,65.706052861671
PHW65_MOG_0551/PHT69,63.9606323970752,1.74542046459584,0,1232,1,1232,0,0,1.74542046459584,65.706052861671
PHW65_MOG_0553/LH195,63.9606323970752,2.10412002733791,0,1233,1,1233,0,0,2.10412002733791,66.0647524244131
PHW65_MOG_0553/PHT69,63.9606323970752,2.10412002733791,0,1234,1,1234,0,0,2.10412002733791,66.0647524244131
PHW65_MOG_0554/LH195,63.9606323970752,1.88090638047758,0,1235,1,1235,0,0,1.88090638047758,65.8415387775528
PHW65_MOG_0554/PHT69,63.9606323970752,1.88090638047758,0,1236,1,1236,0,0,1.88090638047758,65.8415387775528
PHW65_MOG_0567/LH195,63.9606323970752,1.93900806895811,0,1237,1,1237,0,0,1.93900806895811,65.8996404660333
PHW65_MOG_0567/PHT69,63.9606323970752,1.93900806895811,0,1238,1,1238,0,0,1.93900806895811,65.8996404660333
PHW65_MOG_0569/LH195,63.9606323970752,1.73178174079669,0,1239,1,1239,0,0,1.73178174079669,65.6924141378719
PHW65_MOG_0569/PHT69,63.9606323970752,1.73178174079669,0,1240,1,1240,0,0,1.73178174079669,65.6924141378719
PHW65_MOG_0572/LH195,63.9606323970752,1.82298453658948,0,1241,1,1241,0,0,1.82298453658948,65.7836169336647
PHW65_MOG_0572/PHT69,63.9606323970752,1.82298453658948,0,1242,1,1242,0,0,1.82298453658948,65.7836169336647
PHW65_MOG_0575/LH195,63.9606323970752,0.666476588626719,0,1243,1,1243,0,0,0.666476588626719,64.6271089857019
PHW65_MOG_0575/PHT69,63.9606323970752,0.666476588626719,0,1244,1,1244,0,0,0.666476588626719,64.6271089857019
PHW65_MOG_0583/LH195,63.9606323970752,1.77829016262517,0,1245,1,1245,0,0,1.77829016262517,65.7389225597003
PHW65_MOG_0583/PHT69,63.9606323970752,1.77829016262517,0,1246,1,1246,0,0,1.77829016262517,65.7389225597003
PHW65_MOG_0588/LH195,63.9606323970752,1.77249847176289,0,1247,1,1247,0,0,1.77249847176289,65.7331308688381
PHW65_MOG_0588/PHT69,63.9606323970752,1.77249847176289,0,1248,1,1248,0,0,1.77249847176289,65.7331308688381
PHW65_MOG_0591/LH195,63.9606323970752,1.81266862381964,0,1249,1,1249,0,0,1.81266862381964,65.7733010208948
PHW65_MOG_0591/PHT69,63.9606323970752,1.81266862381964,0,1250,1,1250,0,0,1.81266862381964,65.7733010208948
PHW65_MOG_0599/LH195,63.9606323970752,0.789049917371976,0,1251,1,1251,0,0,0.789049917371976,64.7496823144471
PHW65_MOG_0620/LH195,63.9606323970752,1.787080645388,0,1252,1,1252,0,0,1.787080645388,65.7477130424632
PHW65_MOG_0620/PHT69,63.9606323970752,1.787080645388,0,1253,1,1253,0,0,1.787080645388,65.7477130424632
PHW65_MOG_0621/LH195,63.9606323970752,1.92121587707926,0,1254,1,1254,0,0,1.92121587707926,65.8818482741544
PHW65_MOG_0621/PHT69,63.9606323970752,1.92121587707926,0,1255,1,1255,0,0,1.92121587707926,65.8818482741544
PHW65_MOG_0622/LH195,63.9606323970752,1.77456055974868,0,1256,1,1256,0,0,1.77456055974868,65.7351929568239
PHW65_MOG_0622/PHT69,63.9606323970752,1.77456055974868,0,1257,1,1257,0,0,1.77456055974868,65.7351929568239
PHW65_MOG_0629/LH195,63.9606323970752,1.77842675698357,0,1258,1,1258,0,0,1.77842675698357,65.7390591540588
PHW65_MOG_0629/PHT69,63.9606323970752,1.77842675698357,0,1259,1,1259,0,0,1.77842675698357,65.7390591540588
PHW65_MOG_0633/PHT69,63.9606323970752,1.87339990416053,0,1260,1,1260,0,0,1.87339990416053,65.8340323012357
PHW65_MOG_0651/PHT69,63.9606323970752,0.41140144736015,0,1261,1,1261,0,0,0.41140144736015,64.3720338444353
PHW65_MOG_0660/LH195,63.9606323970752,1.32718564852017,0,1262,1,1262,0,0,1.32718564852017,65.2878180455953
PHW65_MOG_0660/PHT69,63.9606323970752,1.32937056305098,0,1263,1,1263,0,0,1.32937056305098,65.2900029601262
PHW65_MOG_0662/LH195,63.9606323970752,1.94774792996873,0,1264,1,1264,0,0,1.94774792996873,65.9083803270439
PHW65_MOG_0662/PHT69,63.9606323970752,1.94774792996873,0,1265,1,1265,0,0,1.94774792996873,65.9083803270439
PHW65_MOG_0675/PHT69,63.9606323970752,-0.21567645842977,0,1266,1,1266,0,0,-0.21567645842977,63.7449559386454
PHW65_MOG_0696/LH195,63.9606323970752,1.73235615158316,0,1267,1,1267,0,0,1.73235615158316,65.6929885486583
PHW65_MOG_0696/PHT69,63.9606323970752,1.73235615158316,0,1268,1,1268,0,0,1.73235615158316,65.6929885486583
PHW65_MOG_0716/PHT69,63.9606323970752,0.333812326010158,0,1269,1,1269,0,0,0.333812326010158,64.2944447230853
S8324/LH162,63.9606323970752,-0.472229845897383,0,1270,1,1270,0,0,-0.472229845897383,63.4884025511778
S8324/PHK05,63.9606323970752,-0.469198889107658,0,1271,1,1271,0,0,-0.469198889107658,63.4914335079675
S8324/PHK56,63.9606323970752,-0.465335274822813,0,1272,1,1272,0,0,-0.465335274822813,63.4952971222524
S8324/PHR25,63.9606323970752,-0.479597623037829,0,1273,1,1273,0,0,-0.479597623037829,63.4810347740373
S8324/PHZ51,63.9606323970752,-0.472229845897383,0,1274,1,1274,0,0,-0.472229845897383,63.4884025511778
S8326/CG120,63.9606323970752,-0.668317247196444,0,1275,1,1275,0,0,-0.668317247196444,63.2923151498787
S8326/LH145,63.9606323970752,-0.668317247196444,0,1276,1,1276,0,0,-0.668317247196444,63.2923151498787
S8326/PHB47,63.9606323970752,-0.668722766580696,0,1277,1,1277,0,0,-0.668722766580696,63.2919096304945
S8326/PHHV4,63.9606323970752,-0.661675017294357,0,1278,1,1278,0,0,-0.661675017294357,63.2989573797808
S8326/PHRE1,63.9606323970752,-0.634050058074803,0,1279,1,1279,0,0,-0.634050058074803,63.3265823390004
S8326/S8324,63.9606323970752,-0.668317247196444,0,1280,1,1280,0,0,-0.668317247196444,63.2923151498787
TX714/PHZ51,63.9606323970752,0.0779859496534649,0,1281,1,1281,0,0,0.0779859496534649,64.0386183467286
TX714/TX779,63.9606323970752,0.0935762605761872,0,1282,1,1282,0,0,0.0935762605761872,64.0542086576514
TX773/TX779,63.9606323970752,-0.352613224802742,0,1283,1,1283,0,0,-0.352613224802742,63.6080191722724
TX777/LH195,63.9606323970752,-0.295793293931225,0,1284,1,1284,0,0,-0.295793293931225,63.6648391031439
TX779/LH195,63.9606323970752,-0.206067101995501,0,1285,1,1285,0,0,-0.206067101995501,63.7545652950797
TX951/LH195,63.9606323970752,-0.317332375437272,0,1286,1,1286,0,0,-0.317332375437272,63.6433000216379
W10004_0006/PHK76,63.9606323970752,-1.23880368786339,0,1287,1,1287,0,0,-1.23880368786339,62.7218287092118
W10004_0006/PHP02,63.9606323970752,-1.23880368786339,0,1288,1,1288,0,0,-1.23880368786339,62.7218287092118
W10004_0006/PHZ51,63.9606323970752,-1.23880368786339,0,1289,1,1289,0,0,-1.23880368786339,62.7218287092118
W10004_0007/PHK76,63.9606323970752,-1.21842464668385,0,1290,1,1290,0,0,-1.21842464668385,62.7422077503913
W10004_0007/PHP02,63.9606323970752,-1.21842464668385,0,1291,1,1291,0,0,-1.21842464668385,62.7422077503913
W10004_0007/PHZ51,63.9606323970752,-1.21842464668385,0,1292,1,1292,0,0,-1.21842464668385,62.7422077503913
W10004_0008/PHK76,63.9606323970752,-1.44213353861675,0,1293,1,1293,0,0,-1.44213353861675,62.5184988584584
W10004_0008/PHP02,63.9606323970752,-1.44213353861675,0,1294,1,1294,0,0,-1.44213353861675,62.5184988584584
W10004_0008/PHZ51,63.9606323970752,-1.44213353861675,0,1295,1,1295,0,0,-1.44213353861675,62.5184988584584
W10004_0010/PHK76,63.9606323970752,-1.35036394901078,0,1296,1,1296,0,0,-1.35036394901078,62.6102684480644
W10004_0010/PHP02,63.9606323970752,-1.35036394901078,0,1297,1,1297,0,0,-1.35036394901078,62.6102684480644
W10004_0010/PHZ51,63.9606323970752,-1.35036394901078,0,1298,1,1298,0,0,-1.35036394901078,62.6102684480644
W10004_0011/PHK76,63.9606323970752,-1.61673417401408,0,1299,1,1299,0,0,-1.61673417401408,62.3438982230611
W10004_0011/PHP02,63.9606323970752,-1.61673417401408,0,1300,1,1300,0,0,-1.61673417401408,62.3438982230611
W10004_0011/PHZ51,63.9606323970752,-1.61673417401408,0,1301,1,1301,0,0,-1.61673417401408,62.3438982230611
W10004_0013/PHK76,63.9606323970752,-1.78278713661991,0,1302,1,1302,0,0,-1.78278713661991,62.1778452604553
W10004_0013/PHP02,63.9606323970752,-1.78278713661991,0,1303,1,1303,0,0,-1.78278713661991,62.1778452604553
W10004_0013/PHZ51,63.9606323970752,-1.78278713661991,0,1304,1,1304,0,0,-1.78278713661991,62.1778452604553
W10004_0014/PHK76,63.9606323970752,-1.24437231735343,0,1305,1,1305,0,0,-1.24437231735343,62.7162600797217
W10004_0014/PHP02,63.9606323970752,-1.24437231735343,0,1306,1,1306,0,0,-1.24437231735343,62.7162600797217
W10004_0014/PHZ51,63.9606323970752,-1.24437231735343,0,1307,1,1307,0,0,-1.24437231735343,62.7162600797217
W10004_0018/PHK76,63.9606323970752,-1.73516090377906,0,1308,1,1308,0,0,-1.73516090377906,62.2254714932961
W10004_0018/PHP02,63.9606323970752,-1.73501416463599,0,1309,1,1309,0,0,-1.73501416463599,62.2256182324392
W10004_0018/PHZ51,63.9606323970752,-1.73501416463599,0,1310,1,1310,0,0,-1.73501416463599,62.2256182324392
W10004_0019/PHZ51,63.9606323970752,-1.63608208927922,0,1311,1,1311,0,0,-1.63608208927922,62.324550307796
W10004_0026/PHK76,63.9606323970752,-1.17835492519575,0,1312,1,1312,0,0,-1.17835492519575,62.7822774718794
W10004_0026/PHP02,63.9606323970752,-1.17835492519575,0,1313,1,1313,0,0,-1.17835492519575,62.7822774718794
W10004_0026/PHZ51,63.9606323970752,-1.17835492519575,0,1314,1,1314,0,0,-1.17835492519575,62.7822774718794
W10004_0027/PHK76,63.9606323970752,-1.48434654036533,0,1315,1,1315,0,0,-1.48434654036533,62.4762858567098
W10004_0027/PHP02,63.9606323970752,-1.48434654036533,0,1316,1,1316,0,0,-1.48434654036533,62.4762858567098
W10004_0027/PHZ51,63.9606323970752,-1.48434654036533,0,1317,1,1317,0,0,-1.48434654036533,62.4762858567098
W10004_0031/PHK76,63.9606323970752,-1.29916759983794,0,1318,1,1318,0,0,-1.29916759983794,62.6614647972372
W10004_0031/PHP02,63.9606323970752,-1.29916759983794,0,1319,1,1319,0,0,-1.29916759983794,62.6614647972372
W10004_0031/PHZ51,63.9606323970752,-1.29916759983794,0,1320,1,1320,0,0,-1.29916759983794,62.6614647972372
W10004_0032/PHK76,63.9606323970752,-1.35395989877964,0,1321,1,1321,0,0,-1.35395989877964,62.6066724982955
W10004_0032/PHP02,63.9606323970752,-1.35395989877964,0,1322,1,1322,0,0,-1.35395989877964,62.6066724982955
W10004_0032/PHZ51,63.9606323970752,-1.35395989877964,0,1323,1,1323,0,0,-1.35395989877964,62.6066724982955
W10004_0034/PHK76,63.9606323970752,-1.38762378671973,0,1324,1,1324,0,0,-1.38762378671973,62.5730086103554
W10004_0034/PHP02,63.9606323970752,-1.38747704757666,0,1325,1,1325,0,0,-1.38747704757666,62.5731553494985
W10004_0034/PHZ51,63.9606323970752,-1.38747704757666,0,1326,1,1326,0,0,-1.38747704757666,62.5731553494985
W10004_0035/PHK76,63.9606323970752,-1.09121086622062,0,1327,1,1327,0,0,-1.09121086622062,62.8694215308545
W10004_0035/PHP02,63.9606323970752,-1.09121086622062,0,1328,1,1328,0,0,-1.09121086622062,62.8694215308545
W10004_0035/PHZ51,63.9606323970752,-1.09121086622062,0,1329,1,1329,0,0,-1.09121086622062,62.8694215308545
W10004_0037/PHK76,63.9606323970752,-1.74882765590985,0,1330,1,1330,0,0,-1.74882765590985,62.2118047411653
W10004_0037/PHP02,63.9606323970752,-1.74882765590985,0,1331,1,1331,0,0,-1.74882765590985,62.2118047411653
W10004_0037/PHZ51,63.9606323970752,-1.74882765590985,0,1332,1,1332,0,0,-1.74882765590985,62.2118047411653
W10004_0038/PHK76,63.9606323970752,-1.30677663908333,0,1333,1,1333,0,0,-1.30677663908333,62.6538557579918
W10004_0038/PHP02,63.9606323970752,-1.30677663908333,0,1334,1,1334,0,0,-1.30677663908333,62.6538557579918
W10004_0038/PHZ51,63.9606323970752,-1.30677663908333,0,1335,1,1335,0,0,-1.30677663908333,62.6538557579918
W10004_0039/PHK76,63.9606323970752,-1.12304556018934,0,1336,1,1336,0,0,-1.12304556018934,62.8375868368858
W10004_0039/PHP02,63.9606323970752,-1.12289882104627,0,1337,1,1337,0,0,-1.12289882104627,62.8377335760289
W10004_0039/PHZ51,63.9606323970752,-1.12289882104627,0,1338,1,1338,0,0,-1.12289882104627,62.8377335760289
W10004_0041/PHK76,63.9606323970752,-1.26659587923948,0,1339,1,1339,0,0,-1.26659587923948,62.6940365178357
W10004_0041/PHP02,63.9606323970752,-1.26659587923948,0,1340,1,1340,0,0,-1.26659587923948,62.6940365178357
W10004_0041/PHZ51,63.9606323970752,-1.26659587923948,0,1341,1,1341,0,0,-1.26659587923948,62.6940365178357
W10004_0042/PHK76,63.9606323970752,-1.59734815285113,0,1342,1,1342,0,0,-1.59734815285113,62.363284244224
W10004_0042/PHP02,63.9606323970752,-1.59734815285113,0,1343,1,1343,0,0,-1.59734815285113,62.363284244224
W10004_0042/PHZ51,63.9606323970752,-1.59734815285113,0,1344,1,1344,0,0,-1.59734815285113,62.363284244224
W10004_0045/PHK76,63.9606323970752,-1.77577195178668,0,1345,1,1345,0,0,-1.77577195178668,62.1848604452885
W10004_0045/PHP02,63.9606323970752,-1.77577195178668,0,1346,1,1346,0,0,-1.77577195178668,62.1848604452885
W10004_0045/PHZ51,63.9606323970752,-1.77577195178668,0,1347,1,1347,0,0,-1.77577195178668,62.1848604452885
W10004_0046/PHK76,63.9606323970752,-1.78922331876841,0,1348,1,1348,0,0,-1.78922331876841,62.1714090783068
W10004_0046/PHP02,63.9606323970752,-1.78922331876841,0,1349,1,1349,0,0,-1.78922331876841,62.1714090783068
W10004_0046/PHZ51,63.9606323970752,-1.78922331876841,0,1350,1,1350,0,0,-1.78922331876841,62.1714090783068
W10004_0047/PHK76,63.9606323970752,-1.39606864803392,0,1351,1,1351,0,0,-1.39606864803392,62.5645637490413
W10004_0047/PHP02,63.9606323970752,-1.39606864803392,0,1352,1,1352,0,0,-1.39606864803392,62.5645637490413
W10004_0047/PHZ51,63.9606323970752,-1.39606864803392,0,1353,1,1353,0,0,-1.39606864803392,62.5645637490413
W10004_0053/PHK76,63.9606323970752,-0.984634761181271,0,1354,1,1354,0,0,-0.984634761181271,62.9759976358939
W10004_0053/PHP02,63.9606323970752,-0.984634761181271,0,1355,1,1355,0,0,-0.984634761181271,62.9759976358939
W10004_0053/PHZ51,63.9606323970752,-0.984634761181271,0,1356,1,1356,0,0,-0.984634761181271,62.9759976358939
W10004_0055/PHK76,63.9606323970752,-0.605209439736968,0,1357,1,1357,0,0,-0.605209439736968,63.3554229573382
W10004_0055/PHP02,63.9606323970752,-0.605209439736968,0,1358,1,1358,0,0,-0.605209439736968,63.3554229573382
W10004_0055/PHZ51,63.9606323970752,-0.605209439736968,0,1359,1,1359,0,0,-0.605209439736968,63.3554229573382
W10004_0059/PHK76,63.9606323970752,-0.731422639656172,0,1360,1,1360,0,0,-0.731422639656172,63.229209757419
W10004_0059/PHP02,63.9606323970752,-0.731422639656172,0,1361,1,1361,0,0,-0.731422639656172,63.229209757419
W10004_0059/PHZ51,63.9606323970752,-0.731422639656172,0,1362,1,1362,0,0,-0.731422639656172,63.229209757419
W10004_0061/PHK76,63.9606323970752,-1.0208404046016,0,1363,1,1363,0,0,-1.0208404046016,62.9397919924736
W10004_0061/PHP02,63.9606323970752,-1.0208404046016,0,1364,1,1364,0,0,-1.0208404046016,62.9397919924736
W10004_0061/PHZ51,63.9606323970752,-1.0208404046016,0,1365,1,1365,0,0,-1.0208404046016,62.9397919924736
W10004_0062/PHK76,63.9606323970752,-1.16015688778163,0,1366,1,1366,0,0,-1.16015688778163,62.8004755092935
W10004_0062/PHP02,63.9606323970752,-1.16015688778163,0,1367,1,1367,0,0,-1.16015688778163,62.8004755092935
W10004_0062/PHZ51,63.9606323970752,-1.16015688778163,0,1368,1,1368,0,0,-1.16015688778163,62.8004755092935
W10004_0063/PHK76,63.9606323970752,-1.48406737626309,0,1369,1,1369,0,0,-1.48406737626309,62.4765650208121
W10004_0063/PHP02,63.9606323970752,-1.48406737626309,0,1370,1,1370,0,0,-1.48406737626309,62.4765650208121
W10004_0063/PHZ51,63.9606323970752,-1.48406737626309,0,1371,1,1371,0,0,-1.48406737626309,62.4765650208121
W10004_0064/PHK76,63.9606323970752,-0.613716247697732,0,1372,1,1372,0,0,-0.613716247697732,63.3469161493774
W10004_0064/PHP02,63.9606323970752,-0.613716247697732,0,1373,1,1373,0,0,-0.613716247697732,63.3469161493774
W10004_0064/PHZ51,63.9606323970752,-0.613716247697732,0,1374,1,1374,0,0,-0.613716247697732,63.3469161493774
W10004_0065/PHK76,63.9606323970752,-1.37102357595756,0,1375,1,1375,0,0,-1.37102357595756,62.5896088211176
W10004_0065/PHP02,63.9606323970752,-1.37087683681449,0,1376,1,1376,0,0,-1.37087683681449,62.5897555602607
W10004_0065/PHZ51,63.9606323970752,-1.37087683681449,0,1377,1,1377,0,0,-1.37087683681449,62.5897555602607
W10004_0068/PHK76,63.9606323970752,-0.23170840644027,0,1378,1,1378,0,0,-0.23170840644027,63.7289239906349
W10004_0068/PHP02,63.9606323970752,-0.23170840644027,0,1379,1,1379,0,0,-0.23170840644027,63.7289239906349
W10004_0068/PHZ51,63.9606323970752,-0.23170840644027,0,1380,1,1380,0,0,-0.23170840644027,63.7289239906349
W10004_0069/PHK76,63.9606323970752,-0.768255908063011,0,1381,1,1381,0,0,-0.768255908063011,63.1923764890122
W10004_0069/PHP02,63.9606323970752,-0.768255908063011,0,1382,1,1382,0,0,-0.768255908063011,63.1923764890122
W10004_0069/PHZ51,63.9606323970752,-0.768255908063011,0,1383,1,1383,0,0,-0.768255908063011,63.1923764890122
W10004_0070/PHK76,63.9606323970752,-1.55715952061389,0,1384,1,1384,0,0,-1.55715952061389,62.4034728764613
W10004_0070/PHP02,63.9606323970752,-1.55715952061389,0,1385,1,1385,0,0,-1.55715952061389,62.4034728764613
W10004_0070/PHZ51,63.9606323970752,-1.55715952061389,0,1386,1,1386,0,0,-1.55715952061389,62.4034728764613
W10004_0071/PHK76,63.9606323970752,-0.280239324811158,0,1387,1,1387,0,0,-0.280239324811158,63.680393072264
W10004_0071/PHP02,63.9606323970752,-0.280239324811158,0,1388,1,1388,0,0,-0.280239324811158,63.680393072264
W10004_0071/PHZ51,63.9606323970752,-0.280239324811158,0,1389,1,1389,0,0,-0.280239324811158,63.680393072264
W10004_0072/PHK76,63.9606323970752,-0.463658786077997,0,1390,1,1390,0,0,-0.463658786077997,63.4969736109972
W10004_0072/PHP02,63.9606323970752,-0.463658786077997,0,1391,1,1391,0,0,-0.463658786077997,63.4969736109972
W10004_0072/PHZ51,63.9606323970752,-0.463658786077997,0,1392,1,1392,0,0,-0.463658786077997,63.4969736109972
W10004_0073/PHK76,63.9606323970752,-0.686331836067105,0,1393,1,1393,0,0,-0.686331836067105,63.2743005610081
W10004_0073/PHP02,63.9606323970752,-0.686331836067105,0,1394,1,1394,0,0,-0.686331836067105,63.2743005610081
W10004_0073/PHZ51,63.9606323970752,-0.686331836067105,0,1395,1,1395,0,0,-0.686331836067105,63.2743005610081
W10004_0076/PHK76,63.9606323970752,-0.586734403768731,0,1396,1,1396,0,0,-0.586734403768731,63.3738979933064
W10004_0076/PHP02,63.9606323970752,-0.586734403768731,0,1397,1,1397,0,0,-0.586734403768731,63.3738979933064
W10004_0076/PHZ51,63.9606323970752,-0.586734403768731,0,1398,1,1398,0,0,-0.586734403768731,63.3738979933064
W10004_0078/PHK76,63.9606323970752,-0.844321919558724,0,1399,1,1399,0,0,-0.844321919558724,63.1163104775164
W10004_0078/PHP02,63.9606323970752,-0.844321919558724,0,1400,1,1400,0,0,-0.844321919558724,63.1163104775164
W10004_0078/PHZ51,63.9606323970752,-0.844321919558724,0,1401,1,1401,0,0,-0.844321919558724,63.1163104775164
W10004_0079/PHK76,63.9606323970752,-1.47428756323115,0,1402,1,1402,0,0,-1.47428756323115,62.486344833844
W10004_0079/PHP02,63.9606323970752,-1.47414082408807,0,1403,1,1403,0,0,-1.47414082408807,62.4864915729871
W10004_0079/PHZ51,63.9606323970752,-1.47414082408807,0,1404,1,1404,0,0,-1.47414082408807,62.4864915729871
W10004_0080/PHK76,63.9606323970752,-1.65014753542112,0,1405,1,1405,0,0,-1.65014753542112,62.3104848616541
W10004_0080/PHP02,63.9606323970752,-1.65014753542112,0,1406,1,1406,0,0,-1.65014753542112,62.3104848616541
W10004_0080/PHZ51,63.9606323970752,-1.65014753542112,0,1407,1,1407,0,0,-1.65014753542112,62.3104848616541
W10004_0086/PHK76,63.9606323970752,-1.19986075400985,0,1408,1,1408,0,0,-1.19986075400985,62.7607716430653
W10004_0086/PHP02,63.9606323970752,-1.19986075400985,0,1409,1,1409,0,0,-1.19986075400985,62.7607716430653
W10004_0086/PHZ51,63.9606323970752,-1.19986075400985,0,1410,1,1410,0,0,-1.19986075400985,62.7607716430653
W10004_0087/PHK76,63.9606323970752,-1.69303063532464,0,1411,1,1411,0,0,-1.69303063532464,62.2676017617505
W10004_0087/PHP02,63.9606323970752,-1.69288389618157,0,1412,1,1412,0,0,-1.69288389618157,62.2677485008936
W10004_0087/PHZ51,63.9606323970752,-1.69288389618157,0,1413,1,1413,0,0,-1.69288389618157,62.2677485008936
W10004_0092/PHK76,63.9606323970752,-0.715531156423558,0,1414,1,1414,0,0,-0.715531156423558,63.2451012406516
W10004_0092/PHP02,63.9606323970752,-0.715531156423558,0,1415,1,1415,0,0,-0.715531156423558,63.2451012406516
W10004_0092/PHZ51,63.9606323970752,-0.715531156423558,0,1416,1,1416,0,0,-0.715531156423558,63.2451012406516
W10004_0093/PHK76,63.9606323970752,-1.12999000039634,0,1417,1,1417,0,0,-1.12999000039634,62.8306423966788
W10004_0093/PHP02,63.9606323970752,-1.12999000039634,0,1418,1,1418,0,0,-1.12999000039634,62.8306423966788
W10004_0093/PHZ51,63.9606323970752,-1.12999000039634,0,1419,1,1419,0,0,-1.12999000039634,62.8306423966788
W10004_0095/PHK76,63.9606323970752,-1.39335646379469,0,1420,1,1420,0,0,-1.39335646379469,62.5672759332805
W10004_0095/PHP02,63.9606323970752,-1.39335646379469,0,1421,1,1421,0,0,-1.39335646379469,62.5672759332805
W10004_0095/PHZ51,63.9606323970752,-1.39335646379469,0,1422,1,1422,0,0,-1.39335646379469,62.5672759332805
W10004_0097/PHK76,63.9606323970752,-1.53233984817247,0,1423,1,1423,0,0,-1.53233984817247,62.4282925489027
W10004_0097/PHP02,63.9606323970752,-1.53233984817247,0,1424,1,1424,0,0,-1.53233984817247,62.4282925489027
W10004_0097/PHZ51,63.9606323970752,-1.53233984817247,0,1425,1,1425,0,0,-1.53233984817247,62.4282925489027
W10004_0098/PHK76,63.9606323970752,-0.800285930957257,0,1426,1,1426,0,0,-0.800285930957257,63.1603464661179
W10004_0098/PHP02,63.9606323970752,-0.800139191814186,0,1427,1,1427,0,0,-0.800139191814186,63.160493205261
W10004_0098/PHZ51,63.9606323970752,-0.800139191814186,0,1428,1,1428,0,0,-0.800139191814186,63.160493205261
W10004_0099/PHK76,63.9606323970752,-0.38785121524841,0,1429,1,1429,0,0,-0.38785121524841,63.5727811818268
W10004_0099/PHP02,63.9606323970752,-0.38785121524841,0,1430,1,1430,0,0,-0.38785121524841,63.5727811818268
W10004_0099/PHZ51,63.9606323970752,-0.38785121524841,0,1431,1,1431,0,0,-0.38785121524841,63.5727811818268
W10004_0101/PHK76,63.9606323970752,-0.828637235887286,0,1432,1,1432,0,0,-0.828637235887286,63.1319951611879
W10004_0101/PHP02,63.9606323970752,-0.828637235887286,0,1433,1,1433,0,0,-0.828637235887286,63.1319951611879
W10004_0101/PHZ51,63.9606323970752,-0.828637235887286,0,1434,1,1434,0,0,-0.828637235887286,63.1319951611879
W10004_0103/PHK76,63.9606323970752,-1.29031605487995,0,1435,1,1435,0,0,-1.29031605487995,62.6703163421952
W10004_0103/PHP02,63.9606323970752,-1.29031605487995,0,1436,1,1436,0,0,-1.29031605487995,62.6703163421952
W10004_0103/PHZ51,63.9606323970752,-1.29031605487995,0,1437,1,1437,0,0,-1.29031605487995,62.6703163421952
W10004_0106/PHK76,63.9606323970752,-1.13042644539533,0,1438,1,1438,0,0,-1.13042644539533,62.8302059516798
W10004_0106/PHP02,63.9606323970752,-1.13042644539533,0,1439,1,1439,0,0,-1.13042644539533,62.8302059516798
W10004_0106/PHZ51,63.9606323970752,-1.13042644539533,0,1440,1,1440,0,0,-1.13042644539533,62.8302059516798
W10004_0110/PHK76,63.9606323970752,-0.744333870416028,0,1441,1,1441,0,0,-0.744333870416028,63.2162985266591
W10004_0110/PHP02,63.9606323970752,-0.744333870416028,0,1442,1,1442,0,0,-0.744333870416028,63.2162985266591
W10004_0110/PHZ51,63.9606323970752,-0.744333870416028,0,1443,1,1443,0,0,-0.744333870416028,63.2162985266591
W10004_0112/PHK76,63.9606323970752,-1.74290205308435,0,1444,1,1444,0,0,-1.74290205308435,62.2177303439908
W10004_0112/PHP02,63.9606323970752,-1.74290205308435,0,1445,1,1445,0,0,-1.74290205308435,62.2177303439908
W10004_0112/PHZ51,63.9606323970752,-1.74290205308435,0,1446,1,1446,0,0,-1.74290205308435,62.2177303439908
W10004_0115/PHK76,63.9606323970752,-0.469282600254672,0,1447,1,1447,0,0,-0.469282600254672,63.4913497968205
W10004_0115/PHP02,63.9606323970752,-0.469282600254672,0,1448,1,1448,0,0,-0.469282600254672,63.4913497968205
W10004_0115/PHZ51,63.9606323970752,-0.469282600254672,0,1449,1,1449,0,0,-0.469282600254672,63.4913497968205
W10004_0116/PHK76,63.9606323970752,-0.885668062317056,0,1450,1,1450,0,0,-0.885668062317056,63.0749643347581
W10004_0116/PHP02,63.9606323970752,-0.885668062317056,0,1451,1,1451,0,0,-0.885668062317056,63.0749643347581
W10004_0116/PHZ51,63.9606323970752,-0.885668062317056,0,1452,1,1452,0,0,-0.885668062317056,63.0749643347581
W10004_0118/PHK76,63.9606323970752,-1.29666041001591,0,1453,1,1453,0,0,-1.29666041001591,62.6639719870593
W10004_0118/PHP02,63.9606323970752,-1.29666041001591,0,1454,1,1454,0,0,-1.29666041001591,62.6639719870593
W10004_0118/PHZ51,63.9606323970752,-1.29666041001591,0,1455,1,1455,0,0,-1.29666041001591,62.6639719870593
W10004_0119/PHK76,63.9606323970752,-0.725895558943344,0,1456,1,1456,0,0,-0.725895558943344,63.2347368381318
W10004_0119/PHP02,63.9606323970752,-0.725895558943344,0,1457,1,1457,0,0,-0.725895558943344,63.2347368381318
W10004_0119/PHZ51,63.9606323970752,-0.725895558943344,0,1458,1,1458,0,0,-0.725895558943344,63.2347368381318
W10004_0121/PHK76,63.9606323970752,-1.46997963984801,0,1459,1,1459,0,0,-1.46997963984801,62.4906527572272
W10004_0121/PHP02,63.9606323970752,-1.46997963984801,0,1460,1,1460,0,0,-1.46997963984801,62.4906527572272
W10004_0121/PHZ51,63.9606323970752,-1.46997963984801,0,1461,1,1461,0,0,-1.46997963984801,62.4906527572272
W10004_0122/PHK76,63.9606323970752,-0.437876601325968,0,1462,1,1462,0,0,-0.437876601325968,63.5227557957492
W10004_0122/PHP02,63.9606323970752,-0.437876601325968,0,1463,1,1463,0,0,-0.437876601325968,63.5227557957492
W10004_0122/PHZ51,63.9606323970752,-0.437876601325968,0,1464,1,1464,0,0,-0.437876601325968,63.5227557957492
W10004_0127/PHK76,63.9606323970752,-0.897011038815172,0,1465,1,1465,0,0,-0.897011038815172,63.06362135826
W10004_0127/PHP02,63.9606323970752,-0.897011038815172,0,1466,1,1466,0,0,-0.897011038815172,63.06362135826
W10004_0127/PHZ51,63.9606323970752,-0.897011038815172,0,1467,1,1467,0,0,-0.897011038815172,63.06362135826
W10004_0129/PHK76,63.9606323970752,-1.03276870586185,0,1468,1,1468,0,0,-1.03276870586185,62.9278636912133
W10004_0129/PHP02,63.9606323970752,-1.03276870586185,0,1469,1,1469,0,0,-1.03276870586185,62.9278636912133
W10004_0129/PHZ51,63.9606323970752,-1.03276870586185,0,1470,1,1470,0,0,-1.03276870586185,62.9278636912133
W10004_0132/PHK76,63.9606323970752,-1.43568389337395,0,1471,1,1471,0,0,-1.43568389337395,62.5249485037012
W10004_0132/PHP02,63.9606323970752,-1.43568389337395,0,1472,1,1472,0,0,-1.43568389337395,62.5249485037012
W10004_0132/PHZ51,63.9606323970752,-1.43568389337395,0,1473,1,1473,0,0,-1.43568389337395,62.5249485037012
W10004_0133/PHK76,63.9606323970752,-1.03020748175181,0,1474,1,1474,0,0,-1.03020748175181,62.9304249153234
W10004_0133/PHP02,63.9606323970752,-1.03020748175181,0,1475,1,1475,0,0,-1.03020748175181,62.9304249153234
W10004_0133/PHZ51,63.9606323970752,-1.03020748175181,0,1476,1,1476,0,0,-1.03020748175181,62.9304249153234
W10004_0134/PHK76,63.9606323970752,-1.01156758489317,0,1477,1,1477,0,0,-1.01156758489317,62.949064812182
W10004_0134/PHP02,63.9606323970752,-1.01156758489317,0,1478,1,1478,0,0,-1.01156758489317,62.949064812182
W10004_0134/PHZ51,63.9606323970752,-1.01156758489317,0,1479,1,1479,0,0,-1.01156758489317,62.949064812182
W10004_0138/PHK76,63.9606323970752,-0.669330269584945,0,1480,1,1480,0,0,-0.669330269584945,63.2913021274902
W10004_0138/PHP02,63.9606323970752,-0.669330269584945,0,1481,1,1481,0,0,-0.669330269584945,63.2913021274902
W10004_0138/PHZ51,63.9606323970752,-0.669330269584945,0,1482,1,1482,0,0,-0.669330269584945,63.2913021274902
W10004_0140/PHK76,63.9606323970752,-0.568003196025995,0,1483,1,1483,0,0,-0.568003196025995,63.3926292010492
W10004_0140/PHP02,63.9606323970752,-0.568003196025995,0,1484,1,1484,0,0,-0.568003196025995,63.3926292010492
W10004_0140/PHZ51,63.9606323970752,-0.568003196025995,0,1485,1,1485,0,0,-0.568003196025995,63.3926292010492
W10004_0144/PHK76,63.9606323970752,-0.700534110995,0,1486,1,1486,0,0,-0.700534110995,63.2600982860802
W10004_0144/PHP02,63.9606323970752,-0.700534110995,0,1487,1,1487,0,0,-0.700534110995,63.2600982860802
W10004_0144/PHZ51,63.9606323970752,-0.700534110995,0,1488,1,1488,0,0,-0.700534110995,63.2600982860802
W10004_0146/PHK76,63.9606323970752,-0.848685518796857,0,1489,1,1489,0,0,-0.848685518796857,63.1119468782783
W10004_0146/PHP02,63.9606323970752,-0.848685518796857,0,1490,1,1490,0,0,-0.848685518796857,63.1119468782783
W10004_0146/PHZ51,63.9606323970752,-0.848685518796857,0,1491,1,1491,0,0,-0.848685518796857,63.1119468782783
W10004_0147/PHK76,63.9606323970752,-0.999163152329504,0,1492,1,1492,0,0,-0.999163152329504,62.9614692447457
W10004_0147/PHP02,63.9606323970752,-0.999163152329504,0,1493,1,1493,0,0,-0.999163152329504,62.9614692447457
W10004_0147/PHZ51,63.9606323970752,-0.999163152329504,0,1494,1,1494,0,0,-0.999163152329504,62.9614692447457
W10004_0148/PHK76,63.9606323970752,-1.52320097783568,0,1495,1,1495,0,0,-1.52320097783568,62.4374314192395
W10004_0148/PHP02,63.9606323970752,-1.52320097783568,0,1496,1,1496,0,0,-1.52320097783568,62.4374314192395
W10004_0148/PHZ51,63.9606323970752,-1.52320097783568,0,1497,1,1497,0,0,-1.52320097783568,62.4374314192395
W10004_0149/PHK76,63.9606323970752,-0.696487710231389,0,1498,1,1498,0,0,-0.696487710231389,63.2641446868438
W10004_0149/PHP02,63.9606323970752,-0.696487710231389,0,1499,1,1499,0,0,-0.696487710231389,63.2641446868438
W10004_0149/PHZ51,63.9606323970752,-0.696487710231389,0,1500,1,1500,0,0,-0.696487710231389,63.2641446868438
W10004_0150/PHK76,63.9606323970752,-1.12167474415999,0,1501,1,1501,0,0,-1.12167474415999,62.8389576529152
W10004_0150/PHP02,63.9606323970752,-1.12167474415999,0,1502,1,1502,0,0,-1.12167474415999,62.8389576529152
W10004_0150/PHZ51,63.9606323970752,-1.12167474415999,0,1503,1,1503,0,0,-1.12167474415999,62.8389576529152
W10004_0152/PHK76,63.9606323970752,-1.49783499262639,0,1504,1,1504,0,0,-1.49783499262639,62.4627974044488
W10004_0152/PHP02,63.9606323970752,-1.49783499262639,0,1505,1,1505,0,0,-1.49783499262639,62.4627974044488
W10004_0152/PHZ51,63.9606323970752,-1.49783499262639,0,1506,1,1506,0,0,-1.49783499262639,62.4627974044488
W10004_0153/PHK76,63.9606323970752,-0.872127058007526,0,1507,1,1507,0,0,-0.872127058007526,63.0885053390676
W10004_0153/PHP02,63.9606323970752,-0.872127058007526,0,1508,1,1508,0,0,-0.872127058007526,63.0885053390676
W10004_0153/PHZ51,63.9606323970752,-0.872127058007526,0,1509,1,1509,0,0,-0.872127058007526,63.0885053390676
W10004_0154/PHK76,63.9606323970752,-1.80502775015978,0,1510,1,1510,0,0,-1.80502775015978,62.1556046469154
W10004_0154/PHP02,63.9606323970752,-1.80502775015978,0,1511,1,1511,0,0,-1.80502775015978,62.1556046469154
W10004_0154/PHZ51,63.9606323970752,-1.80502775015978,0,1512,1,1512,0,0,-1.80502775015978,62.1556046469154
W10004_0160/PHK76,63.9606323970752,-1.00080095109545,0,1513,1,1513,0,0,-1.00080095109545,62.9598314459797
W10004_0160/PHP02,63.9606323970752,-1.00080095109545,0,1514,1,1514,0,0,-1.00080095109545,62.9598314459797
W10004_0160/PHZ51,63.9606323970752,-1.00080095109545,0,1515,1,1515,0,0,-1.00080095109545,62.9598314459797
W10004_0161/PHK76,63.9606323970752,-1.30670881353441,0,1516,1,1516,0,0,-1.30670881353441,62.6539235835408
W10004_0161/PHP02,63.9606323970752,-1.30670881353441,0,1517,1,1517,0,0,-1.30670881353441,62.6539235835408
W10004_0161/PHZ51,63.9606323970752,-1.30670881353441,0,1518,1,1518,0,0,-1.30670881353441,62.6539235835408
W10004_0166/PHK76,63.9606323970752,-0.73333267872788,0,1519,1,1519,0,0,-0.73333267872788,63.2272997183473
W10004_0166/PHP02,63.9606323970752,-0.733185939584809,0,1520,1,1520,0,0,-0.733185939584809,63.2274464574904
W10004_0166/PHZ51,63.9606323970752,-0.733185939584809,0,1521,1,1521,0,0,-0.733185939584809,63.2274464574904
W10004_0167/PHK76,63.9606323970752,-0.52178455356361,0,1522,1,1522,0,0,-0.52178455356361,63.4388478435116
W10004_0167/PHP02,63.9606323970752,-0.52178455356361,0,1523,1,1523,0,0,-0.52178455356361,63.4388478435116
W10004_0167/PHZ51,63.9606323970752,-0.52178455356361,0,1524,1,1524,0,0,-0.52178455356361,63.4388478435116
W10004_0168/PHK76,63.9606323970752,-0.393684355261672,0,1525,1,1525,0,0,-0.393684355261672,63.5669480418135
W10004_0168/PHP02,63.9606323970752,-0.393684355261672,0,1526,1,1526,0,0,-0.393684355261672,63.5669480418135
W10004_0168/PHZ51,63.9606323970752,-0.393684355261672,0,1527,1,1527,0,0,-0.393684355261672,63.5669480418135
W10004_0169/PHK76,63.9606323970752,-1.8736140150656,0,1528,1,1528,0,0,-1.8736140150656,62.0870183820096
W10004_0169/PHP02,63.9606323970752,-1.8736140150656,0,1529,1,1529,0,0,-1.8736140150656,62.0870183820096
W10004_0169/PHZ51,63.9606323970752,-1.8736140150656,0,1530,1,1530,0,0,-1.8736140150656,62.0870183820096
W10004_0171/PHK76,63.9606323970752,-1.46180916315874,0,1531,1,1531,0,0,-1.46180916315874,62.4988232339164
W10004_0171/PHP02,63.9606323970752,-1.46180916315874,0,1532,1,1532,0,0,-1.46180916315874,62.4988232339164
W10004_0171/PHZ51,63.9606323970752,-1.46180916315874,0,1533,1,1533,0,0,-1.46180916315874,62.4988232339164
W10004_0178/PHK76,63.9606323970752,-0.813213555486265,0,1534,1,1534,0,0,-0.813213555486265,63.1474188415889
W10004_0178/PHP02,63.9606323970752,-0.813213555486265,0,1535,1,1535,0,0,-0.813213555486265,63.1474188415889
W10004_0178/PHZ51,63.9606323970752,-0.813213555486265,0,1536,1,1536,0,0,-0.813213555486265,63.1474188415889
W10004_0179/PHK76,63.9606323970752,-1.41004332872036,0,1537,1,1537,0,0,-1.41004332872036,62.5505890683548
W10004_0179/PHP02,63.9606323970752,-1.41004332872036,0,1538,1,1538,0,0,-1.41004332872036,62.5505890683548
W10004_0179/PHZ51,63.9606323970752,-1.41004332872036,0,1539,1,1539,0,0,-1.41004332872036,62.5505890683548
W10004_0185/PHK76,63.9606323970752,-1.03943567524339,0,1540,1,1540,0,0,-1.03943567524339,62.9211967218318
W10004_0185/PHP02,63.9606323970752,-1.03943567524339,0,1541,1,1541,0,0,-1.03943567524339,62.9211967218318
W10004_0185/PHZ51,63.9606323970752,-1.03943567524339,0,1542,1,1542,0,0,-1.03943567524339,62.9211967218318
W10004_0189/PHK76,63.9606323970752,-1.39240234480953,0,1543,1,1543,0,0,-1.39240234480953,62.5682300522656
W10004_0189/PHP02,63.9606323970752,-1.39240234480953,0,1544,1,1544,0,0,-1.39240234480953,62.5682300522656
W10004_0189/PHZ51,63.9606323970752,-1.39240234480953,0,1545,1,1545,0,0,-1.39240234480953,62.5682300522656
W10004_0190/PHK76,63.9606323970752,-0.850177091932942,0,1546,1,1546,0,0,-0.850177091932942,63.1104553051422
W10004_0190/PHP02,63.9606323970752,-0.850177091932942,0,1547,1,1547,0,0,-0.850177091932942,63.1104553051422
W10004_0190/PHZ51,63.9606323970752,-0.850177091932942,0,1548,1,1548,0,0,-0.850177091932942,63.1104553051422
W10004_0192/PHK76,63.9606323970752,-0.568032804821704,0,1549,1,1549,0,0,-0.568032804821704,63.3925995922535
W10004_0192/PHP02,63.9606323970752,-0.568032804821704,0,1550,1,1550,0,0,-0.568032804821704,63.3925995922535
W10004_0192/PHZ51,63.9606323970752,-0.568032804821704,0,1551,1,1551,0,0,-0.568032804821704,63.3925995922535
W10004_0194/PHK76,63.9606323970752,-1.61928241029448,0,1552,1,1552,0,0,-1.61928241029448,62.3413499867807
W10004_0194/PHP02,63.9606323970752,-1.61928241029448,0,1553,1,1553,0,0,-1.61928241029448,62.3413499867807
W10004_0194/PHZ51,63.9606323970752,-1.61928241029448,0,1554,1,1554,0,0,-1.61928241029448,62.3413499867807
W10004_0196/PHK76,63.9606323970752,-1.82724159525367,0,1555,1,1555,0,0,-1.82724159525367,62.1333908018215
W10004_0196/PHP02,63.9606323970752,-1.82724159525367,0,1556,1,1556,0,0,-1.82724159525367,62.1333908018215
W10004_0196/PHZ51,63.9606323970752,-1.82724159525367,0,1557,1,1557,0,0,-1.82724159525367,62.1333908018215
W10004_0197/PHK76,63.9606323970752,-1.23653422483132,0,1558,1,1558,0,0,-1.23653422483132,62.7240981722439
W10004_0197/PHP02,63.9606323970752,-1.23653422483132,0,1559,1,1559,0,0,-1.23653422483132,62.7240981722439
W10004_0197/PHZ51,63.9606323970752,-1.23653422483132,0,1560,1,1560,0,0,-1.23653422483132,62.7240981722439
W10004_0199/PHK76,63.9606323970752,-1.88574983331506,0,1561,1,1561,0,0,-1.88574983331506,62.0748825637601
W10004_0199/PHP02,63.9606323970752,-1.88574983331506,0,1562,1,1562,0,0,-1.88574983331506,62.0748825637601
W10004_0199/PHZ51,63.9606323970752,-1.88574983331506,0,1563,1,1563,0,0,-1.88574983331506,62.0748825637601
W10004_0200/PHK76,63.9606323970752,-1.29658244356275,0,1564,1,1564,0,0,-1.29658244356275,62.6640499535124
W10004_0200/PHP02,63.9606323970752,-1.29658244356275,0,1565,1,1565,0,0,-1.29658244356275,62.6640499535124
W10004_0200/PHZ51,63.9606323970752,-1.29658244356275,0,1566,1,1566,0,0,-1.29658244356275,62.6640499535124
W10004_0203/PHK76,63.9606323970752,-1.07858560717627,0,1567,1,1567,0,0,-1.07858560717627,62.8820467898989
W10004_0203/PHP02,63.9606323970752,-1.0784388680332,0,1568,1,1568,0,0,-1.0784388680332,62.882193529042
W10004_0203/PHZ51,63.9606323970752,-1.0784388680332,0,1569,1,1569,0,0,-1.0784388680332,62.882193529042
W10004_0204/PHK76,63.9606323970752,-1.70294878677957,0,1570,1,1570,0,0,-1.70294878677957,62.2576836102956
W10004_0204/PHP02,63.9606323970752,-1.70294878677957,0,1571,1,1571,0,0,-1.70294878677957,62.2576836102956
W10004_0204/PHZ51,63.9606323970752,-1.70294878677957,0,1572,1,1572,0,0,-1.70294878677957,62.2576836102956
W10004_0206/PHK76,63.9606323970752,-0.539730593102933,0,1573,1,1573,0,0,-0.539730593102933,63.4209018039722
W10004_0206/PHP02,63.9606323970752,-0.539730593102933,0,1574,1,1574,0,0,-0.539730593102933,63.4209018039722
W10004_0206/PHZ51,63.9606323970752,-0.539730593102933,0,1575,1,1575,0,0,-0.539730593102933,63.4209018039722
W10004_0208/PHZ51,63.9606323970752,-1.08067516428982,0,1576,1,1576,0,0,-1.08067516428982,62.8799572327854
W10004_0212/PHK76,63.9606323970752,-0.582172840805759,0,1577,1,1577,0,0,-0.582172840805759,63.3784595562694
W10004_0212/PHP02,63.9606323970752,-0.582172840805759,0,1578,1,1578,0,0,-0.582172840805759,63.3784595562694
W10004_0212/PHZ51,63.9606323970752,-0.582172840805759,0,1579,1,1579,0,0,-0.582172840805759,63.3784595562694
W10004_0213/PHK76,63.9606323970752,-0.788816022997826,0,1580,1,1580,0,0,-0.788816022997826,63.1718163740773
W10004_0213/PHP02,63.9606323970752,-0.788816022997826,0,1581,1,1581,0,0,-0.788816022997826,63.1718163740773
W10004_0213/PHZ51,63.9606323970752,-0.788816022997826,0,1582,1,1582,0,0,-0.788816022997826,63.1718163740773
W10004_0217/PHK76,63.9606323970752,-2.42866755506904,0,1583,1,1583,0,0,-2.42866755506904,61.5319648420061
W10004_0217/PHP02,63.9606323970752,-2.42866755506904,0,1584,1,1584,0,0,-2.42866755506904,61.5319648420061
W10004_0217/PHZ51,63.9606323970752,-2.42866755506904,0,1585,1,1585,0,0,-2.42866755506904,61.5319648420061
W10004_0220/PHK76,63.9606323970752,-1.31455271552992,0,1586,1,1586,0,0,-1.31455271552992,62.6460796815452
W10004_0220/PHP02,63.9606323970752,-1.31440597638685,0,1587,1,1587,0,0,-1.31440597638685,62.6462264206883
W10004_0220/PHZ51,63.9606323970752,-1.31440597638685,0,1588,1,1588,0,0,-1.31440597638685,62.6462264206883
W10004_0221/PHK76,63.9606323970752,-0.680754474236953,0,1589,1,1589,0,0,-0.680754474236953,63.2798779228382
W10004_0221/PHP02,63.9606323970752,-0.680754474236953,0,1590,1,1590,0,0,-0.680754474236953,63.2798779228382
W10004_0221/PHZ51,63.9606323970752,-0.680754474236953,0,1591,1,1591,0,0,-0.680754474236953,63.2798779228382
W10004_0223/PHK76,63.9606323970752,-1.36448011827483,0,1592,1,1592,0,0,-1.36448011827483,62.5961522788003
W10004_0223/PHP02,63.9606323970752,-1.36448011827483,0,1593,1,1593,0,0,-1.36448011827483,62.5961522788003
W10004_0223/PHZ51,63.9606323970752,-1.36448011827483,0,1594,1,1594,0,0,-1.36448011827483,62.5961522788003
W10004_0224/PHK76,63.9606323970752,-1.05644768609851,0,1595,1,1595,0,0,-1.05644768609851,62.9041847109767
W10004_0224/PHP02,63.9606323970752,-1.05644768609851,0,1596,1,1596,0,0,-1.05644768609851,62.9041847109767
W10004_0224/PHZ51,63.9606323970752,-1.05644768609851,0,1597,1,1597,0,0,-1.05644768609851,62.9041847109767
W10004_0225/PHK76,63.9606323970752,-1.40141148724474,0,1598,1,1598,0,0,-1.40141148724474,62.5592209098304
W10004_0225/PHP02,63.9606323970752,-1.40141148724474,0,1599,1,1599,0,0,-1.40141148724474,62.5592209098304
W10004_0225/PHZ51,63.9606323970752,-1.40141148724474,0,1600,1,1600,0,0,-1.40141148724474,62.5592209098304
W10004_0227/PHK76,63.9606323970752,-0.643823740385357,0,1601,1,1601,0,0,-0.643823740385357,63.3168086566898
W10004_0227/PHP02,63.9606323970752,-0.643823740385357,0,1602,1,1602,0,0,-0.643823740385357,63.3168086566898
W10004_0227/PHZ51,63.9606323970752,-0.643823740385357,0,1603,1,1603,0,0,-0.643823740385357,63.3168086566898
W10004_0231/PHK76,63.9606323970752,-0.705468964600383,0,1604,1,1604,0,0,-0.705468964600383,63.2551634324748
W10004_0231/PHP02,63.9606323970752,-0.705468964600383,0,1605,1,1605,0,0,-0.705468964600383,63.2551634324748
W10004_0231/PHZ51,63.9606323970752,-0.705468964600383,0,1606,1,1606,0,0,-0.705468964600383,63.2551634324748
W10004_0236/PHK76,63.9606323970752,-1.82661577156956,0,1607,1,1607,0,0,-1.82661577156956,62.1340166255056
W10004_0236/PHP02,63.9606323970752,-1.82661577156956,0,1608,1,1608,0,0,-1.82661577156956,62.1340166255056
W10004_0236/PHZ51,63.9606323970752,-1.82661577156956,0,1609,1,1609,0,0,-1.82661577156956,62.1340166255056
W10004_0238/PHK76,63.9606323970752,-1.1550201342479,0,1610,1,1610,0,0,-1.1550201342479,62.8056122628273
W10004_0238/PHP02,63.9606323970752,-1.1550201342479,0,1611,1,1611,0,0,-1.1550201342479,62.8056122628273
W10004_0238/PHZ51,63.9606323970752,-1.1550201342479,0,1612,1,1612,0,0,-1.1550201342479,62.8056122628273
W10004_0241/PHK76,63.9606323970752,-0.804872950914837,0,1613,1,1613,0,0,-0.804872950914837,63.1557594461603
W10004_0241/PHP02,63.9606323970752,-0.804872950914837,0,1614,1,1614,0,0,-0.804872950914837,63.1557594461603
W10004_0241/PHZ51,63.9606323970752,-0.804872950914837,0,1615,1,1615,0,0,-0.804872950914837,63.1557594461603
W10004_0242/PHK76,63.9606323970752,-1.47272033038233,0,1616,1,1616,0,0,-1.47272033038233,62.4879120666928
W10004_0242/PHP02,63.9606323970752,-1.47257359123926,0,1617,1,1617,0,0,-1.47257359123926,62.4880588058359
W10004_0242/PHZ51,63.9606323970752,-1.47257359123926,0,1618,1,1618,0,0,-1.47257359123926,62.4880588058359
W10004_0251/PHZ51,63.9606323970752,-0.793545948709099,0,1619,1,1619,0,0,-0.793545948709099,63.1670864483661
W10004_0253/PHK76,63.9606323970752,-0.567824824282703,0,1620,1,1620,0,0,-0.567824824282703,63.3928075727925
W10004_0253/PHP02,63.9606323970752,-0.567824824282703,0,1621,1,1621,0,0,-0.567824824282703,63.3928075727925
W10004_0253/PHZ51,63.9606323970752,-0.567824824282703,0,1622,1,1622,0,0,-0.567824824282703,63.3928075727925
W10004_0254/PHK76,63.9606323970752,-1.85828049444342,0,1623,1,1623,0,0,-1.85828049444342,62.1023519026318
W10004_0254/PHP02,63.9606323970752,-1.85828049444342,0,1624,1,1624,0,0,-1.85828049444342,62.1023519026318
W10004_0254/PHZ51,63.9606323970752,-1.85828049444342,0,1625,1,1625,0,0,-1.85828049444342,62.1023519026318
W10004_0256/PHK76,63.9606323970752,-0.939437963019455,0,1626,1,1626,0,0,-0.939437963019455,63.0211944340557
W10004_0256/PHP02,63.9606323970752,-0.939437963019455,0,1627,1,1627,0,0,-0.939437963019455,63.0211944340557
W10004_0256/PHZ51,63.9606323970752,-0.939437963019455,0,1628,1,1628,0,0,-0.939437963019455,63.0211944340557
W10004_0258/PHK76,63.9606323970752,-1.04114692368971,0,1629,1,1629,0,0,-1.04114692368971,62.9194854733855
W10004_0258/PHP02,63.9606323970752,-1.04114692368971,0,1630,1,1630,0,0,-1.04114692368971,62.9194854733855
W10004_0258/PHZ51,63.9606323970752,-1.04114692368971,0,1631,1,1631,0,0,-1.04114692368971,62.9194854733855
W10004_0261/PHK76,63.9606323970752,-1.21624058496891,0,1632,1,1632,0,0,-1.21624058496891,62.7443918121063
W10004_0261/PHP02,63.9606323970752,-1.21624058496891,0,1633,1,1633,0,0,-1.21624058496891,62.7443918121063
W10004_0261/PHZ51,63.9606323970752,-1.21624058496891,0,1634,1,1634,0,0,-1.21624058496891,62.7443918121063
W10004_0262/PHK76,63.9606323970752,-1.32097508040364,0,1635,1,1635,0,0,-1.32097508040364,62.6396573166715
W10004_0262/PHP02,63.9606323970752,-1.32097508040364,0,1636,1,1636,0,0,-1.32097508040364,62.6396573166715
W10004_0262/PHZ51,63.9606323970752,-1.32097508040364,0,1637,1,1637,0,0,-1.32097508040364,62.6396573166715
W10004_0264/PHK76,63.9606323970752,-1.50954581557666,0,1638,1,1638,0,0,-1.50954581557666,62.4510865814985
W10004_0264/PHP02,63.9606323970752,-1.50954581557666,0,1639,1,1639,0,0,-1.50954581557666,62.4510865814985
W10004_0264/PHZ51,63.9606323970752,-1.50954581557666,0,1640,1,1640,0,0,-1.50954581557666,62.4510865814985
W10004_0268/PHK76,63.9606323970752,-1.59191334484106,0,1641,1,1641,0,0,-1.59191334484106,62.3687190522341
W10004_0268/PHP02,63.9606323970752,-1.59191334484106,0,1642,1,1642,0,0,-1.59191334484106,62.3687190522341
W10004_0268/PHZ51,63.9606323970752,-1.59191334484106,0,1643,1,1643,0,0,-1.59191334484106,62.3687190522341
W10004_0270/PHK76,63.9606323970752,-1.39147108104937,0,1644,1,1644,0,0,-1.39147108104937,62.5691613160258
W10004_0270/PHP02,63.9606323970752,-1.39147108104937,0,1645,1,1645,0,0,-1.39147108104937,62.5691613160258
W10004_0270/PHZ51,63.9606323970752,-1.39147108104937,0,1646,1,1646,0,0,-1.39147108104937,62.5691613160258
W10004_0271/PHK76,63.9606323970752,-1.08979421985458,0,1647,1,1647,0,0,-1.08979421985458,62.8708381772206
W10004_0271/PHP02,63.9606323970752,-1.08979421985458,0,1648,1,1648,0,0,-1.08979421985458,62.8708381772206
W10004_0271/PHZ51,63.9606323970752,-1.08979421985458,0,1649,1,1649,0,0,-1.08979421985458,62.8708381772206
W10004_0275/PHZ51,63.9606323970752,-1.44463300518659,0,1650,1,1650,0,0,-1.44463300518659,62.5159993918886
W10004_0276/PHK76,63.9606323970752,-0.994271504003298,0,1651,1,1651,0,0,-0.994271504003298,62.9663608930719
W10004_0276/PHP02,63.9606323970752,-0.994271504003298,0,1652,1,1652,0,0,-0.994271504003298,62.9663608930719
W10004_0276/PHZ51,63.9606323970752,-0.994271504003298,0,1653,1,1653,0,0,-0.994271504003298,62.9663608930719
W10004_0290/PHK76,63.9606323970752,-1.49937144421661,0,1654,1,1654,0,0,-1.49937144421661,62.4612609528586
W10004_0290/PHP02,63.9606323970752,-1.49937144421661,0,1655,1,1655,0,0,-1.49937144421661,62.4612609528586
W10004_0290/PHZ51,63.9606323970752,-1.49937144421661,0,1656,1,1656,0,0,-1.49937144421661,62.4612609528586
W10004_0291/PHK76,63.9606323970752,-1.58382696401624,0,1657,1,1657,0,0,-1.58382696401624,62.3768054330589
W10004_0291/PHP02,63.9606323970752,-1.58382696401624,0,1658,1,1658,0,0,-1.58382696401624,62.3768054330589
W10004_0291/PHZ51,63.9606323970752,-1.58382696401624,0,1659,1,1659,0,0,-1.58382696401624,62.3768054330589
W10004_0292/PHK76,63.9606323970752,-0.820749623155394,0,1660,1,1660,0,0,-0.820749623155394,63.1398827739198
W10004_0292/PHP02,63.9606323970752,-0.820749623155394,0,1661,1,1661,0,0,-0.820749623155394,63.1398827739198
W10004_0292/PHZ51,63.9606323970752,-0.820749623155394,0,1662,1,1662,0,0,-0.820749623155394,63.1398827739198
W10004_0299/PHK76,63.9606323970752,-1.06408780489519,0,1663,1,1663,0,0,-1.06408780489519,62.89654459218
W10004_0299/PHP02,63.9606323970752,-1.06408780489519,0,1664,1,1664,0,0,-1.06408780489519,62.89654459218
W10004_0299/PHZ51,63.9606323970752,-1.06408780489519,0,1665,1,1665,0,0,-1.06408780489519,62.89654459218
W10004_0306/PHK76,63.9606323970752,-1.00820519218205,0,1666,1,1666,0,0,-1.00820519218205,62.9524272048931
W10004_0306/PHP02,63.9606323970752,-1.00820519218205,0,1667,1,1667,0,0,-1.00820519218205,62.9524272048931
W10004_0306/PHZ51,63.9606323970752,-1.00820519218205,0,1668,1,1668,0,0,-1.00820519218205,62.9524272048931
W10004_0308/PHK76,63.9606323970752,-1.51072794226191,0,1669,1,1669,0,0,-1.51072794226191,62.4499044548133
W10004_0308/PHP02,63.9606323970752,-1.51072794226191,0,1670,1,1670,0,0,-1.51072794226191,62.4499044548133
W10004_0308/PHZ51,63.9606323970752,-1.51072794226191,0,1671,1,1671,0,0,-1.51072794226191,62.4499044548133
W10004_0309/PHK76,63.9606323970752,-1.14818015968533,0,1672,1,1672,0,0,-1.14818015968533,62.8124522373898
W10004_0309/PHP02,63.9606323970752,-1.14818015968533,0,1673,1,1673,0,0,-1.14818015968533,62.8124522373898
W10004_0309/PHZ51,63.9606323970752,-1.14818015968533,0,1674,1,1674,0,0,-1.14818015968533,62.8124522373898
W10004_0310/PHK76,63.9606323970752,-1.59262221644727,0,1675,1,1675,0,0,-1.59262221644727,62.3680101806279
W10004_0310/PHP02,63.9606323970752,-1.59262221644727,0,1676,1,1676,0,0,-1.59262221644727,62.3680101806279
W10004_0310/PHZ51,63.9606323970752,-1.59262221644727,0,1677,1,1677,0,0,-1.59262221644727,62.3680101806279
W10004_0311/PHK76,63.9606323970752,-1.23542016153649,0,1678,1,1678,0,0,-1.23542016153649,62.7252122355387
W10004_0311/PHP02,63.9606323970752,-1.23527342239341,0,1679,1,1679,0,0,-1.23527342239341,62.7253589746818
W10004_0311/PHZ51,63.9606323970752,-1.23527342239341,0,1680,1,1680,0,0,-1.23527342239341,62.7253589746818
W10004_0327/PHK76,63.9606323970752,-1.38298953348749,0,1681,1,1681,0,0,-1.38298953348749,62.5776428635877
W10004_0327/PHP02,63.9606323970752,-1.38298953348749,0,1682,1,1682,0,0,-1.38298953348749,62.5776428635877
W10004_0327/PHZ51,63.9606323970752,-1.38298953348749,0,1683,1,1683,0,0,-1.38298953348749,62.5776428635877
W10004_0329/PHK76,63.9606323970752,-1.07390843631878,0,1684,1,1684,0,0,-1.07390843631878,62.8867239607564
W10004_0329/PHP02,63.9606323970752,-1.07390843631878,0,1685,1,1685,0,0,-1.07390843631878,62.8867239607564
W10004_0329/PHZ51,63.9606323970752,-1.07390843631878,0,1686,1,1686,0,0,-1.07390843631878,62.8867239607564
W10004_0336/PHK76,63.9606323970752,-1.40885634385495,0,1687,1,1687,0,0,-1.40885634385495,62.5517760532202
W10004_0336/PHP02,63.9606323970752,-1.40870960471188,0,1688,1,1688,0,0,-1.40870960471188,62.5519227923633
W10004_0336/PHZ51,63.9606323970752,-1.40870960471188,0,1689,1,1689,0,0,-1.40870960471188,62.5519227923633
W10004_0344/PHK76,63.9606323970752,-1.60669237802181,0,1690,1,1690,0,0,-1.60669237802181,62.3539400190534
W10004_0344/PHP02,63.9606323970752,-1.60654563887874,0,1691,1,1691,0,0,-1.60654563887874,62.3540867581964
W10004_0344/PHZ51,63.9606323970752,-1.60654563887874,0,1692,1,1692,0,0,-1.60654563887874,62.3540867581964
W10004_0346/PHK76,63.9606323970752,-1.14271151199872,0,1693,1,1693,0,0,-1.14271151199872,62.8179208850765
W10004_0346/PHP02,63.9606323970752,-1.14271151199872,0,1694,1,1694,0,0,-1.14271151199872,62.8179208850765
W10004_0346/PHZ51,63.9606323970752,-1.14271151199872,0,1695,1,1695,0,0,-1.14271151199872,62.8179208850765
W10004_0361/PHK76,63.9606323970752,-0.61094979795136,0,1696,1,1696,0,0,-0.61094979795136,63.3496825991238
W10004_0361/PHP02,63.9606323970752,-0.610803058808288,0,1697,1,1697,0,0,-0.610803058808288,63.3498293382669
W10004_0361/PHZ51,63.9606323970752,-0.610803058808288,0,1698,1,1698,0,0,-0.610803058808288,63.3498293382669
W10004_0362/PHK76,63.9606323970752,-0.611696114336318,0,1699,1,1699,0,0,-0.611696114336318,63.3489362827389
W10004_0362/PHP02,63.9606323970752,-0.611696114336318,0,1700,1,1700,0,0,-0.611696114336318,63.3489362827389
W10004_0362/PHZ51,63.9606323970752,-0.611696114336318,0,1701,1,1701,0,0,-0.611696114336318,63.3489362827389
W10004_0380/PHK76,63.9606323970752,-1.00495152646147,0,1702,1,1702,0,0,-1.00495152646147,62.9556808706137
W10004_0380/PHP02,63.9606323970752,-1.00495152646147,0,1703,1,1703,0,0,-1.00495152646147,62.9556808706137
W10004_0380/PHZ51,63.9606323970752,-1.00495152646147,0,1704,1,1704,0,0,-1.00495152646147,62.9556808706137
W10004_0381/PHK76,63.9606323970752,-0.753914400890824,0,1705,1,1705,0,0,-0.753914400890824,63.2067179961844
W10004_0381/PHP02,63.9606323970752,-0.753914400890824,0,1706,1,1706,0,0,-0.753914400890824,63.2067179961844
W10004_0381/PHZ51,63.9606323970752,-0.753914400890824,0,1707,1,1707,0,0,-0.753914400890824,63.2067179961844
W10004_0383/PHK76,63.9606323970752,-1.89411102629264,0,1708,1,1708,0,0,-1.89411102629264,62.0665213707825
W10004_0383/PHP02,63.9606323970752,-1.89411102629264,0,1709,1,1709,0,0,-1.89411102629264,62.0665213707825
W10004_0383/PHZ51,63.9606323970752,-1.89411102629264,0,1710,1,1710,0,0,-1.89411102629264,62.0665213707825
W10004_0389/PHK76,63.9606323970752,-0.694400369529053,0,1711,1,1711,0,0,-0.694400369529053,63.2662320275461
W10004_0389/PHP02,63.9606323970752,-0.694253630385982,0,1712,1,1712,0,0,-0.694253630385982,63.2663787666892
W10004_0389/PHZ51,63.9606323970752,-0.694253630385982,0,1713,1,1713,0,0,-0.694253630385982,63.2663787666892
W10004_0393/PHK76,63.9606323970752,-2.06514014228572,0,1714,1,1714,0,0,-2.06514014228572,61.8954922547895
W10004_0393/PHP02,63.9606323970752,-2.06514014228572,0,1715,1,1715,0,0,-2.06514014228572,61.8954922547895
W10004_0393/PHZ51,63.9606323970752,-2.06514014228572,0,1716,1,1716,0,0,-2.06514014228572,61.8954922547895
W10004_0394/PHK76,63.9606323970752,-0.565864377417912,0,1717,1,1717,0,0,-0.565864377417912,63.3947680196573
W10004_0394/PHP02,63.9606323970752,-0.56571763827484,0,1718,1,1718,0,0,-0.56571763827484,63.3949147588003
W10004_0394/PHZ51,63.9606323970752,-0.56571763827484,0,1719,1,1719,0,0,-0.56571763827484,63.3949147588003
W10004_0395/PHK76,63.9606323970752,-1.13467046253269,0,1720,1,1720,0,0,-1.13467046253269,62.8259619345425
W10004_0395/PHP02,63.9606323970752,-1.13467046253269,0,1721,1,1721,0,0,-1.13467046253269,62.8259619345425
W10004_0395/PHZ51,63.9606323970752,-1.13467046253269,0,1722,1,1722,0,0,-1.13467046253269,62.8259619345425
W10004_0396/PHK76,63.9606323970752,-1.63574632213711,0,1723,1,1723,0,0,-1.63574632213711,62.3248860749381
W10004_0396/PHP02,63.9606323970752,-1.63574632213711,0,1724,1,1724,0,0,-1.63574632213711,62.3248860749381
W10004_0396/PHZ51,63.9606323970752,-1.63574632213711,0,1725,1,1725,0,0,-1.63574632213711,62.3248860749381
W10004_0403/PHK76,63.9606323970752,-0.898993029059346,0,1726,1,1726,0,0,-0.898993029059346,63.0616393680158
W10004_0403/PHP02,63.9606323970752,-0.898993029059346,0,1727,1,1727,0,0,-0.898993029059346,63.0616393680158
W10004_0403/PHZ51,63.9606323970752,-0.898993029059346,0,1728,1,1728,0,0,-0.898993029059346,63.0616393680158
W10004_0409/PHK76,63.9606323970752,-0.804371166445636,0,1729,1,1729,0,0,-0.804371166445636,63.1562612306295
W10004_0409/PHP02,63.9606323970752,-0.804371166445636,0,1730,1,1730,0,0,-0.804371166445636,63.1562612306295
W10004_0409/PHZ51,63.9606323970752,-0.804371166445636,0,1731,1,1731,0,0,-0.804371166445636,63.1562612306295
W10004_0410/PHK76,63.9606323970752,-1.09482606846977,0,1732,1,1732,0,0,-1.09482606846977,62.8658063286054
W10004_0410/PHP02,63.9606323970752,-1.09482606846977,0,1733,1,1733,0,0,-1.09482606846977,62.8658063286054
W10004_0410/PHZ51,63.9606323970752,-1.09482606846977,0,1734,1,1734,0,0,-1.09482606846977,62.8658063286054
W10004_0412/PHK76,63.9606323970752,-1.03524330675513,0,1735,1,1735,0,0,-1.03524330675513,62.92538909032
W10004_0412/PHP02,63.9606323970752,-1.03524330675513,0,1736,1,1736,0,0,-1.03524330675513,62.92538909032
W10004_0412/PHZ51,63.9606323970752,-1.03524330675513,0,1737,1,1737,0,0,-1.03524330675513,62.92538909032
W10004_0417/PHK76,63.9606323970752,-0.847583669044404,0,1738,1,1738,0,0,-0.847583669044404,63.1130487280308
W10004_0417/PHP02,63.9606323970752,-0.847436929901332,0,1739,1,1739,0,0,-0.847436929901332,63.1131954671738
W10004_0417/PHZ51,63.9606323970752,-0.847436929901332,0,1740,1,1740,0,0,-0.847436929901332,63.1131954671738
W10004_0419/PHK76,63.9606323970752,-1.03418862099029,0,1741,1,1741,0,0,-1.03418862099029,62.9264437760849
W10004_0419/PHP02,63.9606323970752,-1.03418862099029,0,1742,1,1742,0,0,-1.03418862099029,62.9264437760849
W10004_0419/PHZ51,63.9606323970752,-1.03418862099029,0,1743,1,1743,0,0,-1.03418862099029,62.9264437760849
W10004_0424/PHK76,63.9606323970752,-1.19178658068754,0,1744,1,1744,0,0,-1.19178658068754,62.7688458163876
W10004_0424/PHP02,63.9606323970752,-1.19178658068754,0,1745,1,1745,0,0,-1.19178658068754,62.7688458163876
W10004_0424/PHZ51,63.9606323970752,-1.19178658068754,0,1746,1,1746,0,0,-1.19178658068754,62.7688458163876
W10004_0427/PHK76,63.9606323970752,-1.12272120296288,0,1747,1,1747,0,0,-1.12272120296288,62.8379111941123
W10004_0427/PHP02,63.9606323970752,-1.12272120296288,0,1748,1,1748,0,0,-1.12272120296288,62.8379111941123
W10004_0427/PHZ51,63.9606323970752,-1.12272120296288,0,1749,1,1749,0,0,-1.12272120296288,62.8379111941123
W10004_0430/PHK76,63.9606323970752,-1.60459815713407,0,1750,1,1750,0,0,-1.60459815713407,62.3560342399411
W10004_0430/PHP02,63.9606323970752,-1.60459815713407,0,1751,1,1751,0,0,-1.60459815713407,62.3560342399411
W10004_0430/PHZ51,63.9606323970752,-1.60459815713407,0,1752,1,1752,0,0,-1.60459815713407,62.3560342399411
W10004_0465/PHK76,63.9606323970752,-1.26881252015047,0,1753,1,1753,0,0,-1.26881252015047,62.6918198769247
W10004_0465/PHP02,63.9606323970752,-1.26881252015047,0,1754,1,1754,0,0,-1.26881252015047,62.6918198769247
W10004_0465/PHZ51,63.9606323970752,-1.26881252015047,0,1755,1,1755,0,0,-1.26881252015047,62.6918198769247
W10004_0467/PHK76,63.9606323970752,-1.22631922332541,0,1756,1,1756,0,0,-1.22631922332541,62.7343131737498
W10004_0467/PHP02,63.9606323970752,-1.22631922332541,0,1757,1,1757,0,0,-1.22631922332541,62.7343131737498
W10004_0467/PHZ51,63.9606323970752,-1.22631922332541,0,1758,1,1758,0,0,-1.22631922332541,62.7343131737498
W10004_0474/PHK76,63.9606323970752,-1.07598471301207,0,1759,1,1759,0,0,-1.07598471301207,62.8846476840631
W10004_0474/PHP02,63.9606323970752,-1.07598471301207,0,1760,1,1760,0,0,-1.07598471301207,62.8846476840631
W10004_0474/PHZ51,63.9606323970752,-1.07598471301207,0,1761,1,1761,0,0,-1.07598471301207,62.8846476840631
W10004_0476/PHK76,63.9606323970752,-2.06665519431025,0,1762,1,1762,0,0,-2.06665519431025,61.8939772027649
W10004_0476/PHP02,63.9606323970752,-2.06665519431025,0,1763,1,1763,0,0,-2.06665519431025,61.8939772027649
W10004_0476/PHZ51,63.9606323970752,-2.06665519431025,0,1764,1,1764,0,0,-2.06665519431025,61.8939772027649
W10004_0487/PHK76,63.9606323970752,-1.87546438822117,0,1765,1,1765,0,0,-1.87546438822117,62.085168008854
W10004_0487/PHP02,63.9606323970752,-1.87546438822117,0,1766,1,1766,0,0,-1.87546438822117,62.085168008854
W10004_0487/PHZ51,63.9606323970752,-1.87546438822117,0,1767,1,1767,0,0,-1.87546438822117,62.085168008854
W10004_0498/PHK76,63.9606323970752,-0.813456744675836,0,1768,1,1768,0,0,-0.813456744675836,63.1471756523993
W10004_0498/PHP02,63.9606323970752,-0.813456744675836,0,1769,1,1769,0,0,-0.813456744675836,63.1471756523993
W10004_0498/PHZ51,63.9606323970752,-0.813456744675836,0,1770,1,1770,0,0,-0.813456744675836,63.1471756523993
W10004_0501/PHK76,63.9606323970752,-1.44170488945187,0,1771,1,1771,0,0,-1.44170488945187,62.5189275076233
W10004_0501/PHP02,63.9606323970752,-1.4415581503088,0,1772,1,1772,0,0,-1.4415581503088,62.5190742467664
W10004_0501/PHZ51,63.9606323970752,-1.4415581503088,0,1773,1,1773,0,0,-1.4415581503088,62.5190742467664
W10004_0505/PHK76,63.9606323970752,-2.21852992715094,0,1774,1,1774,0,0,-2.21852992715094,61.7421024699242
W10004_0505/PHP02,63.9606323970752,-2.21852992715094,0,1775,1,1775,0,0,-2.21852992715094,61.7421024699242
W10004_0505/PHZ51,63.9606323970752,-2.21852992715094,0,1776,1,1776,0,0,-2.21852992715094,61.7421024699242
W10004_0601/PHK76,63.9606323970752,-1.63562697887789,0,1777,1,1777,0,0,-1.63562697887789,62.3250054181973
W10004_0601/PHP02,63.9606323970752,-1.63548023973481,0,1778,1,1778,0,0,-1.63548023973481,62.3251521573404
W10004_0601/PHZ51,63.9606323970752,-1.63548023973481,0,1779,1,1779,0,0,-1.63548023973481,62.3251521573404
W10004_0602/PHK76,63.9606323970752,-0.959104020188889,0,1780,1,1780,0,0,-0.959104020188889,63.0015283768863
W10004_0602/PHP02,63.9606323970752,-0.958957281045817,0,1781,1,1781,0,0,-0.958957281045817,63.0016751160294
W10004_0602/PHZ51,63.9606323970752,-0.958957281045817,0,1782,1,1782,0,0,-0.958957281045817,63.0016751160294
W10004_0608/PHK76,63.9606323970752,-1.01247583802208,0,1783,1,1783,0,0,-1.01247583802208,62.9481565590531
W10004_0608/PHP02,63.9606323970752,-1.01247583802208,0,1784,1,1784,0,0,-1.01247583802208,62.9481565590531
W10004_0608/PHZ51,63.9606323970752,-1.01247583802208,0,1785,1,1785,0,0,-1.01247583802208,62.9481565590531
W10004_0609/PHZ51,63.9606323970752,-1.51341178583077,0,1786,1,1786,0,0,-1.51341178583077,62.4472206112444
W10004_0612/PHK76,63.9606323970752,-1.57466187016406,0,1787,1,1787,0,0,-1.57466187016406,62.3859705269111
W10004_0612/PHP02,63.9606323970752,-1.57466187016406,0,1788,1,1788,0,0,-1.57466187016406,62.3859705269111
W10004_0612/PHZ51,63.9606323970752,-1.57466187016406,0,1789,1,1789,0,0,-1.57466187016406,62.3859705269111
W10004_0614/PHK76,63.9606323970752,-1.16733689164504,0,1790,1,1790,0,0,-1.16733689164504,62.7932955054301
W10004_0614/PHP02,63.9606323970752,-1.16733689164504,0,1791,1,1791,0,0,-1.16733689164504,62.7932955054301
W10004_0614/PHZ51,63.9606323970752,-1.16733689164504,0,1792,1,1792,0,0,-1.16733689164504,62.7932955054301
W10004_0616/PHK76,63.9606323970752,-1.02898086716662,0,1793,1,1793,0,0,-1.02898086716662,62.9316515299086
W10004_0616/PHP02,63.9606323970752,-1.02898086716662,0,1794,1,1794,0,0,-1.02898086716662,62.9316515299086
W10004_0616/PHZ51,63.9606323970752,-1.02898086716662,0,1795,1,1795,0,0,-1.02898086716662,62.9316515299086
W10004_0618/PHK76,63.9606323970752,-1.06542388125402,0,1796,1,1796,0,0,-1.06542388125402,62.8952085158212
W10004_0618/PHP02,63.9606323970752,-1.06542388125402,0,1797,1,1797,0,0,-1.06542388125402,62.8952085158212
W10004_0618/PHZ51,63.9606323970752,-1.06542388125402,0,1798,1,1798,0,0,-1.06542388125402,62.8952085158212
W10004_0619/PHK76,63.9606323970752,-1.39390768520818,0,1799,1,1799,0,0,-1.39390768520818,62.566724711867
W10004_0619/PHP02,63.9606323970752,-1.39390768520818,0,1800,1,1800,0,0,-1.39390768520818,62.566724711867
W10004_0619/PHZ51,63.9606323970752,-1.39390768520818,0,1801,1,1801,0,0,-1.39390768520818,62.566724711867
W10004_0620/PHK76,63.9606323970752,-1.15517324833792,0,1802,1,1802,0,0,-1.15517324833792,62.8054591487372
W10004_0620/PHP02,63.9606323970752,-1.15517324833792,0,1803,1,1803,0,0,-1.15517324833792,62.8054591487372
W10004_0620/PHZ51,63.9606323970752,-1.15517324833792,0,1804,1,1804,0,0,-1.15517324833792,62.8054591487372
W10004_0622/PHK76,63.9606323970752,-1.82613840349099,0,1805,1,1805,0,0,-1.82613840349099,62.1344939935842
W10004_0622/PHP02,63.9606323970752,-1.82613840349099,0,1806,1,1806,0,0,-1.82613840349099,62.1344939935842
W10004_0622/PHZ51,63.9606323970752,-1.82613840349099,0,1807,1,1807,0,0,-1.82613840349099,62.1344939935842
W10004_0624/PHK76,63.9606323970752,-1.07546463775637,0,1808,1,1808,0,0,-1.07546463775637,62.8851677593188
W10004_0624/PHP02,63.9606323970752,-1.0753178986133,0,1809,1,1809,0,0,-1.0753178986133,62.8853144984619
W10004_0624/PHZ51,63.9606323970752,-1.0753178986133,0,1810,1,1810,0,0,-1.0753178986133,62.8853144984619
W10004_0625/PHK76,63.9606323970752,-1.25861332761288,0,1811,1,1811,0,0,-1.25861332761288,62.7020190694623
W10004_0625/PHP02,63.9606323970752,-1.25846658846981,0,1812,1,1812,0,0,-1.25846658846981,62.7021658086054
W10004_0625/PHZ51,63.9606323970752,-1.25846658846981,0,1813,1,1813,0,0,-1.25846658846981,62.7021658086054
W10004_0626/PHK76,63.9606323970752,-1.02787038776842,0,1814,1,1814,0,0,-1.02787038776842,62.9327620093068
W10004_0626/PHP02,63.9606323970752,-1.02787038776842,0,1815,1,1815,0,0,-1.02787038776842,62.9327620093068
W10004_0626/PHZ51,63.9606323970752,-1.02787038776842,0,1816,1,1816,0,0,-1.02787038776842,62.9327620093068
W10004_0628/PHK76,63.9606323970752,-0.864796317586715,0,1817,1,1817,0,0,-0.864796317586715,63.0958360794885
W10004_0628/PHP02,63.9606323970752,-0.864796317586715,0,1818,1,1818,0,0,-0.864796317586715,63.0958360794885
W10004_0628/PHZ51,63.9606323970752,-0.864796317586715,0,1819,1,1819,0,0,-0.864796317586715,63.0958360794885
W10004_0631/PHK76,63.9606323970752,-1.16936023700732,0,1820,1,1820,0,0,-1.16936023700732,62.7912721600679
W10004_0631/PHP02,63.9606323970752,-1.16936023700732,0,1821,1,1821,0,0,-1.16936023700732,62.7912721600679
W10004_0631/PHZ51,63.9606323970752,-1.16936023700732,0,1822,1,1822,0,0,-1.16936023700732,62.7912721600679
W10004_0632/PHK76,63.9606323970752,-1.2866838814431,0,1823,1,1823,0,0,-1.2866838814431,62.6739485156321
W10004_0632/PHP02,63.9606323970752,-1.2866838814431,0,1824,1,1824,0,0,-1.2866838814431,62.6739485156321
W10004_0632/PHZ51,63.9606323970752,-1.2866838814431,0,1825,1,1825,0,0,-1.2866838814431,62.6739485156321
W10004_0636/PHK76,63.9606323970752,-1.43015269258282,0,1826,1,1826,0,0,-1.43015269258282,62.5304797044924
W10004_0636/PHP02,63.9606323970752,-1.43015269258282,0,1827,1,1827,0,0,-1.43015269258282,62.5304797044924
W10004_0636/PHZ51,63.9606323970752,-1.43015269258282,0,1828,1,1828,0,0,-1.43015269258282,62.5304797044924
W10004_0637/PHK76,63.9606323970752,-1.4481586378738,0,1829,1,1829,0,0,-1.4481586378738,62.5124737592014
W10004_0637/PHP02,63.9606323970752,-1.4481586378738,0,1830,1,1830,0,0,-1.4481586378738,62.5124737592014
W10004_0637/PHZ51,63.9606323970752,-1.4481586378738,0,1831,1,1831,0,0,-1.4481586378738,62.5124737592014
W10004_0639/PHK76,63.9606323970752,-1.27394032956167,0,1832,1,1832,0,0,-1.27394032956167,62.6866920675135
W10004_0639/PHP02,63.9606323970752,-1.27394032956167,0,1833,1,1833,0,0,-1.27394032956167,62.6866920675135
W10004_0639/PHZ51,63.9606323970752,-1.27394032956167,0,1834,1,1834,0,0,-1.27394032956167,62.6866920675135
W10004_0644/PHK76,63.9606323970752,-1.18513565944262,0,1835,1,1835,0,0,-1.18513565944262,62.7754967376326
W10004_0644/PHP02,63.9606323970752,-1.18513565944262,0,1836,1,1836,0,0,-1.18513565944262,62.7754967376326
W10004_0644/PHZ51,63.9606323970752,-1.18513565944262,0,1837,1,1837,0,0,-1.18513565944262,62.7754967376326
W10004_0645/PHK76,63.9606323970752,-0.700848180902928,0,1838,1,1838,0,0,-0.700848180902928,63.2597842161722
W10004_0645/PHP02,63.9606323970752,-0.700701441759856,0,1839,1,1839,0,0,-0.700701441759856,63.2599309553153
W10004_0645/PHZ51,63.9606323970752,-0.700701441759856,0,1840,1,1840,0,0,-0.700701441759856,63.2599309553153
W10004_0646/PHK76,63.9606323970752,-1.07306279916871,0,1841,1,1841,0,0,-1.07306279916871,62.8875695979065
W10004_0646/PHP02,63.9606323970752,-1.07306279916871,0,1842,1,1842,0,0,-1.07306279916871,62.8875695979065
W10004_0646/PHZ51,63.9606323970752,-1.07306279916871,0,1843,1,1843,0,0,-1.07306279916871,62.8875695979065
W10004_0649/PHK76,63.9606323970752,-1.05526944306123,0,1844,1,1844,0,0,-1.05526944306123,62.9053629540139
W10004_0649/PHP02,63.9606323970752,-1.05526944306123,0,1845,1,1845,0,0,-1.05526944306123,62.9053629540139
W10004_0649/PHZ51,63.9606323970752,-1.05526944306123,0,1846,1,1846,0,0,-1.05526944306123,62.9053629540139
W10004_0650/PHK76,63.9606323970752,-1.13715882410648,0,1847,1,1847,0,0,-1.13715882410648,62.8234735729687
W10004_0650/PHP02,63.9606323970752,-1.13701208496341,0,1848,1,1848,0,0,-1.13701208496341,62.8236203121118
W10004_0650/PHZ51,63.9606323970752,-1.13701208496341,0,1849,1,1849,0,0,-1.13701208496341,62.8236203121118
W10004_0651/PHK76,63.9606323970752,-1.12007335696037,0,1850,1,1850,0,0,-1.12007335696037,62.8405590401148
W10004_0651/PHP02,63.9606323970752,-1.12007335696037,0,1851,1,1851,0,0,-1.12007335696037,62.8405590401148
W10004_0651/PHZ51,63.9606323970752,-1.12007335696037,0,1852,1,1852,0,0,-1.12007335696037,62.8405590401148
W10004_0654/PHK76,63.9606323970752,-1.23032170181626,0,1853,1,1853,0,0,-1.23032170181626,62.7303106952589
W10004_0654/PHP02,63.9606323970752,-1.23032170181626,0,1854,1,1854,0,0,-1.23032170181626,62.7303106952589
W10004_0654/PHZ51,63.9606323970752,-1.23032170181626,0,1855,1,1855,0,0,-1.23032170181626,62.7303106952589
W10004_0658/PHK76,63.9606323970752,-1.29250154596373,0,1856,1,1856,0,0,-1.29250154596373,62.6681308511114
W10004_0658/PHP02,63.9606323970752,-1.29250154596373,0,1857,1,1857,0,0,-1.29250154596373,62.6681308511114
W10004_0658/PHZ51,63.9606323970752,-1.29250154596373,0,1858,1,1858,0,0,-1.29250154596373,62.6681308511114
W10004_0659/PHK76,63.9606323970752,-1.20671783794425,0,1859,1,1859,0,0,-1.20671783794425,62.7539145591309
W10004_0659/PHP02,63.9606323970752,-1.20671783794425,0,1860,1,1860,0,0,-1.20671783794425,62.7539145591309
W10004_0659/PHZ51,63.9606323970752,-1.20671783794425,0,1861,1,1861,0,0,-1.20671783794425,62.7539145591309
W10004_0661/PHK76,63.9606323970752,-1.98384399734784,0,1862,1,1862,0,0,-1.98384399734784,61.9767883997273
W10004_0661/PHP02,63.9606323970752,-1.98384399734784,0,1863,1,1863,0,0,-1.98384399734784,61.9767883997273
W10004_0661/PHZ51,63.9606323970752,-1.98384399734784,0,1864,1,1864,0,0,-1.98384399734784,61.9767883997273
W10004_0664/PHK76,63.9606323970752,-1.10396520404435,0,1865,1,1865,0,0,-1.10396520404435,62.8566671930308
W10004_0664/PHP02,63.9606323970752,-1.10396520404435,0,1866,1,1866,0,0,-1.10396520404435,62.8566671930308
W10004_0664/PHZ51,63.9606323970752,-1.10396520404435,0,1867,1,1867,0,0,-1.10396520404435,62.8566671930308
W10004_0665/PHZ51,63.9606323970752,-1.50829892292326,0,1868,1,1868,0,0,-1.50829892292326,62.4523334741519
W10004_0667/PHK76,63.9606323970752,-1.48274902685422,0,1869,1,1869,0,0,-1.48274902685422,62.477883370221
W10004_0667/PHP02,63.9606323970752,-1.48274902685422,0,1870,1,1870,0,0,-1.48274902685422,62.477883370221
W10004_0667/PHZ51,63.9606323970752,-1.48274902685422,0,1871,1,1871,0,0,-1.48274902685422,62.477883370221
W10004_0669/PHK76,63.9606323970752,-1.14545244225187,0,1872,1,1872,0,0,-1.14545244225187,62.8151799548233
W10004_0669/PHP02,63.9606323970752,-1.1453057031088,0,1873,1,1873,0,0,-1.1453057031088,62.8153266939664
W10004_0669/PHZ51,63.9606323970752,-1.1453057031088,0,1874,1,1874,0,0,-1.1453057031088,62.8153266939664
W10004_0672/PHK76,63.9606323970752,-1.38254791294033,0,1875,1,1875,0,0,-1.38254791294033,62.5780844841348
W10004_0672/PHP02,63.9606323970752,-1.38254791294033,0,1876,1,1876,0,0,-1.38254791294033,62.5780844841348
W10004_0672/PHZ51,63.9606323970752,-1.38254791294033,0,1877,1,1877,0,0,-1.38254791294033,62.5780844841348
W10004_0673/PHK76,63.9606323970752,-1.72600548796724,0,1878,1,1878,0,0,-1.72600548796724,62.2346269091079
W10004_0673/PHP02,63.9606323970752,-1.72600548796724,0,1879,1,1879,0,0,-1.72600548796724,62.2346269091079
W10004_0673/PHZ51,63.9606323970752,-1.72600548796724,0,1880,1,1880,0,0,-1.72600548796724,62.2346269091079
W10004_0674/PHK76,63.9606323970752,-0.701564115507618,0,1881,1,1881,0,0,-0.701564115507618,63.2590682815676
W10004_0674/PHP02,63.9606323970752,-0.701564115507618,0,1882,1,1882,0,0,-0.701564115507618,63.2590682815676
W10004_0674/PHZ51,63.9606323970752,-0.701564115507618,0,1883,1,1883,0,0,-0.701564115507618,63.2590682815676
W10004_0675/PHK76,63.9606323970752,-1.52415163495145,0,1884,1,1884,0,0,-1.52415163495145,62.4364807621237
W10004_0675/PHP02,63.9606323970752,-1.52400489580838,0,1885,1,1885,0,0,-1.52400489580838,62.4366275012668
W10004_0675/PHZ51,63.9606323970752,-1.52400489580838,0,1886,1,1886,0,0,-1.52400489580838,62.4366275012668
W10004_0678/PHK76,63.9606323970752,-1.67647181707837,0,1887,1,1887,0,0,-1.67647181707837,62.2841605799968
W10004_0678/PHP02,63.9606323970752,-1.67647181707837,0,1888,1,1888,0,0,-1.67647181707837,62.2841605799968
W10004_0678/PHZ51,63.9606323970752,-1.67647181707837,0,1889,1,1889,0,0,-1.67647181707837,62.2841605799968
W10004_0680/PHK76,63.9606323970752,-1.12828180466172,0,1890,1,1890,0,0,-1.12828180466172,62.8323505924134
W10004_0680/PHP02,63.9606323970752,-1.12828180466172,0,1891,1,1891,0,0,-1.12828180466172,62.8323505924134
W10004_0680/PHZ51,63.9606323970752,-1.12828180466172,0,1892,1,1892,0,0,-1.12828180466172,62.8323505924134
W10004_0682/PHK76,63.9606323970752,-0.97919004933564,0,1893,1,1893,0,0,-0.97919004933564,62.9814423477395
W10004_0682/PHP02,63.9606323970752,-0.97919004933564,0,1894,1,1894,0,0,-0.97919004933564,62.9814423477395
W10004_0682/PHZ51,63.9606323970752,-0.97919004933564,0,1895,1,1895,0,0,-0.97919004933564,62.9814423477395
W10004_0684/PHK76,63.9606323970752,-1.10168633427535,0,1896,1,1896,0,0,-1.10168633427535,62.8589460627998
W10004_0684/PHP02,63.9606323970752,-1.10168633427535,0,1897,1,1897,0,0,-1.10168633427535,62.8589460627998
W10004_0684/PHZ51,63.9606323970752,-1.10168633427535,0,1898,1,1898,0,0,-1.10168633427535,62.8589460627998
W10004_0685/PHK76,63.9606323970752,-1.12984778804797,0,1899,1,1899,0,0,-1.12984778804797,62.8307846090272
W10004_0685/PHP02,63.9606323970752,-1.12984778804797,0,1900,1,1900,0,0,-1.12984778804797,62.8307846090272
W10004_0685/PHZ51,63.9606323970752,-1.12984778804797,0,1901,1,1901,0,0,-1.12984778804797,62.8307846090272
W10004_0687/PHK76,63.9606323970752,-0.587938363326197,0,1902,1,1902,0,0,-0.587938363326197,63.372694033749
W10004_0687/PHP02,63.9606323970752,-0.587938363326197,0,1903,1,1903,0,0,-0.587938363326197,63.372694033749
W10004_0687/PHZ51,63.9606323970752,-0.587938363326197,0,1904,1,1904,0,0,-0.587938363326197,63.372694033749
W10004_0688/PHK76,63.9606323970752,-1.22057762702,0,1905,1,1905,0,0,-1.22057762702,62.7400547700552
W10004_0688/PHP02,63.9606323970752,-1.22057762702,0,1906,1,1906,0,0,-1.22057762702,62.7400547700552
W10004_0688/PHZ51,63.9606323970752,-1.22057762702,0,1907,1,1907,0,0,-1.22057762702,62.7400547700552
W10004_0689/PHK76,63.9606323970752,-1.45921890719959,0,1908,1,1908,0,0,-1.45921890719959,62.5014134898756
W10004_0689/PHP02,63.9606323970752,-1.45921890719959,0,1909,1,1909,0,0,-1.45921890719959,62.5014134898756
W10004_0689/PHZ51,63.9606323970752,-1.45921890719959,0,1910,1,1910,0,0,-1.45921890719959,62.5014134898756
W10004_0691/PHK76,63.9606323970752,-1.63748318533518,0,1911,1,1911,0,0,-1.63748318533518,62.32314921174
W10004_0691/PHP02,63.9606323970752,-1.63748318533518,0,1912,1,1912,0,0,-1.63748318533518,62.32314921174
W10004_0691/PHZ51,63.9606323970752,-1.63748318533518,0,1913,1,1913,0,0,-1.63748318533518,62.32314921174
W10004_0695/PHK76,63.9606323970752,-1.31709088034232,0,1914,1,1914,0,0,-1.31709088034232,62.6435415167329
W10004_0695/PHP02,63.9606323970752,-1.31709088034232,0,1915,1,1915,0,0,-1.31709088034232,62.6435415167329
W10004_0695/PHZ51,63.9606323970752,-1.31709088034232,0,1916,1,1916,0,0,-1.31709088034232,62.6435415167329
W10004_0696/PHK76,63.9606323970752,-1.59002575735134,0,1917,1,1917,0,0,-1.59002575735134,62.3706066397238
W10004_0696/PHP02,63.9606323970752,-1.58987901820827,0,1918,1,1918,0,0,-1.58987901820827,62.3707533788669
W10004_0696/PHZ51,63.9606323970752,-1.58987901820827,0,1919,1,1919,0,0,-1.58987901820827,62.3707533788669
W10004_0697/PHK76,63.9606323970752,-1.35872231012797,0,1920,1,1920,0,0,-1.35872231012797,62.6019100869472
W10004_0697/PHP02,63.9606323970752,-1.35872231012797,0,1921,1,1921,0,0,-1.35872231012797,62.6019100869472
W10004_0697/PHZ51,63.9606323970752,-1.35872231012797,0,1922,1,1922,0,0,-1.35872231012797,62.6019100869472
W10004_0701/PHK76,63.9606323970752,-1.28796587596571,0,1923,1,1923,0,0,-1.28796587596571,62.6726665211095
W10004_0701/PHP02,63.9606323970752,-1.28796587596571,0,1924,1,1924,0,0,-1.28796587596571,62.6726665211095
W10004_0701/PHZ51,63.9606323970752,-1.28796587596571,0,1925,1,1925,0,0,-1.28796587596571,62.6726665211095
W10004_0702/PHK76,63.9606323970752,-1.15179064265077,0,1926,1,1926,0,0,-1.15179064265077,62.8088417544244
W10004_0702/PHP02,63.9606323970752,-1.15179064265077,0,1927,1,1927,0,0,-1.15179064265077,62.8088417544244
W10004_0702/PHZ51,63.9606323970752,-1.15179064265077,0,1928,1,1928,0,0,-1.15179064265077,62.8088417544244
W10004_0703/PHK76,63.9606323970752,-1.57135882584278,0,1929,1,1929,0,0,-1.57135882584278,62.3892735712324
W10004_0703/PHP02,63.9606323970752,-1.57135882584278,0,1930,1,1930,0,0,-1.57135882584278,62.3892735712324
W10004_0703/PHZ51,63.9606323970752,-1.57135882584278,0,1931,1,1931,0,0,-1.57135882584278,62.3892735712324
W10004_0704/PHK76,63.9606323970752,-1.66590575610653,0,1932,1,1932,0,0,-1.66590575610653,62.2947266409686
W10004_0704/PHP02,63.9606323970752,-1.66590575610653,0,1933,1,1933,0,0,-1.66590575610653,62.2947266409686
W10004_0704/PHZ51,63.9606323970752,-1.66590575610653,0,1934,1,1934,0,0,-1.66590575610653,62.2947266409686
W10004_0705/PHK76,63.9606323970752,-1.476749506066,0,1935,1,1935,0,0,-1.476749506066,62.4838828910092
W10004_0705/PHP02,63.9606323970752,-1.476749506066,0,1936,1,1936,0,0,-1.476749506066,62.4838828910092
W10004_0705/PHZ51,63.9606323970752,-1.476749506066,0,1937,1,1937,0,0,-1.476749506066,62.4838828910092
W10004_0707/PHK76,63.9606323970752,-0.668622872241791,0,1938,1,1938,0,0,-0.668622872241791,63.2920095248334
W10004_0707/PHP02,63.9606323970752,-0.668622872241791,0,1939,1,1939,0,0,-0.668622872241791,63.2920095248334
W10004_0707/PHZ51,63.9606323970752,-0.668622872241791,0,1940,1,1940,0,0,-0.668622872241791,63.2920095248334
W10004_0711/PHK76,63.9606323970752,-0.998131180956972,0,1941,1,1941,0,0,-0.998131180956972,62.9625012161182
W10004_0711/PHP02,63.9606323970752,-0.998131180956972,0,1942,1,1942,0,0,-0.998131180956972,62.9625012161182
W10004_0711/PHZ51,63.9606323970752,-0.998131180956972,0,1943,1,1943,0,0,-0.998131180956972,62.9625012161182
W10004_0712/PHK76,63.9606323970752,-1.32508408394042,0,1944,1,1944,0,0,-1.32508408394042,62.6355483131347
W10004_0712/PHP02,63.9606323970752,-1.32493734479735,0,1945,1,1945,0,0,-1.32493734479735,62.6356950522778
W10004_0712/PHZ51,63.9606323970752,-1.32493734479735,0,1946,1,1946,0,0,-1.32493734479735,62.6356950522778
W10004_0713/PHK76,63.9606323970752,-1.44838982524351,0,1947,1,1947,0,0,-1.44838982524351,62.5122425718317
W10004_0713/PHP02,63.9606323970752,-1.44838982524351,0,1948,1,1948,0,0,-1.44838982524351,62.5122425718317
W10004_0713/PHZ51,63.9606323970752,-1.44838982524351,0,1949,1,1949,0,0,-1.44838982524351,62.5122425718317
W10004_0714/PHK76,63.9606323970752,-1.31626666956158,0,1950,1,1950,0,0,-1.31626666956158,62.6443657275136
W10004_0714/PHP02,63.9606323970752,-1.31626666956158,0,1951,1,1951,0,0,-1.31626666956158,62.6443657275136
W10004_0714/PHZ51,63.9606323970752,-1.31626666956158,0,1952,1,1952,0,0,-1.31626666956158,62.6443657275136
W10004_0715/PHK76,63.9606323970752,-1.73977514128403,0,1953,1,1953,0,0,-1.73977514128403,62.2208572557911
W10004_0715/PHP02,63.9606323970752,-1.73977514128403,0,1954,1,1954,0,0,-1.73977514128403,62.2208572557911
W10004_0715/PHZ51,63.9606323970752,-1.73977514128403,0,1955,1,1955,0,0,-1.73977514128403,62.2208572557911
W10004_0717/PHK76,63.9606323970752,-1.3598010615067,0,1956,1,1956,0,0,-1.3598010615067,62.6008313355685
W10004_0717/PHP02,63.9606323970752,-1.3598010615067,0,1957,1,1957,0,0,-1.3598010615067,62.6008313355685
W10004_0717/PHZ51,63.9606323970752,-1.3598010615067,0,1958,1,1958,0,0,-1.3598010615067,62.6008313355685
W10004_0723/PHK76,63.9606323970752,-1.25091855663567,0,1959,1,1959,0,0,-1.25091855663567,62.7097138404395
W10004_0723/PHP02,63.9606323970752,-1.25091855663567,0,1960,1,1960,0,0,-1.25091855663567,62.7097138404395
W10004_0723/PHZ51,63.9606323970752,-1.25091855663567,0,1961,1,1961,0,0,-1.25091855663567,62.7097138404395
W10004_0727/PHK76,63.9606323970752,-0.81991334583404,0,1962,1,1962,0,0,-0.81991334583404,63.1407190512411
W10004_0727/PHP02,63.9606323970752,-0.81991334583404,0,1963,1,1963,0,0,-0.81991334583404,63.1407190512411
W10004_0727/PHZ51,63.9606323970752,-0.81991334583404,0,1964,1,1964,0,0,-0.81991334583404,63.1407190512411
W10004_0729/PHK76,63.9606323970752,-1.13740460015911,0,1965,1,1965,0,0,-1.13740460015911,62.8232277969161
W10004_0729/PHP02,63.9606323970752,-1.13725786101604,0,1966,1,1966,0,0,-1.13725786101604,62.8233745360591
W10004_0729/PHZ51,63.9606323970752,-1.13725786101604,0,1967,1,1967,0,0,-1.13725786101604,62.8233745360591
W10004_0732/PHK76,63.9606323970752,-1.32379000119194,0,1968,1,1968,0,0,-1.32379000119194,62.6368423958832
W10004_0732/PHP02,63.9606323970752,-1.32364326204886,0,1969,1,1969,0,0,-1.32364326204886,62.6369891350263
W10004_0732/PHZ51,63.9606323970752,-1.32364326204886,0,1970,1,1970,0,0,-1.32364326204886,62.6369891350263
W10004_0733/PHK76,63.9606323970752,-1.06980596914525,0,1971,1,1971,0,0,-1.06980596914525,62.8908264279299
W10004_0733/PHP02,63.9606323970752,-1.06980596914525,0,1972,1,1972,0,0,-1.06980596914525,62.8908264279299
W10004_0733/PHZ51,63.9606323970752,-1.06980596914525,0,1973,1,1973,0,0,-1.06980596914525,62.8908264279299
W10004_0734/PHK76,63.9606323970752,-1.20523245725186,0,1974,1,1974,0,0,-1.20523245725186,62.7553999398233
W10004_0734/PHP02,63.9606323970752,-1.20523245725186,0,1975,1,1975,0,0,-1.20523245725186,62.7553999398233
W10004_0734/PHZ51,63.9606323970752,-1.20523245725186,0,1976,1,1976,0,0,-1.20523245725186,62.7553999398233
W10004_0736/PHK76,63.9606323970752,-1.4204450365283,0,1977,1,1977,0,0,-1.4204450365283,62.5401873605469
W10004_0736/PHP02,63.9606323970752,-1.4204450365283,0,1978,1,1978,0,0,-1.4204450365283,62.5401873605469
W10004_0736/PHZ51,63.9606323970752,-1.4204450365283,0,1979,1,1979,0,0,-1.4204450365283,62.5401873605469
W10004_0737/PHZ51,63.9606323970752,-1.21401205787167,0,1980,1,1980,0,0,-1.21401205787167,62.7466203392035
W10004_0741/PHK76,63.9606323970752,-1.40467367564472,0,1981,1,1981,0,0,-1.40467367564472,62.5559587214305
W10004_0741/PHP02,63.9606323970752,-1.40467367564472,0,1982,1,1982,0,0,-1.40467367564472,62.5559587214305
W10004_0741/PHZ51,63.9606323970752,-1.40467367564472,0,1983,1,1983,0,0,-1.40467367564472,62.5559587214305
W10004_0745/PHK76,63.9606323970752,-1.29736051025485,0,1984,1,1984,0,0,-1.29736051025485,62.6632718868203
W10004_0745/PHP02,63.9606323970752,-1.29736051025485,0,1985,1,1985,0,0,-1.29736051025485,62.6632718868203
W10004_0745/PHZ51,63.9606323970752,-1.29736051025485,0,1986,1,1986,0,0,-1.29736051025485,62.6632718868203
W10004_0746/PHK76,63.9606323970752,-1.3689712458723,0,1987,1,1987,0,0,-1.3689712458723,62.5916611512029
W10004_0746/PHP02,63.9606323970752,-1.3689712458723,0,1988,1,1988,0,0,-1.3689712458723,62.5916611512029
W10004_0746/PHZ51,63.9606323970752,-1.3689712458723,0,1989,1,1989,0,0,-1.3689712458723,62.5916611512029
W10004_0747/PHK76,63.9606323970752,-0.993406988015047,0,1990,1,1990,0,0,-0.993406988015047,62.9672254090601
W10004_0747/PHP02,63.9606323970752,-0.993406988015047,0,1991,1,1991,0,0,-0.993406988015047,62.9672254090601
W10004_0747/PHZ51,63.9606323970752,-0.993406988015047,0,1992,1,1992,0,0,-0.993406988015047,62.9672254090601
W10004_0751/PHK76,63.9606323970752,-1.10894820317113,0,1993,1,1993,0,0,-1.10894820317113,62.851684193904
W10004_0751/PHP02,63.9606323970752,-1.10894820317113,0,1994,1,1994,0,0,-1.10894820317113,62.851684193904
W10004_0751/PHZ51,63.9606323970752,-1.10894820317113,0,1995,1,1995,0,0,-1.10894820317113,62.851684193904
W10004_0754/PHK76,63.9606323970752,-1.29583078805719,0,1996,1,1996,0,0,-1.29583078805719,62.664801609018
W10004_0754/PHP02,63.9606323970752,-1.29583078805719,0,1997,1,1997,0,0,-1.29583078805719,62.664801609018
W10004_0754/PHZ51,63.9606323970752,-1.29583078805719,0,1998,1,1998,0,0,-1.29583078805719,62.664801609018
W10004_0756/PHK76,63.9606323970752,-1.65936144203776,0,1999,1,1999,0,0,-1.65936144203776,62.3012709550374
W10004_0756/PHP02,63.9606323970752,-1.65936144203776,0,2000,1,2000,0,0,-1.65936144203776,62.3012709550374
W10004_0756/PHZ51,63.9606323970752,-1.65936144203776,0,2001,1,2001,0,0,-1.65936144203776,62.3012709550374
W10004_0757/PHK76,63.9606323970752,-1.28749775228437,0,2002,1,2002,0,0,-1.28749775228437,62.6731346447908
W10004_0757/PHP02,63.9606323970752,-1.28749775228437,0,2003,1,2003,0,0,-1.28749775228437,62.6731346447908
W10004_0757/PHZ51,63.9606323970752,-1.28749775228437,0,2004,1,2004,0,0,-1.28749775228437,62.6731346447908
W10004_0760/PHK76,63.9606323970752,-1.51249982861212,0,2005,1,2005,0,0,-1.51249982861212,62.4481325684631
W10004_0760/PHP02,63.9606323970752,-1.51249982861212,0,2006,1,2006,0,0,-1.51249982861212,62.4481325684631
W10004_0760/PHZ51,63.9606323970752,-1.51249982861212,0,2007,1,2007,0,0,-1.51249982861212,62.4481325684631
W10004_0768/PHK76,63.9606323970752,-1.42916286812435,0,2008,1,2008,0,0,-1.42916286812435,62.5314695289508
W10004_0768/PHP02,63.9606323970752,-1.42916286812435,0,2009,1,2009,0,0,-1.42916286812435,62.5314695289508
W10004_0768/PHZ51,63.9606323970752,-1.42916286812435,0,2010,1,2010,0,0,-1.42916286812435,62.5314695289508
W10004_0771/PHK76,63.9606323970752,-1.11602412388205,0,2011,1,2011,0,0,-1.11602412388205,62.8446082731931
W10004_0771/PHP02,63.9606323970752,-1.11602412388205,0,2012,1,2012,0,0,-1.11602412388205,62.8446082731931
W10004_0771/PHZ51,63.9606323970752,-1.11602412388205,0,2013,1,2013,0,0,-1.11602412388205,62.8446082731931
W10004_0773/PHK76,63.9606323970752,-1.29409060987356,0,2014,1,2014,0,0,-1.29409060987356,62.6665417872016
W10004_0773/PHP02,63.9606323970752,-1.29409060987356,0,2015,1,2015,0,0,-1.29409060987356,62.6665417872016
W10004_0773/PHZ51,63.9606323970752,-1.29409060987356,0,2016,1,2016,0,0,-1.29409060987356,62.6665417872016
W10004_0774/PHK76,63.9606323970752,-1.86995594475988,0,2017,1,2017,0,0,-1.86995594475988,62.0906764523153
W10004_0774/PHP02,63.9606323970752,-1.86995594475988,0,2018,1,2018,0,0,-1.86995594475988,62.0906764523153
W10004_0774/PHZ51,63.9606323970752,-1.86995594475988,0,2019,1,2019,0,0,-1.86995594475988,62.0906764523153
W10004_0775/PHK76,63.9606323970752,-1.06682318282344,0,2020,1,2020,0,0,-1.06682318282344,62.8938092142517
W10004_0775/PHP02,63.9606323970752,-1.06682318282344,0,2021,1,2021,0,0,-1.06682318282344,62.8938092142517
W10004_0775/PHZ51,63.9606323970752,-1.06682318282344,0,2022,1,2022,0,0,-1.06682318282344,62.8938092142517
W10004_0776/PHK76,63.9606323970752,-1.09436208159128,0,2023,1,2023,0,0,-1.09436208159128,62.8662703154839
W10004_0776/PHP02,63.9606323970752,-1.09436208159128,0,2024,1,2024,0,0,-1.09436208159128,62.8662703154839
W10004_0776/PHZ51,63.9606323970752,-1.09436208159128,0,2025,1,2025,0,0,-1.09436208159128,62.8662703154839
W10004_0779/PHK76,63.9606323970752,-0.902667064486258,0,2026,1,2026,0,0,-0.902667064486258,63.0579653325889
W10004_0779/PHP02,63.9606323970752,-0.902667064486258,0,2027,1,2027,0,0,-0.902667064486258,63.0579653325889
W10004_0779/PHZ51,63.9606323970752,-0.902667064486258,0,2028,1,2028,0,0,-0.902667064486258,63.0579653325889
W10004_0781/PHK76,63.9606323970752,-1.12512976066348,0,2029,1,2029,0,0,-1.12512976066348,62.8355026364117
W10004_0781/PHP02,63.9606323970752,-1.12512976066348,0,2030,1,2030,0,0,-1.12512976066348,62.8355026364117
W10004_0781/PHZ51,63.9606323970752,-1.12512976066348,0,2031,1,2031,0,0,-1.12512976066348,62.8355026364117
W10004_0782/PHK76,63.9606323970752,-1.22778560024794,0,2032,1,2032,0,0,-1.22778560024794,62.7328467968272
W10004_0782/PHP02,63.9606323970752,-1.22778560024794,0,2033,1,2033,0,0,-1.22778560024794,62.7328467968272
W10004_0782/PHZ51,63.9606323970752,-1.22778560024794,0,2034,1,2034,0,0,-1.22778560024794,62.7328467968272
W10004_0783/PHK76,63.9606323970752,-1.00016428469378,0,2035,1,2035,0,0,-1.00016428469378,62.9604681123814
W10004_0783/PHP02,63.9606323970752,-1.00016428469378,0,2036,1,2036,0,0,-1.00016428469378,62.9604681123814
W10004_0783/PHZ51,63.9606323970752,-1.00016428469378,0,2037,1,2037,0,0,-1.00016428469378,62.9604681123814
W10004_0784/PHK76,63.9606323970752,-1.16753686037127,0,2038,1,2038,0,0,-1.16753686037127,62.7930955367039
W10004_0784/PHP02,63.9606323970752,-1.16753686037127,0,2039,1,2039,0,0,-1.16753686037127,62.7930955367039
W10004_0784/PHZ51,63.9606323970752,-1.16753686037127,0,2040,1,2040,0,0,-1.16753686037127,62.7930955367039
W10004_0787/PHK76,63.9606323970752,-1.34659999429861,0,2041,1,2041,0,0,-1.34659999429861,62.6140324027766
W10004_0787/PHP02,63.9606323970752,-1.34659999429861,0,2042,1,2042,0,0,-1.34659999429861,62.6140324027766
W10004_0787/PHZ51,63.9606323970752,-1.34659999429861,0,2043,1,2043,0,0,-1.34659999429861,62.6140324027766
W10004_0789/PHK76,63.9606323970752,-1.25698077557535,0,2044,1,2044,0,0,-1.25698077557535,62.7036516214998
W10004_0789/PHP02,63.9606323970752,-1.25698077557535,0,2045,1,2045,0,0,-1.25698077557535,62.7036516214998
W10004_0789/PHZ51,63.9606323970752,-1.25698077557535,0,2046,1,2046,0,0,-1.25698077557535,62.7036516214998
W10004_0792/PHK76,63.9606323970752,-0.814582621469091,0,2047,1,2047,0,0,-0.814582621469091,63.1460497756061
W10004_0792/PHP02,63.9606323970752,-0.814582621469091,0,2048,1,2048,0,0,-0.814582621469091,63.1460497756061
W10004_0792/PHZ51,63.9606323970752,-0.814582621469091,0,2049,1,2049,0,0,-0.814582621469091,63.1460497756061
W10004_0794/PHK76,63.9606323970752,-1.52434812028534,0,2050,1,2050,0,0,-1.52434812028534,62.4362842767898
W10004_0794/PHP02,63.9606323970752,-1.52420138114227,0,2051,1,2051,0,0,-1.52420138114227,62.4364310159329
W10004_0794/PHZ51,63.9606323970752,-1.52420138114227,0,2052,1,2052,0,0,-1.52420138114227,62.4364310159329
W10004_0795/PHK76,63.9606323970752,-0.774496206495876,0,2053,1,2053,0,0,-0.774496206495876,63.1861361905793
W10004_0795/PHP02,63.9606323970752,-0.774496206495876,0,2054,1,2054,0,0,-0.774496206495876,63.1861361905793
W10004_0795/PHZ51,63.9606323970752,-0.774496206495876,0,2055,1,2055,0,0,-0.774496206495876,63.1861361905793
W10004_0798/PHK76,63.9606323970752,-1.06236081799652,0,2056,1,2056,0,0,-1.06236081799652,62.8982715790787
W10004_0798/PHP02,63.9606323970752,-1.06236081799652,0,2057,1,2057,0,0,-1.06236081799652,62.8982715790787
W10004_0798/PHZ51,63.9606323970752,-1.06236081799652,0,2058,1,2058,0,0,-1.06236081799652,62.8982715790787
W10004_0799/PHK76,63.9606323970752,-1.31641810154419,0,2059,1,2059,0,0,-1.31641810154419,62.644214295531
W10004_0799/PHP02,63.9606323970752,-1.31641810154419,0,2060,1,2060,0,0,-1.31641810154419,62.644214295531
W10004_0799/PHZ51,63.9606323970752,-1.31641810154419,0,2061,1,2061,0,0,-1.31641810154419,62.644214295531
W10004_0800/PHK76,63.9606323970752,-1.05405046450056,0,2062,1,2062,0,0,-1.05405046450056,62.9065819325746
W10004_0800/PHP02,63.9606323970752,-1.05405046450056,0,2063,1,2063,0,0,-1.05405046450056,62.9065819325746
W10004_0800/PHZ51,63.9606323970752,-1.05405046450056,0,2064,1,2064,0,0,-1.05405046450056,62.9065819325746
W10004_0801/PHK76,63.9606323970752,-1.26982931660274,0,2065,1,2065,0,0,-1.26982931660274,62.6908030804724
W10004_0801/PHP02,63.9606323970752,-1.26982931660274,0,2066,1,2066,0,0,-1.26982931660274,62.6908030804724
W10004_0801/PHZ51,63.9606323970752,-1.26982931660274,0,2067,1,2067,0,0,-1.26982931660274,62.6908030804724
W10004_0802/PHK76,63.9606323970752,-1.51493505567627,0,2068,1,2068,0,0,-1.51493505567627,62.4456973413989
W10004_0802/PHP02,63.9606323970752,-1.51493505567627,0,2069,1,2069,0,0,-1.51493505567627,62.4456973413989
W10004_0802/PHZ51,63.9606323970752,-1.51493505567627,0,2070,1,2070,0,0,-1.51493505567627,62.4456973413989
W10004_0803/PHK76,63.9606323970752,-1.07510827866933,0,2071,1,2071,0,0,-1.07510827866933,62.8855241184058
W10004_0803/PHP02,63.9606323970752,-1.07510827866933,0,2072,1,2072,0,0,-1.07510827866933,62.8855241184058
W10004_0803/PHZ51,63.9606323970752,-1.07510827866933,0,2073,1,2073,0,0,-1.07510827866933,62.8855241184058
W10004_0806/PHK76,63.9606323970752,-1.09201608020851,0,2074,1,2074,0,0,-1.09201608020851,62.8686163168667
W10004_0806/PHP02,63.9606323970752,-1.09201608020851,0,2075,1,2075,0,0,-1.09201608020851,62.8686163168667
W10004_0806/PHZ51,63.9606323970752,-1.09201608020851,0,2076,1,2076,0,0,-1.09201608020851,62.8686163168667
W10004_0807/PHK76,63.9606323970752,-1.17795001918819,0,2077,1,2077,0,0,-1.17795001918819,62.782682377887
W10004_0807/PHP02,63.9606323970752,-1.17795001918819,0,2078,1,2078,0,0,-1.17795001918819,62.782682377887
W10004_0807/PHZ51,63.9606323970752,-1.17795001918819,0,2079,1,2079,0,0,-1.17795001918819,62.782682377887
W10004_0812/PHK76,63.9606323970752,-1.33659329237852,0,2080,1,2080,0,0,-1.33659329237852,62.6240391046966
W10004_0812/PHP02,63.9606323970752,-1.33659329237852,0,2081,1,2081,0,0,-1.33659329237852,62.6240391046966
W10004_0812/PHZ51,63.9606323970752,-1.33659329237852,0,2082,1,2082,0,0,-1.33659329237852,62.6240391046966
W10004_0814/PHK76,63.9606323970752,-0.995829926060933,0,2083,1,2083,0,0,-0.995829926060933,62.9648024710142
W10004_0814/PHP02,63.9606323970752,-0.995829926060933,0,2084,1,2084,0,0,-0.995829926060933,62.9648024710142
W10004_0814/PHZ51,63.9606323970752,-0.995829926060933,0,2085,1,2085,0,0,-0.995829926060933,62.9648024710142
W10004_0815/PHK76,63.9606323970752,-1.36099102579651,0,2086,1,2086,0,0,-1.36099102579651,62.5996413712787
W10004_0815/PHP02,63.9606323970752,-1.36099102579651,0,2087,1,2087,0,0,-1.36099102579651,62.5996413712787
W10004_0815/PHZ51,63.9606323970752,-1.36099102579651,0,2088,1,2088,0,0,-1.36099102579651,62.5996413712787
W10004_0818/PHK76,63.9606323970752,-1.42146785047285,0,2089,1,2089,0,0,-1.42146785047285,62.5391645466023
W10004_0818/PHP02,63.9606323970752,-1.42146785047285,0,2090,1,2090,0,0,-1.42146785047285,62.5391645466023
W10004_0818/PHZ51,63.9606323970752,-1.42146785047285,0,2091,1,2091,0,0,-1.42146785047285,62.5391645466023
W10004_0819/PHK76,63.9606323970752,-1.29239570581973,0,2092,1,2092,0,0,-1.29239570581973,62.6682366912554
W10004_0819/PHP02,63.9606323970752,-1.29239570581973,0,2093,1,2093,0,0,-1.29239570581973,62.6682366912554
W10004_0819/PHZ51,63.9606323970752,-1.29239570581973,0,2094,1,2094,0,0,-1.29239570581973,62.6682366912554
W10004_0820/PHK76,63.9606323970752,-1.26947324734271,0,2095,1,2095,0,0,-1.26947324734271,62.6911591497325
W10004_0820/PHP02,63.9606323970752,-1.26947324734271,0,2096,1,2096,0,0,-1.26947324734271,62.6911591497325
W10004_0820/PHZ51,63.9606323970752,-1.26947324734271,0,2097,1,2097,0,0,-1.26947324734271,62.6911591497325
W10004_0822/PHK76,63.9606323970752,-0.785759374716487,0,2098,1,2098,0,0,-0.785759374716487,63.1748730223587
W10004_0822/PHP02,63.9606323970752,-0.785759374716487,0,2099,1,2099,0,0,-0.785759374716487,63.1748730223587
W10004_0822/PHZ51,63.9606323970752,-0.785759374716487,0,2100,1,2100,0,0,-0.785759374716487,63.1748730223587
W10004_0823/PHK76,63.9606323970752,-1.38022021171651,0,2101,1,2101,0,0,-1.38022021171651,62.5804121853587
W10004_0823/PHP02,63.9606323970752,-1.38022021171651,0,2102,1,2102,0,0,-1.38022021171651,62.5804121853587
W10004_0823/PHZ51,63.9606323970752,-1.38022021171651,0,2103,1,2103,0,0,-1.38022021171651,62.5804121853587
W10004_0826/PHK76,63.9606323970752,-1.13852208730273,0,2104,1,2104,0,0,-1.13852208730273,62.8221103097724
W10004_0826/PHP02,63.9606323970752,-1.13852208730273,0,2105,1,2105,0,0,-1.13852208730273,62.8221103097724
W10004_0826/PHZ51,63.9606323970752,-1.13852208730273,0,2106,1,2106,0,0,-1.13852208730273,62.8221103097724
W10004_0827/PHK76,63.9606323970752,-1.20173216650267,0,2107,1,2107,0,0,-1.20173216650267,62.7589002305725
W10004_0827/PHP02,63.9606323970752,-1.2015854273596,0,2108,1,2108,0,0,-1.2015854273596,62.7590469697156
W10004_0827/PHZ51,63.9606323970752,-1.2015854273596,0,2109,1,2109,0,0,-1.2015854273596,62.7590469697156
W10004_0828/PHK76,63.9606323970752,-1.17399166769629,0,2110,1,2110,0,0,-1.17399166769629,62.7866407293789
W10004_0828/PHP02,63.9606323970752,-1.17399166769629,0,2111,1,2111,0,0,-1.17399166769629,62.7866407293789
W10004_0828/PHZ51,63.9606323970752,-1.17399166769629,0,2112,1,2112,0,0,-1.17399166769629,62.7866407293789
W10004_0830/PHK76,63.9606323970752,-1.53169271533536,0,2113,1,2113,0,0,-1.53169271533536,62.4289396817398
W10004_0830/PHP02,63.9606323970752,-1.53169271533536,0,2114,1,2114,0,0,-1.53169271533536,62.4289396817398
W10004_0830/PHZ51,63.9606323970752,-1.53169271533536,0,2115,1,2115,0,0,-1.53169271533536,62.4289396817398
W10004_0832/PHK76,63.9606323970752,-1.07843749363879,0,2116,1,2116,0,0,-1.07843749363879,62.8821949034364
W10004_0832/PHP02,63.9606323970752,-1.07843749363879,0,2117,1,2117,0,0,-1.07843749363879,62.8821949034364
W10004_0832/PHZ51,63.9606323970752,-1.07843749363879,0,2118,1,2118,0,0,-1.07843749363879,62.8821949034364
W10004_0833/PHK76,63.9606323970752,-0.654203229027641,0,2119,1,2119,0,0,-0.654203229027641,63.3064291680475
W10004_0833/PHP02,63.9606323970752,-0.654203229027641,0,2120,1,2120,0,0,-0.654203229027641,63.3064291680475
W10004_0833/PHZ51,63.9606323970752,-0.654203229027641,0,2121,1,2121,0,0,-0.654203229027641,63.3064291680475
W10004_0834/PHK76,63.9606323970752,-1.09036254903124,0,2122,1,2122,0,0,-1.09036254903124,62.8702698480439
W10004_0834/PHP02,63.9606323970752,-1.09036254903124,0,2123,1,2123,0,0,-1.09036254903124,62.8702698480439
W10004_0834/PHZ51,63.9606323970752,-1.09036254903124,0,2124,1,2124,0,0,-1.09036254903124,62.8702698480439
W10004_0836/PHK76,63.9606323970752,-1.60799833452651,0,2125,1,2125,0,0,-1.60799833452651,62.3526340625487
W10004_0836/PHP02,63.9606323970752,-1.60799833452651,0,2126,1,2126,0,0,-1.60799833452651,62.3526340625487
W10004_0836/PHZ51,63.9606323970752,-1.60799833452651,0,2127,1,2127,0,0,-1.60799833452651,62.3526340625487
W10004_0837/PHK76,63.9606323970752,-1.22877824109833,0,2128,1,2128,0,0,-1.22877824109833,62.7318541559768
W10004_0837/PHP02,63.9606323970752,-1.22877824109833,0,2129,1,2129,0,0,-1.22877824109833,62.7318541559768
W10004_0837/PHZ51,63.9606323970752,-1.22877824109833,0,2130,1,2130,0,0,-1.22877824109833,62.7318541559768
W10004_0840/PHK76,63.9606323970752,-1.50488364925453,0,2131,1,2131,0,0,-1.50488364925453,62.4557487478206
W10004_0840/PHP02,63.9606323970752,-1.50473691011146,0,2132,1,2132,0,0,-1.50473691011146,62.4558954869637
W10004_0840/PHZ51,63.9606323970752,-1.50473691011146,0,2133,1,2133,0,0,-1.50473691011146,62.4558954869637
W10004_0842/PHK76,63.9606323970752,-0.744154981707039,0,2134,1,2134,0,0,-0.744154981707039,63.2164774153681
W10004_0842/PHP02,63.9606323970752,-0.744008242563967,0,2135,1,2135,0,0,-0.744008242563967,63.2166241545112
W10004_0842/PHZ51,63.9606323970752,-0.744008242563967,0,2136,1,2136,0,0,-0.744008242563967,63.2166241545112
W10004_0843/PHK76,63.9606323970752,-1.4318360754037,0,2137,1,2137,0,0,-1.4318360754037,62.5287963216715
W10004_0843/PHP02,63.9606323970752,-1.4318360754037,0,2138,1,2138,0,0,-1.4318360754037,62.5287963216715
W10004_0843/PHZ51,63.9606323970752,-1.4318360754037,0,2139,1,2139,0,0,-1.4318360754037,62.5287963216715
W10004_0844/PHK76,63.9606323970752,-1.39827288004142,0,2140,1,2140,0,0,-1.39827288004142,62.5623595170338
W10004_0844/PHP02,63.9606323970752,-1.39827288004142,0,2141,1,2141,0,0,-1.39827288004142,62.5623595170338
W10004_0844/PHZ51,63.9606323970752,-1.39827288004142,0,2142,1,2142,0,0,-1.39827288004142,62.5623595170338
W10004_0847/PHK76,63.9606323970752,-2.04660324076706,0,2143,1,2143,0,0,-2.04660324076706,61.9140291563081
W10004_0847/PHP02,63.9606323970752,-2.04660324076706,0,2144,1,2144,0,0,-2.04660324076706,61.9140291563081
W10004_0847/PHZ51,63.9606323970752,-2.04660324076706,0,2145,1,2145,0,0,-2.04660324076706,61.9140291563081
W10004_0848/PHK76,63.9606323970752,-1.02040466339283,0,2146,1,2146,0,0,-1.02040466339283,62.9402277336823
W10004_0848/PHP02,63.9606323970752,-1.02040466339283,0,2147,1,2147,0,0,-1.02040466339283,62.9402277336823
W10004_0848/PHZ51,63.9606323970752,-1.02040466339283,0,2148,1,2148,0,0,-1.02040466339283,62.9402277336823
W10004_0851/PHK76,63.9606323970752,-1.40698314667669,0,2149,1,2149,0,0,-1.40698314667669,62.5536492503985
W10004_0851/PHP02,63.9606323970752,-1.40698314667669,0,2150,1,2150,0,0,-1.40698314667669,62.5536492503985
W10004_0851/PHZ51,63.9606323970752,-1.40698314667669,0,2151,1,2151,0,0,-1.40698314667669,62.5536492503985
W10004_0852/PHK76,63.9606323970752,-1.33831829448463,0,2152,1,2152,0,0,-1.33831829448463,62.6223141025905
W10004_0852/PHP02,63.9606323970752,-1.33831829448463,0,2153,1,2153,0,0,-1.33831829448463,62.6223141025905
W10004_0852/PHZ51,63.9606323970752,-1.33831829448463,0,2154,1,2154,0,0,-1.33831829448463,62.6223141025905
W10004_0856/PHK76,63.9606323970752,-1.56873353603169,0,2155,1,2155,0,0,-1.56873353603169,62.3918988610435
W10004_0856/PHP02,63.9606323970752,-1.56873353603169,0,2156,1,2156,0,0,-1.56873353603169,62.3918988610435
W10004_0856/PHZ51,63.9606323970752,-1.56873353603169,0,2157,1,2157,0,0,-1.56873353603169,62.3918988610435
W10004_0858/PHK76,63.9606323970752,-0.923994086128401,0,2158,1,2158,0,0,-0.923994086128401,63.0366383109468
W10004_0858/PHP02,63.9606323970752,-0.923994086128401,0,2159,1,2159,0,0,-0.923994086128401,63.0366383109468
W10004_0858/PHZ51,63.9606323970752,-0.923994086128401,0,2160,1,2160,0,0,-0.923994086128401,63.0366383109468
W10004_0859/PHK76,63.9606323970752,-1.71351792850103,0,2161,1,2161,0,0,-1.71351792850103,62.2471144685741
W10004_0859/PHP02,63.9606323970752,-1.71351792850103,0,2162,1,2162,0,0,-1.71351792850103,62.2471144685741
W10004_0859/PHZ51,63.9606323970752,-1.71351792850103,0,2163,1,2163,0,0,-1.71351792850103,62.2471144685741
W10004_0866/PHK76,63.9606323970752,-1.05646746072357,0,2164,1,2164,0,0,-1.05646746072357,62.9041649363516
W10004_0866/PHP02,63.9606323970752,-1.05646746072357,0,2165,1,2165,0,0,-1.05646746072357,62.9041649363516
W10004_0866/PHZ51,63.9606323970752,-1.05646746072357,0,2166,1,2166,0,0,-1.05646746072357,62.9041649363516
W10004_0868/PHK76,63.9606323970752,-0.723907460860772,0,2167,1,2167,0,0,-0.723907460860772,63.2367249362144
W10004_0868/PHP02,63.9606323970752,-0.723907460860772,0,2168,1,2168,0,0,-0.723907460860772,63.2367249362144
W10004_0868/PHZ51,63.9606323970752,-0.723907460860772,0,2169,1,2169,0,0,-0.723907460860772,63.2367249362144
W10004_0869/PHK76,63.9606323970752,-1.00799235928945,0,2170,1,2170,0,0,-1.00799235928945,62.9526400377857
W10004_0869/PHP02,63.9606323970752,-1.00799235928945,0,2171,1,2171,0,0,-1.00799235928945,62.9526400377857
W10004_0869/PHZ51,63.9606323970752,-1.00799235928945,0,2172,1,2172,0,0,-1.00799235928945,62.9526400377857
W10004_0876/PHK76,63.9606323970752,-1.09424062853186,0,2173,1,2173,0,0,-1.09424062853186,62.8663917685433
W10004_0876/PHP02,63.9606323970752,-1.09424062853186,0,2174,1,2174,0,0,-1.09424062853186,62.8663917685433
W10004_0876/PHZ51,63.9606323970752,-1.09424062853186,0,2175,1,2175,0,0,-1.09424062853186,62.8663917685433
W10004_0877/PHK76,63.9606323970752,-1.14221009335237,0,2176,1,2176,0,0,-1.14221009335237,62.8184223037228
W10004_0877/PHP02,63.9606323970752,-1.14206335420929,0,2177,1,2177,0,0,-1.14206335420929,62.8185690428659
W10004_0877/PHZ51,63.9606323970752,-1.14206335420929,0,2178,1,2178,0,0,-1.14206335420929,62.8185690428659
W10004_0879/PHK76,63.9606323970752,-0.936941969549605,0,2179,1,2179,0,0,-0.936941969549605,63.0236904275256
W10004_0879/PHP02,63.9606323970752,-0.936941969549605,0,2180,1,2180,0,0,-0.936941969549605,63.0236904275256
W10004_0879/PHZ51,63.9606323970752,-0.936941969549605,0,2181,1,2181,0,0,-0.936941969549605,63.0236904275256
W10004_0884/PHK76,63.9606323970752,-1.28549829892833,0,2182,1,2182,0,0,-1.28549829892833,62.6751340981468
W10004_0884/PHP02,63.9606323970752,-1.28549829892833,0,2183,1,2183,0,0,-1.28549829892833,62.6751340981468
W10004_0884/PHZ51,63.9606323970752,-1.28549829892833,0,2184,1,2184,0,0,-1.28549829892833,62.6751340981468
W10004_0885/PHK76,63.9606323970752,-1.500024269075,0,2185,1,2185,0,0,-1.500024269075,62.4606081280002
W10004_0885/PHP02,63.9606323970752,-1.49987752993193,0,2186,1,2186,0,0,-1.49987752993193,62.4607548671432
W10004_0885/PHZ51,63.9606323970752,-1.49987752993193,0,2187,1,2187,0,0,-1.49987752993193,62.4607548671432
W10004_0886/PHK76,63.9606323970752,-1.50823119564743,0,2188,1,2188,0,0,-1.50823119564743,62.4524012014277
W10004_0886/PHP02,63.9606323970752,-1.50823119564743,0,2189,1,2189,0,0,-1.50823119564743,62.4524012014277
W10004_0886/PHZ51,63.9606323970752,-1.50823119564743,0,2190,1,2190,0,0,-1.50823119564743,62.4524012014277
W10004_0888/PHK76,63.9606323970752,-1.2502185137377,0,2191,1,2191,0,0,-1.2502185137377,62.7104138833375
W10004_0888/PHP02,63.9606323970752,-1.25007177459463,0,2192,1,2192,0,0,-1.25007177459463,62.7105606224805
W10004_0888/PHZ51,63.9606323970752,-1.25007177459463,0,2193,1,2193,0,0,-1.25007177459463,62.7105606224805
W10004_0889/PHK76,63.9606323970752,-1.26550401743339,0,2194,1,2194,0,0,-1.26550401743339,62.6951283796418
W10004_0889/PHP02,63.9606323970752,-1.26550401743339,0,2195,1,2195,0,0,-1.26550401743339,62.6951283796418
W10004_0889/PHZ51,63.9606323970752,-1.26550401743339,0,2196,1,2196,0,0,-1.26550401743339,62.6951283796418
W10004_0891/PHK76,63.9606323970752,-0.946617579688709,0,2197,1,2197,0,0,-0.946617579688709,63.0140148173865
W10004_0891/PHP02,63.9606323970752,-0.946617579688709,0,2198,1,2198,0,0,-0.946617579688709,63.0140148173865
W10004_0891/PHZ51,63.9606323970752,-0.946617579688709,0,2199,1,2199,0,0,-0.946617579688709,63.0140148173865
W10004_0892/PHK76,63.9606323970752,-0.75786520466759,0,2200,1,2200,0,0,-0.75786520466759,63.2027671924076
W10004_0892/PHP02,63.9606323970752,-0.75786520466759,0,2201,1,2201,0,0,-0.75786520466759,63.2027671924076
W10004_0892/PHZ51,63.9606323970752,-0.75786520466759,0,2202,1,2202,0,0,-0.75786520466759,63.2027671924076
W10004_0894/PHK76,63.9606323970752,-1.18424749237922,0,2203,1,2203,0,0,-1.18424749237922,62.776384904696
W10004_0894/PHP02,63.9606323970752,-1.18424749237922,0,2204,1,2204,0,0,-1.18424749237922,62.776384904696
W10004_0894/PHZ51,63.9606323970752,-1.18424749237922,0,2205,1,2205,0,0,-1.18424749237922,62.776384904696
W10004_0896/PHK76,63.9606323970752,-1.52290402326956,0,2206,1,2206,0,0,-1.52290402326956,62.4377283738056
W10004_0896/PHP02,63.9606323970752,-1.52290402326956,0,2207,1,2207,0,0,-1.52290402326956,62.4377283738056
W10004_0896/PHZ51,63.9606323970752,-1.52290402326956,0,2208,1,2208,0,0,-1.52290402326956,62.4377283738056
W10004_0897/PHK76,63.9606323970752,-0.993896138188638,0,2209,1,2209,0,0,-0.993896138188638,62.9667362588865
W10004_0897/PHZ51,63.9606323970752,-0.993896138188638,0,2210,1,2210,0,0,-0.993896138188638,62.9667362588865
W10004_0900/PHK76,63.9606323970752,-1.31165759036381,0,2211,1,2211,0,0,-1.31165759036381,62.6489748067114
W10004_0900/PHP02,63.9606323970752,-1.31165759036381,0,2212,1,2212,0,0,-1.31165759036381,62.6489748067114
W10004_0900/PHZ51,63.9606323970752,-1.31165759036381,0,2213,1,2213,0,0,-1.31165759036381,62.6489748067114
W10004_0901/PHK76,63.9606323970752,-1.11633278886222,0,2214,1,2214,0,0,-1.11633278886222,62.844299608213
W10004_0901/PHP02,63.9606323970752,-1.11633278886222,0,2215,1,2215,0,0,-1.11633278886222,62.844299608213
W10004_0901/PHZ51,63.9606323970752,-1.11633278886222,0,2216,1,2216,0,0,-1.11633278886222,62.844299608213
W10004_0907/PHK76,63.9606323970752,-1.68018870644783,0,2217,1,2217,0,0,-1.68018870644783,62.2804436906273
W10004_0907/PHP02,63.9606323970752,-1.68018870644783,0,2218,1,2218,0,0,-1.68018870644783,62.2804436906273
W10004_0907/PHZ51,63.9606323970752,-1.68018870644783,0,2219,1,2219,0,0,-1.68018870644783,62.2804436906273
W10004_0913/PHK76,63.9606323970752,-1.03508952610482,0,2220,1,2220,0,0,-1.03508952610482,62.9255428709704
W10004_0913/PHP02,63.9606323970752,-1.03508952610482,0,2221,1,2221,0,0,-1.03508952610482,62.9255428709704
W10004_0913/PHZ51,63.9606323970752,-1.03508952610482,0,2222,1,2222,0,0,-1.03508952610482,62.9255428709704
W10004_0914/PHK76,63.9606323970752,-1.12531693037154,0,2223,1,2223,0,0,-1.12531693037154,62.8353154667036
W10004_0914/PHP02,63.9606323970752,-1.12531693037154,0,2224,1,2224,0,0,-1.12531693037154,62.8353154667036
W10004_0914/PHZ51,63.9606323970752,-1.12531693037154,0,2225,1,2225,0,0,-1.12531693037154,62.8353154667036
W10004_0916/PHK76,63.9606323970752,-0.923323339724436,0,2226,1,2226,0,0,-0.923323339724436,63.0373090573507
W10004_0916/PHP02,63.9606323970752,-0.923323339724436,0,2227,1,2227,0,0,-0.923323339724436,63.0373090573507
W10004_0916/PHZ51,63.9606323970752,-0.923323339724436,0,2228,1,2228,0,0,-0.923323339724436,63.0373090573507
W10004_0918/PHK76,63.9606323970752,-1.14554631119619,0,2229,1,2229,0,0,-1.14554631119619,62.815086085879
W10004_0918/PHP02,63.9606323970752,-1.14539957205312,0,2230,1,2230,0,0,-1.14539957205312,62.8152328250221
W10004_0918/PHZ51,63.9606323970752,-1.14539957205312,0,2231,1,2231,0,0,-1.14539957205312,62.8152328250221
W10004_0920/PHK76,63.9606323970752,-1.01831090800037,0,2232,1,2232,0,0,-1.01831090800037,62.9423214890748
W10004_0920/PHP02,63.9606323970752,-1.01831090800037,0,2233,1,2233,0,0,-1.01831090800037,62.9423214890748
W10004_0920/PHZ51,63.9606323970752,-1.01831090800037,0,2234,1,2234,0,0,-1.01831090800037,62.9423214890748
W10004_0922/PHK76,63.9606323970752,-1.72303799387623,0,2235,1,2235,0,0,-1.72303799387623,62.2375944031989
W10004_0922/PHP02,63.9606323970752,-1.72303799387623,0,2236,1,2236,0,0,-1.72303799387623,62.2375944031989
W10004_0922/PHZ51,63.9606323970752,-1.72303799387623,0,2237,1,2237,0,0,-1.72303799387623,62.2375944031989
W10004_0928/PHK76,63.9606323970752,-1.56276672750551,0,2238,1,2238,0,0,-1.56276672750551,62.3978656695697
W10004_0928/PHP02,63.9606323970752,-1.56276672750551,0,2239,1,2239,0,0,-1.56276672750551,62.3978656695697
W10004_0928/PHZ51,63.9606323970752,-1.56276672750551,0,2240,1,2240,0,0,-1.56276672750551,62.3978656695697
W10004_0930/PHK76,63.9606323970752,-1.17885188384131,0,2241,1,2241,0,0,-1.17885188384131,62.7817805132339
W10004_0930/PHP02,63.9606323970752,-1.17885188384131,0,2242,1,2242,0,0,-1.17885188384131,62.7817805132339
W10004_0930/PHZ51,63.9606323970752,-1.17885188384131,0,2243,1,2243,0,0,-1.17885188384131,62.7817805132339
W10004_0932/PHK76,63.9606323970752,-1.60365645668948,0,2244,1,2244,0,0,-1.60365645668948,62.3569759403857
W10004_0932/PHP02,63.9606323970752,-1.60365645668948,0,2245,1,2245,0,0,-1.60365645668948,62.3569759403857
W10004_0932/PHZ51,63.9606323970752,-1.60365645668948,0,2246,1,2246,0,0,-1.60365645668948,62.3569759403857
W10004_0935/PHK76,63.9606323970752,-1.09149847210875,0,2247,1,2247,0,0,-1.09149847210875,62.8691339249664
W10004_0935/PHP02,63.9606323970752,-1.09149847210875,0,2248,1,2248,0,0,-1.09149847210875,62.8691339249664
W10004_0935/PHZ51,63.9606323970752,-1.09149847210875,0,2249,1,2249,0,0,-1.09149847210875,62.8691339249664
W10004_0938/PHK76,63.9606323970752,-0.935941931374943,0,2250,1,2250,0,0,-0.935941931374943,63.0246904657002
W10004_0938/PHP02,63.9606323970752,-0.935941931374943,0,2251,1,2251,0,0,-0.935941931374943,63.0246904657002
W10004_0938/PHZ51,63.9606323970752,-0.935941931374943,0,2252,1,2252,0,0,-0.935941931374943,63.0246904657002
W10004_0940/PHK76,63.9606323970752,-1.3617192488381,0,2253,1,2253,0,0,-1.3617192488381,62.5989131482371
W10004_0940/PHP02,63.9606323970752,-1.3617192488381,0,2254,1,2254,0,0,-1.3617192488381,62.5989131482371
W10004_0940/PHZ51,63.9606323970752,-1.3617192488381,0,2255,1,2255,0,0,-1.3617192488381,62.5989131482371
W10004_0943/PHK76,63.9606323970752,-1.40861420095135,0,2256,1,2256,0,0,-1.40861420095135,62.5520181961238
W10004_0943/PHP02,63.9606323970752,-1.40861420095135,0,2257,1,2257,0,0,-1.40861420095135,62.5520181961238
W10004_0943/PHZ51,63.9606323970752,-1.40861420095135,0,2258,1,2258,0,0,-1.40861420095135,62.5520181961238
W10004_0949/PHK76,63.9606323970752,-0.732271689308499,0,2259,1,2259,0,0,-0.732271689308499,63.2283607077667
W10004_0949/PHP02,63.9606323970752,-0.732271689308499,0,2260,1,2260,0,0,-0.732271689308499,63.2283607077667
W10004_0949/PHZ51,63.9606323970752,-0.732271689308499,0,2261,1,2261,0,0,-0.732271689308499,63.2283607077667
W10004_0950/PHK76,63.9606323970752,-1.4526591826036,0,2262,1,2262,0,0,-1.4526591826036,62.5079732144716
W10004_0950/PHP02,63.9606323970752,-1.4526591826036,0,2263,1,2263,0,0,-1.4526591826036,62.5079732144716
W10004_0950/PHZ51,63.9606323970752,-1.4526591826036,0,2264,1,2264,0,0,-1.4526591826036,62.5079732144716
W10004_0951/PHK76,63.9606323970752,-0.906607035163034,0,2265,1,2265,0,0,-0.906607035163034,63.0540253619121
W10004_0951/PHP02,63.9606323970752,-0.906607035163034,0,2266,1,2266,0,0,-0.906607035163034,63.0540253619121
W10004_0951/PHZ51,63.9606323970752,-0.906607035163034,0,2267,1,2267,0,0,-0.906607035163034,63.0540253619121
W10004_0953/PHK76,63.9606323970752,-0.857620775545829,0,2268,1,2268,0,0,-0.857620775545829,63.1030116215293
W10004_0953/PHP02,63.9606323970752,-0.857620775545829,0,2269,1,2269,0,0,-0.857620775545829,63.1030116215293
W10004_0953/PHZ51,63.9606323970752,-0.857620775545829,0,2270,1,2270,0,0,-0.857620775545829,63.1030116215293
W10004_0955/PHK76,63.9606323970752,-1.13553884210387,0,2271,1,2271,0,0,-1.13553884210387,62.8250935549713
W10004_0955/PHP02,63.9606323970752,-1.13553884210387,0,2272,1,2272,0,0,-1.13553884210387,62.8250935549713
W10004_0955/PHZ51,63.9606323970752,-1.13553884210387,0,2273,1,2273,0,0,-1.13553884210387,62.8250935549713
W10004_0956/PHK76,63.9606323970752,-0.91126233876678,0,2274,1,2274,0,0,-0.91126233876678,63.0493700583084
W10004_0956/PHP02,63.9606323970752,-0.91126233876678,0,2275,1,2275,0,0,-0.91126233876678,63.0493700583084
W10004_0956/PHZ51,63.9606323970752,-0.91126233876678,0,2276,1,2276,0,0,-0.91126233876678,63.0493700583084
W10004_0963/PHK76,63.9606323970752,-1.42350252922764,0,2277,1,2277,0,0,-1.42350252922764,62.5371298678475
W10004_0963/PHP02,63.9606323970752,-1.42350252922764,0,2278,1,2278,0,0,-1.42350252922764,62.5371298678475
W10004_0963/PHZ51,63.9606323970752,-1.42350252922764,0,2279,1,2279,0,0,-1.42350252922764,62.5371298678475
W10004_0964/PHK76,63.9606323970752,-0.725820781255759,0,2280,1,2280,0,0,-0.725820781255759,63.2348116158194
W10004_0964/PHP02,63.9606323970752,-0.725820781255759,0,2281,1,2281,0,0,-0.725820781255759,63.2348116158194
W10004_0964/PHZ51,63.9606323970752,-0.725820781255759,0,2282,1,2282,0,0,-0.725820781255759,63.2348116158194
W10004_0965/PHK76,63.9606323970752,-1.08213460426972,0,2283,1,2283,0,0,-1.08213460426972,62.8784977928055
W10004_0965/PHP02,63.9606323970752,-1.08213460426972,0,2284,1,2284,0,0,-1.08213460426972,62.8784977928055
W10004_0965/PHZ51,63.9606323970752,-1.08213460426972,0,2285,1,2285,0,0,-1.08213460426972,62.8784977928055
W10004_0966/PHK76,63.9606323970752,-1.1091216477609,0,2286,1,2286,0,0,-1.1091216477609,62.8515107493143
W10004_0966/PHP02,63.9606323970752,-1.1091216477609,0,2287,1,2287,0,0,-1.1091216477609,62.8515107493143
W10004_0966/PHZ51,63.9606323970752,-1.1091216477609,0,2288,1,2288,0,0,-1.1091216477609,62.8515107493143
W10004_0969/PHK76,63.9606323970752,-1.19138247773208,0,2289,1,2289,0,0,-1.19138247773208,62.7692499193431
W10004_0969/PHP02,63.9606323970752,-1.19138247773208,0,2290,1,2290,0,0,-1.19138247773208,62.7692499193431
W10004_0969/PHZ51,63.9606323970752,-1.19138247773208,0,2291,1,2291,0,0,-1.19138247773208,62.7692499193431
W10004_0970/PHK76,63.9606323970752,-1.13070082459315,0,2292,1,2292,0,0,-1.13070082459315,62.829931572482
W10004_0970/PHP02,63.9606323970752,-1.13070082459315,0,2293,1,2293,0,0,-1.13070082459315,62.829931572482
W10004_0970/PHZ51,63.9606323970752,-1.13070082459315,0,2294,1,2294,0,0,-1.13070082459315,62.829931572482
W10004_0971/PHK76,63.9606323970752,-1.39924286214909,0,2295,1,2295,0,0,-1.39924286214909,62.5613895349261
W10004_0971/PHP02,63.9606323970752,-1.39924286214909,0,2296,1,2296,0,0,-1.39924286214909,62.5613895349261
W10004_0971/PHZ51,63.9606323970752,-1.39924286214909,0,2297,1,2297,0,0,-1.39924286214909,62.5613895349261
W10004_0974/PHK76,63.9606323970752,-0.223694678529042,0,2298,1,2298,0,0,-0.223694678529042,63.7369377185461
W10004_0974/PHP02,63.9606323970752,-0.223694678529042,0,2299,1,2299,0,0,-0.223694678529042,63.7369377185461
W10004_0974/PHZ51,63.9606323970752,-0.223694678529042,0,2300,1,2300,0,0,-0.223694678529042,63.7369377185461
W10004_0975/PHK76,63.9606323970752,-1.14999410283183,0,2301,1,2301,0,0,-1.14999410283183,62.8106382942433
W10004_0975/PHP02,63.9606323970752,-1.14999410283183,0,2302,1,2302,0,0,-1.14999410283183,62.8106382942433
W10004_0975/PHZ51,63.9606323970752,-1.14999410283183,0,2303,1,2303,0,0,-1.14999410283183,62.8106382942433
W10004_0981/PHK76,63.9606323970752,-1.62242805027725,0,2304,1,2304,0,0,-1.62242805027725,62.3382043467979
W10004_0981/PHP02,63.9606323970752,-1.62242805027725,0,2305,1,2305,0,0,-1.62242805027725,62.3382043467979
W10004_0981/PHZ51,63.9606323970752,-1.62242805027725,0,2306,1,2306,0,0,-1.62242805027725,62.3382043467979
W10004_0982/PHK76,63.9606323970752,-1.77226978589869,0,2307,1,2307,0,0,-1.77226978589869,62.1883626111765
W10004_0982/PHP02,63.9606323970752,-1.77226978589869,0,2308,1,2308,0,0,-1.77226978589869,62.1883626111765
W10004_0982/PHZ51,63.9606323970752,-1.77226978589869,0,2309,1,2309,0,0,-1.77226978589869,62.1883626111765
W10004_0984/PHK76,63.9606323970752,-1.08341553529559,0,2310,1,2310,0,0,-1.08341553529559,62.8772168617796
W10004_0984/PHP02,63.9606323970752,-1.08341553529559,0,2311,1,2311,0,0,-1.08341553529559,62.8772168617796
W10004_0984/PHZ51,63.9606323970752,-1.08341553529559,0,2312,1,2312,0,0,-1.08341553529559,62.8772168617796
W10004_0988/PHK76,63.9606323970752,-1.29496326128318,0,2313,1,2313,0,0,-1.29496326128318,62.665669135792
W10004_0988/PHP02,63.9606323970752,-1.29496326128318,0,2314,1,2314,0,0,-1.29496326128318,62.665669135792
W10004_0988/PHZ51,63.9606323970752,-1.29496326128318,0,2315,1,2315,0,0,-1.29496326128318,62.665669135792
W10004_0991/PHK76,63.9606323970752,-1.25175949773719,0,2316,1,2316,0,0,-1.25175949773719,62.708872899338
W10004_0991/PHP02,63.9606323970752,-1.25175949773719,0,2317,1,2317,0,0,-1.25175949773719,62.708872899338
W10004_0991/PHZ51,63.9606323970752,-1.25175949773719,0,2318,1,2318,0,0,-1.25175949773719,62.708872899338
W10004_0996/PHK76,63.9606323970752,-1.48104941658001,0,2319,1,2319,0,0,-1.48104941658001,62.4795829804952
W10004_0996/PHP02,63.9606323970752,-1.48090267743694,0,2320,1,2320,0,0,-1.48090267743694,62.4797297196382
W10004_0996/PHZ51,63.9606323970752,-1.48090267743694,0,2321,1,2321,0,0,-1.48090267743694,62.4797297196382
W10004_0997/PHK76,63.9606323970752,-1.13102215388314,0,2322,1,2322,0,0,-1.13102215388314,62.829610243192
W10004_0997/PHP02,63.9606323970752,-1.13102215388314,0,2323,1,2323,0,0,-1.13102215388314,62.829610243192
W10004_0997/PHZ51,63.9606323970752,-1.13102215388314,0,2324,1,2324,0,0,-1.13102215388314,62.829610243192
W10004_1000/PHK76,63.9606323970752,-1.51405506418523,0,2325,1,2325,0,0,-1.51405506418523,62.4465773328899
W10004_1000/PHP02,63.9606323970752,-1.51405506418523,0,2326,1,2326,0,0,-1.51405506418523,62.4465773328899
W10004_1000/PHZ51,63.9606323970752,-1.51405506418523,0,2327,1,2327,0,0,-1.51405506418523,62.4465773328899
W10004_1001/PHK76,63.9606323970752,-1.32646332861458,0,2328,1,2328,0,0,-1.32646332861458,62.6341690684606
W10004_1001/PHP02,63.9606323970752,-1.32631658947151,0,2329,1,2329,0,0,-1.32631658947151,62.6343158076037
W10004_1001/PHZ51,63.9606323970752,-1.32631658947151,0,2330,1,2330,0,0,-1.32631658947151,62.6343158076037
W10004_1002/PHK76,63.9606323970752,-1.57013632537528,0,2331,1,2331,0,0,-1.57013632537528,62.3904960716999
W10004_1002/PHP02,63.9606323970752,-1.57013632537528,0,2332,1,2332,0,0,-1.57013632537528,62.3904960716999
W10004_1002/PHZ51,63.9606323970752,-1.57013632537528,0,2333,1,2333,0,0,-1.57013632537528,62.3904960716999
W10004_1004/PHK76,63.9606323970752,-1.11651276461631,0,2334,1,2334,0,0,-1.11651276461631,62.8441196324589
W10004_1004/PHP02,63.9606323970752,-1.11651276461631,0,2335,1,2335,0,0,-1.11651276461631,62.8441196324589
W10004_1004/PHZ51,63.9606323970752,-1.11651276461631,0,2336,1,2336,0,0,-1.11651276461631,62.8441196324589
W10004_1007/PHK76,63.9606323970752,-0.811857595509157,0,2337,1,2337,0,0,-0.811857595509157,63.148774801566
W10004_1007/PHP02,63.9606323970752,-0.811857595509157,0,2338,1,2338,0,0,-0.811857595509157,63.148774801566
W10004_1007/PHZ51,63.9606323970752,-0.811857595509157,0,2339,1,2339,0,0,-0.811857595509157,63.148774801566
W10004_1011/PHK76,63.9606323970752,-1.11935662273007,0,2340,1,2340,0,0,-1.11935662273007,62.8412757743451
W10004_1011/PHP02,63.9606323970752,-1.11935662273007,0,2341,1,2341,0,0,-1.11935662273007,62.8412757743451
W10004_1011/PHZ51,63.9606323970752,-1.11935662273007,0,2342,1,2342,0,0,-1.11935662273007,62.8412757743451
W10004_1014/PHK76,63.9606323970752,-1.33837018786649,0,2343,1,2343,0,0,-1.33837018786649,62.6222622092087
W10004_1014/PHP02,63.9606323970752,-1.33822344872342,0,2344,1,2344,0,0,-1.33822344872342,62.6224089483518
W10004_1014/PHZ51,63.9606323970752,-1.33822344872342,0,2345,1,2345,0,0,-1.33822344872342,62.6224089483518
W10004_1015/PHK76,63.9606323970752,-1.84104350000656,0,2346,1,2346,0,0,-1.84104350000656,62.1195888970686
W10004_1015/PHP02,63.9606323970752,-1.84104350000656,0,2347,1,2347,0,0,-1.84104350000656,62.1195888970686
W10004_1015/PHZ51,63.9606323970752,-1.84104350000656,0,2348,1,2348,0,0,-1.84104350000656,62.1195888970686
W10004_1018/PHK76,63.9606323970752,-1.08947235356272,0,2349,1,2349,0,0,-1.08947235356272,62.8711600435125
W10004_1018/PHP02,63.9606323970752,-1.08932561441964,0,2350,1,2350,0,0,-1.08932561441964,62.8713067826555
W10004_1018/PHZ51,63.9606323970752,-1.08932561441964,0,2351,1,2351,0,0,-1.08932561441964,62.8713067826555
W10004_1020/PHK76,63.9606323970752,-1.47904815035279,0,2352,1,2352,0,0,-1.47904815035279,62.4815842467224
W10004_1020/PHP02,63.9606323970752,-1.47904815035279,0,2353,1,2353,0,0,-1.47904815035279,62.4815842467224
W10004_1020/PHZ51,63.9606323970752,-1.47904815035279,0,2354,1,2354,0,0,-1.47904815035279,62.4815842467224
W10004_1032/PHK76,63.9606323970752,-1.58926400196773,0,2355,1,2355,0,0,-1.58926400196773,62.3713683951074
W10004_1032/PHP02,63.9606323970752,-1.58926400196773,0,2356,1,2356,0,0,-1.58926400196773,62.3713683951074
W10004_1032/PHZ51,63.9606323970752,-1.58926400196773,0,2357,1,2357,0,0,-1.58926400196773,62.3713683951074
W10004_1037/PHK76,63.9606323970752,-1.05317200414697,0,2358,1,2358,0,0,-1.05317200414697,62.9074603929282
W10004_1037/PHP02,63.9606323970752,-1.0530252650039,0,2359,1,2359,0,0,-1.0530252650039,62.9076071320713
W10004_1037/PHZ51,63.9606323970752,-1.0530252650039,0,2360,1,2360,0,0,-1.0530252650039,62.9076071320713
W10004_1045/PHK76,63.9606323970752,-1.32240009629742,0,2361,1,2361,0,0,-1.32240009629742,62.6382323007778
W10004_1045/PHP02,63.9606323970752,-1.32240009629742,0,2362,1,2362,0,0,-1.32240009629742,62.6382323007778
W10004_1045/PHZ51,63.9606323970752,-1.32240009629742,0,2363,1,2363,0,0,-1.32240009629742,62.6382323007778
W10004_1052/PHK76,63.9606323970752,-1.1752799341522,0,2364,1,2364,0,0,-1.1752799341522,62.785352462923
W10004_1052/PHP02,63.9606323970752,-1.1752799341522,0,2365,1,2365,0,0,-1.1752799341522,62.785352462923
W10004_1052/PHZ51,63.9606323970752,-1.1752799341522,0,2366,1,2366,0,0,-1.1752799341522,62.785352462923
W10004_1057/PHK76,63.9606323970752,-1.78079469409951,0,2367,1,2367,0,0,-1.78079469409951,62.1798377029757
W10004_1057/PHP02,63.9606323970752,-1.78079469409951,0,2368,1,2368,0,0,-1.78079469409951,62.1798377029757
W10004_1057/PHZ51,63.9606323970752,-1.78079469409951,0,2369,1,2369,0,0,-1.78079469409951,62.1798377029757
W10004_1063/PHK76,63.9606323970752,-1.44072964471431,0,2370,1,2370,0,0,-1.44072964471431,62.5199027523609
W10004_1063/PHP02,63.9606323970752,-1.44072964471431,0,2371,1,2371,0,0,-1.44072964471431,62.5199027523609
W10004_1063/PHZ51,63.9606323970752,-1.44072964471431,0,2372,1,2372,0,0,-1.44072964471431,62.5199027523609
W10004_1064/PHK76,63.9606323970752,-1.46737388437508,0,2373,1,2373,0,0,-1.46737388437508,62.4932585127001
W10004_1064/PHP02,63.9606323970752,-1.46737388437508,0,2374,1,2374,0,0,-1.46737388437508,62.4932585127001
W10004_1064/PHZ51,63.9606323970752,-1.46737388437508,0,2375,1,2375,0,0,-1.46737388437508,62.4932585127001
W10004_1072/PHK76,63.9606323970752,-1.17906062628683,0,2376,1,2376,0,0,-1.17906062628683,62.7815717707883
W10004_1072/PHP02,63.9606323970752,-1.17906062628683,0,2377,1,2377,0,0,-1.17906062628683,62.7815717707883
W10004_1072/PHZ51,63.9606323970752,-1.17906062628683,0,2378,1,2378,0,0,-1.17906062628683,62.7815717707883
W10004_1080/PHK76,63.9606323970752,-0.676850424511929,0,2379,1,2379,0,0,-0.676850424511929,63.2837819725632
W10004_1080/PHP02,63.9606323970752,-0.676850424511929,0,2380,1,2380,0,0,-0.676850424511929,63.2837819725632
W10004_1080/PHZ51,63.9606323970752,-0.676850424511929,0,2381,1,2381,0,0,-0.676850424511929,63.2837819725632
W10004_1081/PHK76,63.9606323970752,-0.756622492591437,0,2382,1,2382,0,0,-0.756622492591437,63.2040099044837
W10004_1081/PHP02,63.9606323970752,-0.756622492591437,0,2383,1,2383,0,0,-0.756622492591437,63.2040099044837
W10004_1081/PHZ51,63.9606323970752,-0.756622492591437,0,2384,1,2384,0,0,-0.756622492591437,63.2040099044837
W10004_1084/PHK76,63.9606323970752,-1.1055734024114,0,2385,1,2385,0,0,-1.1055734024114,62.8550589946638
W10004_1084/PHP02,63.9606323970752,-1.1055734024114,0,2386,1,2386,0,0,-1.1055734024114,62.8550589946638
W10004_1084/PHZ51,63.9606323970752,-1.1055734024114,0,2387,1,2387,0,0,-1.1055734024114,62.8550589946638
W10004_1099/PHK76,63.9606323970752,-1.00225187382295,0,2388,1,2388,0,0,-1.00225187382295,62.9583805232522
W10004_1099/PHP02,63.9606323970752,-1.00225187382295,0,2389,1,2389,0,0,-1.00225187382295,62.9583805232522
W10004_1099/PHZ51,63.9606323970752,-1.00225187382295,0,2390,1,2390,0,0,-1.00225187382295,62.9583805232522
W10004_1104/PHK76,63.9606323970752,-1.28217883740829,0,2391,1,2391,0,0,-1.28217883740829,62.6784535596669
W10004_1104/PHP02,63.9606323970752,-1.28217883740829,0,2392,1,2392,0,0,-1.28217883740829,62.6784535596669
W10004_1104/PHZ51,63.9606323970752,-1.28217883740829,0,2393,1,2393,0,0,-1.28217883740829,62.6784535596669
W10004_1105/PHK76,63.9606323970752,-1.32111492254734,0,2394,1,2394,0,0,-1.32111492254734,62.6395174745278
W10004_1105/PHP02,63.9606323970752,-1.32111492254734,0,2395,1,2395,0,0,-1.32111492254734,62.6395174745278
W10004_1105/PHZ51,63.9606323970752,-1.32111492254734,0,2396,1,2396,0,0,-1.32111492254734,62.6395174745278
W10004_1112/PHK76,63.9606323970752,-0.111208580250998,0,2397,1,2397,0,0,-0.111208580250998,63.8494238168242
W10004_1112/PHP02,63.9606323970752,-0.111208580250998,0,2398,1,2398,0,0,-0.111208580250998,63.8494238168242
W10004_1112/PHZ51,63.9606323970752,-0.111208580250998,0,2399,1,2399,0,0,-0.111208580250998,63.8494238168242
W10004_1117/PHK76,63.9606323970752,-1.6410676513725,0,2400,1,2400,0,0,-1.6410676513725,62.3195647457027
W10004_1117/PHP02,63.9606323970752,-1.6410676513725,0,2401,1,2401,0,0,-1.6410676513725,62.3195647457027
W10004_1117/PHZ51,63.9606323970752,-1.6410676513725,0,2402,1,2402,0,0,-1.6410676513725,62.3195647457027
W10004_1118/PHK76,63.9606323970752,-1.27189153996669,0,2403,1,2403,0,0,-1.27189153996669,62.6887408571085
W10004_1118/PHP02,63.9606323970752,-1.27189153996669,0,2404,1,2404,0,0,-1.27189153996669,62.6887408571085
W10004_1118/PHZ51,63.9606323970752,-1.27189153996669,0,2405,1,2405,0,0,-1.27189153996669,62.6887408571085
W10004_1123/PHK76,63.9606323970752,-1.19521593545391,0,2406,1,2406,0,0,-1.19521593545391,62.7654164616213
W10004_1123/PHP02,63.9606323970752,-1.19521593545391,0,2407,1,2407,0,0,-1.19521593545391,62.7654164616213
W10004_1123/PHZ51,63.9606323970752,-1.19521593545391,0,2408,1,2408,0,0,-1.19521593545391,62.7654164616213
W10004_1140/PHK76,63.9606323970752,-1.28702295998688,0,2409,1,2409,0,0,-1.28702295998688,62.6736094370883
W10004_1140/PHP02,63.9606323970752,-1.28702295998688,0,2410,1,2410,0,0,-1.28702295998688,62.6736094370883
W10004_1140/PHZ51,63.9606323970752,-1.28702295998688,0,2411,1,2411,0,0,-1.28702295998688,62.6736094370883
W10004_1143/PHK76,63.9606323970752,-1.72182266263628,0,2412,1,2412,0,0,-1.72182266263628,62.2388097344389
W10004_1143/PHP02,63.9606323970752,-1.72182266263628,0,2413,1,2413,0,0,-1.72182266263628,62.2388097344389
W10004_1143/PHZ51,63.9606323970752,-1.72182266263628,0,2414,1,2414,0,0,-1.72182266263628,62.2388097344389
W10004_1146/PHK76,63.9606323970752,-0.860779639292064,0,2415,1,2415,0,0,-0.860779639292064,63.0998527577831
W10004_1146/PHP02,63.9606323970752,-0.860779639292064,0,2416,1,2416,0,0,-0.860779639292064,63.0998527577831
W10004_1146/PHZ51,63.9606323970752,-0.860779639292064,0,2417,1,2417,0,0,-0.860779639292064,63.0998527577831
W10004_1156/PHK76,63.9606323970752,-1.03709364879925,0,2418,1,2418,0,0,-1.03709364879925,62.9235387482759
W10004_1156/PHP02,63.9606323970752,-1.03709364879925,0,2419,1,2419,0,0,-1.03709364879925,62.9235387482759
W10004_1156/PHZ51,63.9606323970752,-1.03709364879925,0,2420,1,2420,0,0,-1.03709364879925,62.9235387482759
