,het.snp,maf,r
S1_1007742,0.90702479338843,0.453512396694215,0.327628437231559
S1_1020677,0.524380165289256,0.262190082644628,0.519897870570238
S1_2018002,0.26900826446281,0.134504132231405,0.221705729705454
S1_2275970,0.442148760330579,0.221074380165289,0.0745645102074491
S1_2800964,0.217768595041322,0.108884297520661,0.729313718374658
S1_2811950,0.274793388429752,0.137396694214876,-0.183011172952861
S1_2888631,0.196280991735537,0.0981404958677686,0.186915147099136
S1_3023078,0.226859504132231,0.113429752066116,0.333097261609783
S1_3027593,0.725619834710744,0.362809917355372,-0.387611623379588
S1_3113549,0.309504132231405,0.154752066115702,-0.0973943745387652
S1_3165324,0.370661157024793,0.185330578512397,-0.0541646680238832
S1_3224170,0.467768595041322,0.233884297520661,0.490754764476791
S1_3370337,0.178512396694215,0.0892561983471074,0.228253109811748
S1_3371362,0.806611570247934,0.403305785123967,0.75079447673307
S1_4082864,0.722727272727273,0.361363636363636,0.39236187736241
S1_4083443,0.286363636363636,0.143181818181818,0.127264126845188
S1_4091412,0.631818181818182,0.315909090909091,0.640079230673502
S1_4860666,0.778925619834711,0.389462809917355,0.28110512620913
S1_5050985,0.226446280991736,0.113223140495868,0.284781912054104
S1_5051275,0.783057851239669,0.391528925619835,0.0422010790426348
S1_5840281,0.125619834710744,0.0628099173553719,0.113224669323241
S1_6247673,0.466115702479339,0.233057851239669,0.589550183025101
S1_6726074,0.363223140495868,0.181611570247934,0.481564678027153
S1_7019860,0.684297520661157,0.342148760330579,0.429179629509098
S1_8308877,0.652892561983471,0.326446280991736,0.458156488099107
S1_8424731,0.54504132231405,0.272520661157025,0.320512500063997
S1_8614659,0.686776859504132,0.343388429752066,0.840441241365107
S1_8614992,0.610743801652893,0.305371900826446,-0.0050458680360847
S1_9818592,0.355785123966942,0.177892561983471,-0.050619756065666
S1_10680837,0.626446280991735,0.313223140495868,0.696086078980144
S1_10913935,0.633471074380165,0.316735537190083,0.0781765705918966
S1_12066883,0.413636363636364,0.206818181818182,0.333154783959274
S1_13721542,0.671900826446281,0.335950413223141,0.41235821538319
S1_17043397,0.588842975206612,0.294421487603306,0.664882117870219
S1_17084072,0.518181818181818,0.259090909090909,0.351253557207454
S1_17880318,0.548347107438017,0.274173553719008,0.546530384890055
S1_19199917,0.787190082644628,0.393595041322314,0.290754982926754
S1_19533759,0.35495867768595,0.177479338842975,0.0450786501198
S1_19817258,0.534297520661157,0.267148760330578,0.0493612118097319
S1_19954785,0.212396694214876,0.106198347107438,-0.124106592313473
S1_21625862,0.39504132231405,0.197520661157025,0.475140319322492
S1_22816035,0.529752066115702,0.264876033057851,0.768869803370697
S1_22826147,0.641735537190083,0.320867768595041,0.150634542759437
S1_24749523,0.159090909090909,0.0795454545454545,0.346141858291729
S1_24898795,0.546694214876033,0.273347107438017,0.776468492847112
S1_25897362,0.473140495867769,0.236570247933884,0.94103287467093
S1_25904060,0.44297520661157,0.221487603305785,0.624917011736876
S1_25937934,0.670661157024793,0.335330578512397,0.261548396696183
S1_26652199,0.168595041322314,0.084297520661157,0.640636454204299
S1_27721183,0.25495867768595,0.127479338842975,0.496955359605181
S1_27978807,0.380165289256198,0.190082644628099,0.0797831837337081
S1_28862889,0.291735537190083,0.145867768595041,0.318770146480367
S1_28901698,0.276446280991736,0.138223140495868,0.650642753875467
S1_28901862,0.474380165289256,0.237190082644628,0.749421631391032
S1_29134257,0.346694214876033,0.173347107438017,0.603927452009296
S1_29231650,0.163223140495868,0.0816115702479339,0.966562473379124
S1_29231833,0.172727272727273,0.0863636363636364,0.978575812002302
S1_29238866,0.176446280991736,0.0882231404958678,0.543015426174784
S1_31207798,0.342561983471074,0.171280991735537,0.316667058807431
S1_36920546,0.469834710743802,0.234917355371901,0.840066040504399
S1_38158762,0.475206611570248,0.237603305785124,0.765217222367236
S1_38176608,0.604132231404959,0.302066115702479,0.43540743099999
S1_39740428,0.259917355371901,0.12995867768595,0.5690913858124
S1_39838119,0.518595041322314,0.259297520661157,0.347645913914673
S1_42912973,0.598347107438017,0.299173553719008,0.606401053378341
S1_42953805,0.398347107438017,0.199173553719008,0.780012795868071
S1_42966940,0.475619834710744,0.237809917355372,0.728655277366722
S1_42979644,0.606198347107438,0.303099173553719,-0.069153060741116
S1_44793022,0.150826446280992,0.0754132231404959,-0.31379884720878
S1_45597675,0.37396694214876,0.18698347107438,0.648524088126509
S1_49461817,0.421074380165289,0.210537190082645,0.864480563242306
S1_49469580,0.485537190082645,0.242768595041322,0.993387698072078
S1_49580955,0.483884297520661,0.241942148760331,1
S1_49594425,0.483884297520661,0.241942148760331,0.984281946919647
S1_49649087,0.484297520661157,0.242148760330578,0.996696750795983
S1_49651854,0.48595041322314,0.24297520661157,1
S1_49651956,0.48595041322314,0.24297520661157,0.833540905393241
S1_50588263,0.404132231404959,0.202066115702479,0.963196586943058
S1_50607304,0.422314049586777,0.211157024793388,0.826485014103645
S1_51051541,0.350826446280992,0.175413223140496,0.613497988395991
S1_52103257,0.553305785123967,0.276652892561983,0.582242916270973
S1_53696912,0.465702479338843,0.232851239669421,0.198822413528772
S1_54271779,0.21198347107438,0.10599173553719,-0.0442873197239571
S1_54626740,0.0863636363636364,0.0431818181818182,1
S1_54626750,0.0863636363636364,0.0431818181818182,0.272470010768339
S1_54817368,0.528925619834711,0.264462809917355,0.671271206878544
S1_55004474,0.683471074380165,0.341735537190083,0.935927127214996
S1_55146349,0.672727272727273,0.336363636363636,0.321123124970333
S1_55541386,0.244628099173554,0.122314049586777,0.563839894487132
S1_61260951,0.16198347107438,0.0809917355371901,0.628449237405248
S1_61754639,0.296280991735537,0.148140495867769,-0.138901550516626
S1_61799908,0.407851239669421,0.203925619834711,0.456336141101989
S1_63022674,0.571900826446281,0.285950413223141,0.659489865230989
S1_63293951,0.753305785123967,0.376652892561983,0.209082325358321
S1_64145901,0.117768595041322,0.0588842975206612,-0.0780877301962986
S1_65380919,0.15,0.075,0.378396907751243
S1_67232203,0.552066115702479,0.27603305785124,0.731231808261337
S1_67655530,0.67603305785124,0.33801652892562,0.976396194146181
S1_67930774,0.682231404958678,0.341115702479339,0.504396186411674
S1_67930852,0.356611570247934,0.178305785123967,0.135988079907981
S1_68588019,0.335537190082645,0.167768595041322,0.695550026545453
S1_69884958,0.441322314049587,0.220661157024793,0.324542759464232
S1_70237562,0.560330578512397,0.280165289256198,-0.295540298544372
S1_70237837,0.540495867768595,0.270247933884298,-0.0252492264471969
S1_70787556,0.689669421487603,0.344834710743802,0.479724467698604
S1_71083982,0.347107438016529,0.173553719008264,-0.247715755199194
S1_72143952,0.408677685950413,0.204338842975207,0.914167657447135
S1_72143965,0.366115702479339,0.183057851239669,-0.182266337318993
S1_74028862,0.308264462809917,0.154132231404959,-0.350772140219845
S1_76061725,0.236776859504132,0.118388429752066,0.311223209980387
S1_79764069,0.700413223140496,0.350206611570248,0.460180710094455
S1_79974668,0.363223140495868,0.181611570247934,-0.374944030052989
S1_81902385,0.264462809917355,0.132231404958678,0.18443469624111
S1_82376170,0.400826446280992,0.200413223140496,-0.31855077513408
S1_82824904,0.369421487603306,0.184710743801653,0.222596326911526
S1_83001157,0.21404958677686,0.10702479338843,0.0658351539866203
S1_84350697,0.857438016528926,0.428719008264463,0.359854801201817
S1_85241654,0.447520661157025,0.223760330578512,0.658457174123113
S1_85242735,0.263223140495868,0.131611570247934,0.182946152534707
S1_90306830,0.815289256198347,0.407644628099174,0.151007308710109
S1_98537890,0.340495867768595,0.170247933884298,0.608771972947696
S1_99764648,0.207438016528926,0.103719008264463,0.388664648570318
S1_104266693,0.539669421487603,0.269834710743802,0.28838587505664
S1_112531942,0.72396694214876,0.36198347107438,0.179225742663128
S1_154626318,0.689669421487603,0.344834710743802,0.409932896164819
S1_160143536,0.277685950413223,0.138842975206612,0.786711897535528
S1_168376973,0.295867768595041,0.147933884297521,0.501799751229078
S1_171255509,0.549173553719008,0.274586776859504,-0.0749726083094405
S1_174893075,0.365289256198347,0.182644628099174,0.306065398117673
S1_175592912,0.314876033057851,0.157438016528926,0.422518721677322
S1_177307583,0.250826446280992,0.125413223140496,1
S1_177307602,0.250826446280992,0.125413223140496,0.178413920344183
S1_177392527,0.137603305785124,0.068801652892562,0.268984496429808
S1_177392973,0.68801652892562,0.34400826446281,-0.221378468658496
S1_184392265,0.476859504132231,0.238429752066116,0.322241927459693
S1_186695297,0.0962809917355372,0.0481404958677686,0.303221125052879
S1_188811188,0.455785123966942,0.227892561983471,0.488432670162151
S1_188811510,0.166528925619835,0.0832644628099174,-0.382433932102106
S1_192214923,0.466528925619835,0.233264462809917,-0.0493631603133087
S1_193302766,0.610330578512397,0.305165289256198,0.599428176512248
S1_193403593,0.382644628099174,0.191322314049587,0.517362941691828
S1_194747821,0.363223140495868,0.181611570247934,0.0393062280623927
S1_194883376,0.727685950413223,0.363842975206612,0.527928319721825
S1_194883734,0.426859504132231,0.213429752066116,0.0786942311101649
S1_195755225,0.705785123966942,0.352892561983471,0.980133232130081
S1_195765736,0.714049586776859,0.35702479338843,0.0461789628170562
S1_197658534,0.379338842975207,0.189669421487603,0.0846339598727211
S1_199031309,0.221900826446281,0.11095041322314,0.147566223323585
S1_203690794,0.826446280991736,0.413223140495868,0.134095381697743
S1_205867610,0.515289256198347,0.257644628099174,0.472361240993242
S1_206556648,0.793801652892562,0.396900826446281,-0.172036502696353
S1_210194624,0.10495867768595,0.0524793388429752,0.294002221775955
S1_213603082,0.305371900826446,0.152685950413223,0.175743402836468
S1_216085070,0.837190082644628,0.418595041322314,0.149043375984498
S1_216441690,0.20495867768595,0.102479338842975,0.958078681306576
S1_217340021,0.214876033057851,0.107438016528926,-0.579107457408165
S1_218784296,0.590495867768595,0.295247933884298,-0.424173681072323
S1_220931854,0.205785123966942,0.102892561983471,-0.157322589830049
S1_221188116,0.114462809917355,0.0572314049586777,-0.224813303263682
S1_222074998,0.311157024793388,0.155578512396694,0.972135204896295
S1_222145931,0.299173553719008,0.149586776859504,0.579468220433553
S1_224504536,0.141322314049587,0.0706611570247934,0.548409655265369
S1_224955996,0.347520661157025,0.173760330578512,0.777130654727049
S1_225214186,0.46198347107438,0.23099173553719,0.437238817254319
S1_226580848,0.344628099173554,0.172314049586777,0.471749999520575
S1_227214041,0.110330578512397,0.0551652892561983,0.468974743179834
S1_227836197,0.344628099173554,0.172314049586777,0.646988924706064
S1_228067077,0.538429752066116,0.269214876033058,-0.153455009290121
S1_228777111,0.752066115702479,0.37603305785124,0.546384638501603
S1_229362381,0.699586776859504,0.349793388429752,0.445436337353079
S1_229614348,0.921487603305785,0.460743801652893,0.418493751958736
S1_229624647,0.672727272727273,0.336363636363636,0.480257354247172
S1_231144006,0.340082644628099,0.17004132231405,-0.69621903177044
S1_231670600,0.492148760330579,0.246074380165289,-0.0110111145655592
S1_234071369,0.441322314049587,0.220661157024793,0.220421597553778
S1_237980181,0.92396694214876,0.46198347107438,0.170083075234086
S1_239778934,0.305785123966942,0.152892561983471,1
S1_239779108,0.305785123966942,0.152892561983471,0.291345674176071
S1_239974458,0.838429752066116,0.419214876033058,-0.0825708644608658
S1_240319705,0.478925619834711,0.239462809917355,0.186418672936931
S1_245927550,0.343388429752066,0.171694214876033,0.272214345405688
S1_246327000,0.198760330578512,0.0993801652892562,-0.0405261870614841
S1_246528913,0.702479338842975,0.351239669421488,0.138250523146958
S1_246930727,0.0508264462809917,0.0254132231404959,-0.0990925571495093
S1_250252471,0.15495867768595,0.0774793388429752,-0.194537658324308
S1_250258514,0.171074380165289,0.0855371900826446,0.642561459109567
S1_250313669,0.31900826446281,0.159504132231405,0.594702159728988
S1_251426821,0.376859504132231,0.188429752066116,0.573801583833019
S1_252128005,0.605371900826446,0.302685950413223,0.362542610186235
S1_252189312,0.917355371900826,0.458677685950413,0.156253548676486
S1_254268145,0.213223140495868,0.106611570247934,-0.239327063094943
S1_254730123,0.20495867768595,0.102479338842975,-0.265621469937216
S1_254731990,0.214876033057851,0.107438016528926,0.842876201420153
S1_254732450,0.278099173553719,0.139049586776859,0.986787338341461
S1_254738006,0.283471074380165,0.141735537190083,0.54002288147711
S1_254980069,0.572314049586777,0.286157024793388,0.312863416436582
S1_255339302,0.916528925619835,0.458264462809917,0.534484376735017
S1_255352181,0.758264462809917,0.379132231404959,0.364860191073894
S1_257312468,0.342561983471074,0.171280991735537,-0.13292275609077
S1_258510992,0.0933884297520661,0.0466942148760331,-0.285903946007365
S1_259134135,0.466528925619835,0.233264462809917,0.313193776782204
S1_259401874,0.313223140495868,0.156611570247934,0.218367274754722
S1_260544980,0.856198347107438,0.428099173553719,0.187269319811548
S1_261456944,0.208677685950413,0.104338842975207,0.547558936239449
S1_261563363,0.0826446280991736,0.0413223140495868,-0.324178442891596
S1_261565696,0.538429752066116,0.269214876033058,0.0262500647385248
S1_262832685,0.655371900826446,0.327685950413223,0.962448575203715
S1_262984673,0.66404958677686,0.33202479338843,-0.00403870531506814
S1_263089262,0.53099173553719,0.265495867768595,-0.702057814670687
S1_263089768,0.303305785123967,0.151652892561983,0.235400311152859
S1_263869417,0.597520661157025,0.298760330578512,0.393913822399428
S1_264032977,0.905371900826446,0.452685950413223,0.492422769520751
S1_264033204,0.706611570247934,0.353305785123967,-0.0650417955737247
S1_268833938,0.405371900826446,0.202685950413223,0.358352614125689
S1_269114894,0.834710743801653,0.417355371900826,0.12547365720055
S1_273735827,0.595867768595041,0.297933884297521,0.404600900109741
S1_274475634,0.247933884297521,0.12396694214876,0.157370449623454
S1_275604002,0.524793388429752,0.262396694214876,0.810295805507676
S1_275722303,0.445867768595041,0.222933884297521,0.658625398136986
S1_275837252,0.393801652892562,0.196900826446281,0.654132069343119
S1_275887092,0.602892561983471,0.301446280991736,0.368268218652447
S1_277707178,0.527272727272727,0.263636363636364,-0.187236791452905
S1_278757478,0.202066115702479,0.10103305785124,0.153161766283929
S1_278982963,0.467768595041322,0.233884297520661,0.164196179966909
S1_281052067,0.178512396694215,0.0892561983471074,-0.48317594761017
S1_281681637,0.586776859504132,0.293388429752066,0.236451139300867
S1_281860320,0.677685950413223,0.338842975206612,0.231178439665301
S1_281860733,0.349586776859504,0.174793388429752,0.277882871261595
S1_281904515,0.874380165289256,0.437190082644628,0.283460771130164
S1_282025244,0.358677685950413,0.179338842975207,0.872639047080666
S1_282332826,0.415702479338843,0.207851239669421,0.28754897364614
S1_282429723,0.193388429752066,0.0966942148760331,0.825352100011246
S1_282430143,0.260330578512397,0.130165289256198,0.137435381807103
S1_282641564,0.31900826446281,0.159504132231405,0.272136116269319
S1_282866022,0.538842975206612,0.269421487603306,0.455789387139499
S1_282961510,0.512396694214876,0.256198347107438,0.503467370898821
S1_283696325,0.261570247933884,0.130785123966942,-0.366161556273643
S1_284567398,0.276859504132231,0.138429752066116,0.71440997256462
S1_284775241,0.424793388429752,0.212396694214876,0.607271198323773
S1_284776735,0.21404958677686,0.10702479338843,0.0096251933310489
S1_284862230,0.641735537190083,0.320867768595041,0.803036278619473
S1_284896531,0.69297520661157,0.346487603305785,0.707355975305385
S1_285109719,0.588842975206612,0.294421487603306,0.715633616172088
S1_285256763,0.514462809917355,0.257231404958678,-0.200193705456752
S1_287013302,0.356611570247934,0.178305785123967,0.276986581425914
S1_287112427,0.853305785123967,0.426652892561983,0.232440564899104
S1_287158098,0.243388429752066,0.121694214876033,0.12939976945265
S1_287767988,0.386363636363636,0.193181818181818,0.222281347196406
S1_287896811,0.722727272727273,0.361363636363636,0.582120270224034
S1_287897109,0.46900826446281,0.234504132231405,-0.491296784375721
S1_287955406,0.226859504132231,0.113429752066116,0.168802167285155
S1_287995733,0.529338842975207,0.264669421487603,0.151921347542425
S1_288426011,0.421074380165289,0.210537190082645,0.270995271705497
S1_288426392,0.276859504132231,0.138429752066116,0.278027019332484
S1_289282560,0.147933884297521,0.0739669421487603,0.472895913435322
S1_289484026,0.420247933884298,0.210123966942149,0.814112436861152
S1_289558741,0.339669421487603,0.169834710743802,0.398790708947633
S1_289561097,0.0756198347107438,0.0378099173553719,0.148697935779095
S1_290780255,0.738842975206612,0.369421487603306,0.511530613506537
S1_291863254,0.76404958677686,0.38202479338843,-0.224906255129703
S1_291904261,0.370247933884297,0.185123966942149,0.0259934897091469
S1_291936844,0.164876033057851,0.0824380165289256,0.469063927244003
S1_292131439,0.456611570247934,0.228305785123967,-0.259483833615592
S1_292188211,0.474380165289256,0.237190082644628,0.194436765578003
S1_292189290,0.724793388429752,0.362396694214876,-0.225316195382306
S1_292559475,0.166942148760331,0.0834710743801653,-0.00133402213823288
S1_292607286,0.15702479338843,0.0785123966942149,0.230228210254373
S1_293322158,0.230578512396694,0.115289256198347,-0.587322506434642
S1_293666348,0.536776859504132,0.268388429752066,0.131586291141347
S1_295606882,0.661157024793388,0.330578512396694,0.504121882159837
S1_295655169,0.660330578512397,0.330165289256198,0.113542629554324
S1_295655425,0.379752066115703,0.189876033057851,0.392083892779989
S1_295841168,0.758264462809917,0.379132231404959,0.321863467694349
S1_295842024,0.318595041322314,0.159297520661157,0.707323917930917
S1_295847759,0.316528925619835,0.158264462809917,0.229033978049748
S1_296263882,0.478099173553719,0.23904958677686,-0.28311391462601
S1_297129406,0.371074380165289,0.185537190082645,-0.283165121136994
S1_297155444,0.314876033057851,0.157438016528926,0.467049362693913
S1_297299124,0.258677685950413,0.129338842975207,0.0869123425729835
S1_297835206,0.0305785123966942,0.0152892561983471,0.0626791225593198
S1_298732606,0.39504132231405,0.197520661157025,0.279393647728539
S1_299366946,0.0805785123966942,0.0402892561983471,0.0199690039188758
S1_300685135,0.602892561983471,0.301446280991736,0.507873582899668
S1_300695527,0.546694214876033,0.273347107438017,0.643385938558126
S1_300813218,0.558677685950413,0.279338842975207,0.505214455187047
S1_301040186,0.315702479338843,0.157851239669421,0.457602962884402
S1_301110783,0.249173553719008,0.124586776859504,0.195425862485035
S1_301963810,0.164462809917355,0.0822314049586777,0.764232196705149
S1_301963849,0.252066115702479,0.12603305785124,0.243340441609203
S1_302074583,0.82396694214876,0.41198347107438,-0.0960807471238609
S1_302268166,0.389256198347107,0.194628099173554,0.973254306838854
S1_302268806,0.376446280991736,0.188223140495868,0.168491280167661
S1_302390178,0.450826446280992,0.225413223140496,-0.380947473909119
S1_302444783,0.190909090909091,0.0954545454545455,-0.418031393814555
S1_302949773,0.543388429752066,0.271694214876033,0.34926344636172
S1_302964739,0.429752066115702,0.216115702479339,0.400315244127668
S1_302969587,0.109504132231405,0.0572314049586777,0.435050052439363
S1_303116466,0.358677685950413,0.179338842975207,-0.31156191451154
S1_303133452,0.153719008264463,0.0768595041322314,-0.292988011808501
S1_303135603,0.372727272727273,0.186363636363636,0.0954492229440119
S1_303597643,0.226446280991736,0.113223140495868,-0.30549018098983
S1_303600537,0.241735537190083,0.120867768595041,-0.322510216369068
S1_303814543,0.263636363636364,0.131818181818182,0.312311272159804
S1_303825999,0.733057851239669,0.366528925619835,0.992610850086715
S1_303832934,0.73595041322314,0.36797520661157,-0.71023434507819
S1_303847256,0.15702479338843,0.0785123966942149,-0.0241970995441151
S1_304921234,0.472727272727273,0.236363636363636,-0.195164994000041
S1_304923212,0.316115702479339,0.158057851239669,0.449934248849416
S1_305086630,0.340082644628099,0.17004132231405,0.090084285836439
S1_305453976,0.43595041322314,0.21797520661157,0.792420735399854
S1_305526698,0.338429752066116,0.169214876033058,0.412803898910342
S1_306125534,0.679338842975207,0.339669421487603,0.35302840650846
S1_306272682,0.274380165289256,0.137190082644628,0.221495554396782
S1_306412211,0.188842975206612,0.0944214876033058,-0.306897792157833
S1_307484303,0.370661157024793,0.185330578512397,0.121514081702235
S2_1031301,0.487190082644628,0.243595041322314,0.456772250283086
S2_1186838,0.593388429752066,0.296694214876033,0.300197201478924
S2_1703653,0.530578512396694,0.265289256198347,-0.0837035759229598
S2_1817244,0.120661157024793,0.0603305785123967,-0.371528721708527
S2_1817603,0.508264462809917,0.254132231404959,0.633100113128326
S2_1817934,0.565289256198347,0.282644628099174,0.274945566939287
S2_1836809,0.516942148760331,0.258471074380165,-0.128036075597827
S2_2386652,0.470247933884298,0.235123966942149,-0.0218334520534734
S2_2532588,0.568595041322314,0.284297520661157,-0.0183385710436067
S2_2627244,0.187190082644628,0.0935950413223141,1
S2_2627262,0.187190082644628,0.0935950413223141,1
S2_2627324,0.187190082644628,0.0935950413223141,-0.219915868740397
S2_2631480,0.173553719008264,0.0867768595041322,-0.115828778182163
S2_2926780,0.0884297520661157,0.0442148760330578,0.161328265005152
S2_3382610,0.746694214876033,0.373347107438017,0.114470730734055
S2_4269020,0.0371900826446281,0.0185950413223141,-0.0905724394899247
S2_4413966,0.19297520661157,0.0964876033057851,-0.133721965438052
S2_4542405,0.0847107438016529,0.0423553719008264,0.355155801067459
S2_4588881,0.268181818181818,0.134090909090909,0.957212441974961
S2_4589048,0.283057851239669,0.141528925619835,0.471539541613746
S2_5456337,0.159090909090909,0.0795454545454545,0.230431938537834
S2_6240783,0.693388429752066,0.346694214876033,0.394079192136784
S2_6242936,0.259917355371901,0.12995867768595,0.828880029714485
S2_6256948,0.337190082644628,0.168595041322314,0.40317355654121
S2_6265132,0.757851239669421,0.378925619834711,0.240019913845927
S2_7036759,0.200826446280992,0.100413223140496,0.272386579930195
S2_7378367,0.19297520661157,0.0964876033057851,-0.516439727864195
S2_7378516,0.527272727272727,0.263636363636364,0.641741008727115
S2_7563816,0.579338842975207,0.289669421487603,0.17005013569973
S2_7873874,0.240495867768595,0.120247933884298,0.908543846545601
S2_8726771,0.241735537190083,0.120867768595041,0.782893847040267
S2_9227661,0.170661157024793,0.0853305785123967,0.395632618565625
S2_9327647,0.456611570247934,0.228305785123967,0.764316278954354
S2_9358059,0.579338842975207,0.289669421487603,0.632259563660618
S2_9442286,0.577685950413223,0.288842975206612,-0.0996466543988763
S2_10412192,0.541735537190083,0.270867768595041,0.668174623053068
S2_10418334,0.345454545454545,0.172727272727273,0.46053927744944
S2_10607019,0.17603305785124,0.0880165289256198,0.991536119398917
S2_10607249,0.178512396694215,0.0892561983471074,0.448782153276143
S2_10777567,0.457851239669421,0.228925619834711,0.372160943771218
S2_11877524,0.172727272727273,0.0863636363636364,0.146976435681381
S2_12181925,0.825206611570248,0.412603305785124,0.882764552207106
S2_12448967,0.824380165289256,0.412190082644628,0.185447579767976
S2_12512623,0.183884297520661,0.0919421487603306,0.669524058840966
S2_12539331,0.0917355371900826,0.0458677685950413,0.0261870763245446
S2_12857644,0.0731404958677686,0.0365702479338843,-0.0241790064911113
S2_13163519,0.118181818181818,0.0590909090909091,-0.192461923080002
S2_13838433,0.291322314049587,0.145661157024793,0.553207389317637
S2_14262838,0.56198347107438,0.28099173553719,0.985745936049715
S2_14263620,0.565702479338843,0.282851239669421,0.40591077357073
S2_14334805,0.18595041322314,0.0929752066115702,0.385604690746831
S2_15000603,0.571900826446281,0.285950413223141,0.592132343336863
S2_15153785,0.51198347107438,0.25599173553719,0.611266638517646
S2_15463005,0.288842975206612,0.144421487603306,0.419679225807539
S2_16203011,0.697520661157025,0.348760330578512,0.805169345596444
S2_16521276,0.628925619834711,0.314462809917355,0.335432996789159
S2_16864137,0.197107438016529,0.0985537190082645,0.679656286307769
S2_16915464,0.160743801652893,0.0803719008264463,0.868680526627246
S2_16970778,0.194214876033058,0.0971074380165289,0.352920950152437
S2_16989115,0.634710743801653,0.317355371900826,0.783489708728495
S2_16989298,0.516115702479339,0.258057851239669,0.524314773535405
S2_18901095,0.45495867768595,0.227479338842975,-0.129521909184545
S2_19041249,0.238429752066116,0.119214876033058,0.415040123380283
S2_19420024,0.525619834710744,0.262809917355372,0.135001112080773
S2_19420945,0.18595041322314,0.0929752066115702,-0.0200909270777657
S2_20573368,0.721074380165289,0.360537190082645,0.0971974996577904
S2_21862521,0.113223140495868,0.0566115702479339,0.968862342097117
S2_21863424,0.10702479338843,0.0535123966942149,0.213182158622105
S2_23121387,0.602066115702479,0.30103305785124,0.651597793728276
S2_23345860,0.602066115702479,0.30103305785124,0.601274494148318
S2_24208693,0.369421487603306,0.184710743801653,-0.374092621367781
S2_24394755,0.208677685950413,0.104338842975207,-0.234222368805735
S2_24396833,0.429752066115702,0.214876033057851,-0.219961297962529
S2_24840757,0.259090909090909,0.129545454545455,0.212096064528081
S2_24985120,0.594214876033058,0.297107438016529,0.59243093557827
S2_25700144,0.654545454545455,0.327272727272727,0.386997489476033
S2_28997989,0.398347107438017,0.199173553719008,0.0779193824836618
S2_31910227,0.478099173553719,0.23904958677686,0.366792306045404
S2_33151923,0.416115702479339,0.208057851239669,-0.105374694690806
S2_34908344,0.178925619834711,0.0894628099173554,-0.112761819453249
S2_36016162,0.166115702479339,0.0830578512396694,-0.304285578841796
S2_38098248,0.374793388429752,0.187396694214876,0.481628271628698
S2_39673401,0.371900826446281,0.18595041322314,-0.275519384388992
S2_41252709,0.113636363636364,0.0568181818181818,0.939362587783415
S2_41252814,0.126859504132231,0.0634297520661157,0.403918597712418
S2_41698654,0.432644628099174,0.216322314049587,0.452432339453502
S2_41789172,0.152066115702479,0.0760330578512397,0.281085508594772
S2_42149885,0.679338842975207,0.339669421487603,-0.13904611744258
S2_44236866,0.224793388429752,0.112396694214876,0.0562779876980784
S2_44764987,0.473553719008264,0.236776859504132,0.529937896688791
S2_44995641,0.210330578512397,0.105165289256198,-0.188299483307057
S2_46237998,0.478925619834711,0.239462809917355,-0.378564196136419
S2_48798382,0.177685950413223,0.0888429752066116,1
S2_48798392,0.177685950413223,0.0888429752066116,0.681881323043008
S2_48924032,0.241735537190083,0.120867768595041,0.0838352748884833
S2_60778442,0.539669421487603,0.269834710743802,0.547051836747682
S2_62113765,0.700413223140496,0.350206611570248,0.256860523728473
S2_67297640,0.791322314049587,0.395661157024793,-0.156623969092112
S2_72016500,0.263636363636364,0.131818181818182,0.0515313397870732
S2_73631324,0.359917355371901,0.17995867768595,0.506742430237412
S2_74218926,0.137190082644628,0.068595041322314,0.15649693656115
S2_82880191,0.866528925619835,0.433264462809917,0.244633727212393
S2_88775207,0.334297520661157,0.167148760330579,-0.0106117046101502
S2_93026118,0.417768595041322,0.208884297520661,0.829626192012199
S2_104739030,0.423140495867769,0.211570247933884,-0.0650827614218336
S2_114366475,0.065702479338843,0.0328512396694215,0.285501910305287
S2_115955959,0.353305785123967,0.176652892561983,0.256222283334358
S2_117129501,0.86900826446281,0.434504132231405,0.572245617153086
S2_117153121,0.726446280991736,0.363223140495868,0.249142067380422
S2_117944462,0.149173553719008,0.0745867768595041,0.283255002720496
S2_124790414,0.674793388429752,0.337396694214876,0.510313027347568
S2_132258688,0.874793388429752,0.437396694214876,0.979139855407822
S2_132258727,0.879338842975207,0.439669421487603,0.675739914618736
S2_132660876,0.775206611570248,0.387603305785124,0.151098742510926
S2_136136229,0.604132231404959,0.302066115702479,0.351526584551052
S2_138368017,0.552066115702479,0.27603305785124,0.617048286397087
S2_140636955,0.53801652892562,0.26900826446281,0.874506114730172
S2_140637074,0.471074380165289,0.235537190082645,-0.0813803400034406
S2_144238392,0.201239669421488,0.100619834710744,0.394667703433371
S2_144711138,0.448760330578512,0.224380165289256,0.303168623966323
S2_148340343,0.440909090909091,0.220454545454545,-0.117905997182341
S2_149286050,0.541322314049587,0.270661157024793,0.618664975162697
S2_149286155,0.311157024793388,0.155578512396694,-0.0760519790082062
S2_150333739,0.446694214876033,0.223347107438017,0.999164326981985
S2_150333856,0.446280991735537,0.223140495867769,-0.430879278061505
S2_150358319,0.297107438016529,0.148553719008264,0.413506632684391
S2_150740548,0.698347107438017,0.349173553719008,0.240316147081851
S2_151392770,0.460330578512397,0.230165289256198,0.967296726177875
S2_151627004,0.47603305785124,0.23801652892562,0.990074395610746
S2_151666689,0.478512396694215,0.239256198347107,-0.0370740482464026
S2_154372022,0.371900826446281,0.18595041322314,0.483189601037832
S2_155999724,0.338429752066116,0.169214876033058,-0.297183177319465
S2_157711561,0.157438016528926,0.0787190082644628,0.725590392319215
S2_158507139,0.239256198347107,0.119628099173554,0.348111023136154
S2_161226600,0.7,0.35,0.397969622608359
S2_161539433,0.269834710743802,0.134917355371901,-0.316857647361177
S2_162066636,0.213636363636364,0.106818181818182,0.87300513424507
S2_162271385,0.192561983471074,0.0962809917355372,0.967585778223689
S2_162875198,0.200413223140496,0.100206611570248,0.396822121429071
S2_162911496,0.604132231404959,0.302066115702479,0.416472149210278
S2_167022852,0.887190082644628,0.443595041322314,0.141081118551285
S2_169534289,0.197933884297521,0.0989669421487603,-0.265304895121047
S2_173429896,0.240909090909091,0.120454545454545,-0.292549803387767
S2_173444037,0.212396694214876,0.106198347107438,0.535165022607162
S2_175277302,0.170661157024793,0.0853305785123967,-0.124560224781479
S2_178994407,0.809917355371901,0.40495867768595,0.138272296312099
S2_179127811,0.393801652892562,0.196900826446281,0.491161979431718
S2_181424418,0.145867768595041,0.0729338842975207,-0.101124885954759
S2_181739483,0.701239669421488,0.350619834710744,1
S2_181739622,0.701239669421488,0.350619834710744,-0.063743236434196
S2_184952096,0.224793388429752,0.112396694214876,-0.00567972679120037
S2_187290798,0.639256198347107,0.319628099173554,0.52621617850521
S2_187653788,0.332231404958678,0.166115702479339,0.199482534745764
S2_188429757,0.718595041322314,0.359297520661157,0.793905024396023
S2_189040174,0.75702479338843,0.378512396694215,0.694314103236191
S2_189040821,0.612396694214876,0.306198347107438,-0.256034763414033
S2_189167046,0.150413223140496,0.0752066115702479,-0.579060428931793
S2_189169925,0.66198347107438,0.33099173553719,0.978853434394652
S2_189195850,0.658264462809917,0.329132231404959,0.622857508260939
S2_189818418,0.446694214876033,0.223347107438017,0.465864561213273
S2_189823400,0.62396694214876,0.31198347107438,0.181132610808609
S2_189882931,0.646694214876033,0.323347107438017,0.10282977912569
S2_190430367,0.32603305785124,0.16301652892562,0.595559990733369
S2_190713004,0.294214876033058,0.147107438016529,0.367963017120268
S2_191468717,0.487603305785124,0.243801652892562,0.192549430071062
S2_192530227,0.209504132231405,0.104752066115702,0.372772992968084
S2_192850486,0.538429752066116,0.269214876033058,0.400228723417067
S2_192974313,0.157438016528926,0.0787190082644628,0.971005050570625
S2_193261776,0.162809917355372,0.0814049586776859,0.446018636782296
S2_193792543,0.192561983471074,0.0962809917355372,-0.0619566101213324
S2_193792893,0.462396694214876,0.231198347107438,-0.321623781446315
S2_193989230,0.113636363636364,0.0568181818181818,0.300390900245836
S2_193991522,0.258264462809917,0.129132231404959,0.499440692028186
S2_194547427,0.566115702479339,0.283057851239669,0.489846043877317
S2_194547942,0.238429752066116,0.119214876033058,0.170187769577521
S2_195406855,0.568595041322314,0.284297520661157,0.447863143548157
S2_195408641,0.209090909090909,0.104545454545455,-0.00303212801442241
S2_196878904,0.558264462809917,0.279132231404959,0.279662820431915
S2_197247863,0.39504132231405,0.197520661157025,-0.198271439548713
S2_197758561,0.391735537190083,0.195867768595041,0.851771579633306
S2_197761141,0.470247933884298,0.235123966942149,-0.598016419153563
S2_197962563,0.288429752066116,0.144214876033058,-0.478072403957461
S2_198556024,0.385537190082645,0.192768595041322,0.0823129030705672
S2_199239268,0.629338842975207,0.314669421487603,-0.00135256531069649
S2_199610100,0.320247933884298,0.160123966942149,0.260610802017433
S2_199704028,0.846280991735537,0.423140495867769,0.594236018908214
S2_199704388,0.660330578512397,0.330165289256198,-0.491357193277208
S2_200229025,0.114876033057851,0.0574380165289256,-0.243527907111105
S2_200233111,0.313636363636364,0.156818181818182,-0.0310510996112467
S2_200234031,0.150826446280992,0.0754132231404959,0.421282155509657
S2_201010696,0.154132231404959,0.0770661157024793,0.460086667377165
S2_201011054,0.121900826446281,0.0609504132231405,0.240033777644153
S2_201094706,0.692561983471074,0.346280991735537,0.994181607927278
S2_201094903,0.69504132231405,0.347520661157025,-0.167915706195634
S2_201513815,0.254132231404959,0.127066115702479,0.488518558513361
S2_202173051,0.250413223140496,0.125206611570248,0.277800334854959
S2_202955424,0.197933884297521,0.0989669421487603,-0.162915797798373
S2_204383795,0.0971074380165289,0.0485537190082645,0.267079386829466
S2_205022921,0.601239669421488,0.300619834710744,0.922422324004795
S2_205022931,0.639256198347107,0.319628099173554,0.0240612030188122
S2_205202588,0.357851239669422,0.178925619834711,-0.0333361818868522
S2_205275866,0.160743801652893,0.0803719008264463,-0.290173802890229
S2_205276152,0.305371900826446,0.152685950413223,0.387466051566813
S2_205556555,0.100413223140496,0.0502066115702479,-0.0885467608030183
S2_205777757,0.190495867768595,0.0952479338842975,-0.200160428656108
S2_206300482,0.652066115702479,0.32603305785124,0.536694931840965
S2_208410219,0.850826446280992,0.425413223140496,0.142784434513962
S2_208820696,0.157438016528926,0.0787190082644628,0.629120108185825
S2_208945675,0.307438016528926,0.153719008264463,0.992232896066956
S2_208958619,0.305785123966942,0.152892561983471,0.365460798387434
S2_209289593,0.245454545454545,0.122727272727273,0.382366940833834
S2_209561904,0.687603305785124,0.343801652892562,0.27695203525869
S2_209877341,0.146694214876033,0.0733471074380165,0.379918568488482
S2_210221330,0.528512396694215,0.264256198347107,0.191771521708329
S2_210745995,0.679338842975207,0.339669421487603,0.371921810879016
S2_211713899,0.247933884297521,0.12396694214876,0.668171193078634
S2_212609997,0.178099173553719,0.0890495867768595,0.326834255046926
S2_212614021,0.663636363636364,0.331818181818182,0.667763946140121
S2_212883158,0.72396694214876,0.36198347107438,0.621256278072726
S2_213741185,0.61404958677686,0.30702479338843,0.674438974501784
S2_214011697,0.672314049586777,0.336157024793388,0.149505325138957
S2_214128791,0.393388429752066,0.196694214876033,0.559819189637118
S2_214213682,0.178925619834711,0.0894628099173554,-0.176272883251236
S2_214779597,0.124793388429752,0.062396694214876,0.372917430972148
S2_215426572,0.458264462809917,0.229132231404959,0.634440222640437
S2_215945846,0.312396694214876,0.156198347107438,0.370929711769471
S2_216030260,0.0797520661157025,0.0398760330578512,0.351280671433145
S2_216743479,0.288429752066116,0.144214876033058,0.485261089025203
S2_216746125,0.628925619834711,0.314462809917355,0.671883569216792
S2_216746460,0.787603305785124,0.393801652892562,0.66285221581454
S2_217264737,0.671487603305785,0.335743801652893,-0.114610976387019
S2_218076984,0.198760330578512,0.0993801652892562,0.654923768125535
S2_218077581,0.295867768595041,0.147933884297521,1
S2_218077607,0.295867768595041,0.147933884297521,-0.107348858719426
S2_219318723,0.688429752066116,0.344214876033058,-0.274281985068628
S2_219337032,0.122727272727273,0.0621900826446281,0.198872804909302
S2_219587333,0.769421487603306,0.384710743801653,0.195783431472865
S2_219942280,0.122727272727273,0.0613636363636364,0.0370964543440299
S2_220581154,0.35,0.175,0.718151818490468
S2_220815115,0.263223140495868,0.131611570247934,0.508975933710691
S2_220863128,0.113223140495868,0.0566115702479339,0.241442585894101
S2_220944251,0.657438016528926,0.328719008264463,0.610808014956424
S2_221273186,0.425619834710744,0.212809917355372,0.724230404969957
S2_221287133,0.585537190082645,0.292768595041322,0.615568741679736
S2_221293612,0.370247933884297,0.185123966942149,0.483822484052046
S2_221735220,0.713636363636364,0.356818181818182,0.9383300374645
S2_221757449,0.702892561983471,0.351446280991736,0.642358156776637
S2_221828300,0.517355371900826,0.258677685950413,0.163637973681512
S2_222214859,0.67603305785124,0.33801652892562,0.231358735453692
S2_222281423,0.157438016528926,0.0787190082644628,0.691819133130775
S2_222315237,0.253719008264463,0.126859504132231,0.363760957350088
S2_222352200,0.719834710743802,0.359917355371901,-0.374362266448389
S2_222357904,0.205785123966942,0.102892561983471,0.759629112057428
S2_222453733,0.302479338842975,0.151239669421488,-0.253848168640668
S2_223422873,0.671487603305785,0.335743801652893,0.604227225067679
S2_223803009,0.569834710743802,0.284917355371901,0.910934770058605
S2_223853736,0.551239669421488,0.275619834710744,-0.0183212492037386
S2_225504421,0.299173553719008,0.149586776859504,0.436583490952846
S2_225583999,0.209917355371901,0.10495867768595,0.778991769653585
S2_225584015,0.138842975206612,0.0694214876033058,0.567092484482241
S2_225986204,0.168181818181818,0.0840909090909091,0.268187322377544
S2_226671459,0.359917355371901,0.17995867768595,0.391632641143698
S2_227288798,0.214876033057851,0.107438016528926,0.201805345803722
S2_229264398,0.357438016528926,0.178719008264463,0.0941387393817303
S2_229349944,0.625619834710744,0.312809917355372,0.074023860368065
S2_229831056,0.153719008264463,0.0768595041322314,0.289206139689596
S2_229851299,0.684710743801653,0.342355371900826,0.311231962088408
S2_230526838,0.198760330578512,0.0993801652892562,0.527707008264497
S2_231108120,0.442561983471074,0.221280991735537,-0.144105982131865
S2_231258079,0.617355371900826,0.308677685950413,0.416313321663046
S2_231435378,0.250826446280992,0.125413223140496,-0.0759267352702621
S2_231538085,0.733471074380165,0.366735537190083,0.35996147798779
S2_231794636,0.3,0.15,-0.349370998995163
S2_232799291,0.238429752066116,0.119214876033058,-0.285175248951836
S2_234480138,0.206198347107438,0.103099173553719,-0.0897684475969021
S2_234490837,0.544628099173554,0.272314049586777,0.942507379805459
S2_234510183,0.545867768595041,0.272933884297521,0.0162782381818624
S2_234525669,0.256198347107438,0.128099173553719,0.295277699972693
S2_234528459,0.214462809917355,0.107231404958678,0.68060741822999
S2_235755898,0.341735537190083,0.170867768595041,-0.0844481396767245
S2_235943712,0.263223140495868,0.131611570247934,0.0525712547301714
S2_237260678,0.690909090909091,0.345454545454545,0.317165501400477
S2_238592722,0.228512396694215,0.114256198347107,0.407148987088826
S2_238830975,0.625206611570248,0.312603305785124,-0.0381158141147473
S2_240227739,0.246694214876033,0.123347107438017,-0.438409771733445
S2_240249668,0.604132231404959,0.302066115702479,0.244857383787951
S3_1313242,0.492561983471074,0.246280991735537,-0.0428864812529938
S3_1400719,0.211570247933884,0.105785123966942,-0.183345281356692
S3_1464877,0.121487603305785,0.0607438016528926,-0.206584927858087
S3_1662561,0.284710743801653,0.142355371900826,0.314756961076425
S3_2028219,0.750826446280992,0.375413223140496,0.038549068994438
S3_2239671,0.353719008264463,0.176859504132231,0.267237843895525
S3_2757687,0.119834710743802,0.0599173553719008,-0.37066605653885
S3_2763048,0.509090909090909,0.254545454545455,0.224419276494921
S3_2856966,0.754132231404959,0.377066115702479,0.0421099937710736
S3_3362245,0.342561983471074,0.171280991735537,-0.545003293089324
S3_3362837,0.382644628099174,0.191322314049587,0.670263440289661
S3_3364555,0.572314049586777,0.286157024793388,0.435708335307875
S3_3578856,0.807438016528926,0.403719008264463,0.384518828974297
S3_3613106,0.470247933884298,0.235123966942149,-0.147729058890329
S3_3912752,0.177685950413223,0.0888429752066116,-0.416647570649255
S3_4260356,0.463223140495868,0.231611570247934,-0.0438476858426135
S3_4778638,0.287190082644628,0.143595041322314,0.1883645953991
S3_5615248,0.876446280991735,0.438223140495868,0.32310968311591
S3_5838013,0.473140495867769,0.236570247933884,-0.280518716942497
S3_6251167,0.432231404958678,0.216115702479339,0.00445073169207452
S3_6257096,0.688842975206612,0.344421487603306,-0.292975590742658
S3_6470722,0.31198347107438,0.15599173553719,-0.161726366814494
S3_6471653,0.551239669421488,0.275619834710744,-0.182207555135903
S3_7328976,0.190495867768595,0.0952479338842975,-0.0278154124486609
S3_8566472,0.438429752066116,0.219214876033058,0.410750474676229
S3_8769130,0.641322314049587,0.320661157024793,0.20666783899974
S3_8968031,0.288842975206612,0.144421487603306,-0.0666640272623665
S3_9234089,0.280165289256198,0.140082644628099,-0.329342029552666
S3_10265327,0.244628099173554,0.122314049586777,0.353458654462103
S3_10673156,0.635123966942149,0.317561983471074,-0.0649859291617326
S3_11535801,0.404132231404959,0.202066115702479,0.976030840442212
S3_11540829,0.407438016528926,0.203719008264463,0.795115980354998
S3_11619271,0.513636363636364,0.256818181818182,0.489578897133806
S3_12144719,0.215289256198347,0.107644628099174,0.297117632128473
S3_12145701,0.320661157024793,0.160330578512397,0.437412401301393
S3_12145749,0.711570247933884,0.355785123966942,0.201485978081103
S3_13177399,0.117768595041322,0.0588842975206612,-0.285327860734828
S3_13434231,0.391735537190083,0.195867768595041,-0.17184148430525
S3_13692521,0.209504132231405,0.104752066115702,0.487891974876569
S3_13723427,0.306611570247934,0.153305785123967,0.785407005539193
S3_14323479,0.223553719008264,0.111776859504132,-0.29681719890868
S3_14333218,0.234297520661157,0.117148760330579,0.453538758677159
S3_14801890,0.593801652892562,0.296900826446281,0.400329698886992
S3_15210888,0.684710743801653,0.342355371900826,0.354746993251347
S3_17630503,0.339256198347107,0.169628099173554,-0.566739629064638
S3_18198302,0.399586776859504,0.199793388429752,0.592807114573915
S3_19025992,0.198347107438017,0.0991735537190083,0.249586950742079
S3_19293143,0.15,0.075,0.0717614300006913
S3_19832283,0.0272727272727273,0.0136363636363636,-0.0517502090170024
S3_26051996,0.0871900826446281,0.0435950413223141,-0.247897525901999
S3_32651258,0.402892561983471,0.201446280991736,0.497490766070853
S3_35993809,0.371900826446281,0.18595041322314,-0.148128655926206
S3_44362768,0.116115702479339,0.0580578512396694,0.504400588725311
S3_54376491,0.271074380165289,0.135537190082645,0.787623108713962
S3_54376775,0.374793388429752,0.187396694214876,0.722777390651255
S3_55537184,0.372314049586777,0.186157024793388,0.0323012888549598
S3_56529376,0.481818181818182,0.240909090909091,0.560176490039051
S3_56999533,0.491735537190083,0.245867768595041,0.409635005723896
S3_56999784,0.139669421487603,0.0698347107438017,-0.211867778378443
S3_67441338,0.438429752066116,0.219214876033058,0.192477754232458
S3_67863836,0.265702479338843,0.132851239669422,-0.197987642782334
S3_98255576,0.470661157024793,0.235330578512397,0.685035135818539
S3_102477733,0.654545454545455,0.327272727272727,0.00357034056949535
S3_109881648,0.229338842975207,0.114669421487603,-0.127314647245514
S3_122985736,0.087603305785124,0.043801652892562,0.646131730844181
S3_125219740,0.168181818181818,0.0840909090909091,0.992606531111242
S3_125220748,0.166115702479339,0.0830578512396694,0.310008813124998
S3_130552961,0.180578512396694,0.0902892561983471,0.946415698869848
S3_130552982,0.166528925619835,0.0832644628099174,-0.113975089736609
S3_130938670,0.130578512396694,0.0652892561983471,-0.179766613354282
S3_134035633,0.182231404958678,0.0911157024793388,0.358065165240133
S3_134442990,0.467355371900826,0.233677685950413,0.446963604331815
S3_135487037,0.235950413223141,0.11797520661157,0.699205545825621
S3_137533609,0.209504132231405,0.104752066115702,0.368995613271717
S3_139336936,0.435537190082645,0.217768595041322,-0.223489454671064
S3_143115991,0.556198347107438,0.278099173553719,0.74007496115528
S3_143118496,0.410330578512397,0.205165289256198,0.699739381949627
S3_143318686,0.254132231404959,0.127066115702479,0.42151321740523
S3_149117323,0.600826446280992,0.300413223140496,0.134066769402642
S3_150637571,0.356198347107438,0.178099173553719,0.237206652240586
S3_150915949,0.525206611570248,0.262603305785124,0.580464953905519
S3_152233321,0.328512396694215,0.164256198347107,0.504106382070458
S3_152992674,0.646694214876033,0.323347107438017,0.266324610761491
S3_153463524,0.374380165289256,0.187190082644628,0.100911804410231
S3_155399439,0.173553719008264,0.0867768595041322,0.0352725352093538
S3_156001676,0.414462809917355,0.207231404958678,-0.433369162970933
S3_156073129,0.43801652892562,0.21900826446281,0.0852848027807683
S3_156226908,0.681404958677686,0.340702479338843,0.384880765713129
S3_156227261,0.242561983471074,0.121280991735537,-0.630517422163819
S3_156228206,0.555371900826446,0.277685950413223,0.849502518103469
S3_156270994,0.63099173553719,0.315495867768595,0.660310365595193
S3_156277883,0.785537190082645,0.392768595041322,1
S3_156277910,0.785537190082645,0.392768595041322,0.326518640683484
S3_156763112,0.330578512396694,0.165289256198347,0.647442187134095
S3_156830645,0.478512396694215,0.239256198347107,0.25939400446942
S3_157123498,0.505371900826446,0.252685950413223,-0.0789345710886551
S3_158076754,0.120247933884298,0.0601239669421488,0.200250382381028
S3_158250388,0.742561983471074,0.371280991735537,0.245114420185513
S3_159093153,0.163636363636364,0.0818181818181818,0.362541484583258
S3_159200750,0.149586776859504,0.0747933884297521,0.56357644459761
S3_159280382,0.313223140495868,0.156611570247934,-0.0356140356081926
S3_159658716,0.301239669421488,0.150619834710744,-0.566046508108735
S3_159820975,0.465702479338843,0.232851239669421,-0.384873267461446
S3_160747686,0.475619834710744,0.237809917355372,0.550314627534218
S3_161085854,0.433057851239669,0.216528925619835,0.551475428936141
S3_161093843,0.711157024793388,0.355578512396694,0.262845284725415
S3_162004498,0.166528925619835,0.0832644628099174,0.0890436509167579
S3_162591165,0.607438016528926,0.303719008264463,0.459486226865209
S3_162820425,0.81900826446281,0.409504132231405,0.596256723411959
S3_163752888,0.621900826446281,0.31095041322314,0.478477652338912
S3_163926792,0.704132231404959,0.352066115702479,0.217045223944389
S3_164144412,0.538429752066116,0.269214876033058,-0.373224611857407
S3_169098185,0.295867768595041,0.147933884297521,-0.421232648580967
S3_169116636,0.306611570247934,0.153305785123967,-0.164903929769785
S3_169283751,0.168595041322314,0.110743801652893,0.103607138188737
S3_170391129,0.933471074380165,0.466735537190083,-0.160085150682657
S3_171047975,0.171487603305785,0.0857438016528926,-0.175057984755395
S3_171049180,0.512809917355372,0.256404958677686,0.511090178850271
S3_171118467,0.57396694214876,0.28698347107438,0.398611351369224
S3_171380890,0.757851239669421,0.378925619834711,0.536089078920585
S3_171487117,0.646280991735537,0.323140495867769,0.497648589808259
S3_171698307,0.67396694214876,0.33698347107438,-0.0420311715254801
S3_172631601,0.189256198347107,0.0946280991735537,0.621278735224317
S3_173080450,0.376859504132231,0.188429752066116,0.235274223510927
S3_173668335,0.676446280991736,0.338223140495868,-0.184907681161299
S3_174251218,0.215702479338843,0.107851239669421,0.623480473823276
S3_175410413,0.10495867768595,0.0524793388429752,0.415459100670875
S3_175410430,0.404545454545455,0.202272727272727,-0.613649588135949
S3_175412822,0.356611570247934,0.178305785123967,0.866998485034917
S3_176077311,0.306611570247934,0.153305785123967,-0.00396571009445445
S3_177563221,0.0169421487603306,0.00847107438016529,0.155765386423789
S3_177690776,0.323140495867769,0.161570247933884,-0.395706505720242
S3_177693438,0.338842975206612,0.169421487603306,-0.39429176342377
S3_178168134,0.261570247933884,0.130785123966942,1
S3_178168227,0.261570247933884,0.130785123966942,0.529441150858747
S3_178405366,0.551239669421488,0.275619834710744,0.675702094224481
S3_179993119,0.383471074380165,0.191735537190083,0.978203188458209
S3_180300684,0.375619834710744,0.187809917355372,0.315383730546139
S3_180462077,0.824380165289256,0.412190082644628,0.58805727745765
S3_181084639,0.835123966942149,0.417561983471074,0.974389681021029
S3_181089329,0.837190082644628,0.418595041322314,0.227326722049154
S3_181403147,0.289669421487603,0.144834710743802,0.781355652694804
S3_181403809,0.210330578512397,0.105165289256198,-0.486017149554233
S3_183585883,0.51198347107438,0.25599173553719,-0.0170419932626089
S3_184112463,0.151239669421488,0.0756198347107438,0.0368500933065709
S3_184696223,0.44297520661157,0.221487603305785,0.0312495047041084
S3_185047472,0.583471074380165,0.291735537190083,0.189961682135875
S3_185689615,0.429752066115702,0.214876033057851,-0.299466696585396
S3_187195001,0.713636363636364,0.356818181818182,0.203935066341943
S3_188497071,0.736363636363636,0.368181818181818,0.38509967554041
S3_188500699,0.312396694214876,0.156198347107438,0.996154406423176
S3_188500730,0.310743801652893,0.155371900826446,-0.537638753808131
S3_188667827,0.406611570247934,0.203305785123967,-0.294566270149566
S3_189196859,0.318181818181818,0.159090909090909,0.241600389691986
S3_192519364,0.636363636363636,0.318181818181818,0.627501809906669
S3_195626545,0.762396694214876,0.381198347107438,0.824414106115565
S3_196393427,0.825206611570248,0.412603305785124,0.168154124126521
S3_199144100,0.121900826446281,0.0609504132231405,0.37077238962468
S3_200022599,0.438429752066116,0.219214876033058,-0.0870059078338541
S3_201034518,0.488429752066116,0.244214876033058,0.221396872905285
S3_201140023,0.470661157024793,0.235330578512397,0.52289485536378
S3_202899898,0.737603305785124,0.368801652892562,0.602786387222081
S3_204443484,0.535537190082645,0.267768595041322,0.600898479672243
S3_206340812,0.348347107438017,0.174173553719008,-0.260637205055541
S3_207306147,0.144214876033058,0.0721074380165289,-0.00884961118517327
S3_208260996,0.359917355371901,0.17995867768595,0.873878005917164
S3_209594607,0.411570247933884,0.205785123966942,0.825762723514023
S3_209609982,0.379338842975207,0.189669421487603,0.955734903162327
S3_209610170,0.358264462809917,0.179132231404959,0.987426721892105
S3_209669953,0.354132231404959,0.177066115702479,-0.429816305446928
S3_209803612,0.26404958677686,0.13202479338843,-0.306649196152168
S3_210833153,0.54297520661157,0.271487603305785,-0.0814583566841164
S3_210859046,0.144214876033058,0.0721074380165289,-0.170100122229433
S3_212068020,0.756611570247934,0.378305785123967,0.538979739447002
S3_213324844,0.735123966942149,0.367561983471074,-0.0788576673974437
S3_213618693,0.291322314049587,0.145661157024793,-0.645421531439344
S3_214045535,0.541322314049587,0.270661157024793,-0.301658030907276
S3_214188340,0.0851239669421488,0.0425619834710744,-0.44702137720971
S3_214605122,0.688429752066116,0.344214876033058,0.196953679926837
S3_214725503,0.0929752066115702,0.0464876033057851,0.486810427309247
S3_215863528,0.206611570247934,0.103305785123967,0.988644704369294
S3_215949122,0.202892561983471,0.101446280991736,-0.242757313324552
S3_217122021,0.558677685950413,0.279338842975207,0.931371723774678
S3_217124964,0.593388429752066,0.296694214876033,-0.248883866140867
S3_218883017,0.119834710743802,0.0599173553719008,0.0689273699724561
S3_219791737,0.601652892561984,0.300826446280992,0.0645479166250139
S3_220553933,0.431404958677686,0.215702479338843,0.493327020426688
S3_221113183,0.354545454545455,0.177272727272727,0.99368209316836
S3_221172195,0.35495867768595,0.177479338842975,0.551609446308659
S3_221485615,0.607851239669421,0.303925619834711,0.118171096769502
S3_221603754,0.209504132231405,0.104752066115702,1
S3_221603868,0.209504132231405,0.104752066115702,-0.124772142333666
S3_221892178,0.400826446280992,0.200413223140496,-0.0430560173602947
S3_222666213,0.25702479338843,0.128512396694215,0.827703969159952
S3_222666340,0.330165289256198,0.165082644628099,0.0931246924729326
S3_222668770,0.411570247933884,0.205785123966942,-0.453789718899788
S3_222761948,0.235123966942149,0.117561983471074,0.807641365935264
S3_222882360,0.171487603305785,0.0857438016528926,0.383879142026506
S3_223081473,0.570247933884298,0.285123966942149,0.714001403901919
S3_223081534,0.60495867768595,0.302479338842975,0.690758791910512
S3_223158468,0.564049586776859,0.28202479338843,0.437531251592175
S3_223221766,0.231818181818182,0.115909090909091,0.278686334453887
S4_1582526,0.228925619834711,0.114462809917355,0.004685370776863
S4_3684946,0.709090909090909,0.354545454545455,0.183648890583826
S4_4117851,0.521074380165289,0.260537190082645,0.479400208073412
S4_4421555,0.222727272727273,0.111363636363636,-0.297699002746818
S4_4429338,0.244628099173554,0.122314049586777,-0.246374064674781
S4_4868446,0.179752066115702,0.0898760330578512,0.533758261921112
S4_5032583,0.102479338842975,0.0512396694214876,0.236152758704582
S4_5038043,0.421074380165289,0.210537190082645,-0.396194547382754
S4_5391059,0.486363636363636,0.243181818181818,0.148771898246152
S4_6215946,0.698760330578512,0.349380165289256,0.329988124047307
S4_6216277,0.201652892561983,0.100826446280992,0.50772501246952
S4_6256393,0.261157024793388,0.130578512396694,0.250748606948925
S4_6374168,0.221900826446281,0.11095041322314,0.814135087906679
S4_6382493,0.300826446280992,0.150413223140496,0.0766622798550233
S4_6388262,0.710743801652893,0.355371900826446,0.122338185592121
S4_6397331,0.424793388429752,0.212396694214876,-0.318285878368657
S4_7632233,0.178925619834711,0.0894628099173554,-0.309671174544166
S4_7634160,0.643388429752066,0.321694214876033,0.715767991256025
S4_7635295,0.652479338842975,0.326239669421488,-0.0998797367027859
S4_7967173,0.489256198347107,0.244628099173554,0.314736162112448
S4_8027896,0.278925619834711,0.139462809917355,0.117164744370193
S4_8316239,0.309917355371901,0.15495867768595,-0.00491378244037667
S4_8454252,0.563636363636364,0.281818181818182,0.180607461654845
S4_10696101,0.613223140495868,0.306611570247934,0.346465962459592
S4_10786694,0.381818181818182,0.190909090909091,0.713418495804766
S4_10904652,0.272314049586777,0.136157024793388,0.130714891036118
S4_11760644,0.255785123966942,0.127892561983471,-0.236872051686878
S4_12766998,0.159090909090909,0.0795454545454545,0.263426067293391
S4_13315712,0.698760330578512,0.349380165289256,-0.226913083885971
S4_15666621,0.20702479338843,0.103512396694215,0.984858531894839
S4_15673073,0.204545454545455,0.102272727272727,0.116250515382572
S4_15975070,0.0285123966942149,0.0142561983471074,-0.0827295420693447
S4_16064424,0.273140495867769,0.136570247933884,0.943278353592806
S4_16194115,0.279338842975207,0.139669421487603,0.305121422486385
S4_16268360,0.359504132231405,0.179752066115702,-0.377506837980374
S4_16652461,0.609090909090909,0.304545454545455,-0.488969490630265
S4_16940584,0.138842975206612,0.0694214876033058,-0.558042916811965
S4_16944639,0.703305785123967,0.351652892561983,0.314231696539431
S4_17273302,0.189669421487603,0.0948347107438016,0.298804055325484
S4_18076248,0.705371900826446,0.352685950413223,0.273315249555502
S4_18845218,0.63801652892562,0.31900826446281,0.291001132580509
S4_19113113,0.570247933884298,0.285123966942149,0.500361524201176
S4_19534877,0.838842975206612,0.419421487603306,0.538798628928791
S4_19535516,0.607851239669421,0.303925619834711,0.281947452213383
S4_19535656,0.111570247933884,0.0557851239669422,0.236260810276079
S4_19556309,0.687190082644628,0.343595041322314,0.959868003375596
S4_19684514,0.682231404958678,0.341115702479339,0.763576122206537
S4_20268200,0.638842975206612,0.319421487603306,-0.112351539052151
S4_20270571,0.136363636363636,0.0681818181818182,-0.0730956685091066
S4_20274946,0.593388429752066,0.296694214876033,0.101902156804663
S4_20497213,0.302479338842975,0.151239669421488,0.766304914805673
S4_20598297,0.205785123966942,0.102892561983471,-0.196112491610082
S4_21107980,0.211570247933884,0.105785123966942,0.110567615576119
S4_21650368,0.631404958677686,0.315702479338843,0.42241688992231
S4_21903148,0.45702479338843,0.228512396694215,0.605862029604703
S4_21908896,0.691322314049587,0.345661157024793,-0.576829402571229
S4_23290605,0.243801652892562,0.121900826446281,0.735611643248817
S4_23361153,0.33801652892562,0.16900826446281,0.782165747446079
S4_23371382,0.248347107438017,0.124173553719008,0.681845379043878
S4_23915319,0.3,0.15,0.677702914038792
S4_23915745,0.164462809917355,0.0822314049586777,0.80317630830623
S4_24237240,0.167768595041322,0.0838842975206612,0.237131973415524
S4_24592534,0.748760330578512,0.374380165289256,0.359124181298057
S4_26899943,0.339669421487603,0.169834710743802,0.225422407466932
S4_26905846,0.679338842975207,0.339669421487603,0.56135317127946
S4_27987442,0.606611570247934,0.303305785123967,-0.28776035855849
S4_28628470,0.274380165289256,0.137190082644628,-0.319538375348651
S4_28770521,0.52603305785124,0.26301652892562,0.567976161031557
S4_28810964,0.774793388429752,0.387396694214876,0.411275052489935
S4_28837786,0.426859504132231,0.213429752066116,-0.0527568613292466
S4_30916257,0.149586776859504,0.0747933884297521,0.922290643080676
S4_31060579,0.140082644628099,0.0700413223140496,-0.461601569451345
S4_32789730,0.733057851239669,0.366528925619835,0.730900154523013
S4_33024458,0.608264462809917,0.304132231404959,0.312742487847067
S4_33668810,0.609917355371901,0.30495867768595,0.378013212090144
S4_33993933,0.382231404958678,0.191115702479339,0.937166111241957
S4_34193017,0.386363636363636,0.193181818181818,0.997387479208163
S4_34194561,0.385123966942149,0.192561983471074,0.476877414524563
S4_35081018,0.220247933884298,0.110123966942149,1
S4_35081158,0.220247933884298,0.110123966942149,0.416679560956869
S4_35662011,0.612396694214876,0.306198347107438,0.525523815688346
S4_36249700,0.640082644628099,0.32004132231405,0.812648048121796
S4_37547893,0.588429752066116,0.294214876033058,0.779499878041845
S4_37548473,0.464876033057851,0.232438016528926,-0.16137596013394
S4_38327201,0.252066115702479,0.12603305785124,0.351059939969203
S4_38330727,0.732231404958678,0.366115702479339,0.968293670935465
S4_38760190,0.740495867768595,0.370247933884297,0.324066123229856
S4_42420846,0.720247933884298,0.360123966942149,0.63181851986346
S4_43857521,0.516942148760331,0.258471074380165,-0.306659039352806
S4_59942187,0.0851239669421488,0.0425619834710744,0.130773420932428
S4_65069576,0.661157024793388,0.330578512396694,0.550562620437537
S4_68476055,0.747520661157025,0.373760330578512,0.993431641573909
S4_68509682,0.747520661157025,0.373760330578512,0.726482732702885
S4_68989860,0.616115702479339,0.308057851239669,0.524378013811171
S4_73620368,0.670661157024793,0.335330578512397,0.873452387072864
S4_73992822,0.718595041322314,0.359297520661157,-0.111336613775744
S4_78663165,0.238429752066116,0.119214876033058,0.385428621976601
S4_81325355,0.141322314049587,0.0706611570247934,-0.156934890326941
S4_81555504,0.130165289256198,0.0650826446280992,0.385807351429291
S4_83555330,0.275206611570248,0.137603305785124,0.118665504542279
S4_86783804,0.706611570247934,0.353305785123967,-0.304513477273802
S4_123692246,0.145867768595041,0.0729338842975207,-0.0624844482437523
S4_127783045,0.587190082644628,0.293595041322314,0.0903733150492888
S4_129510370,0.211157024793388,0.105578512396694,0.721460894442301
S4_130234780,0.156611570247934,0.0783057851239669,0.328172249000338
S4_130979624,0.103305785123967,0.0516528925619835,-0.318730300947162
S4_131389825,0.619834710743802,0.309917355371901,0.287254851901149
S4_132644449,0.167355371900826,0.0836776859504132,0.4422381935409
S4_132796082,0.154545454545455,0.0772727272727273,-0.0453120323587956
S4_133572067,0.437603305785124,0.218801652892562,0.70973835898164
S4_134019236,0.60702479338843,0.303512396694215,0.726524004232128
S4_138959026,0.706611570247934,0.353305785123967,-0.0375693485056912
S4_147394691,0.260330578512397,0.130165289256198,0.291461014768106
S4_151119203,0.729338842975207,0.364669421487603,0.372315841049408
S4_151260095,0.330165289256198,0.165082644628099,0.00951481356829965
S4_153136183,0.56900826446281,0.284504132231405,0.872095626799329
S4_153603804,0.604132231404959,0.302066115702479,0.89077653807598
S4_154508054,0.549586776859504,0.274793388429752,0.525093210435697
S4_157787690,0.67603305785124,0.33801652892562,0.340022222761112
S4_158893534,0.350413223140496,0.175206611570248,-0.570366848044642
S4_159136751,0.389256198347107,0.194628099173554,-0.0976985573696079
S4_159826794,0.636363636363636,0.318181818181818,0.175305046901656
S4_162868828,0.0690082644628099,0.034504132231405,-0.0796550222239076
S4_163363238,0.0995867768595041,0.0497933884297521,-0.171914228851249
S4_166721935,0.217355371900826,0.108677685950413,-0.146904535224923
S4_168922442,0.121487603305785,0.0607438016528926,0.20271292147049
S4_168972787,0.690082644628099,0.34504132231405,0.826484427053183
S4_169358752,0.63801652892562,0.31900826446281,0.246042602107482
S4_170716007,0.110330578512397,0.0551652892561983,0.0131037576254355
S4_171079944,0.588429752066116,0.294214876033058,0.157104696456004
S4_171087001,0.173553719008264,0.0867768595041322,0.243011883957584
S4_172278923,0.378512396694215,0.189256198347107,0.127850730163657
S4_172480572,0.289256198347107,0.144628099173554,0.729254785747628
S4_173206081,0.199173553719008,0.0995867768595041,0.560174176694532
S4_173647564,0.433057851239669,0.216528925619835,0.856759054713916
S4_173812038,0.369421487603306,0.184710743801653,0.934538628539995
S4_174235497,0.348760330578512,0.174380165289256,0.747642930053711
S4_174661607,0.471074380165289,0.235537190082645,0.462464918947358
S4_174894581,0.167768595041322,0.0838842975206612,-0.391151173220502
S4_175587769,0.442561983471074,0.221280991735537,0.384682490755162
S4_175791704,0.841322314049587,0.420661157024793,0.361352664001893
S4_176115520,0.488842975206612,0.244421487603306,-0.0265456358011137
S4_176599341,0.329752066115702,0.164876033057851,0.181375995570635
S4_176927461,0.111570247933884,0.0557851239669422,0.433803814827623
S4_177233411,0.277685950413223,0.138842975206612,0.164185611325855
S4_177342963,0.425619834710744,0.212809917355372,0.712231476440541
S4_177343094,0.591322314049587,0.295661157024793,0.249231478778702
S4_177902767,0.217768595041322,0.108884297520661,0.215222385612919
S4_178069434,0.451652892561983,0.225826446280992,0.42819239925101
S4_178384209,0.479752066115702,0.239876033057851,-0.304553826306146
S4_178453956,0.107851239669421,0.0539256198347107,-0.00366513694123818
S4_179370281,0.530165289256198,0.265082644628099,0.303303497688254
S4_179674671,0.0987603305785124,0.0493801652892562,0.283276619750623
S4_179674809,0.577272727272727,0.288636363636364,0.312522572477666
S4_180001616,0.61198347107438,0.30599173553719,0.115022554555722
S4_180637167,0.357851239669422,0.178925619834711,0.40487212372466
S4_180797642,0.141322314049587,0.0706611570247934,0.327829996593121
S4_181091704,0.60495867768595,0.302479338842975,0.14845175367848
S4_181557315,0.235950413223141,0.11797520661157,0.327529195429581
S4_182099943,0.155785123966942,0.0778925619834711,0.00916573281368921
S4_182462132,0.297933884297521,0.14896694214876,0.22469009296831
S4_183484419,0.343801652892562,0.171900826446281,0.849233911737978
S4_183484517,0.384710743801653,0.192355371900826,0.639487292166198
S4_183587157,0.224380165289256,0.112190082644628,0.20077799357264
S4_183806901,0.809090909090909,0.404545454545455,0.414077948441754
S4_184739545,0.482231404958678,0.241115702479339,-0.128283264133491
S4_185719827,0.164049586776859,0.0820247933884297,0.204719320087895
S4_186630216,0.807851239669422,0.403925619834711,0.487568753357892
S4_187126058,0.537190082644628,0.268595041322314,0.356442212264249
S4_188075715,0.292561983471074,0.146280991735537,0.246890507562079
S4_191133446,0.11198347107438,0.0559917355371901,-0.184098887820095
S4_191603783,0.27603305785124,0.13801652892562,-0.283062257093785
S4_192740039,0.190495867768595,0.0952479338842975,0.0826393980659961
S4_196697423,0.114876033057851,0.0574380165289256,0.264447364267989
S4_201649912,0.533057851239669,0.266528925619835,0.2238402303473
S4_202964997,0.0727272727272727,0.0363636363636364,0.0097093595667983
S4_211134934,0.0706611570247934,0.0353305785123967,0.186678905636751
S4_223755225,0.474793388429752,0.237396694214876,0.48665199889653
S4_228315634,0.361570247933884,0.180785123966942,0.864053739950542
S4_237052759,0.344628099173554,0.172314049586777,-0.217934202706071
S4_238909618,0.0995867768595041,0.0497933884297521,-0.474635792800724
S4_239877963,0.714876033057851,0.357438016528926,0.197756564899101
S4_241516810,0.262396694214876,0.131198347107438,0.341149768416742
S4_241704963,0.384710743801653,0.192355371900826,0.0181787596476059
S4_241832875,0.602066115702479,0.30103305785124,-0.268947235456876
S5_392571,0.35,0.175,-0.602140788741853
S5_846139,0.406611570247934,0.203305785123967,-0.611298578294158
S5_846889,0.352892561983471,0.176446280991736,0.731823673110799
S5_959677,0.329338842975207,0.164669421487603,0.895742725070861
S5_960877,0.282644628099174,0.141322314049587,0.565095800209797
S5_973097,0.547520661157025,0.273760330578512,0.0938242330287122
S5_1064405,0.545454545454545,0.272727272727273,0.656366859595813
S5_1121641,0.728099173553719,0.36404958677686,0.650923595658439
S5_1223077,0.537190082644628,0.268595041322314,0.0574510069851537
S5_1227922,0.281404958677686,0.140702479338843,0.175094258917128
S5_1403230,0.455371900826446,0.227685950413223,0.300560553452915
S5_1986447,0.844628099173554,0.422314049586777,0.336534522242402
S5_1993743,0.387603305785124,0.193801652892562,0.403812805669478
S5_2037046,0.788429752066116,0.394214876033058,0.159313292421417
S5_2037272,0.459917355371901,0.22995867768595,0.515801174730673
S5_2161838,0.333884297520661,0.166942148760331,0.537104700495652
S5_2253809,0.350826446280992,0.175413223140496,0.557748635255278
S5_2411621,0.164876033057851,0.0824380165289256,-0.218168053889935
S5_2577845,0.614876033057851,0.307438016528926,0.134152706904675
S5_2791798,0.575206611570248,0.287603305785124,0.875452356232326
S5_2791837,0.627685950413223,0.313842975206612,0.375031396191401
S5_2858836,0.731818181818182,0.365909090909091,0.825122000565213
S5_2858950,0.660743801652893,0.330371900826446,0.553315616530867
S5_2859808,0.790495867768595,0.395247933884298,0.00837688269041161
S5_3657340,0.447933884297521,0.22396694214876,0.433398186190118
S5_4108173,0.633471074380165,0.316735537190083,0.788397325906884
S5_4229956,0.524380165289256,0.262190082644628,0.734864223426761
S5_4857380,0.647520661157025,0.323760330578512,0.270254473996167
S5_4884511,0.228925619834711,0.114462809917355,-0.0944080659481859
S5_5059451,0.203305785123967,0.101652892561983,-0.122175382440188
S5_5557260,0.288429752066116,0.144214876033058,0.955234497437135
S5_5598442,0.296280991735537,0.148140495867769,0.331968775568066
S5_6368813,0.409504132231405,0.204752066115702,0.0155295150347235
S5_6825026,0.652066115702479,0.32603305785124,-0.24386979233174
S5_7117510,0.287190082644628,0.143595041322314,0.717152042791086
S5_7338807,0.221487603305785,0.110743801652893,0.309597300912667
S5_7701005,0.128512396694215,0.0642561983471074,0.0640931446638285
S5_8109491,0.550413223140496,0.275206611570248,-0.230728643807012
S5_8249273,0.472727272727273,0.236363636363636,-0.333109435765331
S5_8942275,0.117768595041322,0.0588842975206612,-0.229057587654609
S5_8975313,0.338842975206612,0.169421487603306,-0.479144945320277
S5_9900858,0.625206611570248,0.312603305785124,-0.05699203235239
S5_10519995,0.434297520661157,0.217148760330579,-0.352364803487911
S5_10772137,0.391322314049587,0.195661157024793,-0.0837839562568856
S5_11998173,0.0214876033057851,0.0107438016528926,-0.0921642940373185
S5_12127492,0.305785123966942,0.152892561983471,0.43388305521827
S5_12815252,0.0871900826446281,0.0435950413223141,-0.129853869863674
S5_12971603,0.180578512396694,0.0902892561983471,0.281918679243678
S5_13702177,0.493801652892562,0.246900826446281,0.331489063934676
S5_14248069,0.354132231404959,0.177066115702479,-0.169609646905043
S5_14562872,0.265702479338843,0.132851239669422,-0.216467091076288
S5_15433436,0.150413223140496,0.0752066115702479,0.75456913851312
S5_15441260,0.237190082644628,0.118595041322314,0.408459506382968
S5_15844564,0.47396694214876,0.23698347107438,-0.0985165725803472
S5_15897858,0.300413223140496,0.150206611570248,-0.346515618787254
S5_15902604,0.220661157024793,0.110330578512397,-0.196183338421712
S5_19069144,0.694214876033058,0.347107438016529,0.515972330927588
S5_19069731,0.89504132231405,0.447520661157025,0.187699560561382
S5_19212307,0.248760330578512,0.124380165289256,0.617899178324852
S5_19375485,0.430165289256198,0.215082644628099,-0.117840902516499
S5_20386586,0.165702479338843,0.0828512396694215,0.569739625477182
S5_20614224,0.208677685950413,0.104338842975207,0.207093694233457
S5_20841749,0.795867768595041,0.397933884297521,-0.264619943568293
S5_21746992,0.216115702479339,0.108057851239669,0.187515499937228
S5_21801726,0.33099173553719,0.165495867768595,0.204621456669305
S5_22426333,0.0214876033057851,0.0107438016528926,0.0851917152725005
S5_24821792,0.625619834710744,0.312809917355372,0.374997326390907
S5_24840547,0.200826446280992,0.100413223140496,-0.314919086115235
S5_25947924,0.291735537190083,0.145867768595041,0.77194857047521
S5_27014949,0.364462809917355,0.182231404958678,-0.339992399335137
S5_28912179,0.175206611570248,0.087603305785124,0.275802750985885
S5_30442792,0.706198347107438,0.353099173553719,-0.182320228988176
S5_32090793,0.535537190082645,0.267768595041322,1
S5_32090944,0.535537190082645,0.267768595041322,-0.431402978560754
S5_32349939,0.56198347107438,0.28099173553719,-0.284954628719913
S5_33073331,0.39504132231405,0.197520661157025,0.29885086592904
S5_33843588,0.842148760330579,0.421074380165289,0.183321299315075
S5_34733643,0.20495867768595,0.102479338842975,0.0659639686966303
S5_35208258,0.728512396694215,0.364256198347107,0.493250554333885
S5_35406000,0.61404958677686,0.30702479338843,-0.12774535714329
S5_38654197,0.683057851239669,0.341528925619835,0.496652041635264
S5_39117682,0.452892561983471,0.226446280991736,0.527543880565694
S5_44150436,0.570661157024793,0.285330578512397,1
S5_44151397,0.570661157024793,0.285330578512397,0.243490063456019
S5_44367258,0.278925619834711,0.139462809917355,-0.332326401344852
S5_51564787,0.240082644628099,0.12004132231405,-0.00177404359826878
S5_59732882,0.555785123966942,0.277892561983471,0.984947303812801
S5_59781924,0.559090909090909,0.279545454545455,0.0211596585337516
S5_60413372,0.590909090909091,0.295454545454545,-0.334518522257665
S5_61109380,0.071900826446281,0.0359504132231405,0.101536062728085
S5_62982504,0.772314049586777,0.386157024793388,0.511986424790033
S5_64000675,0.470661157024793,0.235330578512397,0.292208302196867
S5_68824990,0.329338842975207,0.164669421487603,0.477173189427415
S5_69155559,0.678099173553719,0.339049586776859,0.160204623446046
S5_70403060,0.237603305785124,0.118801652892562,0.372554609518183
S5_70657343,0.684710743801653,0.342355371900826,0.375798196423342
S5_71282599,0.234710743801653,0.117355371900826,-0.313394589763557
S5_72789465,0.242561983471074,0.121280991735537,-0.295249527394499
S5_75244556,0.232231404958678,0.116115702479339,0.531814277378696
S5_76181153,0.484710743801653,0.242355371900826,0.468689838969831
S5_76690334,0.200413223140496,0.100206611570248,-0.610285651453256
S5_76714903,0.61404958677686,0.30702479338843,0.977342978142845
S5_76809814,0.619834710743802,0.309917355371901,0.979063378187432
S5_76955635,0.614876033057851,0.307438016528926,0.944025987342806
S5_76956064,0.640909090909091,0.320454545454545,0.543081775811505
S5_78825105,0.602479338842975,0.301239669421488,0.742971091932756
S5_80470390,0.705785123966942,0.352892561983471,-0.0733182843490509
S5_83097599,0.624793388429752,0.312396694214876,0.330797731961853
S5_83740384,0.154132231404959,0.0770661157024793,-0.226867951183324
S5_83797523,0.220247933884298,0.110123966942149,0.572865565312189
S5_86821943,0.26404958677686,0.13202479338843,-0.0707692933167665
S5_88321071,0.715289256198347,0.357644628099174,0.930256017269453
S5_88323212,0.686776859504132,0.343388429752066,0.663628459403933
S5_88891444,0.800413223140496,0.400206611570248,0.738542365665446
S5_90103757,0.731818181818182,0.365909090909091,0.38929409526788
S5_91076876,0.292561983471074,0.146280991735537,0.638772369047594
S5_94466678,0.350826446280992,0.175413223140496,-0.134428891584744
S5_95340368,0.655785123966942,0.327892561983471,0.0235333880226083
S5_113637702,0.176859504132231,0.0884297520661157,0.535538515615006
S5_134357391,0.408677685950413,0.204338842975207,0.669357975995176
S5_137215938,0.241735537190083,0.120867768595041,-0.201753148696952
S5_137216759,0.113223140495868,0.0566115702479339,-0.322862843334747
S5_142853398,0.465289256198347,0.232644628099174,0.45604091844447
S5_145203522,0.154545454545455,0.0772727272727273,0.208808367215163
S5_146713841,0.72603305785124,0.36301652892562,0.978137329827454
S5_146715057,0.729752066115702,0.364876033057851,-0.427441129756902
S5_147071985,0.0966942148760331,0.0483471074380165,-0.169654710845613
S5_147473771,0.268181818181818,0.134090909090909,0.0325443303899003
S5_147887551,0.60702479338843,0.303512396694215,0.242247557349369
S5_153353332,0.641735537190083,0.320867768595041,0.0554247877655038
S5_153353657,0.762809917355372,0.381404958677686,0.270427564405872
S5_154883835,0.198760330578512,0.0993801652892562,0.152403194043547
S5_160754197,0.339256198347107,0.170454545454545,0.0929069253352978
S5_162295166,0.521900826446281,0.26095041322314,0.13848150360707
S5_162523269,0.346280991735537,0.173140495867769,0.999087957612092
S5_162523281,0.346694214876033,0.173347107438017,0.405167439586226
S5_163943266,0.348760330578512,0.174380165289256,0.0861403044154982
S5_166675806,0.652479338842975,0.326239669421488,0.465667860706085
S5_167631942,0.393801652892562,0.196900826446281,-0.46415882536588
S5_167774618,0.276446280991736,0.138223140495868,0.756262456182374
S5_167948506,0.325206611570248,0.162603305785124,0.196037707082438
S5_169309847,0.214462809917355,0.107231404958678,0.386663612700288
S5_171099522,0.417355371900826,0.208677685950413,0.939996392344863
S5_171099708,0.387603305785124,0.193801652892562,-0.389766760026795
S5_171558014,0.203719008264463,0.101859504132231,-0.252726364550206
S5_174583061,0.245454545454545,0.122727272727273,-0.0278516425993362
S5_174744000,0.659504132231405,0.329752066115702,0.790978137720651
S5_174873345,0.748347107438017,0.374173553719008,0.326035849503306
S5_176356092,0.51900826446281,0.259504132231405,-0.0651865646291472
S5_176844776,0.216115702479339,0.108057851239669,0.965066374796302
S5_177183610,0.221487603305785,0.110743801652893,0.197435586302737
S5_177768562,0.257851239669421,0.128925619834711,0.0859058624371766
S5_178745983,0.533057851239669,0.266528925619835,0.213549576392551
S5_178912346,0.157438016528926,0.0787190082644628,-0.246457166940747
S5_179642041,0.25702479338843,0.128512396694215,0.604105628051103
S5_179660715,0.278925619834711,0.139462809917355,0.643401736738831
S5_179922594,0.363223140495868,0.181611570247934,0.994662334918491
S5_179923101,0.365702479338843,0.182851239669421,0.0395285441953126
S5_180189155,0.267355371900826,0.133677685950413,-0.01815116578053
S5_180302078,0.34504132231405,0.172520661157025,-0.260646779969954
S5_181964400,0.393388429752066,0.196694214876033,-0.0736924072873508
S5_184371294,0.355785123966942,0.177892561983471,0.378009139585366
S5_185612028,0.189669421487603,0.0948347107438016,0.381770066752409
S5_185659742,0.308677685950413,0.154338842975207,0.120866810537628
S5_186306420,0.308677685950413,0.154338842975207,-0.263327936039973
S5_187238296,0.177272727272727,0.0886363636363636,-0.0283305558929128
S5_187240493,0.575619834710744,0.287809917355372,0.261972853477921
S5_187698419,0.126859504132231,0.0634297520661157,-0.0720355513565582
S5_187875195,0.581818181818182,0.290909090909091,-0.192216588267422
S5_188157823,0.181404958677686,0.090702479338843,0.510218479356508
S5_188213251,0.441322314049587,0.220661157024793,0.501079116189563
S5_189353511,0.430578512396694,0.215289256198347,0.743071168452064
S5_189363603,0.576859504132231,0.288429752066116,0.56087307019995
S5_190041360,0.308264462809917,0.154132231404959,0.326190813064812
S5_192686533,0.743801652892562,0.371900826446281,0.326616872450573
S5_192792986,0.285123966942149,0.142561983471074,-0.224968951034521
S5_193315723,0.260743801652893,0.130371900826446,0.412895671400218
S5_194079700,0.21404958677686,0.10702479338843,0.179423840098394
S5_194827709,0.430165289256198,0.215082644628099,-0.324910775750877
S5_195066772,0.127685950413223,0.0638429752066116,-0.475781686149051
S5_195079729,0.622314049586777,0.311157024793388,0.0456626973739329
S5_195080529,0.375206611570248,0.187603305785124,0.407794326248006
S5_195296424,0.128099173553719,0.0640495867768595,0.553564945674627
S5_196493942,0.252892561983471,0.126446280991736,0.549520689097539
S5_196495308,0.528512396694215,0.264256198347107,0.0591776738230743
S5_196686417,0.20495867768595,0.102479338842975,0.130951063062485
S5_196688275,0.448347107438017,0.224173553719008,-0.487177335033197
S5_196688753,0.550826446280992,0.275413223140496,-0.32933126150363
S5_197833779,0.255785123966942,0.127892561983471,-0.361926223463517
S5_198023231,0.351239669421488,0.175619834710744,-0.0982957277284207
S5_198353824,0.197933884297521,0.0989669421487603,0.481227436610885
S5_198357291,0.478512396694215,0.239256198347107,0.572071120289769
S5_198497394,0.280165289256198,0.140082644628099,-0.588029569628168
S5_198576650,0.655785123966942,0.327892561983471,0.424795917603616
S5_199103162,0.291735537190083,0.145867768595041,0.127480849789637
S5_203416587,0.459090909090909,0.229545454545455,0.545964916489594
S5_203425942,0.740082644628099,0.37004132231405,0.714351822726337
S5_204040867,0.629752066115702,0.314876033057851,0.942331463174678
S5_204040909,0.601652892561984,0.300826446280992,0.368450542787745
S5_204409553,0.381818181818182,0.190909090909091,-0.297109736839364
S5_204693690,0.168595041322314,0.084297520661157,-0.37372666182174
S5_205869673,0.66404958677686,0.33202479338843,0.285597022857265
S5_205950398,0.454545454545455,0.227272727272727,0.484469689079475
S5_206240787,0.724793388429752,0.362396694214876,0.0318876344125834
S5_206652970,0.0227272727272727,0.0113636363636364,0.338648907476962
S5_206654542,0.168595041322314,0.084297520661157,-0.137830450544729
S5_207186816,0.197933884297521,0.0989669421487603,0.428248169778663
S5_207333354,0.559504132231405,0.279752066115702,-0.0101742298642677
S5_208492316,0.255785123966942,0.127892561983471,-0.0866588048831048
S5_209484843,0.065702479338843,0.0328512396694215,0.569717180788986
S5_209506777,0.162809917355372,0.0814049586776859,0.903000917968985
S5_209558738,0.15495867768595,0.0774793388429752,0.549090731132593
S5_209751223,0.288429752066116,0.144214876033058,0.526361960059042
S5_210099034,0.257438016528926,0.128719008264463,-0.0747273666618597
S5_210871718,0.366115702479339,0.183057851239669,-0.519243410508248
S5_211204931,0.356611570247934,0.178305785123967,0.424102634981069
S5_211205797,0.0929752066115702,0.0464876033057851,0.411935452009151
S5_211242216,0.353719008264463,0.176859504132231,-0.789424189724734
S5_211285153,0.542148760330578,0.271074380165289,-0.708965151401235
S5_211334892,0.303305785123967,0.151652892561983,-0.173239488603046
S5_211698429,0.357438016528926,0.178719008264463,0.0150366899119914
S5_211843513,0.168181818181818,0.0840909090909091,-0.3189858267211
S5_211962336,0.369421487603306,0.184710743801653,0.612663079211429
S5_212055655,0.309917355371901,0.15495867768595,-0.39586612811462
S5_212070678,0.258677685950413,0.129338842975207,0.501084421190642
S5_212136026,0.232644628099174,0.116322314049587,0.0732688051981069
S5_212255952,0.297933884297521,0.14896694214876,0.128838385363272
S5_212478679,0.248760330578512,0.124380165289256,-0.0934144914990798
S5_213003414,0.197520661157025,0.0987603305785124,-0.190066165690583
S5_213100773,0.142148760330579,0.0710743801652893,0.146097058718219
S5_213137320,0.416115702479339,0.208057851239669,0.613064569681106
S5_213160675,0.250413223140496,0.125206611570248,0.756389646981873
S5_213166480,0.163223140495868,0.0816115702479339,-0.274749670536848
S5_213380060,0.31404958677686,0.15702479338843,0.0879955234713079
S5_213565655,0.150826446280992,0.0754132231404959,-0.310105131930424
S5_213571586,0.442148760330579,0.221074380165289,0.357468832049455
S5_213596888,0.264876033057851,0.132438016528926,0.984063614180966
S5_213601432,0.260330578512397,0.130165289256198,-0.384089719077034
S5_214150762,0.609504132231405,0.304752066115702,0.198051258184638
S5_214254801,0.299586776859504,0.149793388429752,0.31711088559474
S5_214295509,0.779752066115702,0.389876033057851,0.0492797802379669
S5_215367055,0.593388429752066,0.296694214876033,0.643605098203356
S5_215367218,0.389256198347107,0.194628099173554,0.0999780313631266
S5_216252803,0.392148760330578,0.196074380165289,0.4015327753684
S5_216397829,0.323553719008264,0.161776859504132,-0.278953310857336
S5_216639488,0.513223140495868,0.256611570247934,0.557795848102673
S5_216679342,0.250826446280992,0.125413223140496,0.225057063320205
S5_216685919,0.868595041322314,0.434297520661157,0.49882536426709
S5_216902344,0.63595041322314,0.31797520661157,0.225217903985378
S5_217277409,0.343388429752066,0.171694214876033,0.354121763027666
S5_218069890,0.192148760330579,0.0960743801652893,1
S5_218071486,0.192148760330579,0.0960743801652893,-0.173116328856225
S5_219302032,0.857438016528926,0.428719008264463,0.155830372298189
S5_219699961,0.178099173553719,0.0890495867768595,0.00288484117241353
S5_220362315,0.130165289256198,0.0650826446280992,0.266802574197758
S5_220616742,0.624793388429752,0.312396694214876,0.268434254825276
S5_220625279,0.109090909090909,0.0545454545454545,-0.166457272099668
S5_220826505,0.21404958677686,0.10702479338843,0.142933317735253
S5_220992100,0.147933884297521,0.0739669421487603,0.0758965631969839
S5_221195461,0.195867768595041,0.0979338842975207,-0.156730953723022
S5_221698085,0.249173553719008,0.124586776859504,0.673282139980081
S5_221957658,0.143801652892562,0.071900826446281,-0.0147759231068097
S5_222467069,0.63801652892562,0.31900826446281,0.312951518687834
S5_222581144,0.720661157024793,0.360330578512397,0.372206019354173
S5_222820716,0.316528925619835,0.158264462809917,0.214307054297559
S5_223260186,0.628512396694215,0.314256198347107,0.0129717786803509
S5_223260805,0.830578512396694,0.415289256198347,-0.222167825015912
S5_223366133,0.287190082644628,0.143595041322314,0.260072709675994
S5_223426991,0.334710743801653,0.167355371900826,-0.0450082011429305
S5_223430784,0.612396694214876,0.306198347107438,0.663651308565913
S5_223430984,0.410330578512397,0.205165289256198,0.0638524419446525
S5_223436095,0.174380165289256,0.0871900826446281,0.283403111430867
S5_223645549,0.648760330578512,0.324380165289256,-0.190371044573023
S5_223756239,0.384710743801653,0.192355371900826,0.701133079775404
S5_223875842,0.382231404958678,0.191115702479339,0.104501256367317
S5_223901174,0.135123966942149,0.0675619834710744,-0.115757766295848
S5_223904377,0.285123966942149,0.142561983471074,-0.124994912883021
S5_223909423,0.13595041322314,0.0679752066115702,-0.227143092562487
S5_224226095,0.333884297520661,0.166942148760331,-0.298857035877162
S5_224229262,0.151239669421488,0.0756198347107438,0.831992855472966
S5_224633761,0.127272727272727,0.0636363636363636,0.43803407220098
S5_225053113,0.415289256198347,0.207644628099174,-0.0335687497904226
S5_226029760,0.880578512396694,0.440289256198347,0.285918273366
S6_7500192,0.592561983471074,0.296280991735537,0.534177087406155
S6_9172373,0.361157024793388,0.180578512396694,-0.216300324280536
S6_10091180,0.292148760330579,0.146074380165289,1
S6_10091291,0.292148760330579,0.146074380165289,0.335121466743985
S6_10170336,0.42396694214876,0.21198347107438,0.577537908422982
S6_10178401,0.197107438016529,0.0985537190082645,0.432343123854765
S6_10427934,0.0772727272727273,0.0386363636363636,0.40417756871458
S6_12017089,0.213636363636364,0.106818181818182,-0.187329717239161
S6_14800910,0.161157024793388,0.0805785123966942,0.236526581912212
S6_25976852,0.432644628099174,0.216322314049587,0.698590632260492
S6_30546465,0.607438016528926,0.303719008264463,0.352797771810583
S6_37966438,0.458677685950413,0.229338842975207,0.0459745412686938
S6_51081241,0.145454545454545,0.0727272727272727,0.355487021005543
S6_53667694,0.570661157024793,0.285330578512397,0.54833521765872
S6_64419294,0.687603305785124,0.343801652892562,-0.0448813526146363
S6_67037943,0.0979338842975207,0.0489669421487603,0.217655925412461
S6_67043112,0.678925619834711,0.339462809917355,0.253146048736223
S6_68175871,0.304545454545455,0.152272727272727,0.34006197517332
S6_71847299,0.784710743801653,0.392355371900826,0.745877669600317
S6_78216005,0.68099173553719,0.340495867768595,0.328840431915102
S6_80620806,0.604132231404959,0.302066115702479,0.578890638661516
S6_82541405,0.807851239669422,0.403925619834711,0.352930139727671
S6_84930110,0.360330578512397,0.180165289256198,0.422685534992
S6_92919825,0.164876033057851,0.0824380165289256,0.321889920121942
S6_94929182,0.380165289256198,0.190082644628099,-0.0227420198007753
S6_95582532,0.597933884297521,0.29896694214876,-0.211623946851874
S6_96074538,0.171900826446281,0.0859504132231405,-0.344965188559674
S6_96712764,0.376446280991736,0.188223140495868,-0.282793699081119
S6_98298987,0.416528925619835,0.208264462809917,0.1314380675982
S6_98395946,0.769834710743802,0.384917355371901,-0.0771619312297298
S6_98408157,0.219834710743802,0.109917355371901,-0.129716114111493
S6_98417550,0.093801652892562,0.046900826446281,-0.0960404487391436
S6_100808400,0.0818181818181818,0.0409090909090909,0.0964777800646585
S6_102701095,0.793388429752066,0.396694214876033,0.551621374658098
S6_102701334,0.538842975206612,0.269421487603306,0.805185464054005
S6_102804778,0.433057851239669,0.216528925619835,0.30905568734573
S6_104866390,0.210743801652893,0.105371900826446,0.159605351244323
S6_105780483,0.164049586776859,0.0820247933884297,0.609778014565018
S6_105829977,0.345454545454545,0.172727272727273,-0.0688842738652264
S6_123007536,0.657438016528926,0.328719008264463,0.561006794836148
S6_123298007,0.738429752066116,0.369214876033058,0.879810543191918
S6_123492422,0.783057851239669,0.391528925619835,0.975644687811133
S6_124083395,0.783884297520661,0.391942148760331,0.427212281958457
S6_124872356,0.402892561983471,0.201446280991736,-0.525607499504017
S6_127695370,0.535537190082645,0.267768595041322,0.582514654706617
S6_128029740,0.770247933884298,0.385123966942149,0.910007850989824
S6_128681003,0.787603305785124,0.393801652892562,0.0447560903359772
S6_129038174,0.455371900826446,0.227685950413223,0.535841663083926
S6_129595629,0.372727272727273,0.186363636363636,0.358377939528091
S6_131992891,0.471900826446281,0.235950413223141,0.631806953149704
S6_132737943,0.687603305785124,0.343801652892562,0.370317664209803
S6_133175017,0.233884297520661,0.116942148760331,0.15498748415417
S6_134125062,0.515289256198347,0.257644628099174,0.388222736604433
S6_135417855,0.149586776859504,0.0747933884297521,0.766779583935392
S6_138176820,0.222727272727273,0.111363636363636,0.238333942059932
S6_140908265,0.796694214876033,0.398347107438017,0.331074431334108
S6_144100101,0.356611570247934,0.178305785123967,0.932854414639228
S6_144106181,0.373140495867769,0.186570247933884,-0.12780475389836
S6_144217241,0.492561983471074,0.246280991735537,0.059639903158835
S6_146437625,0.331404958677686,0.165702479338843,0.737244396784192
S6_146489271,0.396694214876033,0.198347107438017,0.111246369267054
S6_148015145,0.714049586776859,0.35702479338843,-0.102945934556991
S6_149306116,0.614462809917355,0.307231404958678,-0.353072509334453
S6_149716126,0.189669421487603,0.0948347107438016,-0.458073255129315
S6_152466118,0.591735537190083,0.295867768595041,0.899962288094168
S6_152993174,0.624793388429752,0.312396694214876,0.226009560716706
S6_153077139,0.510330578512397,0.255165289256198,0.44176010380787
S6_154271835,0.523140495867769,0.261570247933884,-0.322336536982167
S6_155722319,0.129338842975207,0.0646694214876033,-0.113029056432652
S6_156209684,0.101239669421488,0.0506198347107438,-0.141190563186799
S6_156449605,0.283471074380165,0.141735537190083,0.0896037875140862
S6_157086241,0.659917355371901,0.32995867768595,0.970351209577756
S6_157086536,0.646280991735537,0.323140495867769,0.133186963229558
S6_157897148,0.292148760330579,0.146074380165289,0.512480409578769
S6_157903398,0.19297520661157,0.0964876033057851,0.173396959775571
S6_159085805,0.538429752066116,0.269214876033058,0.0522948264417293
S6_159685403,0.21198347107438,0.10599173553719,0.309974078203547
S6_159819701,0.165702479338843,0.0828512396694215,-0.242224660594507
S6_159909388,0.577685950413223,0.288842975206612,0.0481198110960524
S6_160972138,0.763636363636364,0.381818181818182,-0.026498203785658
S6_161844021,0.488429752066116,0.244214876033058,-0.19268785080168
S6_161930736,0.335950413223141,0.16797520661157,-0.499366284175596
S6_162413998,0.330165289256198,0.165082644628099,0.504520184749201
S6_165082843,0.540495867768595,0.270247933884298,0.500216228902952
S6_165516068,0.296280991735537,0.148140495867769,-0.0789268062205863
S6_166226097,0.17603305785124,0.0880165289256198,-0.0321701160688085
S6_166231942,0.407438016528926,0.203719008264463,0.444825834858682
S6_166923929,0.756611570247934,0.378305785123967,0.718245230147102
S6_167093376,0.683884297520661,0.341942148760331,0.205942066461335
S6_167992991,0.110743801652893,0.0553719008264463,-0.141948577308712
S6_169940741,0.223553719008264,0.111776859504132,0.530237081439771
S6_170389932,0.188429752066116,0.0942148760330579,0.657435390491272
S6_170593838,0.27603305785124,0.13801652892562,0.665875148397043
S6_170637539,0.147520661157025,0.0737603305785124,0.514907057563577
S6_171072688,0.342561983471074,0.171280991735537,0.717879600302468
S6_171076874,0.266942148760331,0.133471074380165,-0.189403719659124
S6_171107203,0.0979338842975207,0.0489669421487603,0.979511459986398
S6_171107240,0.101652892561983,0.0508264462809917,-0.0976523097016651
S6_171170326,0.196694214876033,0.0983471074380165,0.733126403202542
S6_171210584,0.11900826446281,0.059504132231405,0.966293439441419
S6_171246978,0.116942148760331,0.0584710743801653,-0.155075961321657
S6_171331272,0.171074380165289,0.0855371900826446,-0.243512611449581
S6_171494788,0.252066115702479,0.12603305785124,-0.259106361428886
S6_171825055,0.166115702479339,0.0830578512396694,0.379036608506971
S6_171825719,0.561157024793388,0.280578512396694,0.0342651885690235
S6_172111295,0.265702479338843,0.132851239669422,0.601432910438748
S6_172528568,0.202892561983471,0.101446280991736,0.955652127146516
S6_172699949,0.206611570247934,0.103305785123967,0.349549762470727
S6_173144508,0.66198347107438,0.33099173553719,0.736703680303916
S6_173220894,0.546280991735537,0.273140495867769,0.302489487496908
S6_173395982,0.426446280991736,0.213223140495868,0.442200112996119
S6_173844654,0.675619834710744,0.337809917355372,0.327547237447514
S6_173850038,0.182644628099174,0.0913223140495868,0.507919812033889
S6_174063060,0.427685950413223,0.213842975206612,-0.130362157076108
S6_174251053,0.573140495867769,0.286570247933884,0.752721432101379
S6_174425232,0.694214876033058,0.347107438016529,0.750456946714158
S6_174460388,0.790909090909091,0.395454545454545,1
S6_174463143,0.790909090909091,0.395454545454545,0.762129484910494
S6_174474123,0.690909090909091,0.345454545454545,0.704334146171765
S6_174546993,0.79297520661157,0.396487603305785,0.246483559503057
S6_174553511,0.198347107438017,0.0991735537190083,0.98450985751483
S6_174554225,0.200826446280992,0.100413223140496,0.548584158004512
S6_174948850,0.391735537190083,0.195867768595041,0.952450934320181
S6_175017858,0.396280991735537,0.198140495867769,0.644567480701012
S6_175155013,0.522314049586777,0.261157024793388,0.219636797243249
S6_175614573,0.108677685950413,0.0543388429752066,-0.171453948219817
S6_176650245,0.266528925619835,0.133264462809917,0.425250653217958
S6_177006450,0.659504132231405,0.329752066115702,1
S6_177006463,0.659504132231405,0.329752066115702,0.265302436283865
S6_177541212,0.18099173553719,0.090495867768595,0.12040359053054
S6_178280648,0.183884297520661,0.0919421487603306,-0.136079407523643
S6_178499689,0.64504132231405,0.322520661157025,-0.131543848661058
S6_179563522,0.287603305785124,0.143801652892562,0.950361450554426
S6_179646907,0.277272727272727,0.138636363636364,0.869394077750652
S6_179653649,0.224793388429752,0.112396694214876,-0.464331501543203
S6_179990687,0.426446280991736,0.213223140495868,0.970733491390144
S6_179997361,0.41198347107438,0.20599173553719,-0.505576025596264
S6_180646401,0.273140495867769,0.136570247933884,0.211394754146731
S7_844671,0.246280991735537,0.123140495867769,0.250201521697467
S7_1056516,0.67603305785124,0.33801652892562,-0.26642080028534
S7_1399948,0.140495867768595,0.0702479338842975,0.537847787472546
S7_1623486,0.332231404958678,0.166115702479339,0.460992001178649
S7_1882039,0.469834710743802,0.234917355371901,0.205697847814776
S7_2222059,0.0636363636363636,0.0318181818181818,-0.0810137978050258
S7_3606609,0.168181818181818,0.0840909090909091,-0.204570109225656
S7_3781862,0.171487603305785,0.0857438016528926,0.354408694626622
S7_4034926,0.35495867768595,0.177479338842975,0.751633854687505
S7_4131827,0.455785123966942,0.227892561983471,0.617252913311632
S7_4132053,0.300826446280992,0.150413223140496,-0.452946922811845
S7_4185867,0.375619834710744,0.187809917355372,0.834239265685646
S7_4185885,0.463636363636364,0.231818181818182,0.685339637362598
S7_4185900,0.647933884297521,0.32396694214876,0.155716173835752
S7_4224614,0.465702479338843,0.232851239669421,-0.623311257975829
S7_4704421,0.35495867768595,0.177479338842975,0.666766898074703
S7_4993741,0.44504132231405,0.222520661157025,0.312445765032085
S7_5294149,0.842148760330579,0.421074380165289,0.0325915853522222
S7_5576737,0.115702479338843,0.0578512396694215,0.473354757140548
S7_6008227,0.302479338842975,0.151239669421488,-0.018013647884284
S7_7731242,0.277272727272727,0.138636363636364,0.88685656491231
S7_7742880,0.32396694214876,0.16198347107438,0.353968134186675
S7_8226814,0.613223140495868,0.306611570247934,0.347568822715884
S7_8236858,0.160743801652893,0.0803719008264463,-0.326413211776493
S7_8359766,0.376859504132231,0.188429752066116,-0.289134663688958
S7_9076132,0.141735537190083,0.0708677685950413,0.129074788246237
S7_9373969,0.63099173553719,0.315495867768595,0.969798418911686
S7_9378165,0.634297520661157,0.317148760330579,-0.102570502963834
S7_10079492,0.0929752066115702,0.0464876033057851,-0.0413458730682521
S7_10810550,0.459917355371901,0.22995867768595,0.225522470903144
S7_11059965,0.221900826446281,0.11095041322314,0.493277766809296
S7_12026797,0.325206611570248,0.162603305785124,0.141763509953651
S7_13501881,0.592148760330579,0.296074380165289,0.795536149142623
S7_13581391,0.695454545454545,0.347727272727273,0.812641807368741
S7_13945703,0.61198347107438,0.30599173553719,0.852915830479814
S7_13961624,0.675206611570248,0.337603305785124,0.581424103323967
S7_13961812,0.415702479338843,0.207851239669421,0.57385641438751
S7_13961898,0.682231404958678,0.341115702479339,0.337689210832081
S7_14207155,0.385123966942149,0.192561983471074,0.15372691487439
S7_15392216,0.343388429752066,0.171694214876033,0.392523915509957
S7_18011608,0.721900826446281,0.36095041322314,0.327888276204414
S7_22883047,0.286363636363636,0.143181818181818,0.240539103886592
S7_27927295,0.581818181818182,0.290909090909091,0.407472864782481
S7_28946638,0.189256198347107,0.0946280991735537,0.264152606478625
S7_31369870,0.766528925619835,0.383264462809917,0.316668073248716
S7_34053809,0.309504132231405,0.154752066115702,-0.416292220319774
S7_34422171,0.30495867768595,0.152479338842975,-0.30210341961667
S7_41473602,0.206198347107438,0.103099173553719,0.266635583075216
S7_42251847,0.151239669421488,0.0756198347107438,0.0701910483053409
S7_44311585,0.365289256198347,0.182644628099174,-0.252440718460321
S7_45606995,0.103719008264463,0.0518595041322314,0.179270970456335
S7_47593869,0.782644628099174,0.391322314049587,0.168151969989506
S7_52721525,0.0991735537190083,0.0495867768595041,-0.223688026578281
S7_91010583,0.329338842975207,0.164669421487603,0.132742174338647
S7_95720534,0.721900826446281,0.36095041322314,0.584121838590666
S7_96947428,0.693801652892562,0.346900826446281,0.285589711404233
S7_101685008,0.171487603305785,0.0857438016528926,-0.313917315039798
S7_103794469,0.347933884297521,0.17396694214876,0.685099844511343
S7_107046839,0.482644628099174,0.241322314049587,-0.325893118046272
S7_109732796,0.163223140495868,0.0816115702479339,0.478908183824455
S7_110287645,0.441322314049587,0.220661157024793,0.307594839470102
S7_112726284,0.22603305785124,0.11301652892562,0.5473702094243
S7_114101603,0.118595041322314,0.059297520661157,0.300882540500837
S7_114102321,0.581404958677686,0.290702479338843,-0.528382356499892
S7_114288977,0.174380165289256,0.0871900826446281,0.84039309533813
S7_115394464,0.217355371900826,0.108677685950413,0.845589550297234
S7_115531617,0.175206611570248,0.087603305785124,0.972919198850882
S7_116276698,0.176446280991736,0.0882231404958678,0.338729799376573
S7_116653725,0.651239669421488,0.325619834710744,0.316229140704979
S7_116780969,0.178512396694215,0.0892561983471074,0.248264377369372
S7_117519628,0.277685950413223,0.138842975206612,0.305378062070478
S7_122387013,0.256611570247934,0.128305785123967,0.961967989996979
S7_122393459,0.245454545454545,0.122727272727273,0.0376692023046043
S7_124279387,0.487190082644628,0.243595041322314,0.740427870767267
S7_125176636,0.492148760330579,0.246074380165289,0.711157746674247
S7_126118922,0.534710743801653,0.267355371900826,0.693135684200737
S7_126935343,0.583057851239669,0.291528925619835,0.601803894667579
S7_127045257,0.787603305785124,0.393801652892562,0.560460629386312
S7_128986731,0.569421487603306,0.284710743801653,0.655019435406188
S7_129214069,0.557438016528926,0.278719008264463,0.394318894633545
S7_129807336,0.486363636363636,0.243181818181818,-0.32278177942263
S7_130131479,0.409504132231405,0.204752066115702,0.808945744432714
S7_130175589,0.316942148760331,0.158471074380165,-0.178159785524381
S7_130547743,0.616115702479339,0.308057851239669,0.723760598410735
S7_131668413,0.714462809917355,0.357231404958678,0.286801137441297
S7_132461307,0.209090909090909,0.104545454545455,-0.0693496554140846
S7_133186810,0.632231404958678,0.316115702479339,0.793713523315563
S7_133186871,0.731818181818182,0.365909090909091,0.657997514205473
S7_133464110,0.558264462809917,0.279132231404959,0.992464626448178
S7_133465902,0.560330578512397,0.280165289256198,0.191322255261915
S7_135301936,0.237603305785124,0.118801652892562,-0.33783210724939
S7_136214505,0.599173553719008,0.299586776859504,-0.0889864459224033
S7_136452694,0.172314049586777,0.0861570247933884,0.768679927786729
S7_136531397,0.224793388429752,0.112396694214876,-0.502012250964687
S7_137510639,0.466942148760331,0.233471074380165,0.3765682433169
S7_139440325,0.534710743801653,0.267355371900826,-0.006500540660656
S7_139491179,0.197933884297521,0.0989669421487603,0.799874465474519
S7_139496582,0.27603305785124,0.13801652892562,0.347502164634071
S7_139527440,0.129752066115702,0.0648760330578512,0.186560959626109
S7_140578194,0.14297520661157,0.0714876033057851,0.550271742176079
S7_141747386,0.152066115702479,0.0760330578512397,1
S7_141756965,0.152066115702479,0.0760330578512397,0.323642833252846
S7_143069328,0.250413223140496,0.125206611570248,-0.244356569427656
S7_143098054,0.647520661157025,0.323760330578512,-0.341757414720647
S7_144667243,0.248760330578512,0.124380165289256,0.146886303949714
S7_144877105,0.406198347107438,0.203099173553719,-0.434204193471107
S7_145115606,0.476859504132231,0.238429752066116,0.418596662188957
S7_146989468,0.413223140495868,0.206611570247934,-0.0538748157626104
S7_146990357,0.366942148760331,0.183471074380165,0.0822149889653553
S7_147788972,0.193801652892562,0.096900826446281,0.11442993530491
S7_148846698,0.64297520661157,0.321487603305785,0.19899242607918
S7_149164143,0.0942148760330579,0.0471074380165289,-0.173609794633083
S7_150341368,0.231404958677686,0.115702479338843,-0.201818830740924
S7_150739423,0.131404958677686,0.065702479338843,0.696725116805667
S7_150896426,0.237603305785124,0.118801652892562,0.369250129546933
S7_151122054,0.119421487603306,0.0597107438016529,-0.0984369597061772
S7_151323488,0.46198347107438,0.23099173553719,0.416839770798721
S7_152980877,0.640082644628099,0.32004132231405,0.0951781733773162
S7_153473280,0.35702479338843,0.178512396694215,-0.530813195851827
S7_153571933,0.534710743801653,0.267355371900826,-0.111000836611875
S7_153812639,0.185537190082645,0.0927685950413223,0.0220954191688278
S7_161191018,0.682231404958678,0.341115702479339,0.519135066732292
S7_161352998,0.366528925619835,0.183264462809917,-0.323533114910836
S7_163227439,0.182231404958678,0.0911157024793388,0.290770920955366
S7_164101621,0.669421487603306,0.334710743801653,0.755399850870478
S7_165193358,0.741735537190083,0.370867768595041,0.35689454396105
S7_166294479,0.481404958677686,0.240702479338843,0.317719204450138
S7_166649983,0.299586776859504,0.149793388429752,0.265141997966308
S7_167438352,0.131818181818182,0.0659090909090909,0.49467112637407
S7_170910247,0.285537190082645,0.142768595041322,0.064401499395632
S7_171137187,0.750413223140496,0.375206611570248,0.276338184224034
S7_171218528,0.821074380165289,0.410537190082645,0.6231793538044
S7_171494406,0.671074380165289,0.335537190082645,0.484883154546465
S7_173083438,0.552892561983471,0.276446280991736,0.437199628009329
S7_173291589,0.748760330578512,0.374380165289256,-0.127702373081222
S7_174125838,0.140495867768595,0.0702479338842975,0.754068321620314
S7_174487321,0.205371900826446,0.102685950413223,1
S7_174487353,0.205371900826446,0.102685950413223,1
S7_174487367,0.205371900826446,0.102685950413223,-0.271487935564979
S7_174506595,0.221900826446281,0.11095041322314,-0.490113907049448
S7_174659681,0.523553719008264,0.261776859504132,0.180495859805902
S7_174986575,0.729338842975207,0.364669421487603,0.352487514676779
S7_174986674,0.250826446280992,0.125413223140496,-0.232335848491665
S7_174986857,0.138842975206612,0.0694214876033058,0.0501183650838317
S7_175273833,0.878925619834711,0.439462809917355,0.22515243234627
S7_175482129,0.26900826446281,0.134504132231405,0.190123492572424
S7_176074888,0.243388429752066,0.121694214876033,0.342257462760011
S7_176076452,0.733057851239669,0.366528925619835,0.597196119748168
S7_176208045,0.508677685950413,0.254338842975207,-0.127311759641417
S7_176582006,0.21198347107438,0.10599173553719,0.246579582444681
S7_176908652,0.466528925619835,0.233264462809917,0.590164270486158
S7_177297045,0.451239669421488,0.225619834710744,-0.131153570942754
S7_177589777,0.723140495867769,0.361570247933884,0.445005119802285
S7_177592139,0.340909090909091,0.170454545454545,0.423590541913366
S7_178057883,0.306611570247934,0.153305785123967,0.302517330026031
S7_178474803,0.796694214876033,0.398347107438017,0.320224187634701
S7_178518524,0.31198347107438,0.15599173553719,1
S7_178518565,0.31198347107438,0.15599173553719,0.779299927670835
S7_178518778,0.240495867768595,0.120247933884298,0.385506483236057
S7_178522030,0.680578512396694,0.340289256198347,0.4580807632012
S7_178606174,0.310743801652893,0.155371900826446,-0.0905579815089835
S7_179111058,0.301239669421488,0.150619834710744,0.552875302614937
S7_179111826,0.585123966942149,0.292561983471074,0.359567133781525
S7_179765379,0.855371900826446,0.427685950413223,0.59095586458969
S7_180311878,0.797520661157025,0.398760330578512,0.509828472648612
S7_182932513,0.685950413223141,0.34297520661157,0.742498884346065
S7_183230255,0.567355371900826,0.283677685950413,0.714422029597333
S7_183251802,0.707438016528926,0.353719008264463,0.267076023372331
S7_183325818,0.147107438016529,0.0735537190082645,0.347007110335245
S7_183536615,0.569421487603306,0.284710743801653,0.0530807485983118
S7_183788586,0.409090909090909,0.204545454545455,0.760708635284807
S7_184554841,0.448347107438017,0.224173553719008,0.18790254764466
S8_612496,0.21404958677686,0.10702479338843,0.795211506503615
S8_1194988,0.261157024793388,0.130578512396694,0.498333112767824
S8_1829299,0.56198347107438,0.28099173553719,0.529176454858388
S8_2420621,0.265702479338843,0.132851239669422,0.837702565638431
S8_2623912,0.329752066115702,0.164876033057851,-0.258739237821328
S8_3642557,0.136776859504132,0.0683884297520661,0.0877100972341057
S8_3642603,0.461157024793388,0.230578512396694,0.559902523679872
S8_3973029,0.25702479338843,0.128512396694215,0.39147316146314
S8_5223551,0.622727272727273,0.311363636363636,0.474373317043019
S8_7117363,0.571074380165289,0.285537190082645,0.993281117088227
S8_7117426,0.567768595041322,0.283884297520661,0.934961630041043
S8_7259227,0.590909090909091,0.295454545454545,0.273912018761533
S8_7346951,0.300413223140496,0.150206611570248,0.302218461617808
S8_9215338,0.315289256198347,0.157644628099174,0.222874831357206
S8_9278330,0.40495867768595,0.202479338842975,0.40223283863501
S8_10397644,0.234297520661157,0.117148760330579,0.572727615770044
S8_10712954,0.371074380165289,0.185537190082645,-0.0807031561042978
S8_11691508,0.530165289256198,0.265082644628099,0.500711160222546
S8_12721256,0.355785123966942,0.177892561983471,0.205462658621271
S8_13999416,0.100413223140496,0.0502066115702479,0.0170579932407976
S8_14203871,0.123140495867769,0.0615702479338843,-0.181084540476207
S8_14486971,0.235123966942149,0.117561983471074,0.542651632306238
S8_17315368,0.346280991735537,0.173140495867769,0.111838450573745
S8_18826784,0.160743801652893,0.0803719008264463,-0.248883200666772
S8_18836435,0.252066115702479,0.12603305785124,-0.236934145781563
S8_20695697,0.148347107438017,0.0741735537190083,0.180871673854792
S8_22984536,0.810743801652893,0.405371900826446,0.227086429792994
S8_23263047,0.316942148760331,0.158471074380165,0.163402277809212
S8_23439188,0.196694214876033,0.0983471074380165,1
S8_23439421,0.196694214876033,0.0983471074380165,0.618834241487749
S8_23440142,0.385123966942149,0.192561983471074,-0.0283401190481531
S8_24594223,0.294214876033058,0.147107438016529,0.0123590275246485
S8_25772299,0.397933884297521,0.19896694214876,0.0516706447238388
S8_25776901,0.467768595041322,0.233884297520661,0.971978378385641
S8_25779871,0.476859504132231,0.238429752066116,0.0541318020092721
S8_26031524,0.28801652892562,0.14400826446281,0.368491249258252
S8_27837421,0.357851239669422,0.178925619834711,0.425071764327911
S8_28410514,0.561570247933884,0.280785123966942,-0.4823458321238
S8_28933320,0.153719008264463,0.0768595041322314,0.899359083710948
S8_29366651,0.128099173553719,0.0640495867768595,0.89651308540054
S8_29367161,0.154545454545455,0.0772727272727273,0.427532038161691
S8_30416206,0.188842975206612,0.0944214876033058,0.160591235475374
S8_34786661,0.383057851239669,0.191528925619835,0.624848056304663
S8_37491523,0.359504132231405,0.179752066115702,-0.332488457307694
S8_39607936,0.177685950413223,0.0888429752066116,-0.07056542827808
S8_41779834,0.615702479338843,0.307851239669421,0.837007648820592
S8_53180719,0.533884297520661,0.266942148760331,0.308950447104504
S8_65091959,0.901652892561983,0.450826446280992,0.155471621381457
S8_67365157,0.181404958677686,0.090702479338843,0.755226757171805
S8_67366292,0.277272727272727,0.138636363636364,0.525673095263799
S8_68605842,0.275206611570248,0.137603305785124,0.321465552743718
S8_72283105,0.343801652892562,0.171900826446281,0.211278123518096
S8_73298586,0.15702479338843,0.0785123966942149,0.870149909594639
S8_73725823,0.182231404958678,0.0911157024793388,-0.385558708131344
S8_74479931,0.54504132231405,0.272520661157025,-0.645094483313824
S8_75118540,0.313636363636364,0.156818181818182,-0.509273379533313
S8_75124138,0.590495867768595,0.295247933884298,-0.678014818674539
S8_75124250,0.241735537190083,0.120867768595041,0.0709723537816096
S8_78074116,0.645867768595041,0.322933884297521,0.991030683742065
S8_78074363,0.641735537190083,0.320867768595041,0.82641341702772
S8_78087508,0.72396694214876,0.36198347107438,0.0355709307084894
S8_80222882,0.294214876033058,0.147107438016529,0.344380069434961
S8_80579757,0.778512396694215,0.389256198347107,-0.0711377141878987
S8_80748080,0.248347107438017,0.124173553719008,-0.674286230705215
S8_81892711,0.584710743801653,0.292355371900826,0.26899503498988
S8_82048199,0.317768595041322,0.158884297520661,1
S8_82048896,0.317768595041322,0.158884297520661,-0.271408136719301
S8_82162950,0.404545454545455,0.202272727272727,-0.640246133309648
S8_86486748,0.586776859504132,0.293388429752066,0.467949898847672
S8_89302137,0.237190082644628,0.11900826446281,0.93410486230618
S8_90891762,0.253719008264463,0.126859504132231,0.992362011885041
S8_91070032,0.250826446280992,0.125413223140496,0.972451531053756
S8_92211180,0.248760330578512,0.124380165289256,1
S8_92211196,0.248760330578512,0.124380165289256,0.738917734595574
S8_92273238,0.326446280991736,0.163223140495868,-0.406153815005836
S8_92845779,0.562809917355372,0.281404958677686,0.304098797393901
S8_93206352,0.606198347107438,0.303099173553719,0.675241324811136
S8_93206908,0.771487603305785,0.385743801652893,0.805108357605606
S8_93207205,0.686363636363636,0.343181818181818,0.452466157217095
S8_95241528,0.392148760330578,0.341942148760331,-0.0651471368301413
S8_97314946,0.240495867768595,0.120247933884298,0.954691620067753
S8_97365190,0.22396694214876,0.11198347107438,0.797392242832697
S8_97459232,0.300826446280992,0.150413223140496,0.129376091458332
S8_103243140,0.509917355371901,0.25495867768595,0.743661928380918
S8_104269101,0.625206611570248,0.312603305785124,0.423745740262084
S8_105803797,0.245454545454545,0.122727272727273,0.434749466822485
S8_105985640,0.0706611570247934,0.0353305785123967,-0.121277405248805
S8_106614488,0.216115702479339,0.108057851239669,0.0865288757508133
S8_106910226,0.516115702479339,0.258057851239669,0.984281108664087
S8_106912903,0.516528925619835,0.258264462809917,0.408904752093213
S8_108472915,0.551239669421488,0.275619834710744,0.682147186592227
S8_109133633,0.589256198347107,0.294628099173554,0.538026391703692
S8_109392545,0.316942148760331,0.158471074380165,0.382442669060645
S8_109392879,0.760330578512397,0.380165289256198,0.697646161677492
S8_111322877,0.639669421487603,0.319834710743802,0.770315535608908
S8_112613045,0.716942148760331,0.358471074380165,0.281281367533495
S8_113061666,0.166942148760331,0.0834710743801653,0.250478617546601
S8_113222492,0.761570247933884,0.380785123966942,0.272875013261251
S8_115324388,0.239256198347107,0.119628099173554,0.514978738179758
S8_119861994,0.516942148760331,0.258471074380165,0.995865739174101
S8_119990281,0.518181818181818,0.259090909090909,0.407733465990335
S8_120893120,0.866115702479339,0.433057851239669,0.405203518415714
S8_121951790,0.541322314049587,0.270661157024793,0.259291635594969
S8_123526088,0.138842975206612,0.0694214876033058,-0.214160668655071
S8_124908154,0.316528925619835,0.158264462809917,0.604133087528478
S8_126178224,0.181404958677686,0.090702479338843,-0.0578512758281744
S8_126980958,0.681404958677686,0.340702479338843,0.453583788649602
S8_126981184,0.321487603305785,0.160743801652893,0.274850112079466
S8_129126249,0.216115702479339,0.108057851239669,1
S8_129126331,0.216115702479339,0.108057851239669,0.0622683171474937
S8_131343001,0.518181818181818,0.259090909090909,0.0798125344691609
S8_132992799,0.223140495867769,0.111570247933884,-0.0649810308138839
S8_136802438,0.519834710743802,0.259917355371901,0.406069364796259
S8_136809284,0.270247933884298,0.135123966942149,0.507903093158603
S8_136906155,0.575206611570248,0.287603305785124,0.196908902527445
S8_137591652,0.0570247933884298,0.0285123966942149,-0.128806595778599
S8_138038762,0.215289256198347,0.107644628099174,0.153919557829717
S8_138671667,0.321487603305785,0.160743801652893,0.245104821831488
S8_139640865,0.279752066115702,0.139876033057851,0.318975101937109
S8_139641067,0.0380165289256198,0.0190082644628099,1
S8_139641078,0.0380165289256198,0.0190082644628099,0.929821770355953
S8_139735441,0.0409090909090909,0.0204545454545455,0.176028002801873
S8_140024615,0.375206611570248,0.187603305785124,0.334919641318482
S8_140716187,0.439669421487603,0.219834710743802,0.0788356438069507
S8_140718850,0.310330578512397,0.155165289256198,0.64233490001933
S8_141669288,0.323140495867769,0.161570247933884,-0.208626915051544
S8_142038195,0.564049586776859,0.28202479338843,0.204170980160179
S8_142169768,0.278512396694215,0.139256198347107,-0.44191195323679
S8_142173684,0.588842975206612,0.294421487603306,-0.308930333774073
S8_143840137,0.397933884297521,0.19896694214876,-0.7712202252459
S8_143932091,0.485537190082645,0.242768595041322,0.752172615733956
S8_144503660,0.611570247933884,0.305785123966942,0.156054032083345
S8_145104273,0.677685950413223,0.338842975206612,0.757390413930894
S8_145619184,0.579338842975207,0.289669421487603,0.184624118126264
S8_145638724,0.722727272727273,0.361363636363636,0.795770055390564
S8_145638857,0.622727272727273,0.311363636363636,0.470689387789402
S8_145638907,0.267768595041322,0.133884297520661,-0.00650638788153805
S8_145639197,0.619421487603306,0.309710743801653,-0.102858843564605
S8_145706344,0.390909090909091,0.195454545454545,0.107209316828321
S8_146913681,0.678512396694215,0.339256198347107,0.147948601053544
S8_146915872,0.80495867768595,0.402479338842975,-0.064830995652112
S8_147061014,0.434710743801653,0.217355371900826,-0.249864572580059
S8_147237160,0.300826446280992,0.150413223140496,1
S8_147237232,0.300826446280992,0.150413223140496,0.695699863760304
S8_148123116,0.440495867768595,0.220247933884298,0.998325098384049
S8_148123368,0.441322314049587,0.220661157024793,0.510719391116964
S8_148209478,0.651239669421488,0.325619834710744,0.992737150968567
S8_148213738,0.649586776859504,0.324793388429752,0.587906582045291
S8_149334177,0.475206611570248,0.237603305785124,0.126255798299647
S8_151332101,0.447933884297521,0.22396694214876,-0.174602387780658
S8_151559281,0.75495867768595,0.377479338842975,-0.0299472571540254
S8_152518255,0.250413223140496,0.125206611570248,0.788721038164559
S8_152930973,0.187190082644628,0.0935950413223141,0.374516313445733
S8_152931377,0.621487603305785,0.310743801652893,-0.0136621039893387
S8_153849223,0.239256198347107,0.119628099173554,0.555416014882662
S8_153951065,0.472727272727273,0.236363636363636,0.531097713119025
S8_154256530,0.216528925619835,0.108264462809917,-0.366475087074769
S8_155257598,0.337190082644628,0.168595041322314,-0.0634790079538095
S8_157011747,0.32603305785124,0.16301652892562,-0.163098671301842
S8_157706115,0.328099173553719,0.164049586776859,0.983118856410857
S8_157816200,0.32396694214876,0.16198347107438,0.982164416726137
S8_157883748,0.327685950413223,0.163842975206612,0.732904240895489
S8_158639830,0.347520661157025,0.173760330578512,0.661582185658827
S8_158696822,0.397107438016529,0.198553719008264,0.00846648950866638
S8_158756134,0.421487603305785,0.210743801652893,0.674422258612941
S8_159986949,0.265702479338843,0.132851239669422,0.763780793318829
S8_162352976,0.213636363636364,0.106818181818182,0.349187275730209
S8_162637212,0.207851239669421,0.103925619834711,-0.0729836888297731
S8_162822724,0.516528925619835,0.258264462809917,0.390312178431558
S8_162896145,0.604132231404959,0.302066115702479,-0.241636688888196
S8_163012266,0.523140495867769,0.261570247933884,0.288006458401549
S8_163056389,0.374793388429752,0.187396694214876,-0.00719496788648757
S8_163496457,0.245454545454545,0.122727272727273,0.191862467297705
S8_165213412,0.189669421487603,0.0948347107438016,0.519933326821142
S8_165221478,0.464049586776859,0.23202479338843,0.0940900226139033
S8_165287774,0.206611570247934,0.103305785123967,-0.111090121290058
S8_165591470,0.512809917355372,0.256404958677686,0.447946485842366
S8_165713145,0.253305785123967,0.126652892561983,-0.25804045233831
S8_166042246,0.185123966942149,0.0925619834710744,0.936642672527516
S8_166202785,0.191322314049587,0.0956611570247934,-0.260614969699862
S8_167202272,0.726859504132231,0.363429752066116,1
S8_167202317,0.726859504132231,0.363429752066116,0.925891275360529
S8_168540873,0.729752066115702,0.364876033057851,0.155430748111085
S8_170687375,0.544628099173554,0.272314049586777,0.310365350014865
S8_170842557,0.103305785123967,0.0516528925619835,0.00818597058977159
S8_171453875,0.0814049586776859,0.040702479338843,0.16584558906102
S8_175564833,0.411157024793388,0.205578512396694,0.138971352485571
S8_175848932,0.608264462809917,0.304132231404959,0.431018046251483
S8_176114327,0.619421487603306,0.309710743801653,0.267590733261395
S8_176230266,0.133471074380165,0.0667355371900826,0.0969166848475437
S8_176769987,0.287603305785124,0.143801652892562,0.670847273191208
S8_176786513,0.280165289256198,0.140082644628099,0.39457255310679
S8_177101160,0.434297520661157,0.217148760330579,-0.0901520623305784
S8_177304312,0.212396694214876,0.106198347107438,0.477224876263819
S8_177304499,0.542148760330578,0.271074380165289,-0.33998103422519
S8_177315603,0.400826446280992,0.200413223140496,0.200949113926597
S8_177689434,0.21900826446281,0.109504132231405,0.11310818810439
S8_178010589,0.29504132231405,0.147520661157025,0.532778130604522
S8_178074080,0.595867768595041,0.297933884297521,0.392253600144937
S8_178286494,0.258677685950413,0.129338842975207,-0.4603658167088
S8_178483072,0.762809917355372,0.381404958677686,0.33128573354027
S8_178554472,0.278512396694215,0.139256198347107,0.945393106762548
S8_178663730,0.276446280991736,0.138223140495868,0.997938161460004
S8_178664475,0.277272727272727,0.138636363636364,0.228799321316899
S8_178915043,0.857438016528926,0.428719008264463,0.302268619628304
S8_178961641,0.421074380165289,0.210537190082645,0.707889750684134
S8_179029297,0.272314049586777,0.136157024793388,-0.79323886667255
S8_179267039,0.649173553719008,0.324586776859504,-0.500460215533991
S8_179438577,0.414876033057851,0.207438016528926,0.99489327000155
S8_179439574,0.414049586776859,0.20702479338843,0.321702616467284
S8_179548317,0.833471074380165,0.416735537190083,0.294499814594879
S8_179612437,0.370247933884297,0.185123966942149,0.723344323858886
S8_179619835,0.518595041322314,0.259297520661157,0.498470249082911
S8_179957322,0.395454545454545,0.197727272727273,-0.0846165164854028
S8_179993351,0.529752066115702,0.264876033057851,0.878617842067216
S8_180046179,0.575206611570248,0.287603305785124,0.479457836085429
S8_180189011,0.802066115702479,0.40103305785124,0.087566230542845
S8_180782117,0.295454545454545,0.147727272727273,0.978180912618968
S8_180784833,0.287190082644628,0.143595041322314,0.608529503643666
S8_181111566,0.145454545454545,0.0727272727272727,0.507755814084115
S8_181124334,0.384297520661157,0.192148760330579,0.680338445249099
S8_181296649,0.349586776859504,0.174793388429752,0.490419834474211
S8_181689217,0.687603305785124,0.343801652892562,1
S8_181689247,0.687603305785124,0.343801652892562,0.0422421138190291
S9_4993690,0.301239669421488,0.150619834710744,0.807095860210362
S9_4995279,0.391735537190083,0.195867768595041,-0.187288577058367
S9_8971249,0.350826446280992,0.175413223140496,0.652679325172419
S9_9954525,0.237190082644628,0.118595041322314,-0.327390026378092
S9_10304284,0.283884297520661,0.141942148760331,-0.475420740614646
S9_12406880,0.654545454545455,0.327272727272727,-0.0300573553833154
S9_13656461,0.576446280991736,0.288223140495868,0.669968368723449
S9_13943778,0.71198347107438,0.35599173553719,0.857137018001081
S9_13973036,0.670661157024793,0.335330578512397,-0.239659907587777
S9_17661474,0.25495867768595,0.127479338842975,0.470267403991772
S9_18541531,0.326446280991736,0.163223140495868,0.170123873040313
S9_18659976,0.275619834710744,0.137809917355372,0.156726064355119
S9_19431348,0.324793388429752,0.162396694214876,0.125345976275398
S9_19992784,0.691322314049587,0.345661157024793,0.724027756125831
S9_20057612,0.810330578512397,0.405165289256198,-0.0581623106281067
S9_20566593,0.345867768595041,0.172933884297521,0.221542797635714
S9_20712634,0.237190082644628,0.118595041322314,-0.0776208392953734
S9_22312637,0.0838842975206612,0.0419421487603306,0.304480074890224
S9_22460773,0.477685950413223,0.238842975206612,0.0484461088377951
S9_22683033,0.266528925619835,0.133264462809917,0.286687071755912
S9_22835170,0.302479338842975,0.151239669421488,0.462182217992116
S9_23908973,0.217355371900826,0.108677685950413,0.270034278872119
S9_24533589,0.681404958677686,0.340702479338843,0.157325347687104
S9_25419062,0.638429752066116,0.319214876033058,0.809859284326558
S9_25652799,0.727272727272727,0.363636363636364,-0.0979495884220167
S9_26412649,0.523140495867769,0.261570247933884,0.220225150764419
S9_27837811,0.11404958677686,0.0570247933884298,-0.228053544483272
S9_28606394,0.376859504132231,0.188429752066116,-0.103180643620009
S9_29045740,0.810743801652893,0.405371900826446,-0.144743492429367
S9_30376560,0.259504132231405,0.129752066115702,0.792991518251
S9_30380175,0.180578512396694,0.0902892561983471,0.762748317241912
S9_30508507,0.259917355371901,0.12995867768595,0.764344639237984
S9_30509819,0.170247933884298,0.0851239669421488,0.77685764006831
S9_30603556,0.253719008264463,0.126859504132231,0.806231788251997
S9_30606494,0.18099173553719,0.090495867768595,0.901028628992961
S9_33192523,0.172727272727273,0.0863636363636364,-0.551976713053493
S9_34238597,0.599173553719008,0.299586776859504,-0.312804834696054
S9_34634719,0.599173553719008,0.299586776859504,-0.0660128639506003
S9_40569788,0.735537190082645,0.367768595041322,0.16876775406909
S9_42906699,0.405371900826446,0.202685950413223,0.47885863091417
S9_44261434,0.362396694214876,0.181198347107438,0.709343096866749
S9_45193959,0.516115702479339,0.258057851239669,0.331077089377502
S9_45273886,0.106198347107438,0.053099173553719,-0.160613516903027
S9_45350516,0.184710743801653,0.0923553719008264,0.21074449408357
S9_49342596,0.814462809917355,0.407231404958678,0.655065397120653
S9_51560322,0.662396694214876,0.331198347107438,0.621425763801132
S9_52535302,0.833471074380165,0.416735537190083,0.317201905621321
S9_52817392,0.731404958677686,0.365702479338843,-0.758343364586869
S9_68785274,0.182644628099174,0.0913223140495868,-0.297445420689184
S9_69024153,0.329752066115702,0.164876033057851,0.954350696365763
S9_70377286,0.31198347107438,0.15599173553719,0.979779544154477
S9_70877809,0.311570247933884,0.155785123966942,0.993296806114334
S9_70878145,0.314462809917355,0.157231404958678,0.306554943300407
S9_73101689,0.323140495867769,0.161570247933884,-0.44606391419718
S9_82307557,0.640909090909091,0.320454545454545,0.282348309143515
S9_82881269,0.861157024793388,0.430578512396694,0.783607904307105
S9_82881561,0.909917355371901,0.45495867768595,-0.0987294852981673
S9_89588752,0.462809917355372,0.231404958677686,0.122464584757453
S9_92794731,0.246694214876033,0.123347107438017,0.811146287537719
S9_93159100,0.177272727272727,0.0886363636363636,-0.222458849297522
S9_93918483,0.186776859504132,0.0933884297520661,0.257765297624876
S9_93980807,0.775619834710744,0.387809917355372,0.0804248070905589
S9_96320344,0.0814049586776859,0.040702479338843,-0.133262758992907
S9_96749966,0.166942148760331,0.0834710743801653,-0.0421289884644657
S9_98196670,0.422727272727273,0.211363636363636,-0.159334914907428
S9_98686714,0.300413223140496,0.150206611570248,0.986227815831938
S9_99580960,0.299586776859504,0.149793388429752,0.995086951247868
S9_100102144,0.300826446280992,0.150413223140496,1
S9_100102169,0.300826446280992,0.150413223140496,0.0883741217458705
S9_101047446,0.533057851239669,0.266528925619835,0.265425387915103
S9_101550215,0.697520661157025,0.348760330578512,0.468265322716438
S9_106076196,0.355371900826446,0.177685950413223,0.726955454670496
S9_108321858,0.464049586776859,0.23202479338843,0.0106992673879318
S9_108578090,0.123553719008264,0.0617768595041322,0.689501172382045
S9_108578128,0.0628099173553719,0.031404958677686,0.40054143042467
S9_111891095,0.261157024793388,0.130578512396694,0.778480942392693
S9_115675404,0.18099173553719,0.090495867768595,-0.370987988565645
S9_116220024,0.405785123966942,0.202892561983471,0.301048460998905
S9_117454544,0.636363636363636,0.318181818181818,-0.12304339501483
S9_122125436,0.122727272727273,0.0613636363636364,0.284130444145899
S9_124773786,0.116528925619835,0.0582644628099174,-0.221104762524112
S9_126372054,0.83099173553719,0.415495867768595,0.968943363042013
S9_126372093,0.839669421487603,0.419834710743802,1
S9_126374267,0.839669421487603,0.419834710743802,0.35756051960743
S9_127527339,0.43099173553719,0.215495867768595,0.965486348967511
S9_127789201,0.433057851239669,0.216528925619835,-0.194294221097009
S9_128523910,0.090495867768595,0.0452479338842975,-0.178647786447048
S9_129481422,0.312809917355372,0.156404958677686,0.714914942348365
S9_129572300,0.471074380165289,0.235537190082645,0.836414579595103
S9_129572647,0.383884297520661,0.191942148760331,0.976478737397126
S9_129874362,0.375206611570248,0.187603305785124,-0.549875179913899
S9_131724992,0.339256198347107,0.169628099173554,0.646501835533342
S9_133208756,0.490495867768595,0.245247933884298,0.164381563487488
S9_133319015,0.212809917355372,0.106404958677686,0.456290088226948
S9_134231118,0.0628099173553719,0.031404958677686,-0.189878083687519
S9_136741591,0.358264462809917,0.179132231404959,0.529623866230746
S9_136741910,0.66404958677686,0.33202479338843,0.000432652760303743
S9_138760923,0.188429752066116,0.0942148760330579,0.288929353252599
S9_139489281,0.735537190082645,0.367768595041322,0.995768841937066
S9_139489431,0.733884297520661,0.366942148760331,0.939859967041541
S9_139874801,0.731818181818182,0.365909090909091,0.996842127596826
S9_139876736,0.733057851239669,0.366528925619835,0.265442675402218
S9_140350405,0.198760330578512,0.0993801652892562,-0.0185890486502039
S9_142328045,0.58801652892562,0.29400826446281,0.197170830476848
S9_142703131,0.298347107438017,0.149173553719008,0.416500096672649
S9_142999534,0.639256198347107,0.319628099173554,0.600249174835869
S9_143235225,0.436363636363636,0.218181818181818,0.167098138375645
S9_143822305,0.734297520661157,0.367148760330579,0.219645111860111
S9_144225494,0.708677685950413,0.354338842975207,0.16847462905227
S9_144690039,0.0723140495867769,0.0361570247933884,0.375222133500146
S9_144834531,0.267768595041322,0.133884297520661,0.938628326634501
S9_144838478,0.248760330578512,0.124380165289256,0.760668864698917
S9_144842802,0.361570247933884,0.180785123966942,0.229103856751649
S9_145277076,0.621487603305785,0.310743801652893,0.613124897201963
S9_145300797,0.611157024793388,0.305578512396694,0.962596704623284
S9_145300931,0.612396694214876,0.306198347107438,0.770422762099352
S9_145628125,0.718181818181818,0.359090909090909,0.667679772791551
S9_145782578,0.535950413223141,0.26797520661157,0.47185343680239
S9_145818801,0.204545454545455,0.102272727272727,0.666960977571785
S9_145936254,0.131404958677686,0.065702479338843,-0.111231635764259
S9_146460911,0.0921487603305785,0.0460743801652893,0.0964674676859737
S9_146582623,0.16198347107438,0.0809917355371901,-0.044139390800863
S9_146910765,0.514462809917355,0.257231404958678,0.964568226306731
S9_146916548,0.506611570247934,0.253305785123967,-0.296879370984366
S9_147969421,0.505371900826446,0.252685950413223,0.180217607936362
S9_149520966,0.779752066115702,0.389876033057851,0.174705806307097
S9_149709836,0.0975206611570248,0.0487603305785124,0.17126492414309
S9_150739616,0.11404958677686,0.0570247933884298,0.313472718648677
S9_151108069,0.480165289256198,0.240082644628099,0.0821556685865268
S9_151588111,0.709917355371901,0.35495867768595,0.962252654516714
S9_151732067,0.703305785123967,0.351652892561983,0.957278504079641
S9_152064276,0.712809917355372,0.356404958677686,0.990922429335111
S9_152100502,0.716528925619835,0.358264462809917,0.976594281980694
S9_152231751,0.716942148760331,0.358471074380165,0.326971216173459
S9_153224074,0.600826446280992,0.300413223140496,0.479037894122022
S9_153224303,0.258264462809917,0.129132231404959,0.54548523796194
S9_153295416,0.119421487603306,0.0597107438016529,0.524890788724013
S9_153529263,0.216115702479339,0.108057851239669,0.400267356851214
S9_153545049,0.0826446280991736,0.0413223140495868,0.110124984120372
S9_153995457,0.65,0.325,-0.172200709139125
S9_154334776,0.278512396694215,0.139256198347107,0.459037148419914
S9_154848234,0.372727272727273,0.186363636363636,0.0697625776782732
S9_155492839,0.692148760330578,0.346074380165289,0.998064021415947
S9_155493451,0.691322314049587,0.345661157024793,-0.209159887171983
S9_155615428,0.516942148760331,0.258471074380165,0.431716897899106
S9_155890855,0.846280991735537,0.423140495867769,-0.147238556604706
S9_155919344,0.200413223140496,0.100206611570248,-0.12403720215301
S10_134011,0.166528925619835,0.0832644628099174,-0.028159261669419
S10_576837,0.473140495867769,0.236570247933884,0.837562455307505
S10_579988,0.405371900826446,0.202685950413223,-0.311159502759983
S10_1978209,0.455785123966942,0.227892561983471,0.706567892397164
S10_1988995,0.61198347107438,0.30599173553719,0.0729132562541712
S10_3535567,0.401652892561983,0.200826446280992,0.411487567018738
S10_4226386,0.309917355371901,0.15495867768595,0.223779274422945
S10_4445207,0.375619834710744,0.187809917355372,-0.138515525411972
S10_4606827,0.335123966942149,0.167561983471074,-0.0233491167994807
S10_9206258,0.311157024793388,0.155578512396694,-0.406670510983125
S10_11678939,0.404545454545455,0.202272727272727,0.735525914130606
S10_11726830,0.545454545454545,0.272727272727273,-0.320872039104957
S10_13556481,0.447933884297521,0.22396694214876,0.0201356735522434
S10_14895246,0.706611570247934,0.353305785123967,0.938509029078973
S10_18758942,0.702479338842975,0.351239669421488,0.737445254376035
S10_22620592,0.569421487603306,0.284710743801653,0.65627636554523
S10_26017555,0.397107438016529,0.198553719008264,0.392744022559713
S10_28131693,0.515702479338843,0.257851239669421,0.639672751063282
S10_31496633,0.31404958677686,0.15702479338843,0.546746538803486
S10_34329818,0.125619834710744,0.0628099173553719,-0.141827248917595
S10_37516811,0.128512396694215,0.0642561983471074,0.303117450815948
S10_40701952,0.616115702479339,0.308057851239669,0.645810809751381
S10_56393777,0.330578512396694,0.290909090909091,0.643157062691138
S10_57753560,0.612809917355372,0.306404958677686,0.897554518045745
S10_61534784,0.570661157024793,0.285330578512397,0.195380942558923
S10_67411912,0.15702479338843,0.0785123966942149,-0.452079301433547
S10_77741095,0.697107438016529,0.348553719008264,-0.547289917620259
S10_78957561,0.201652892561983,0.100826446280992,0.993578955026225
S10_78959506,0.201239669421488,0.100619834710744,0.726443974366161
S10_78959606,0.323140495867769,0.161570247933884,0.71807256355171
S10_78960438,0.209090909090909,0.104545454545455,0.969934352279504
S10_78966389,0.199173553719008,0.0995867768595041,0.91691094730531
S10_80715492,0.210743801652893,0.105371900826446,0.634350312947428
S10_81354226,0.224793388429752,0.112396694214876,-0.0367300417729837
S10_82019011,0.73595041322314,0.36797520661157,0.630564904432811
S10_82716736,0.535950413223141,0.26797520661157,-0.134008219472089
S10_83314593,0.0504132231404959,0.0252066115702479,-0.12146395251513
S10_85196318,0.276859504132231,0.138429752066116,-0.00554887654015031
S10_85755281,0.251652892561983,0.125826446280992,0.354518982130433
S10_86710839,0.455785123966942,0.227892561983471,0.710025733003135
S10_88793097,0.324793388429752,0.162396694214876,0.45987140468987
S10_90419375,0.687603305785124,0.343801652892562,-0.142466174519093
S10_97106903,0.272314049586777,0.136157024793388,0.264488095973879
S10_102234728,0.804132231404959,0.402066115702479,0.951064452159847
S10_109673528,0.810330578512397,0.405165289256198,0.946043024221845
S10_110777178,0.802479338842975,0.401239669421488,0.984331408813624
S10_110777396,0.807438016528926,0.403719008264463,0.663156481132645
S10_111491694,0.652892561983471,0.326446280991736,0.188435142529217
S10_112583610,0.718595041322314,0.359297520661157,-0.415399621198159
S10_114996351,0.405371900826446,0.202685950413223,0.489317029722459
S10_116328788,0.392561983471074,0.196280991735537,-0.25302247704539
S10_116631409,0.433884297520661,0.216942148760331,0.716482089251086
S10_124062077,0.494628099173554,0.247314049586777,0.684821116403519
S10_126767342,0.339669421487603,0.169834710743802,0.657738210931986
S10_128804415,0.489256198347107,0.244628099173554,0.504847612841808
S10_129766099,0.745867768595041,0.372933884297521,0.354168734406895
S10_131791443,0.303305785123967,0.151652892561983,-0.30670929265172
S10_132069282,0.177685950413223,0.0888429752066116,0.675568568832919
S10_134595037,0.100413223140496,0.0502066115702479,0.958687869251898
S10_134798579,0.0995867768595041,0.0497933884297521,0.340725724730206
S10_135868847,0.398760330578512,0.199380165289256,0.506449956086953
S10_136340251,0.69504132231405,0.347520661157025,0.422001839252054
S10_136476190,0.314876033057851,0.157438016528926,0.990434305645117
S10_136482943,0.310743801652893,0.155371900826446,-0.00990464392876491
S10_136957021,0.608264462809917,0.304132231404959,0.698730797541727
S10_137422024,0.749586776859504,0.374793388429752,0.65399029952423
S10_137623845,0.571487603305785,0.285743801652893,0.202390116829977
S10_138915965,0.117768595041322,0.0588842975206612,0.988030332606194
S10_138916149,0.115289256198347,0.0576446280991736,0.89774518827872
S10_139942865,0.103305785123967,0.0516528925619835,-0.376500798119083
S10_139943338,0.551652892561983,0.275826446280992,0.721639443169055
S10_140320829,0.542561983471074,0.271280991735537,0.196514294883322
S10_140929929,0.361157024793388,0.180578512396694,0.392960210684602
S10_141762354,0.460330578512397,0.230165289256198,-0.455256037277212
S10_142018900,0.228512396694215,0.114256198347107,-0.162734445519893
S10_143185867,0.0917355371900826,0.0458677685950413,1
S10_143185873,0.0917355371900826,0.0458677685950413,0.202509356798629
S10_144224453,0.470247933884298,0.235123966942149,-0.0331336496793059
S10_145112713,0.407438016528926,0.203719008264463,0.172637175918537
S10_145588552,0.743801652892562,0.371900826446281,0.810051874807843
S10_145607925,0.659090909090909,0.329545454545455,0.162606591597887
S10_145871698,0.352892561983471,0.176446280991736,0.439043789682438
S10_145875510,0.738842975206612,0.369421487603306,0.399021592563384
S10_146904768,0.342148760330579,0.171074380165289,0.381189565425083
S10_146916853,0.772314049586777,0.386157024793388,0.279312813486111
S10_146928552,0.242148760330578,0.121074380165289,0.299334086748675
S10_147173783,0.78099173553719,0.390495867768595,0.373143086399535
S10_147282479,0.334297520661157,0.167148760330579,0.492413013702998
S10_147282490,0.674380165289256,0.337190082644628,-0.257793205511035
S10_147352179,0.184710743801653,0.0923553719008264,0.198513798397311
S10_148272189,0.76198347107438,0.38099173553719,0.927475522645692
S10_148510710,0.758677685950413,0.379338842975207,0.98226835724024
S10_148511076,0.752066115702479,0.37603305785124,0.17380747200484
S10_149259041,0.383884297520661,0.191942148760331,0.359065686631801
S10_149298931,0.802892561983471,0.401446280991736,0.365375198985656
S10_149394364,0.46198347107438,0.23099173553719,-0.236043331682785
S10_149474479,0.355371900826446,0.177685950413223,0.529265219085673
S10_149508570,0.144628099173554,0.0723140495867769,0.0736791048264404
S10_147282490,0.674380165289256,0.337190082644628,-0.257793205511035
S10_147352179,0.184710743801653,0.0923553719008264,0.198513798397311
S10_148272189,0.76198347107438,0.38099173553719,0.927475522645692
S10_148510710,0.758677685950413,0.379338842975207,0.98226835724024
S10_148511076,0.752066115702479,0.37603305785124,0.17380747200484
S10_149259041,0.383884297520661,0.191942148760331,0.359065686631801
S10_149298931,0.802892561983471,0.401446280991736,0.365375198985656
S10_149394364,0.46198347107438,0.23099173553719,-0.236043331682785
S10_149474479,0.355371900826446,0.177685950413223,0.529265219085673
